ISO-10303-21;
HEADER;
/****************************************************************
 * Generated by software with PDE/Lib inside                    *
 * PDElib Version v4.4, created Mon 02/23/2004                  *
 * International Technegroup Inc. (www.iti-oh.com)              *
 ****************************************************************/
FILE_DESCRIPTION(('STEP AP214'),'2;1');
FILE_NAME('95_15_2---catalogo.stp','2012-01-02T09:04:30',(''),(''),'2007.1.106','THINKDESIGN','');
FILE_SCHEMA(('AUTOMOTIVE_DESIGN'));
ENDSEC;
DATA;
#2=CARTESIAN_POINT('',(-49.758656257341116,13.865718917846683,0.172268208405761));
#3=DIRECTION('',(-0.707106781186547,0.707106781186548,0.0));
#4=DIRECTION('',(0.0,0.0,1.0));
#5=AXIS2_PLACEMENT_3D('',#2,#3,#4);
#6=PLANE('',#5);
#7=CARTESIAN_POINT('',(-49.338656257341121,14.285718917846676,0.247268208405761));
#8=DIRECTION('',(-0.707106781186548,-0.707106781186548,0.0));
#9=VECTOR('',#8,0.565685424949236);
#10=LINE('',#7,#9);
#11=CARTESIAN_POINT('',(-49.738656257341120,13.885718917846678,0.247268208405761));
#12=TRIMMED_CURVE('',#10,(PARAMETER_VALUE(0.0),#7),(PARAMETER_VALUE(1.0),#11),.T.,.PARAMETER.);
#18=(BOUNDED_CURVE()CURVE()GEOMETRIC_REPRESENTATION_ITEM()REPRESENTATION_ITEM('')SURFACE_CURVE(#12,(#6),.CURVE_3D.));
#19=COMPOSITE_CURVE_SEGMENT(.CONTINUOUS.,.T.,#18);
#20=CARTESIAN_POINT('',(-49.738656257341120,13.885718917846676,0.247268208405761));
#21=DIRECTION('',(0.0,0.0,1.0));
#22=VECTOR('',#21,1.500000000000000);
#23=LINE('',#20,#22);
#24=CARTESIAN_POINT('',(-49.738656257341120,13.885718917846676,1.747268208405761));
#25=TRIMMED_CURVE('',#23,(PARAMETER_VALUE(0.0),#20),(PARAMETER_VALUE(1.0),#24),.T.,.PARAMETER.);
#31=(BOUNDED_CURVE()CURVE()GEOMETRIC_REPRESENTATION_ITEM()REPRESENTATION_ITEM('')SURFACE_CURVE(#25,(#6),.CURVE_3D.));
#32=COMPOSITE_CURVE_SEGMENT(.CONTINUOUS.,.T.,#31);
#33=CARTESIAN_POINT('',(-49.738656257341120,13.885718917846676,1.747268208405761));
#34=DIRECTION('',(0.707106781186548,0.707106781186548,0.0));
#35=VECTOR('',#34,0.565685424949236);
#36=LINE('',#33,#35);
#37=CARTESIAN_POINT('',(-49.338656257341121,14.285718917846674,1.747268208405761));
#38=TRIMMED_CURVE('',#36,(PARAMETER_VALUE(0.0),#33),(PARAMETER_VALUE(1.0),#37),.T.,.PARAMETER.);
#44=(BOUNDED_CURVE()CURVE()GEOMETRIC_REPRESENTATION_ITEM()REPRESENTATION_ITEM('')SURFACE_CURVE(#38,(#6),.CURVE_3D.));
#45=COMPOSITE_CURVE_SEGMENT(.CONTINUOUS.,.T.,#44);
#46=CARTESIAN_POINT('',(-49.338656257341121,14.285718917846676,1.747268208405761));
#47=DIRECTION('',(0.0,0.0,-1.0));
#48=VECTOR('',#47,1.500000000000000);
#49=LINE('',#46,#48);
#50=CARTESIAN_POINT('',(-49.338656257341121,14.285718917846676,0.247268208405761));
#51=TRIMMED_CURVE('',#49,(PARAMETER_VALUE(0.0),#46),(PARAMETER_VALUE(1.0),#50),.T.,.PARAMETER.);
#57=(BOUNDED_CURVE()CURVE()GEOMETRIC_REPRESENTATION_ITEM()REPRESENTATION_ITEM('')SURFACE_CURVE(#51,(#6),.CURVE_3D.));
#58=COMPOSITE_CURVE_SEGMENT(.CONTINUOUS.,.T.,#57);
#59=OUTER_BOUNDARY_CURVE('',(#19,#32,#45,#58),.U.);
#60=CURVE_BOUNDED_SURFACE('',#6,(#59),.F.);
#61=STYLED_ITEM('',(#62),#60);
#62=PRESENTATION_STYLE_ASSIGNMENT((#63));
#63=SURFACE_STYLE_USAGE(.POSITIVE.,#64);
#64=SURFACE_SIDE_STYLE('',(#65));
#65=SURFACE_STYLE_FILL_AREA(#66);
#66=FILL_AREA_STYLE('',(#67));
#67=FILL_AREA_STYLE_COLOUR('',#68);
#68=COLOUR_RGB('',0.0,0.0,1.0);
#69=PRESENTATION_LAYER_ASSIGNMENT('7','',(#60));
#70=CARTESIAN_POINT('',(-49.738656257341120,4.855718917846682,1.822268208405761));
#71=DIRECTION('',(1.0,0.0,0.0));
#72=DIRECTION('',(0.0,0.0,-1.0));
#73=AXIS2_PLACEMENT_3D('',#70,#71,#72);
#74=PLANE('',#73);
#75=CARTESIAN_POINT('',(-49.738656257341120,13.885718917846674,1.747268208405761));
#76=DIRECTION('',(0.0,-1.0,0.0));
#77=VECTOR('',#76,8.599999999999998);
#78=LINE('',#75,#77);
#79=CARTESIAN_POINT('',(-49.738656257341120,5.285718917846676,1.747268208405761));
#80=TRIMMED_CURVE('',#78,(PARAMETER_VALUE(0.0),#75),(PARAMETER_VALUE(1.0),#79),.T.,.PARAMETER.);
#86=(BOUNDED_CURVE()CURVE()GEOMETRIC_REPRESENTATION_ITEM()REPRESENTATION_ITEM('')SURFACE_CURVE(#80,(#74),.CURVE_3D.));
#87=COMPOSITE_CURVE_SEGMENT(.CONTINUOUS.,.T.,#86);
#88=CARTESIAN_POINT('',(-49.738656257341120,5.285718917846680,1.747268208405761));
#89=DIRECTION('',(0.0,0.0,-1.0));
#90=VECTOR('',#89,1.500000000000000);
#91=LINE('',#88,#90);
#92=CARTESIAN_POINT('',(-49.738656257341120,5.285718917846680,0.247268208405761));
#93=TRIMMED_CURVE('',#91,(PARAMETER_VALUE(0.0),#88),(PARAMETER_VALUE(1.0),#92),.T.,.PARAMETER.);
#99=(BOUNDED_CURVE()CURVE()GEOMETRIC_REPRESENTATION_ITEM()REPRESENTATION_ITEM('')SURFACE_CURVE(#93,(#74),.CURVE_3D.));
#100=COMPOSITE_CURVE_SEGMENT(.CONTINUOUS.,.T.,#99);
#101=CARTESIAN_POINT('',(-49.738656257341120,5.285718917846680,0.247268208405761));
#102=DIRECTION('',(0.0,1.0,0.0));
#103=VECTOR('',#102,8.599999999999998);
#104=LINE('',#101,#103);
#105=CARTESIAN_POINT('',(-49.738656257341120,13.885718917846678,0.247268208405761));
#106=TRIMMED_CURVE('',#104,(PARAMETER_VALUE(0.0),#101),(PARAMETER_VALUE(1.0),#105),.T.,.PARAMETER.);
#112=(BOUNDED_CURVE()CURVE()GEOMETRIC_REPRESENTATION_ITEM()REPRESENTATION_ITEM('')SURFACE_CURVE(#106,(#74),.CURVE_3D.));
#113=COMPOSITE_CURVE_SEGMENT(.CONTINUOUS.,.T.,#112);
#114=CARTESIAN_POINT('',(-49.738656257341120,13.885718917846674,0.247268208405761));
#115=DIRECTION('',(0.0,0.0,1.0));
#116=VECTOR('',#115,1.500000000000000);
#117=LINE('',#114,#116);
#118=CARTESIAN_POINT('',(-49.738656257341120,13.885718917846674,1.747268208405761));
#119=TRIMMED_CURVE('',#117,(PARAMETER_VALUE(0.0),#114),(PARAMETER_VALUE(1.0),#118),.T.,.PARAMETER.);
#125=(BOUNDED_CURVE()CURVE()GEOMETRIC_REPRESENTATION_ITEM()REPRESENTATION_ITEM('')SURFACE_CURVE(#119,(#74),.CURVE_3D.));
#126=COMPOSITE_CURVE_SEGMENT(.CONTINUOUS.,.T.,#125);
#127=OUTER_BOUNDARY_CURVE('',(#87,#100,#113,#126),.U.);
#128=CURVE_BOUNDED_SURFACE('',#74,(#127),.F.);
#129=STYLED_ITEM('',(#130),#128);
#130=PRESENTATION_STYLE_ASSIGNMENT((#131));
#131=SURFACE_STYLE_USAGE(.POSITIVE.,#132);
#132=SURFACE_SIDE_STYLE('',(#133));
#133=SURFACE_STYLE_FILL_AREA(#134);
#134=FILL_AREA_STYLE('',(#135));
#135=FILL_AREA_STYLE_COLOUR('',#136);
#136=COLOUR_RGB('',0.0,0.0,1.0);
#137=PRESENTATION_LAYER_ASSIGNMENT('7','',(#128));
#138=CARTESIAN_POINT('',(-50.518656257341114,13.865718917846683,1.822268208405761));
#139=DIRECTION('',(0.707106781186547,0.707106781186548,0.0));
#140=DIRECTION('',(0.0,0.0,-1.0));
#141=AXIS2_PLACEMENT_3D('',#138,#139,#140);
#142=PLANE('',#141);
#143=CARTESIAN_POINT('',(-50.938656257341123,14.285718917846689,1.747268208405761));
#144=DIRECTION('',(0.707106781186554,-0.707106781186541,0.0));
#145=VECTOR('',#144,0.565685424949241);
#146=LINE('',#143,#145);
#147=CARTESIAN_POINT('',(-50.538656257341117,13.885718917846690,1.747268208405761));
#148=TRIMMED_CURVE('',#146,(PARAMETER_VALUE(0.0),#143),(PARAMETER_VALUE(1.0),#147),.T.,.PARAMETER.);
#154=(BOUNDED_CURVE()CURVE()GEOMETRIC_REPRESENTATION_ITEM()REPRESENTATION_ITEM('')SURFACE_CURVE(#148,(#142),.CURVE_3D.));
#155=COMPOSITE_CURVE_SEGMENT(.CONTINUOUS.,.T.,#154);
#156=CARTESIAN_POINT('',(-50.538656257341117,13.885718917846683,1.747268208405761));
#157=DIRECTION('',(0.0,0.0,-1.0));
#158=VECTOR('',#157,1.500000000000000);
#159=LINE('',#156,#158);
#160=CARTESIAN_POINT('',(-50.538656257341117,13.885718917846683,0.247268208405761));
#161=TRIMMED_CURVE('',#159,(PARAMETER_VALUE(0.0),#156),(PARAMETER_VALUE(1.0),#160),.T.,.PARAMETER.);
#167=(BOUNDED_CURVE()CURVE()GEOMETRIC_REPRESENTATION_ITEM()REPRESENTATION_ITEM('')SURFACE_CURVE(#161,(#142),.CURVE_3D.));
#168=COMPOSITE_CURVE_SEGMENT(.CONTINUOUS.,.T.,#167);
#169=CARTESIAN_POINT('',(-50.538656257341117,13.885718917846683,0.247268208405761));
#170=DIRECTION('',(-0.707106781186548,0.707106781186548,0.0));
#171=VECTOR('',#170,0.565685424949236);
#172=LINE('',#169,#171);
#173=CARTESIAN_POINT('',(-50.938656257341115,14.285718917846681,0.247268208405761));
#174=TRIMMED_CURVE('',#172,(PARAMETER_VALUE(0.0),#169),(PARAMETER_VALUE(1.0),#173),.T.,.PARAMETER.);
#180=(BOUNDED_CURVE()CURVE()GEOMETRIC_REPRESENTATION_ITEM()REPRESENTATION_ITEM('')SURFACE_CURVE(#174,(#142),.CURVE_3D.));
#181=COMPOSITE_CURVE_SEGMENT(.CONTINUOUS.,.T.,#180);
#182=CARTESIAN_POINT('',(-50.938656257341123,14.285718917846689,0.247268208405762));
#183=DIRECTION('',(0.0,0.0,1.0));
#184=VECTOR('',#183,1.499999999999999);
#185=LINE('',#182,#184);
#186=CARTESIAN_POINT('',(-50.938656257341123,14.285718917846689,1.747268208405761));
#187=TRIMMED_CURVE('',#185,(PARAMETER_VALUE(0.0),#182),(PARAMETER_VALUE(1.0),#186),.T.,.PARAMETER.);
#193=(BOUNDED_CURVE()CURVE()GEOMETRIC_REPRESENTATION_ITEM()REPRESENTATION_ITEM('')SURFACE_CURVE(#187,(#142),.CURVE_3D.));
#194=COMPOSITE_CURVE_SEGMENT(.CONTINUOUS.,.T.,#193);
#195=OUTER_BOUNDARY_CURVE('',(#155,#168,#181,#194),.U.);
#196=CURVE_BOUNDED_SURFACE('',#142,(#195),.F.);
#197=STYLED_ITEM('',(#198),#196);
#198=PRESENTATION_STYLE_ASSIGNMENT((#199));
#199=SURFACE_STYLE_USAGE(.POSITIVE.,#200);
#200=SURFACE_SIDE_STYLE('',(#201));
#201=SURFACE_STYLE_FILL_AREA(#202);
#202=FILL_AREA_STYLE('',(#203));
#203=FILL_AREA_STYLE_COLOUR('',#204);
#204=COLOUR_RGB('',0.0,0.0,1.0);
#205=PRESENTATION_LAYER_ASSIGNMENT('7','',(#196));
#206=CARTESIAN_POINT('',(-50.538656257341117,4.855718917846682,0.172268208405761));
#207=DIRECTION('',(-1.0,0.0,0.0));
#208=DIRECTION('',(0.0,0.0,1.0));
#209=AXIS2_PLACEMENT_3D('',#206,#207,#208);
#210=PLANE('',#209);
#211=CARTESIAN_POINT('',(-50.538656257341117,13.885718917846674,0.247268208405761));
#212=DIRECTION('',(0.0,-1.0,0.0));
#213=VECTOR('',#212,8.599999999999998);
#214=LINE('',#211,#213);
#215=CARTESIAN_POINT('',(-50.538656257341117,5.285718917846676,0.247268208405761));
#216=TRIMMED_CURVE('',#214,(PARAMETER_VALUE(0.0),#211),(PARAMETER_VALUE(1.0),#215),.T.,.PARAMETER.);
#222=(BOUNDED_CURVE()CURVE()GEOMETRIC_REPRESENTATION_ITEM()REPRESENTATION_ITEM('')SURFACE_CURVE(#216,(#210),.CURVE_3D.));
#223=COMPOSITE_CURVE_SEGMENT(.CONTINUOUS.,.T.,#222);
#224=CARTESIAN_POINT('',(-50.538656257341117,5.285718917846680,0.247268208405761));
#225=DIRECTION('',(0.0,0.0,1.0));
#226=VECTOR('',#225,1.500000000000000);
#227=LINE('',#224,#226);
#228=CARTESIAN_POINT('',(-50.538656257341117,5.285718917846680,1.747268208405761));
#229=TRIMMED_CURVE('',#227,(PARAMETER_VALUE(0.0),#224),(PARAMETER_VALUE(1.0),#228),.T.,.PARAMETER.);
#235=(BOUNDED_CURVE()CURVE()GEOMETRIC_REPRESENTATION_ITEM()REPRESENTATION_ITEM('')SURFACE_CURVE(#229,(#210),.CURVE_3D.));
#236=COMPOSITE_CURVE_SEGMENT(.CONTINUOUS.,.T.,#235);
#237=CARTESIAN_POINT('',(-50.538656257341117,5.285718917846680,1.747268208405761));
#238=DIRECTION('',(0.0,1.0,0.0));
#239=VECTOR('',#238,8.599999999999998);
#240=LINE('',#237,#239);
#241=CARTESIAN_POINT('',(-50.538656257341117,13.885718917846678,1.747268208405761));
#242=TRIMMED_CURVE('',#240,(PARAMETER_VALUE(0.0),#237),(PARAMETER_VALUE(1.0),#241),.T.,.PARAMETER.);
#248=(BOUNDED_CURVE()CURVE()GEOMETRIC_REPRESENTATION_ITEM()REPRESENTATION_ITEM('')SURFACE_CURVE(#242,(#210),.CURVE_3D.));
#249=COMPOSITE_CURVE_SEGMENT(.CONTINUOUS.,.T.,#248);
#250=CARTESIAN_POINT('',(-50.538656257341117,13.885718917846674,1.747268208405761));
#251=DIRECTION('',(0.0,0.0,-1.0));
#252=VECTOR('',#251,1.500000000000000);
#253=LINE('',#250,#252);
#254=CARTESIAN_POINT('',(-50.538656257341117,13.885718917846674,0.247268208405761));
#255=TRIMMED_CURVE('',#253,(PARAMETER_VALUE(0.0),#250),(PARAMETER_VALUE(1.0),#254),.T.,.PARAMETER.);
#261=(BOUNDED_CURVE()CURVE()GEOMETRIC_REPRESENTATION_ITEM()REPRESENTATION_ITEM('')SURFACE_CURVE(#255,(#210),.CURVE_3D.));
#262=COMPOSITE_CURVE_SEGMENT(.CONTINUOUS.,.T.,#261);
#263=OUTER_BOUNDARY_CURVE('',(#223,#236,#249,#262),.U.);
#264=CURVE_BOUNDED_SURFACE('',#210,(#263),.F.);
#265=STYLED_ITEM('',(#266),#264);
#266=PRESENTATION_STYLE_ASSIGNMENT((#267));
#267=SURFACE_STYLE_USAGE(.POSITIVE.,#268);
#268=SURFACE_SIDE_STYLE('',(#269));
#269=SURFACE_STYLE_FILL_AREA(#270);
#270=FILL_AREA_STYLE('',(#271));
#271=FILL_AREA_STYLE_COLOUR('',#272);
#272=COLOUR_RGB('',0.0,0.0,1.0);
#273=PRESENTATION_LAYER_ASSIGNMENT('7','',(#264));
#274=CARTESIAN_POINT('',(-50.518656257341114,13.865718917846674,9.322268208405760));
#275=DIRECTION('',(0.707106781186547,0.707106781186548,0.0));
#276=DIRECTION('',(0.0,0.0,-1.0));
#277=AXIS2_PLACEMENT_3D('',#274,#275,#276);
#278=PLANE('',#277);
#279=CARTESIAN_POINT('',(-50.938656257341115,14.285718917846678,9.247268208405760));
#280=DIRECTION('',(0.707106781186549,-0.707106781186546,0.0));
#281=VECTOR('',#280,0.565685424949235);
#282=LINE('',#279,#281);
#283=CARTESIAN_POINT('',(-50.538656257341117,13.885718917846681,9.247268208405760));
#284=TRIMMED_CURVE('',#282,(PARAMETER_VALUE(0.0),#279),(PARAMETER_VALUE(1.0),#283),.T.,.PARAMETER.);
#290=(BOUNDED_CURVE()CURVE()GEOMETRIC_REPRESENTATION_ITEM()REPRESENTATION_ITEM('')SURFACE_CURVE(#284,(#278),.CURVE_3D.));
#291=COMPOSITE_CURVE_SEGMENT(.CONTINUOUS.,.T.,#290);
#292=CARTESIAN_POINT('',(-50.538656257341117,13.885718917846676,9.247268208405760));
#293=DIRECTION('',(0.0,0.0,-1.0));
#294=VECTOR('',#293,1.499999999999996);
#295=LINE('',#292,#294);
#296=CARTESIAN_POINT('',(-50.538656257341117,13.885718917846676,7.747268208405764));
#297=TRIMMED_CURVE('',#295,(PARAMETER_VALUE(0.0),#292),(PARAMETER_VALUE(1.0),#296),.T.,.PARAMETER.);
#303=(BOUNDED_CURVE()CURVE()GEOMETRIC_REPRESENTATION_ITEM()REPRESENTATION_ITEM('')SURFACE_CURVE(#297,(#278),.CURVE_3D.));
#304=COMPOSITE_CURVE_SEGMENT(.CONTINUOUS.,.T.,#303);
#305=CARTESIAN_POINT('',(-50.538656257341117,13.885718917846676,7.747268208405766));
#306=DIRECTION('',(-0.707106781186548,0.707106781186548,0.0));
#307=VECTOR('',#306,0.565685424949236);
#308=LINE('',#305,#307);
#309=CARTESIAN_POINT('',(-50.938656257341115,14.285718917846674,7.747268208405766));
#310=TRIMMED_CURVE('',#308,(PARAMETER_VALUE(0.0),#305),(PARAMETER_VALUE(1.0),#309),.T.,.PARAMETER.);
#316=(BOUNDED_CURVE()CURVE()GEOMETRIC_REPRESENTATION_ITEM()REPRESENTATION_ITEM('')SURFACE_CURVE(#310,(#278),.CURVE_3D.));
#317=COMPOSITE_CURVE_SEGMENT(.CONTINUOUS.,.T.,#316);
#318=CARTESIAN_POINT('',(-50.938656257341115,14.285718917846678,7.747268208405766));
#319=DIRECTION('',(0.0,0.0,1.0));
#320=VECTOR('',#319,1.499999999999996);
#321=LINE('',#318,#320);
#322=CARTESIAN_POINT('',(-50.938656257341115,14.285718917846678,9.247268208405762));
#323=TRIMMED_CURVE('',#321,(PARAMETER_VALUE(0.0),#318),(PARAMETER_VALUE(1.0),#322),.T.,.PARAMETER.);
#329=(BOUNDED_CURVE()CURVE()GEOMETRIC_REPRESENTATION_ITEM()REPRESENTATION_ITEM('')SURFACE_CURVE(#323,(#278),.CURVE_3D.));
#330=COMPOSITE_CURVE_SEGMENT(.CONTINUOUS.,.T.,#329);
#331=OUTER_BOUNDARY_CURVE('',(#291,#304,#317,#330),.U.);
#332=CURVE_BOUNDED_SURFACE('',#278,(#331),.F.);
#333=STYLED_ITEM('',(#334),#332);
#334=PRESENTATION_STYLE_ASSIGNMENT((#335));
#335=SURFACE_STYLE_USAGE(.POSITIVE.,#336);
#336=SURFACE_SIDE_STYLE('',(#337));
#337=SURFACE_STYLE_FILL_AREA(#338);
#338=FILL_AREA_STYLE('',(#339));
#339=FILL_AREA_STYLE_COLOUR('',#340);
#340=COLOUR_RGB('',0.0,0.0,1.0);
#341=PRESENTATION_LAYER_ASSIGNMENT('7','',(#332));
#342=CARTESIAN_POINT('',(-50.538656257341117,4.855718917846682,7.672268208405765));
#343=DIRECTION('',(-1.0,0.0,0.0));
#344=DIRECTION('',(0.0,0.0,1.0));
#345=AXIS2_PLACEMENT_3D('',#342,#343,#344);
#346=PLANE('',#345);
#347=CARTESIAN_POINT('',(-50.538656257341117,13.885718917846674,7.747268208405766));
#348=DIRECTION('',(0.0,-1.0,0.0));
#349=VECTOR('',#348,8.599999999999998);
#350=LINE('',#347,#349);
#351=CARTESIAN_POINT('',(-50.538656257341117,5.285718917846676,7.747268208405766));
#352=TRIMMED_CURVE('',#350,(PARAMETER_VALUE(0.0),#347),(PARAMETER_VALUE(1.0),#351),.T.,.PARAMETER.);
#358=(BOUNDED_CURVE()CURVE()GEOMETRIC_REPRESENTATION_ITEM()REPRESENTATION_ITEM('')SURFACE_CURVE(#352,(#346),.CURVE_3D.));
#359=COMPOSITE_CURVE_SEGMENT(.CONTINUOUS.,.T.,#358);
#360=CARTESIAN_POINT('',(-50.538656257341117,5.285718917846680,7.747268208405766));
#361=DIRECTION('',(0.0,0.0,1.0));
#362=VECTOR('',#361,1.499999999999996);
#363=LINE('',#360,#362);
#364=CARTESIAN_POINT('',(-50.538656257341117,5.285718917846680,9.247268208405762));
#365=TRIMMED_CURVE('',#363,(PARAMETER_VALUE(0.0),#360),(PARAMETER_VALUE(1.0),#364),.T.,.PARAMETER.);
#371=(BOUNDED_CURVE()CURVE()GEOMETRIC_REPRESENTATION_ITEM()REPRESENTATION_ITEM('')SURFACE_CURVE(#365,(#346),.CURVE_3D.));
#372=COMPOSITE_CURVE_SEGMENT(.CONTINUOUS.,.T.,#371);
#373=CARTESIAN_POINT('',(-50.538656257341117,5.285718917846680,9.247268208405760));
#374=DIRECTION('',(0.0,1.0,0.0));
#375=VECTOR('',#374,8.599999999999998);
#376=LINE('',#373,#375);
#377=CARTESIAN_POINT('',(-50.538656257341117,13.885718917846678,9.247268208405760));
#378=TRIMMED_CURVE('',#376,(PARAMETER_VALUE(0.0),#373),(PARAMETER_VALUE(1.0),#377),.T.,.PARAMETER.);
#384=(BOUNDED_CURVE()CURVE()GEOMETRIC_REPRESENTATION_ITEM()REPRESENTATION_ITEM('')SURFACE_CURVE(#378,(#346),.CURVE_3D.));
#385=COMPOSITE_CURVE_SEGMENT(.CONTINUOUS.,.T.,#384);
#386=CARTESIAN_POINT('',(-50.538656257341117,13.885718917846674,9.247268208405760));
#387=DIRECTION('',(0.0,0.0,-1.0));
#388=VECTOR('',#387,1.499999999999996);
#389=LINE('',#386,#388);
#390=CARTESIAN_POINT('',(-50.538656257341117,13.885718917846674,7.747268208405764));
#391=TRIMMED_CURVE('',#389,(PARAMETER_VALUE(0.0),#386),(PARAMETER_VALUE(1.0),#390),.T.,.PARAMETER.);
#397=(BOUNDED_CURVE()CURVE()GEOMETRIC_REPRESENTATION_ITEM()REPRESENTATION_ITEM('')SURFACE_CURVE(#391,(#346),.CURVE_3D.));
#398=COMPOSITE_CURVE_SEGMENT(.CONTINUOUS.,.T.,#397);
#399=OUTER_BOUNDARY_CURVE('',(#359,#372,#385,#398),.U.);
#400=CURVE_BOUNDED_SURFACE('',#346,(#399),.F.);
#401=STYLED_ITEM('',(#402),#400);
#402=PRESENTATION_STYLE_ASSIGNMENT((#403));
#403=SURFACE_STYLE_USAGE(.POSITIVE.,#404);
#404=SURFACE_SIDE_STYLE('',(#405));
#405=SURFACE_STYLE_FILL_AREA(#406);
#406=FILL_AREA_STYLE('',(#407));
#407=FILL_AREA_STYLE_COLOUR('',#408);
#408=COLOUR_RGB('',0.0,0.0,1.0);
#409=PRESENTATION_LAYER_ASSIGNMENT('7','',(#400));
#410=CARTESIAN_POINT('',(-49.758656257341116,13.865718917846683,7.672268208405765));
#411=DIRECTION('',(-0.707106781186548,0.707106781186547,0.0));
#412=DIRECTION('',(0.0,0.0,1.0));
#413=AXIS2_PLACEMENT_3D('',#410,#411,#412);
#414=PLANE('',#413);
#415=CARTESIAN_POINT('',(-49.338656257341121,14.285718917846676,7.747268208405766));
#416=DIRECTION('',(-0.707106781186548,-0.707106781186548,0.0));
#417=VECTOR('',#416,0.565685424949236);
#418=LINE('',#415,#417);
#419=CARTESIAN_POINT('',(-49.738656257341120,13.885718917846678,7.747268208405766));
#420=TRIMMED_CURVE('',#418,(PARAMETER_VALUE(0.0),#415),(PARAMETER_VALUE(1.0),#419),.T.,.PARAMETER.);
#426=(BOUNDED_CURVE()CURVE()GEOMETRIC_REPRESENTATION_ITEM()REPRESENTATION_ITEM('')SURFACE_CURVE(#420,(#414),.CURVE_3D.));
#427=COMPOSITE_CURVE_SEGMENT(.CONTINUOUS.,.T.,#426);
#428=CARTESIAN_POINT('',(-49.738656257341120,13.885718917846679,7.747268208405766));
#429=DIRECTION('',(0.0,0.0,1.0));
#430=VECTOR('',#429,1.499999999999996);
#431=LINE('',#428,#430);
#432=CARTESIAN_POINT('',(-49.738656257341120,13.885718917846679,9.247268208405762));
#433=TRIMMED_CURVE('',#431,(PARAMETER_VALUE(0.0),#428),(PARAMETER_VALUE(1.0),#432),.T.,.PARAMETER.);
#439=(BOUNDED_CURVE()CURVE()GEOMETRIC_REPRESENTATION_ITEM()REPRESENTATION_ITEM('')SURFACE_CURVE(#433,(#414),.CURVE_3D.));
#440=COMPOSITE_CURVE_SEGMENT(.CONTINUOUS.,.T.,#439);
#441=CARTESIAN_POINT('',(-49.738656257341120,13.885718917846679,9.247268208405760));
#442=DIRECTION('',(0.707106781186548,0.707106781186548,0.0));
#443=VECTOR('',#442,0.565685424949236);
#444=LINE('',#441,#443);
#445=CARTESIAN_POINT('',(-49.338656257341121,14.285718917846678,9.247268208405760));
#446=TRIMMED_CURVE('',#444,(PARAMETER_VALUE(0.0),#441),(PARAMETER_VALUE(1.0),#445),.T.,.PARAMETER.);
#452=(BOUNDED_CURVE()CURVE()GEOMETRIC_REPRESENTATION_ITEM()REPRESENTATION_ITEM('')SURFACE_CURVE(#446,(#414),.CURVE_3D.));
#453=COMPOSITE_CURVE_SEGMENT(.CONTINUOUS.,.T.,#452);
#454=CARTESIAN_POINT('',(-49.338656257341121,14.285718917846676,9.247268208405760));
#455=DIRECTION('',(0.0,0.0,-1.0));
#456=VECTOR('',#455,1.499999999999996);
#457=LINE('',#454,#456);
#458=CARTESIAN_POINT('',(-49.338656257341121,14.285718917846676,7.747268208405764));
#459=TRIMMED_CURVE('',#457,(PARAMETER_VALUE(0.0),#454),(PARAMETER_VALUE(1.0),#458),.T.,.PARAMETER.);
#465=(BOUNDED_CURVE()CURVE()GEOMETRIC_REPRESENTATION_ITEM()REPRESENTATION_ITEM('')SURFACE_CURVE(#459,(#414),.CURVE_3D.));
#466=COMPOSITE_CURVE_SEGMENT(.CONTINUOUS.,.T.,#465);
#467=OUTER_BOUNDARY_CURVE('',(#427,#440,#453,#466),.U.);
#468=CURVE_BOUNDED_SURFACE('',#414,(#467),.F.);
#469=STYLED_ITEM('',(#470),#468);
#470=PRESENTATION_STYLE_ASSIGNMENT((#471));
#471=SURFACE_STYLE_USAGE(.POSITIVE.,#472);
#472=SURFACE_SIDE_STYLE('',(#473));
#473=SURFACE_STYLE_FILL_AREA(#474);
#474=FILL_AREA_STYLE('',(#475));
#475=FILL_AREA_STYLE_COLOUR('',#476);
#476=COLOUR_RGB('',0.0,0.0,1.0);
#477=PRESENTATION_LAYER_ASSIGNMENT('7','',(#468));
#478=CARTESIAN_POINT('',(-49.738656257341120,4.855718917846682,9.322268208405760));
#479=DIRECTION('',(1.0,0.0,0.0));
#480=DIRECTION('',(0.0,0.0,-1.0));
#481=AXIS2_PLACEMENT_3D('',#478,#479,#480);
#482=PLANE('',#481);
#483=CARTESIAN_POINT('',(-49.738656257341120,13.885718917846674,9.247268208405760));
#484=DIRECTION('',(0.0,-1.0,0.0));
#485=VECTOR('',#484,8.599999999999998);
#486=LINE('',#483,#485);
#487=CARTESIAN_POINT('',(-49.738656257341120,5.285718917846676,9.247268208405760));
#488=TRIMMED_CURVE('',#486,(PARAMETER_VALUE(0.0),#483),(PARAMETER_VALUE(1.0),#487),.T.,.PARAMETER.);
#494=(BOUNDED_CURVE()CURVE()GEOMETRIC_REPRESENTATION_ITEM()REPRESENTATION_ITEM('')SURFACE_CURVE(#488,(#482),.CURVE_3D.));
#495=COMPOSITE_CURVE_SEGMENT(.CONTINUOUS.,.T.,#494);
#496=CARTESIAN_POINT('',(-49.738656257341120,5.285718917846680,9.247268208405760));
#497=DIRECTION('',(0.0,0.0,-1.0));
#498=VECTOR('',#497,1.499999999999996);
#499=LINE('',#496,#498);
#500=CARTESIAN_POINT('',(-49.738656257341120,5.285718917846680,7.747268208405764));
#501=TRIMMED_CURVE('',#499,(PARAMETER_VALUE(0.0),#496),(PARAMETER_VALUE(1.0),#500),.T.,.PARAMETER.);
#507=(BOUNDED_CURVE()CURVE()GEOMETRIC_REPRESENTATION_ITEM()REPRESENTATION_ITEM('')SURFACE_CURVE(#501,(#482),.CURVE_3D.));
#508=COMPOSITE_CURVE_SEGMENT(.CONTINUOUS.,.T.,#507);
#509=CARTESIAN_POINT('',(-49.738656257341120,5.285718917846680,7.747268208405766));
#510=DIRECTION('',(0.0,1.0,0.0));
#511=VECTOR('',#510,8.599999999999998);
#512=LINE('',#509,#511);
#513=CARTESIAN_POINT('',(-49.738656257341120,13.885718917846678,7.747268208405766));
#514=TRIMMED_CURVE('',#512,(PARAMETER_VALUE(0.0),#509),(PARAMETER_VALUE(1.0),#513),.T.,.PARAMETER.);
#520=(BOUNDED_CURVE()CURVE()GEOMETRIC_REPRESENTATION_ITEM()REPRESENTATION_ITEM('')SURFACE_CURVE(#514,(#482),.CURVE_3D.));
#521=COMPOSITE_CURVE_SEGMENT(.CONTINUOUS.,.T.,#520);
#522=CARTESIAN_POINT('',(-49.738656257341120,13.885718917846674,7.747268208405766));
#523=DIRECTION('',(0.0,0.0,1.0));
#524=VECTOR('',#523,1.499999999999996);
#525=LINE('',#522,#524);
#526=CARTESIAN_POINT('',(-49.738656257341120,13.885718917846674,9.247268208405762));
#527=TRIMMED_CURVE('',#525,(PARAMETER_VALUE(0.0),#522),(PARAMETER_VALUE(1.0),#526),.T.,.PARAMETER.);
#533=(BOUNDED_CURVE()CURVE()GEOMETRIC_REPRESENTATION_ITEM()REPRESENTATION_ITEM('')SURFACE_CURVE(#527,(#482),.CURVE_3D.));
#534=COMPOSITE_CURVE_SEGMENT(.CONTINUOUS.,.T.,#533);
#535=OUTER_BOUNDARY_CURVE('',(#495,#508,#521,#534),.U.);
#536=CURVE_BOUNDED_SURFACE('',#482,(#535),.F.);
#537=STYLED_ITEM('',(#538),#536);
#538=PRESENTATION_STYLE_ASSIGNMENT((#539));
#539=SURFACE_STYLE_USAGE(.POSITIVE.,#540);
#540=SURFACE_SIDE_STYLE('',(#541));
#541=SURFACE_STYLE_FILL_AREA(#542);
#542=FILL_AREA_STYLE('',(#543));
#543=FILL_AREA_STYLE_COLOUR('',#544);
#544=COLOUR_RGB('',0.0,0.0,1.0);
#545=PRESENTATION_LAYER_ASSIGNMENT('7','',(#536));
#546=CARTESIAN_POINT('',(-44.758656257341116,13.865718917846683,7.672268208405763));
#547=DIRECTION('',(-0.707106781186547,0.707106781186548,0.0));
#548=DIRECTION('',(0.0,0.0,1.0));
#549=AXIS2_PLACEMENT_3D('',#546,#547,#548);
#550=PLANE('',#549);
#551=CARTESIAN_POINT('',(-44.338656257341121,14.285718917846676,7.747268208405761));
#552=DIRECTION('',(-0.707106781186546,-0.707106781186549,0.0));
#553=VECTOR('',#552,0.565685424949237);
#554=LINE('',#551,#553);
#555=CARTESIAN_POINT('',(-44.738656257341120,13.885718917846676,7.747268208405761));
#556=TRIMMED_CURVE('',#554,(PARAMETER_VALUE(0.0),#551),(PARAMETER_VALUE(1.0),#555),.T.,.PARAMETER.);
#562=(BOUNDED_CURVE()CURVE()GEOMETRIC_REPRESENTATION_ITEM()REPRESENTATION_ITEM('')SURFACE_CURVE(#556,(#550),.CURVE_3D.));
#563=COMPOSITE_CURVE_SEGMENT(.CONTINUOUS.,.T.,#562);
#564=CARTESIAN_POINT('',(-44.738656257341120,13.885718917846679,7.747268208405761));
#565=DIRECTION('',(0.0,0.0,1.0));
#566=VECTOR('',#565,1.499999999999999);
#567=LINE('',#564,#566);
#568=CARTESIAN_POINT('',(-44.738656257341120,13.885718917846679,9.247268208405760));
#569=TRIMMED_CURVE('',#567,(PARAMETER_VALUE(0.0),#564),(PARAMETER_VALUE(1.0),#568),.T.,.PARAMETER.);
#575=(BOUNDED_CURVE()CURVE()GEOMETRIC_REPRESENTATION_ITEM()REPRESENTATION_ITEM('')SURFACE_CURVE(#569,(#550),.CURVE_3D.));
#576=COMPOSITE_CURVE_SEGMENT(.CONTINUOUS.,.T.,#575);
#577=CARTESIAN_POINT('',(-44.738656257341120,13.885718917846679,9.247268208405760));
#578=DIRECTION('',(0.707106781186549,0.707106781186546,0.0));
#579=VECTOR('',#578,0.565685424949245);
#580=LINE('',#577,#579);
#581=CARTESIAN_POINT('',(-44.338656257341114,14.285718917846683,9.247268208405760));
#582=TRIMMED_CURVE('',#580,(PARAMETER_VALUE(0.0),#577),(PARAMETER_VALUE(1.0),#581),.T.,.PARAMETER.);
#588=(BOUNDED_CURVE()CURVE()GEOMETRIC_REPRESENTATION_ITEM()REPRESENTATION_ITEM('')SURFACE_CURVE(#582,(#550),.CURVE_3D.));
#589=COMPOSITE_CURVE_SEGMENT(.CONTINUOUS.,.T.,#588);
#590=CARTESIAN_POINT('',(-44.338656257341121,14.285718917846676,9.247268208405760));
#591=DIRECTION('',(0.0,0.0,-1.0));
#592=VECTOR('',#591,1.499999999999999);
#593=LINE('',#590,#592);
#594=CARTESIAN_POINT('',(-44.338656257341121,14.285718917846676,7.747268208405761));
#595=TRIMMED_CURVE('',#593,(PARAMETER_VALUE(0.0),#590),(PARAMETER_VALUE(1.0),#594),.T.,.PARAMETER.);
#601=(BOUNDED_CURVE()CURVE()GEOMETRIC_REPRESENTATION_ITEM()REPRESENTATION_ITEM('')SURFACE_CURVE(#595,(#550),.CURVE_3D.));
#602=COMPOSITE_CURVE_SEGMENT(.CONTINUOUS.,.T.,#601);
#603=OUTER_BOUNDARY_CURVE('',(#563,#576,#589,#602),.U.);
#604=CURVE_BOUNDED_SURFACE('',#550,(#603),.F.);
#605=STYLED_ITEM('',(#606),#604);
#606=PRESENTATION_STYLE_ASSIGNMENT((#607));
#607=SURFACE_STYLE_USAGE(.POSITIVE.,#608);
#608=SURFACE_SIDE_STYLE('',(#609));
#609=SURFACE_STYLE_FILL_AREA(#610);
#610=FILL_AREA_STYLE('',(#611));
#611=FILL_AREA_STYLE_COLOUR('',#612);
#612=COLOUR_RGB('',0.0,0.0,1.0);
#613=PRESENTATION_LAYER_ASSIGNMENT('7','',(#604));
#614=CARTESIAN_POINT('',(-44.738656257341120,4.855718917846682,9.322268208405760));
#615=DIRECTION('',(1.0,0.0,0.0));
#616=DIRECTION('',(0.0,0.0,-1.0));
#617=AXIS2_PLACEMENT_3D('',#614,#615,#616);
#618=PLANE('',#617);
#619=CARTESIAN_POINT('',(-44.738656257341120,13.885718917846674,9.247268208405760));
#620=DIRECTION('',(0.0,-1.0,0.0));
#621=VECTOR('',#620,8.599999999999998);
#622=LINE('',#619,#621);
#623=CARTESIAN_POINT('',(-44.738656257341120,5.285718917846676,9.247268208405760));
#624=TRIMMED_CURVE('',#622,(PARAMETER_VALUE(0.0),#619),(PARAMETER_VALUE(1.0),#623),.T.,.PARAMETER.);
#630=(BOUNDED_CURVE()CURVE()GEOMETRIC_REPRESENTATION_ITEM()REPRESENTATION_ITEM('')SURFACE_CURVE(#624,(#618),.CURVE_3D.));
#631=COMPOSITE_CURVE_SEGMENT(.CONTINUOUS.,.T.,#630);
#632=CARTESIAN_POINT('',(-44.738656257341120,5.285718917846680,9.247268208405760));
#633=DIRECTION('',(0.0,0.0,-1.0));
#634=VECTOR('',#633,1.500000000000000);
#635=LINE('',#632,#634);
#636=CARTESIAN_POINT('',(-44.738656257341120,5.285718917846680,7.747268208405760));
#637=TRIMMED_CURVE('',#635,(PARAMETER_VALUE(0.0),#632),(PARAMETER_VALUE(1.0),#636),.T.,.PARAMETER.);
#643=(BOUNDED_CURVE()CURVE()GEOMETRIC_REPRESENTATION_ITEM()REPRESENTATION_ITEM('')SURFACE_CURVE(#637,(#618),.CURVE_3D.));
#644=COMPOSITE_CURVE_SEGMENT(.CONTINUOUS.,.T.,#643);
#645=CARTESIAN_POINT('',(-44.738656257341120,5.285718917846680,7.747268208405759));
#646=DIRECTION('',(0.0,1.0,0.0));
#647=VECTOR('',#646,8.599999999999998);
#648=LINE('',#645,#647);
#649=CARTESIAN_POINT('',(-44.738656257341120,13.885718917846678,7.747268208405759));
#650=TRIMMED_CURVE('',#648,(PARAMETER_VALUE(0.0),#645),(PARAMETER_VALUE(1.0),#649),.T.,.PARAMETER.);
#656=(BOUNDED_CURVE()CURVE()GEOMETRIC_REPRESENTATION_ITEM()REPRESENTATION_ITEM('')SURFACE_CURVE(#650,(#618),.CURVE_3D.));
#657=COMPOSITE_CURVE_SEGMENT(.CONTINUOUS.,.T.,#656);
#658=CARTESIAN_POINT('',(-44.738656257341120,13.885718917846674,7.747268208405759));
#659=DIRECTION('',(0.0,0.0,1.0));
#660=VECTOR('',#659,1.500000000000002);
#661=LINE('',#658,#660);
#662=CARTESIAN_POINT('',(-44.738656257341120,13.885718917846674,9.247268208405760));
#663=TRIMMED_CURVE('',#661,(PARAMETER_VALUE(0.0),#658),(PARAMETER_VALUE(1.0),#662),.T.,.PARAMETER.);
#669=(BOUNDED_CURVE()CURVE()GEOMETRIC_REPRESENTATION_ITEM()REPRESENTATION_ITEM('')SURFACE_CURVE(#663,(#618),.CURVE_3D.));
#670=COMPOSITE_CURVE_SEGMENT(.CONTINUOUS.,.T.,#669);
#671=OUTER_BOUNDARY_CURVE('',(#631,#644,#657,#670),.U.);
#672=CURVE_BOUNDED_SURFACE('',#618,(#671),.F.);
#673=STYLED_ITEM('',(#674),#672);
#674=PRESENTATION_STYLE_ASSIGNMENT((#675));
#675=SURFACE_STYLE_USAGE(.POSITIVE.,#676);
#676=SURFACE_SIDE_STYLE('',(#677));
#677=SURFACE_STYLE_FILL_AREA(#678);
#678=FILL_AREA_STYLE('',(#679));
#679=FILL_AREA_STYLE_COLOUR('',#680);
#680=COLOUR_RGB('',0.0,0.0,1.0);
#681=PRESENTATION_LAYER_ASSIGNMENT('7','',(#672));
#682=CARTESIAN_POINT('',(-45.518656257341114,13.865718917846683,9.322268208405760));
#683=DIRECTION('',(0.707106781186547,0.707106781186548,0.0));
#684=DIRECTION('',(0.0,0.0,-1.0));
#685=AXIS2_PLACEMENT_3D('',#682,#683,#684);
#686=PLANE('',#685);
#687=CARTESIAN_POINT('',(-45.938656257341123,14.285718917846689,9.247268208405760));
#688=DIRECTION('',(0.707106781186552,-0.707106781186543,0.0));
#689=VECTOR('',#688,0.565685424949242);
#690=LINE('',#687,#689);
#691=CARTESIAN_POINT('',(-45.538656257341117,13.885718917846688,9.247268208405760));
#692=TRIMMED_CURVE('',#690,(PARAMETER_VALUE(0.0),#687),(PARAMETER_VALUE(1.0),#691),.T.,.PARAMETER.);
#698=(BOUNDED_CURVE()CURVE()GEOMETRIC_REPRESENTATION_ITEM()REPRESENTATION_ITEM('')SURFACE_CURVE(#692,(#686),.CURVE_3D.));
#699=COMPOSITE_CURVE_SEGMENT(.CONTINUOUS.,.T.,#698);
#700=CARTESIAN_POINT('',(-45.538656257341117,13.885718917846683,9.247268208405760));
#701=DIRECTION('',(0.0,0.0,-1.0));
#702=VECTOR('',#701,1.500000000000000);
#703=LINE('',#700,#702);
#704=CARTESIAN_POINT('',(-45.538656257341117,13.885718917846683,7.747268208405760));
#705=TRIMMED_CURVE('',#703,(PARAMETER_VALUE(0.0),#700),(PARAMETER_VALUE(1.0),#704),.T.,.PARAMETER.);
#711=(BOUNDED_CURVE()CURVE()GEOMETRIC_REPRESENTATION_ITEM()REPRESENTATION_ITEM('')SURFACE_CURVE(#705,(#686),.CURVE_3D.));
#712=COMPOSITE_CURVE_SEGMENT(.CONTINUOUS.,.T.,#711);
#713=CARTESIAN_POINT('',(-45.538656257341117,13.885718917846683,7.747268208405759));
#714=DIRECTION('',(-0.707106781186548,0.707106781186548,0.0));
#715=VECTOR('',#714,0.565685424949236);
#716=LINE('',#713,#715);
#717=CARTESIAN_POINT('',(-45.938656257341115,14.285718917846681,7.747268208405759));
#718=TRIMMED_CURVE('',#716,(PARAMETER_VALUE(0.0),#713),(PARAMETER_VALUE(1.0),#717),.T.,.PARAMETER.);
#724=(BOUNDED_CURVE()CURVE()GEOMETRIC_REPRESENTATION_ITEM()REPRESENTATION_ITEM('')SURFACE_CURVE(#718,(#686),.CURVE_3D.));
#725=COMPOSITE_CURVE_SEGMENT(.CONTINUOUS.,.T.,#724);
#726=CARTESIAN_POINT('',(-45.938656257341123,14.285718917846689,7.747268208405759));
#727=DIRECTION('',(0.0,0.0,1.0));
#728=VECTOR('',#727,1.500000000000002);
#729=LINE('',#726,#728);
#730=CARTESIAN_POINT('',(-45.938656257341123,14.285718917846689,9.247268208405760));
#731=TRIMMED_CURVE('',#729,(PARAMETER_VALUE(0.0),#726),(PARAMETER_VALUE(1.0),#730),.T.,.PARAMETER.);
#737=(BOUNDED_CURVE()CURVE()GEOMETRIC_REPRESENTATION_ITEM()REPRESENTATION_ITEM('')SURFACE_CURVE(#731,(#686),.CURVE_3D.));
#738=COMPOSITE_CURVE_SEGMENT(.CONTINUOUS.,.T.,#737);
#739=OUTER_BOUNDARY_CURVE('',(#699,#712,#725,#738),.U.);
#740=CURVE_BOUNDED_SURFACE('',#686,(#739),.F.);
#741=STYLED_ITEM('',(#742),#740);
#742=PRESENTATION_STYLE_ASSIGNMENT((#743));
#743=SURFACE_STYLE_USAGE(.POSITIVE.,#744);
#744=SURFACE_SIDE_STYLE('',(#745));
#745=SURFACE_STYLE_FILL_AREA(#746);
#746=FILL_AREA_STYLE('',(#747));
#747=FILL_AREA_STYLE_COLOUR('',#748);
#748=COLOUR_RGB('',0.0,0.0,1.0);
#749=PRESENTATION_LAYER_ASSIGNMENT('7','',(#740));
#750=CARTESIAN_POINT('',(-45.538656257341117,4.855718917846682,7.672268208405763));
#751=DIRECTION('',(-1.0,0.0,0.0));
#752=DIRECTION('',(0.0,0.0,1.0));
#753=AXIS2_PLACEMENT_3D('',#750,#751,#752);
#754=PLANE('',#753);
#755=CARTESIAN_POINT('',(-45.538656257341117,13.885718917846674,7.747268208405761));
#756=DIRECTION('',(0.0,-1.0,0.0));
#757=VECTOR('',#756,8.599999999999998);
#758=LINE('',#755,#757);
#759=CARTESIAN_POINT('',(-45.538656257341117,5.285718917846676,7.747268208405761));
#760=TRIMMED_CURVE('',#758,(PARAMETER_VALUE(0.0),#755),(PARAMETER_VALUE(1.0),#759),.T.,.PARAMETER.);
#766=(BOUNDED_CURVE()CURVE()GEOMETRIC_REPRESENTATION_ITEM()REPRESENTATION_ITEM('')SURFACE_CURVE(#760,(#754),.CURVE_3D.));
#767=COMPOSITE_CURVE_SEGMENT(.CONTINUOUS.,.T.,#766);
#768=CARTESIAN_POINT('',(-45.538656257341117,5.285718917846680,7.747268208405761));
#769=DIRECTION('',(0.0,0.0,1.0));
#770=VECTOR('',#769,1.499999999999999);
#771=LINE('',#768,#770);
#772=CARTESIAN_POINT('',(-45.538656257341117,5.285718917846680,9.247268208405760));
#773=TRIMMED_CURVE('',#771,(PARAMETER_VALUE(0.0),#768),(PARAMETER_VALUE(1.0),#772),.T.,.PARAMETER.);
#779=(BOUNDED_CURVE()CURVE()GEOMETRIC_REPRESENTATION_ITEM()REPRESENTATION_ITEM('')SURFACE_CURVE(#773,(#754),.CURVE_3D.));
#780=COMPOSITE_CURVE_SEGMENT(.CONTINUOUS.,.T.,#779);
#781=CARTESIAN_POINT('',(-45.538656257341117,5.285718917846680,9.247268208405760));
#782=DIRECTION('',(0.0,1.0,0.0));
#783=VECTOR('',#782,8.599999999999998);
#784=LINE('',#781,#783);
#785=CARTESIAN_POINT('',(-45.538656257341117,13.885718917846678,9.247268208405760));
#786=TRIMMED_CURVE('',#784,(PARAMETER_VALUE(0.0),#781),(PARAMETER_VALUE(1.0),#785),.T.,.PARAMETER.);
#792=(BOUNDED_CURVE()CURVE()GEOMETRIC_REPRESENTATION_ITEM()REPRESENTATION_ITEM('')SURFACE_CURVE(#786,(#754),.CURVE_3D.));
#793=COMPOSITE_CURVE_SEGMENT(.CONTINUOUS.,.T.,#792);
#794=CARTESIAN_POINT('',(-45.538656257341117,13.885718917846674,9.247268208405760));
#795=DIRECTION('',(0.0,0.0,-1.0));
#796=VECTOR('',#795,1.499999999999999);
#797=LINE('',#794,#796);
#798=CARTESIAN_POINT('',(-45.538656257341117,13.885718917846674,7.747268208405761));
#799=TRIMMED_CURVE('',#797,(PARAMETER_VALUE(0.0),#794),(PARAMETER_VALUE(1.0),#798),.T.,.PARAMETER.);
#805=(BOUNDED_CURVE()CURVE()GEOMETRIC_REPRESENTATION_ITEM()REPRESENTATION_ITEM('')SURFACE_CURVE(#799,(#754),.CURVE_3D.));
#806=COMPOSITE_CURVE_SEGMENT(.CONTINUOUS.,.T.,#805);
#807=OUTER_BOUNDARY_CURVE('',(#767,#780,#793,#806),.U.);
#808=CURVE_BOUNDED_SURFACE('',#754,(#807),.F.);
#809=STYLED_ITEM('',(#810),#808);
#810=PRESENTATION_STYLE_ASSIGNMENT((#811));
#811=SURFACE_STYLE_USAGE(.POSITIVE.,#812);
#812=SURFACE_SIDE_STYLE('',(#813));
#813=SURFACE_STYLE_FILL_AREA(#814);
#814=FILL_AREA_STYLE('',(#815));
#815=FILL_AREA_STYLE_COLOUR('',#816);
#816=COLOUR_RGB('',0.0,0.0,1.0);
#817=PRESENTATION_LAYER_ASSIGNMENT('7','',(#808));
#818=CARTESIAN_POINT('',(-45.518656257341114,13.865718917846683,1.822268208405761));
#819=DIRECTION('',(0.707106781186547,0.707106781186548,0.0));
#820=DIRECTION('',(0.0,0.0,-1.0));
#821=AXIS2_PLACEMENT_3D('',#818,#819,#820);
#822=PLANE('',#821);
#823=CARTESIAN_POINT('',(-45.938656257341123,14.285718917846689,1.747268208405761));
#824=DIRECTION('',(0.707106781186552,-0.707106781186543,0.0));
#825=VECTOR('',#824,0.565685424949242);
#826=LINE('',#823,#825);
#827=CARTESIAN_POINT('',(-45.538656257341117,13.885718917846688,1.747268208405761));
#828=TRIMMED_CURVE('',#826,(PARAMETER_VALUE(0.0),#823),(PARAMETER_VALUE(1.0),#827),.T.,.PARAMETER.);
#834=(BOUNDED_CURVE()CURVE()GEOMETRIC_REPRESENTATION_ITEM()REPRESENTATION_ITEM('')SURFACE_CURVE(#828,(#822),.CURVE_3D.));
#835=COMPOSITE_CURVE_SEGMENT(.CONTINUOUS.,.T.,#834);
#836=CARTESIAN_POINT('',(-45.538656257341117,13.885718917846683,1.747268208405761));
#837=DIRECTION('',(0.0,0.0,-1.0));
#838=VECTOR('',#837,1.500000000000000);
#839=LINE('',#836,#838);
#840=CARTESIAN_POINT('',(-45.538656257341117,13.885718917846683,0.247268208405761));
#841=TRIMMED_CURVE('',#839,(PARAMETER_VALUE(0.0),#836),(PARAMETER_VALUE(1.0),#840),.T.,.PARAMETER.);
#847=(BOUNDED_CURVE()CURVE()GEOMETRIC_REPRESENTATION_ITEM()REPRESENTATION_ITEM('')SURFACE_CURVE(#841,(#822),.CURVE_3D.));
#848=COMPOSITE_CURVE_SEGMENT(.CONTINUOUS.,.T.,#847);
#849=CARTESIAN_POINT('',(-45.538656257341117,13.885718917846683,0.247268208405761));
#850=DIRECTION('',(-0.707106781186548,0.707106781186548,3.925231E-016));
#851=VECTOR('',#850,0.565685424949236);
#852=LINE('',#849,#851);
#853=CARTESIAN_POINT('',(-45.938656257341115,14.285718917846681,0.247268208405761));
#854=TRIMMED_CURVE('',#852,(PARAMETER_VALUE(0.0),#849),(PARAMETER_VALUE(1.0),#853),.T.,.PARAMETER.);
#860=(BOUNDED_CURVE()CURVE()GEOMETRIC_REPRESENTATION_ITEM()REPRESENTATION_ITEM('')SURFACE_CURVE(#854,(#822),.CURVE_3D.));
#861=COMPOSITE_CURVE_SEGMENT(.CONTINUOUS.,.T.,#860);
#862=CARTESIAN_POINT('',(-45.938656257341123,14.285718917846689,0.247268208405761));
#863=DIRECTION('',(0.0,0.0,1.0));
#864=VECTOR('',#863,1.500000000000000);
#865=LINE('',#862,#864);
#866=CARTESIAN_POINT('',(-45.938656257341123,14.285718917846689,1.747268208405761));
#867=TRIMMED_CURVE('',#865,(PARAMETER_VALUE(0.0),#862),(PARAMETER_VALUE(1.0),#866),.T.,.PARAMETER.);
#873=(BOUNDED_CURVE()CURVE()GEOMETRIC_REPRESENTATION_ITEM()REPRESENTATION_ITEM('')SURFACE_CURVE(#867,(#822),.CURVE_3D.));
#874=COMPOSITE_CURVE_SEGMENT(.CONTINUOUS.,.T.,#873);
#875=OUTER_BOUNDARY_CURVE('',(#835,#848,#861,#874),.U.);
#876=CURVE_BOUNDED_SURFACE('',#822,(#875),.F.);
#877=STYLED_ITEM('',(#878),#876);
#878=PRESENTATION_STYLE_ASSIGNMENT((#879));
#879=SURFACE_STYLE_USAGE(.POSITIVE.,#880);
#880=SURFACE_SIDE_STYLE('',(#881));
#881=SURFACE_STYLE_FILL_AREA(#882);
#882=FILL_AREA_STYLE('',(#883));
#883=FILL_AREA_STYLE_COLOUR('',#884);
#884=COLOUR_RGB('',0.0,0.0,1.0);
#885=PRESENTATION_LAYER_ASSIGNMENT('7','',(#876));
#886=CARTESIAN_POINT('',(-45.538656257341117,4.855718917846682,0.172268208405761));
#887=DIRECTION('',(-1.0,0.0,0.0));
#888=DIRECTION('',(0.0,0.0,1.0));
#889=AXIS2_PLACEMENT_3D('',#886,#887,#888);
#890=PLANE('',#889);
#891=CARTESIAN_POINT('',(-45.538656257341117,13.885718917846674,0.247268208405761));
#892=DIRECTION('',(0.0,-1.0,0.0));
#893=VECTOR('',#892,8.599999999999998);
#894=LINE('',#891,#893);
#895=CARTESIAN_POINT('',(-45.538656257341117,5.285718917846676,0.247268208405761));
#896=TRIMMED_CURVE('',#894,(PARAMETER_VALUE(0.0),#891),(PARAMETER_VALUE(1.0),#895),.T.,.PARAMETER.);
#902=(BOUNDED_CURVE()CURVE()GEOMETRIC_REPRESENTATION_ITEM()REPRESENTATION_ITEM('')SURFACE_CURVE(#896,(#890),.CURVE_3D.));
#903=COMPOSITE_CURVE_SEGMENT(.CONTINUOUS.,.T.,#902);
#904=CARTESIAN_POINT('',(-45.538656257341117,5.285718917846680,0.247268208405761));
#905=DIRECTION('',(0.0,0.0,1.0));
#906=VECTOR('',#905,1.500000000000000);
#907=LINE('',#904,#906);
#908=CARTESIAN_POINT('',(-45.538656257341117,5.285718917846680,1.747268208405761));
#909=TRIMMED_CURVE('',#907,(PARAMETER_VALUE(0.0),#904),(PARAMETER_VALUE(1.0),#908),.T.,.PARAMETER.);
#915=(BOUNDED_CURVE()CURVE()GEOMETRIC_REPRESENTATION_ITEM()REPRESENTATION_ITEM('')SURFACE_CURVE(#909,(#890),.CURVE_3D.));
#916=COMPOSITE_CURVE_SEGMENT(.CONTINUOUS.,.T.,#915);
#917=CARTESIAN_POINT('',(-45.538656257341117,5.285718917846680,1.747268208405761));
#918=DIRECTION('',(0.0,1.0,0.0));
#919=VECTOR('',#918,8.599999999999998);
#920=LINE('',#917,#919);
#921=CARTESIAN_POINT('',(-45.538656257341117,13.885718917846678,1.747268208405761));
#922=TRIMMED_CURVE('',#920,(PARAMETER_VALUE(0.0),#917),(PARAMETER_VALUE(1.0),#921),.T.,.PARAMETER.);
#928=(BOUNDED_CURVE()CURVE()GEOMETRIC_REPRESENTATION_ITEM()REPRESENTATION_ITEM('')SURFACE_CURVE(#922,(#890),.CURVE_3D.));
#929=COMPOSITE_CURVE_SEGMENT(.CONTINUOUS.,.T.,#928);
#930=CARTESIAN_POINT('',(-45.538656257341117,13.885718917846674,1.747268208405761));
#931=DIRECTION('',(0.0,0.0,-1.0));
#932=VECTOR('',#931,1.500000000000000);
#933=LINE('',#930,#932);
#934=CARTESIAN_POINT('',(-45.538656257341117,13.885718917846674,0.247268208405761));
#935=TRIMMED_CURVE('',#933,(PARAMETER_VALUE(0.0),#930),(PARAMETER_VALUE(1.0),#934),.T.,.PARAMETER.);
#941=(BOUNDED_CURVE()CURVE()GEOMETRIC_REPRESENTATION_ITEM()REPRESENTATION_ITEM('')SURFACE_CURVE(#935,(#890),.CURVE_3D.));
#942=COMPOSITE_CURVE_SEGMENT(.CONTINUOUS.,.T.,#941);
#943=OUTER_BOUNDARY_CURVE('',(#903,#916,#929,#942),.U.);
#944=CURVE_BOUNDED_SURFACE('',#890,(#943),.F.);
#945=STYLED_ITEM('',(#946),#944);
#946=PRESENTATION_STYLE_ASSIGNMENT((#947));
#947=SURFACE_STYLE_USAGE(.POSITIVE.,#948);
#948=SURFACE_SIDE_STYLE('',(#949));
#949=SURFACE_STYLE_FILL_AREA(#950);
#950=FILL_AREA_STYLE('',(#951));
#951=FILL_AREA_STYLE_COLOUR('',#952);
#952=COLOUR_RGB('',0.0,0.0,1.0);
#953=PRESENTATION_LAYER_ASSIGNMENT('7','',(#944));
#954=CARTESIAN_POINT('',(-44.758656257341116,13.865718917846683,0.172268208405761));
#955=DIRECTION('',(-0.707106781186547,0.707106781186548,0.0));
#956=DIRECTION('',(0.0,0.0,1.0));
#957=AXIS2_PLACEMENT_3D('',#954,#955,#956);
#958=PLANE('',#957);
#959=CARTESIAN_POINT('',(-44.338656257341121,14.285718917846676,0.247268208405761));
#960=DIRECTION('',(-0.707106781186552,-0.707106781186543,0.0));
#961=VECTOR('',#960,0.565685424949242);
#962=LINE('',#959,#961);
#963=CARTESIAN_POINT('',(-44.738656257341127,13.885718917846676,0.247268208405761));
#964=TRIMMED_CURVE('',#962,(PARAMETER_VALUE(0.0),#959),(PARAMETER_VALUE(1.0),#963),.T.,.PARAMETER.);
#970=(BOUNDED_CURVE()CURVE()GEOMETRIC_REPRESENTATION_ITEM()REPRESENTATION_ITEM('')SURFACE_CURVE(#964,(#958),.CURVE_3D.));
#971=COMPOSITE_CURVE_SEGMENT(.CONTINUOUS.,.T.,#970);
#972=CARTESIAN_POINT('',(-44.738656257341120,13.885718917846676,0.247268208405761));
#973=DIRECTION('',(0.0,0.0,1.0));
#974=VECTOR('',#973,1.500000000000000);
#975=LINE('',#972,#974);
#976=CARTESIAN_POINT('',(-44.738656257341120,13.885718917846676,1.747268208405761));
#977=TRIMMED_CURVE('',#975,(PARAMETER_VALUE(0.0),#972),(PARAMETER_VALUE(1.0),#976),.T.,.PARAMETER.);
#983=(BOUNDED_CURVE()CURVE()GEOMETRIC_REPRESENTATION_ITEM()REPRESENTATION_ITEM('')SURFACE_CURVE(#977,(#958),.CURVE_3D.));
#984=COMPOSITE_CURVE_SEGMENT(.CONTINUOUS.,.T.,#983);
#985=CARTESIAN_POINT('',(-44.738656257341120,13.885718917846676,1.747268208405761));
#986=DIRECTION('',(0.707106781186546,0.707106781186549,0.0));
#987=VECTOR('',#986,0.565685424949237);
#988=LINE('',#985,#987);
#989=CARTESIAN_POINT('',(-44.338656257341121,14.285718917846676,1.747268208405761));
#990=TRIMMED_CURVE('',#988,(PARAMETER_VALUE(0.0),#985),(PARAMETER_VALUE(1.0),#989),.T.,.PARAMETER.);
#996=(BOUNDED_CURVE()CURVE()GEOMETRIC_REPRESENTATION_ITEM()REPRESENTATION_ITEM('')SURFACE_CURVE(#990,(#958),.CURVE_3D.));
#997=COMPOSITE_CURVE_SEGMENT(.CONTINUOUS.,.T.,#996);
#998=CARTESIAN_POINT('',(-44.338656257341121,14.285718917846676,1.747268208405761));
#999=DIRECTION('',(0.0,0.0,-1.0));
#1000=VECTOR('',#999,1.500000000000000);
#1001=LINE('',#998,#1000);
#1002=CARTESIAN_POINT('',(-44.338656257341121,14.285718917846676,0.247268208405761));
#1003=TRIMMED_CURVE('',#1001,(PARAMETER_VALUE(0.0),#998),(PARAMETER_VALUE(1.0),#1002),.T.,.PARAMETER.);
#1009=(BOUNDED_CURVE()CURVE()GEOMETRIC_REPRESENTATION_ITEM()REPRESENTATION_ITEM('')SURFACE_CURVE(#1003,(#958),.CURVE_3D.));
#1010=COMPOSITE_CURVE_SEGMENT(.CONTINUOUS.,.T.,#1009);
#1011=OUTER_BOUNDARY_CURVE('',(#971,#984,#997,#1010),.U.);
#1012=CURVE_BOUNDED_SURFACE('',#958,(#1011),.F.);
#1013=STYLED_ITEM('',(#1014),#1012);
#1014=PRESENTATION_STYLE_ASSIGNMENT((#1015));
#1015=SURFACE_STYLE_USAGE(.POSITIVE.,#1016);
#1016=SURFACE_SIDE_STYLE('',(#1017));
#1017=SURFACE_STYLE_FILL_AREA(#1018);
#1018=FILL_AREA_STYLE('',(#1019));
#1019=FILL_AREA_STYLE_COLOUR('',#1020);
#1020=COLOUR_RGB('',0.0,0.0,1.0);
#1021=PRESENTATION_LAYER_ASSIGNMENT('7','',(#1012));
#1022=CARTESIAN_POINT('',(-44.738656257341120,4.855718917846682,1.822268208405761));
#1023=DIRECTION('',(1.0,0.0,0.0));
#1024=DIRECTION('',(0.0,0.0,-1.0));
#1025=AXIS2_PLACEMENT_3D('',#1022,#1023,#1024);
#1026=PLANE('',#1025);
#1027=CARTESIAN_POINT('',(-44.738656257341120,13.885718917846674,1.747268208405761));
#1028=DIRECTION('',(0.0,-1.0,0.0));
#1029=VECTOR('',#1028,8.599999999999998);
#1030=LINE('',#1027,#1029);
#1031=CARTESIAN_POINT('',(-44.738656257341120,5.285718917846676,1.747268208405761));
#1032=TRIMMED_CURVE('',#1030,(PARAMETER_VALUE(0.0),#1027),(PARAMETER_VALUE(1.0),#1031),.T.,.PARAMETER.);
#1038=(BOUNDED_CURVE()CURVE()GEOMETRIC_REPRESENTATION_ITEM()REPRESENTATION_ITEM('')SURFACE_CURVE(#1032,(#1026),.CURVE_3D.));
#1039=COMPOSITE_CURVE_SEGMENT(.CONTINUOUS.,.T.,#1038);
#1040=CARTESIAN_POINT('',(-44.738656257341120,5.285718917846680,1.747268208405761));
#1041=DIRECTION('',(0.0,0.0,-1.0));
#1042=VECTOR('',#1041,1.500000000000000);
#1043=LINE('',#1040,#1042);
#1044=CARTESIAN_POINT('',(-44.738656257341120,5.285718917846680,0.247268208405761));
#1045=TRIMMED_CURVE('',#1043,(PARAMETER_VALUE(0.0),#1040),(PARAMETER_VALUE(1.0),#1044),.T.,.PARAMETER.);
#1051=(BOUNDED_CURVE()CURVE()GEOMETRIC_REPRESENTATION_ITEM()REPRESENTATION_ITEM('')SURFACE_CURVE(#1045,(#1026),.CURVE_3D.));
#1052=COMPOSITE_CURVE_SEGMENT(.CONTINUOUS.,.T.,#1051);
#1053=CARTESIAN_POINT('',(-44.738656257341120,5.285718917846680,0.247268208405761));
#1054=DIRECTION('',(0.0,1.0,0.0));
#1055=VECTOR('',#1054,8.599999999999998);
#1056=LINE('',#1053,#1055);
#1057=CARTESIAN_POINT('',(-44.738656257341120,13.885718917846678,0.247268208405761));
#1058=TRIMMED_CURVE('',#1056,(PARAMETER_VALUE(0.0),#1053),(PARAMETER_VALUE(1.0),#1057),.T.,.PARAMETER.);
#1064=(BOUNDED_CURVE()CURVE()GEOMETRIC_REPRESENTATION_ITEM()REPRESENTATION_ITEM('')SURFACE_CURVE(#1058,(#1026),.CURVE_3D.));
#1065=COMPOSITE_CURVE_SEGMENT(.CONTINUOUS.,.T.,#1064);
#1066=CARTESIAN_POINT('',(-44.738656257341120,13.885718917846674,0.247268208405761));
#1067=DIRECTION('',(0.0,0.0,1.0));
#1068=VECTOR('',#1067,1.500000000000000);
#1069=LINE('',#1066,#1068);
#1070=CARTESIAN_POINT('',(-44.738656257341120,13.885718917846674,1.747268208405761));
#1071=TRIMMED_CURVE('',#1069,(PARAMETER_VALUE(0.0),#1066),(PARAMETER_VALUE(1.0),#1070),.T.,.PARAMETER.);
#1077=(BOUNDED_CURVE()CURVE()GEOMETRIC_REPRESENTATION_ITEM()REPRESENTATION_ITEM('')SURFACE_CURVE(#1071,(#1026),.CURVE_3D.));
#1078=COMPOSITE_CURVE_SEGMENT(.CONTINUOUS.,.T.,#1077);
#1079=OUTER_BOUNDARY_CURVE('',(#1039,#1052,#1065,#1078),.U.);
#1080=CURVE_BOUNDED_SURFACE('',#1026,(#1079),.F.);
#1081=STYLED_ITEM('',(#1082),#1080);
#1082=PRESENTATION_STYLE_ASSIGNMENT((#1083));
#1083=SURFACE_STYLE_USAGE(.POSITIVE.,#1084);
#1084=SURFACE_SIDE_STYLE('',(#1085));
#1085=SURFACE_STYLE_FILL_AREA(#1086);
#1086=FILL_AREA_STYLE('',(#1087));
#1087=FILL_AREA_STYLE_COLOUR('',#1088);
#1088=COLOUR_RGB('',0.0,0.0,1.0);
#1089=PRESENTATION_LAYER_ASSIGNMENT('7','',(#1080));
#1090=CARTESIAN_POINT('',(-40.518656257341121,13.865718917846683,1.822268208405760));
#1091=DIRECTION('',(0.707106781186547,0.707106781186548,0.0));
#1092=DIRECTION('',(0.0,0.0,-1.0));
#1093=AXIS2_PLACEMENT_3D('',#1090,#1091,#1092);
#1094=PLANE('',#1093);
#1095=CARTESIAN_POINT('',(-40.938656257341123,14.285718917846681,1.747268208405760));
#1096=DIRECTION('',(0.707106781186549,-0.707106781186546,0.0));
#1097=VECTOR('',#1096,0.565685424949245);
#1098=LINE('',#1095,#1097);
#1099=CARTESIAN_POINT('',(-40.538656257341117,13.885718917846678,1.747268208405760));
#1100=TRIMMED_CURVE('',#1098,(PARAMETER_VALUE(0.0),#1095),(PARAMETER_VALUE(1.0),#1099),.T.,.PARAMETER.);
#1106=(BOUNDED_CURVE()CURVE()GEOMETRIC_REPRESENTATION_ITEM()REPRESENTATION_ITEM('')SURFACE_CURVE(#1100,(#1094),.CURVE_3D.));
#1107=COMPOSITE_CURVE_SEGMENT(.CONTINUOUS.,.T.,#1106);
#1108=CARTESIAN_POINT('',(-40.538656257341117,13.885718917846676,1.747268208405760));
#1109=DIRECTION('',(0.0,0.0,-1.0));
#1110=VECTOR('',#1109,1.500000000000000);
#1111=LINE('',#1108,#1110);
#1112=CARTESIAN_POINT('',(-40.538656257341117,13.885718917846676,0.247268208405760));
#1113=TRIMMED_CURVE('',#1111,(PARAMETER_VALUE(0.0),#1108),(PARAMETER_VALUE(1.0),#1112),.T.,.PARAMETER.);
#1119=(BOUNDED_CURVE()CURVE()GEOMETRIC_REPRESENTATION_ITEM()REPRESENTATION_ITEM('')SURFACE_CURVE(#1113,(#1094),.CURVE_3D.));
#1120=COMPOSITE_CURVE_SEGMENT(.CONTINUOUS.,.T.,#1119);
#1121=CARTESIAN_POINT('',(-40.538656257341117,13.885718917846676,0.247268208405761));
#1122=DIRECTION('',(-0.707106781186546,0.707106781186549,0.0));
#1123=VECTOR('',#1122,0.565685424949237);
#1124=LINE('',#1121,#1123);
#1125=CARTESIAN_POINT('',(-40.938656257341115,14.285718917846676,0.247268208405761));
#1126=TRIMMED_CURVE('',#1124,(PARAMETER_VALUE(0.0),#1121),(PARAMETER_VALUE(1.0),#1125),.T.,.PARAMETER.);
#1132=(BOUNDED_CURVE()CURVE()GEOMETRIC_REPRESENTATION_ITEM()REPRESENTATION_ITEM('')SURFACE_CURVE(#1126,(#1094),.CURVE_3D.));
#1133=COMPOSITE_CURVE_SEGMENT(.CONTINUOUS.,.T.,#1132);
#1134=CARTESIAN_POINT('',(-40.938656257341115,14.285718917846680,0.247268208405761));
#1135=DIRECTION('',(0.0,0.0,1.0));
#1136=VECTOR('',#1135,1.499999999999999);
#1137=LINE('',#1134,#1136);
#1138=CARTESIAN_POINT('',(-40.938656257341115,14.285718917846680,1.747268208405760));
#1139=TRIMMED_CURVE('',#1137,(PARAMETER_VALUE(0.0),#1134),(PARAMETER_VALUE(1.0),#1138),.T.,.PARAMETER.);
#1145=(BOUNDED_CURVE()CURVE()GEOMETRIC_REPRESENTATION_ITEM()REPRESENTATION_ITEM('')SURFACE_CURVE(#1139,(#1094),.CURVE_3D.));
#1146=COMPOSITE_CURVE_SEGMENT(.CONTINUOUS.,.T.,#1145);
#1147=OUTER_BOUNDARY_CURVE('',(#1107,#1120,#1133,#1146),.U.);
#1148=CURVE_BOUNDED_SURFACE('',#1094,(#1147),.F.);
#1149=STYLED_ITEM('',(#1150),#1148);
#1150=PRESENTATION_STYLE_ASSIGNMENT((#1151));
#1151=SURFACE_STYLE_USAGE(.POSITIVE.,#1152);
#1152=SURFACE_SIDE_STYLE('',(#1153));
#1153=SURFACE_STYLE_FILL_AREA(#1154);
#1154=FILL_AREA_STYLE('',(#1155));
#1155=FILL_AREA_STYLE_COLOUR('',#1156);
#1156=COLOUR_RGB('',0.0,0.0,1.0);
#1157=PRESENTATION_LAYER_ASSIGNMENT('7','',(#1148));
#1158=CARTESIAN_POINT('',(-40.538656257341117,4.855718917846682,0.172268208405761));
#1159=DIRECTION('',(-1.0,0.0,0.0));
#1160=DIRECTION('',(0.0,0.0,1.0));
#1161=AXIS2_PLACEMENT_3D('',#1158,#1159,#1160);
#1162=PLANE('',#1161);
#1163=CARTESIAN_POINT('',(-40.538656257341117,13.885718917846674,0.247268208405760));
#1164=DIRECTION('',(0.0,-1.0,0.0));
#1165=VECTOR('',#1164,8.599999999999998);
#1166=LINE('',#1163,#1165);
#1167=CARTESIAN_POINT('',(-40.538656257341117,5.285718917846676,0.247268208405760));
#1168=TRIMMED_CURVE('',#1166,(PARAMETER_VALUE(0.0),#1163),(PARAMETER_VALUE(1.0),#1167),.T.,.PARAMETER.);
#1174=(BOUNDED_CURVE()CURVE()GEOMETRIC_REPRESENTATION_ITEM()REPRESENTATION_ITEM('')SURFACE_CURVE(#1168,(#1162),.CURVE_3D.));
#1175=COMPOSITE_CURVE_SEGMENT(.CONTINUOUS.,.T.,#1174);
#1176=CARTESIAN_POINT('',(-40.538656257341117,5.285718917846680,0.247268208405760));
#1177=DIRECTION('',(0.0,0.0,1.0));
#1178=VECTOR('',#1177,1.499999999999999);
#1179=LINE('',#1176,#1178);
#1180=CARTESIAN_POINT('',(-40.538656257341117,5.285718917846680,1.747268208405759));
#1181=TRIMMED_CURVE('',#1179,(PARAMETER_VALUE(0.0),#1176),(PARAMETER_VALUE(1.0),#1180),.T.,.PARAMETER.);
#1187=(BOUNDED_CURVE()CURVE()GEOMETRIC_REPRESENTATION_ITEM()REPRESENTATION_ITEM('')SURFACE_CURVE(#1181,(#1162),.CURVE_3D.));
#1188=COMPOSITE_CURVE_SEGMENT(.CONTINUOUS.,.T.,#1187);
#1189=CARTESIAN_POINT('',(-40.538656257341117,5.285718917846680,1.747268208405760));
#1190=DIRECTION('',(0.0,1.0,0.0));
#1191=VECTOR('',#1190,8.599999999999998);
#1192=LINE('',#1189,#1191);
#1193=CARTESIAN_POINT('',(-40.538656257341117,13.885718917846678,1.747268208405760));
#1194=TRIMMED_CURVE('',#1192,(PARAMETER_VALUE(0.0),#1189),(PARAMETER_VALUE(1.0),#1193),.T.,.PARAMETER.);
#1200=(BOUNDED_CURVE()CURVE()GEOMETRIC_REPRESENTATION_ITEM()REPRESENTATION_ITEM('')SURFACE_CURVE(#1194,(#1162),.CURVE_3D.));
#1201=COMPOSITE_CURVE_SEGMENT(.CONTINUOUS.,.T.,#1200);
#1202=CARTESIAN_POINT('',(-40.538656257341117,13.885718917846674,1.747268208405760));
#1203=DIRECTION('',(0.0,0.0,-1.0));
#1204=VECTOR('',#1203,1.499999999999999);
#1205=LINE('',#1202,#1204);
#1206=CARTESIAN_POINT('',(-40.538656257341117,13.885718917846674,0.247268208405761));
#1207=TRIMMED_CURVE('',#1205,(PARAMETER_VALUE(0.0),#1202),(PARAMETER_VALUE(1.0),#1206),.T.,.PARAMETER.);
#1213=(BOUNDED_CURVE()CURVE()GEOMETRIC_REPRESENTATION_ITEM()REPRESENTATION_ITEM('')SURFACE_CURVE(#1207,(#1162),.CURVE_3D.));
#1214=COMPOSITE_CURVE_SEGMENT(.CONTINUOUS.,.T.,#1213);
#1215=OUTER_BOUNDARY_CURVE('',(#1175,#1188,#1201,#1214),.U.);
#1216=CURVE_BOUNDED_SURFACE('',#1162,(#1215),.F.);
#1217=STYLED_ITEM('',(#1218),#1216);
#1218=PRESENTATION_STYLE_ASSIGNMENT((#1219));
#1219=SURFACE_STYLE_USAGE(.POSITIVE.,#1220);
#1220=SURFACE_SIDE_STYLE('',(#1221));
#1221=SURFACE_STYLE_FILL_AREA(#1222);
#1222=FILL_AREA_STYLE('',(#1223));
#1223=FILL_AREA_STYLE_COLOUR('',#1224);
#1224=COLOUR_RGB('',0.0,0.0,1.0);
#1225=PRESENTATION_LAYER_ASSIGNMENT('7','',(#1216));
#1226=CARTESIAN_POINT('',(-39.758656257341123,13.865718917846683,0.172268208405761));
#1227=DIRECTION('',(-0.707106781186547,0.707106781186548,0.0));
#1228=DIRECTION('',(0.0,0.0,1.0));
#1229=AXIS2_PLACEMENT_3D('',#1226,#1227,#1228);
#1230=PLANE('',#1229);
#1231=CARTESIAN_POINT('',(-39.338656257341121,14.285718917846681,0.247268208405760));
#1232=DIRECTION('',(-0.707106781186549,-0.707106781186546,0.0));
#1233=VECTOR('',#1232,0.565685424949245);
#1234=LINE('',#1231,#1233);
#1235=CARTESIAN_POINT('',(-39.738656257341127,13.885718917846678,0.247268208405760));
#1236=TRIMMED_CURVE('',#1234,(PARAMETER_VALUE(0.0),#1231),(PARAMETER_VALUE(1.0),#1235),.T.,.PARAMETER.);
#1242=(BOUNDED_CURVE()CURVE()GEOMETRIC_REPRESENTATION_ITEM()REPRESENTATION_ITEM('')SURFACE_CURVE(#1236,(#1230),.CURVE_3D.));
#1243=COMPOSITE_CURVE_SEGMENT(.CONTINUOUS.,.T.,#1242);
#1244=CARTESIAN_POINT('',(-39.738656257341120,13.885718917846683,0.247268208405760));
#1245=DIRECTION('',(0.0,0.0,1.0));
#1246=VECTOR('',#1245,1.499999999999999);
#1247=LINE('',#1244,#1246);
#1248=CARTESIAN_POINT('',(-39.738656257341120,13.885718917846683,1.747268208405759));
#1249=TRIMMED_CURVE('',#1247,(PARAMETER_VALUE(0.0),#1244),(PARAMETER_VALUE(1.0),#1248),.T.,.PARAMETER.);
#1255=(BOUNDED_CURVE()CURVE()GEOMETRIC_REPRESENTATION_ITEM()REPRESENTATION_ITEM('')SURFACE_CURVE(#1249,(#1230),.CURVE_3D.));
#1256=COMPOSITE_CURVE_SEGMENT(.CONTINUOUS.,.T.,#1255);
#1257=CARTESIAN_POINT('',(-39.738656257341120,13.885718917846685,1.747268208405760));
#1258=DIRECTION('',(0.707106781186546,0.707106781186549,0.0));
#1259=VECTOR('',#1258,0.565685424949237);
#1260=LINE('',#1257,#1259);
#1261=CARTESIAN_POINT('',(-39.338656257341121,14.285718917846685,1.747268208405760));
#1262=TRIMMED_CURVE('',#1260,(PARAMETER_VALUE(0.0),#1257),(PARAMETER_VALUE(1.0),#1261),.T.,.PARAMETER.);
#1268=(BOUNDED_CURVE()CURVE()GEOMETRIC_REPRESENTATION_ITEM()REPRESENTATION_ITEM('')SURFACE_CURVE(#1262,(#1230),.CURVE_3D.));
#1269=COMPOSITE_CURVE_SEGMENT(.CONTINUOUS.,.T.,#1268);
#1270=CARTESIAN_POINT('',(-39.338656257341121,14.285718917846681,1.747268208405760));
#1271=DIRECTION('',(0.0,0.0,-1.0));
#1272=VECTOR('',#1271,1.499999999999999);
#1273=LINE('',#1270,#1272);
#1274=CARTESIAN_POINT('',(-39.338656257341121,14.285718917846681,0.247268208405761));
#1275=TRIMMED_CURVE('',#1273,(PARAMETER_VALUE(0.0),#1270),(PARAMETER_VALUE(1.0),#1274),.T.,.PARAMETER.);
#1281=(BOUNDED_CURVE()CURVE()GEOMETRIC_REPRESENTATION_ITEM()REPRESENTATION_ITEM('')SURFACE_CURVE(#1275,(#1230),.CURVE_3D.));
#1282=COMPOSITE_CURVE_SEGMENT(.CONTINUOUS.,.T.,#1281);
#1283=OUTER_BOUNDARY_CURVE('',(#1243,#1256,#1269,#1282),.U.);
#1284=CURVE_BOUNDED_SURFACE('',#1230,(#1283),.F.);
#1285=STYLED_ITEM('',(#1286),#1284);
#1286=PRESENTATION_STYLE_ASSIGNMENT((#1287));
#1287=SURFACE_STYLE_USAGE(.POSITIVE.,#1288);
#1288=SURFACE_SIDE_STYLE('',(#1289));
#1289=SURFACE_STYLE_FILL_AREA(#1290);
#1290=FILL_AREA_STYLE('',(#1291));
#1291=FILL_AREA_STYLE_COLOUR('',#1292);
#1292=COLOUR_RGB('',0.0,0.0,1.0);
#1293=PRESENTATION_LAYER_ASSIGNMENT('7','',(#1284));
#1294=CARTESIAN_POINT('',(-39.738656257341120,4.855718917846682,1.822268208405760));
#1295=DIRECTION('',(1.0,0.0,0.0));
#1296=DIRECTION('',(0.0,0.0,-1.0));
#1297=AXIS2_PLACEMENT_3D('',#1294,#1295,#1296);
#1298=PLANE('',#1297);
#1299=CARTESIAN_POINT('',(-39.738656257341120,13.885718917846674,1.747268208405760));
#1300=DIRECTION('',(0.0,-1.0,0.0));
#1301=VECTOR('',#1300,8.599999999999998);
#1302=LINE('',#1299,#1301);
#1303=CARTESIAN_POINT('',(-39.738656257341120,5.285718917846676,1.747268208405760));
#1304=TRIMMED_CURVE('',#1302,(PARAMETER_VALUE(0.0),#1299),(PARAMETER_VALUE(1.0),#1303),.T.,.PARAMETER.);
#1310=(BOUNDED_CURVE()CURVE()GEOMETRIC_REPRESENTATION_ITEM()REPRESENTATION_ITEM('')SURFACE_CURVE(#1304,(#1298),.CURVE_3D.));
#1311=COMPOSITE_CURVE_SEGMENT(.CONTINUOUS.,.T.,#1310);
#1312=CARTESIAN_POINT('',(-39.738656257341120,5.285718917846680,1.747268208405760));
#1313=DIRECTION('',(0.0,0.0,-1.0));
#1314=VECTOR('',#1313,1.499999999999999);
#1315=LINE('',#1312,#1314);
#1316=CARTESIAN_POINT('',(-39.738656257341120,5.285718917846680,0.247268208405761));
#1317=TRIMMED_CURVE('',#1315,(PARAMETER_VALUE(0.0),#1312),(PARAMETER_VALUE(1.0),#1316),.T.,.PARAMETER.);
#1323=(BOUNDED_CURVE()CURVE()GEOMETRIC_REPRESENTATION_ITEM()REPRESENTATION_ITEM('')SURFACE_CURVE(#1317,(#1298),.CURVE_3D.));
#1324=COMPOSITE_CURVE_SEGMENT(.CONTINUOUS.,.T.,#1323);
#1325=CARTESIAN_POINT('',(-39.738656257341120,5.285718917846680,0.247268208405760));
#1326=DIRECTION('',(0.0,1.0,0.0));
#1327=VECTOR('',#1326,8.599999999999998);
#1328=LINE('',#1325,#1327);
#1329=CARTESIAN_POINT('',(-39.738656257341120,13.885718917846678,0.247268208405760));
#1330=TRIMMED_CURVE('',#1328,(PARAMETER_VALUE(0.0),#1325),(PARAMETER_VALUE(1.0),#1329),.T.,.PARAMETER.);
#1336=(BOUNDED_CURVE()CURVE()GEOMETRIC_REPRESENTATION_ITEM()REPRESENTATION_ITEM('')SURFACE_CURVE(#1330,(#1298),.CURVE_3D.));
#1337=COMPOSITE_CURVE_SEGMENT(.CONTINUOUS.,.T.,#1336);
#1338=CARTESIAN_POINT('',(-39.738656257341120,13.885718917846674,0.247268208405760));
#1339=DIRECTION('',(0.0,0.0,1.0));
#1340=VECTOR('',#1339,1.499999999999999);
#1341=LINE('',#1338,#1340);
#1342=CARTESIAN_POINT('',(-39.738656257341120,13.885718917846674,1.747268208405759));
#1343=TRIMMED_CURVE('',#1341,(PARAMETER_VALUE(0.0),#1338),(PARAMETER_VALUE(1.0),#1342),.T.,.PARAMETER.);
#1349=(BOUNDED_CURVE()CURVE()GEOMETRIC_REPRESENTATION_ITEM()REPRESENTATION_ITEM('')SURFACE_CURVE(#1343,(#1298),.CURVE_3D.));
#1350=COMPOSITE_CURVE_SEGMENT(.CONTINUOUS.,.T.,#1349);
#1351=OUTER_BOUNDARY_CURVE('',(#1311,#1324,#1337,#1350),.U.);
#1352=CURVE_BOUNDED_SURFACE('',#1298,(#1351),.F.);
#1353=STYLED_ITEM('',(#1354),#1352);
#1354=PRESENTATION_STYLE_ASSIGNMENT((#1355));
#1355=SURFACE_STYLE_USAGE(.POSITIVE.,#1356);
#1356=SURFACE_SIDE_STYLE('',(#1357));
#1357=SURFACE_STYLE_FILL_AREA(#1358);
#1358=FILL_AREA_STYLE('',(#1359));
#1359=FILL_AREA_STYLE_COLOUR('',#1360);
#1360=COLOUR_RGB('',0.0,0.0,1.0);
#1361=PRESENTATION_LAYER_ASSIGNMENT('7','',(#1352));
#1362=CARTESIAN_POINT('',(-39.758656257341123,13.865718917846683,7.672268208405763));
#1363=DIRECTION('',(-0.707106781186547,0.707106781186548,0.0));
#1364=DIRECTION('',(0.0,0.0,1.0));
#1365=AXIS2_PLACEMENT_3D('',#1362,#1363,#1364);
#1366=PLANE('',#1365);
#1367=CARTESIAN_POINT('',(-39.338656257341121,14.285718917846681,7.747268208405761));
#1368=DIRECTION('',(-0.707106781186549,-0.707106781186546,0.0));
#1369=VECTOR('',#1368,0.565685424949235);
#1370=LINE('',#1367,#1369);
#1371=CARTESIAN_POINT('',(-39.738656257341120,13.885718917846685,7.747268208405761));
#1372=TRIMMED_CURVE('',#1370,(PARAMETER_VALUE(0.0),#1367),(PARAMETER_VALUE(1.0),#1371),.T.,.PARAMETER.);
#1378=(BOUNDED_CURVE()CURVE()GEOMETRIC_REPRESENTATION_ITEM()REPRESENTATION_ITEM('')SURFACE_CURVE(#1372,(#1366),.CURVE_3D.));
#1379=COMPOSITE_CURVE_SEGMENT(.CONTINUOUS.,.T.,#1378);
#1380=CARTESIAN_POINT('',(-39.738656257341120,13.885718917846685,7.747268208405761));
#1381=DIRECTION('',(0.0,0.0,1.0));
#1382=VECTOR('',#1381,1.499999999999999);
#1383=LINE('',#1380,#1382);
#1384=CARTESIAN_POINT('',(-39.738656257341120,13.885718917846685,9.247268208405760));
#1385=TRIMMED_CURVE('',#1383,(PARAMETER_VALUE(0.0),#1380),(PARAMETER_VALUE(1.0),#1384),.T.,.PARAMETER.);
#1391=(BOUNDED_CURVE()CURVE()GEOMETRIC_REPRESENTATION_ITEM()REPRESENTATION_ITEM('')SURFACE_CURVE(#1385,(#1366),.CURVE_3D.));
#1392=COMPOSITE_CURVE_SEGMENT(.CONTINUOUS.,.T.,#1391);
#1393=CARTESIAN_POINT('',(-39.738656257341120,13.885718917846685,9.247268208405760));
#1394=DIRECTION('',(0.707106781186546,0.707106781186549,0.0));
#1395=VECTOR('',#1394,0.565685424949237);
#1396=LINE('',#1393,#1395);
#1397=CARTESIAN_POINT('',(-39.338656257341121,14.285718917846685,9.247268208405760));
#1398=TRIMMED_CURVE('',#1396,(PARAMETER_VALUE(0.0),#1393),(PARAMETER_VALUE(1.0),#1397),.T.,.PARAMETER.);
#1404=(BOUNDED_CURVE()CURVE()GEOMETRIC_REPRESENTATION_ITEM()REPRESENTATION_ITEM('')SURFACE_CURVE(#1398,(#1366),.CURVE_3D.));
#1405=COMPOSITE_CURVE_SEGMENT(.CONTINUOUS.,.T.,#1404);
#1406=CARTESIAN_POINT('',(-39.338656257341121,14.285718917846681,9.247268208405760));
#1407=DIRECTION('',(0.0,0.0,-1.0));
#1408=VECTOR('',#1407,1.499999999999999);
#1409=LINE('',#1406,#1408);
#1410=CARTESIAN_POINT('',(-39.338656257341121,14.285718917846681,7.747268208405761));
#1411=TRIMMED_CURVE('',#1409,(PARAMETER_VALUE(0.0),#1406),(PARAMETER_VALUE(1.0),#1410),.T.,.PARAMETER.);
#1417=(BOUNDED_CURVE()CURVE()GEOMETRIC_REPRESENTATION_ITEM()REPRESENTATION_ITEM('')SURFACE_CURVE(#1411,(#1366),.CURVE_3D.));
#1418=COMPOSITE_CURVE_SEGMENT(.CONTINUOUS.,.T.,#1417);
#1419=OUTER_BOUNDARY_CURVE('',(#1379,#1392,#1405,#1418),.U.);
#1420=CURVE_BOUNDED_SURFACE('',#1366,(#1419),.F.);
#1421=STYLED_ITEM('',(#1422),#1420);
#1422=PRESENTATION_STYLE_ASSIGNMENT((#1423));
#1423=SURFACE_STYLE_USAGE(.POSITIVE.,#1424);
#1424=SURFACE_SIDE_STYLE('',(#1425));
#1425=SURFACE_STYLE_FILL_AREA(#1426);
#1426=FILL_AREA_STYLE('',(#1427));
#1427=FILL_AREA_STYLE_COLOUR('',#1428);
#1428=COLOUR_RGB('',0.0,0.0,1.0);
#1429=PRESENTATION_LAYER_ASSIGNMENT('7','',(#1420));
#1430=CARTESIAN_POINT('',(-39.738656257341120,4.855718917846682,9.322268208405760));
#1431=DIRECTION('',(1.0,0.0,0.0));
#1432=DIRECTION('',(0.0,0.0,-1.0));
#1433=AXIS2_PLACEMENT_3D('',#1430,#1431,#1432);
#1434=PLANE('',#1433);
#1435=CARTESIAN_POINT('',(-39.738656257341120,13.885718917846674,9.247268208405760));
#1436=DIRECTION('',(0.0,-1.0,0.0));
#1437=VECTOR('',#1436,8.599999999999998);
#1438=LINE('',#1435,#1437);
#1439=CARTESIAN_POINT('',(-39.738656257341120,5.285718917846676,9.247268208405760));
#1440=TRIMMED_CURVE('',#1438,(PARAMETER_VALUE(0.0),#1435),(PARAMETER_VALUE(1.0),#1439),.T.,.PARAMETER.);
#1446=(BOUNDED_CURVE()CURVE()GEOMETRIC_REPRESENTATION_ITEM()REPRESENTATION_ITEM('')SURFACE_CURVE(#1440,(#1434),.CURVE_3D.));
#1447=COMPOSITE_CURVE_SEGMENT(.CONTINUOUS.,.T.,#1446);
#1448=CARTESIAN_POINT('',(-39.738656257341120,5.285718917846680,9.247268208405760));
#1449=DIRECTION('',(0.0,0.0,-1.0));
#1450=VECTOR('',#1449,1.500000000000000);
#1451=LINE('',#1448,#1450);
#1452=CARTESIAN_POINT('',(-39.738656257341120,5.285718917846680,7.747268208405760));
#1453=TRIMMED_CURVE('',#1451,(PARAMETER_VALUE(0.0),#1448),(PARAMETER_VALUE(1.0),#1452),.T.,.PARAMETER.);
#1459=(BOUNDED_CURVE()CURVE()GEOMETRIC_REPRESENTATION_ITEM()REPRESENTATION_ITEM('')SURFACE_CURVE(#1453,(#1434),.CURVE_3D.));
#1460=COMPOSITE_CURVE_SEGMENT(.CONTINUOUS.,.T.,#1459);
#1461=CARTESIAN_POINT('',(-39.738656257341120,5.285718917846680,7.747268208405759));
#1462=DIRECTION('',(0.0,1.0,0.0));
#1463=VECTOR('',#1462,8.599999999999998);
#1464=LINE('',#1461,#1463);
#1465=CARTESIAN_POINT('',(-39.738656257341120,13.885718917846678,7.747268208405759));
#1466=TRIMMED_CURVE('',#1464,(PARAMETER_VALUE(0.0),#1461),(PARAMETER_VALUE(1.0),#1465),.T.,.PARAMETER.);
#1472=(BOUNDED_CURVE()CURVE()GEOMETRIC_REPRESENTATION_ITEM()REPRESENTATION_ITEM('')SURFACE_CURVE(#1466,(#1434),.CURVE_3D.));
#1473=COMPOSITE_CURVE_SEGMENT(.CONTINUOUS.,.T.,#1472);
#1474=CARTESIAN_POINT('',(-39.738656257341120,13.885718917846674,7.747268208405759));
#1475=DIRECTION('',(0.0,0.0,1.0));
#1476=VECTOR('',#1475,1.500000000000002);
#1477=LINE('',#1474,#1476);
#1478=CARTESIAN_POINT('',(-39.738656257341120,13.885718917846674,9.247268208405760));
#1479=TRIMMED_CURVE('',#1477,(PARAMETER_VALUE(0.0),#1474),(PARAMETER_VALUE(1.0),#1478),.T.,.PARAMETER.);
#1485=(BOUNDED_CURVE()CURVE()GEOMETRIC_REPRESENTATION_ITEM()REPRESENTATION_ITEM('')SURFACE_CURVE(#1479,(#1434),.CURVE_3D.));
#1486=COMPOSITE_CURVE_SEGMENT(.CONTINUOUS.,.T.,#1485);
#1487=OUTER_BOUNDARY_CURVE('',(#1447,#1460,#1473,#1486),.U.);
#1488=CURVE_BOUNDED_SURFACE('',#1434,(#1487),.F.);
#1489=STYLED_ITEM('',(#1490),#1488);
#1490=PRESENTATION_STYLE_ASSIGNMENT((#1491));
#1491=SURFACE_STYLE_USAGE(.POSITIVE.,#1492);
#1492=SURFACE_SIDE_STYLE('',(#1493));
#1493=SURFACE_STYLE_FILL_AREA(#1494);
#1494=FILL_AREA_STYLE('',(#1495));
#1495=FILL_AREA_STYLE_COLOUR('',#1496);
#1496=COLOUR_RGB('',0.0,0.0,1.0);
#1497=PRESENTATION_LAYER_ASSIGNMENT('7','',(#1488));
#1498=CARTESIAN_POINT('',(-40.518656257341121,13.865718917846683,9.322268208405760));
#1499=DIRECTION('',(0.707106781186547,0.707106781186548,0.0));
#1500=DIRECTION('',(0.0,0.0,-1.0));
#1501=AXIS2_PLACEMENT_3D('',#1498,#1499,#1500);
#1502=PLANE('',#1501);
#1503=CARTESIAN_POINT('',(-40.938656257341123,14.285718917846681,9.247268208405760));
#1504=DIRECTION('',(0.707106781186549,-0.707106781186546,0.0));
#1505=VECTOR('',#1504,0.565685424949245);
#1506=LINE('',#1503,#1505);
#1507=CARTESIAN_POINT('',(-40.538656257341117,13.885718917846678,9.247268208405760));
#1508=TRIMMED_CURVE('',#1506,(PARAMETER_VALUE(0.0),#1503),(PARAMETER_VALUE(1.0),#1507),.T.,.PARAMETER.);
#1514=(BOUNDED_CURVE()CURVE()GEOMETRIC_REPRESENTATION_ITEM()REPRESENTATION_ITEM('')SURFACE_CURVE(#1508,(#1502),.CURVE_3D.));
#1515=COMPOSITE_CURVE_SEGMENT(.CONTINUOUS.,.T.,#1514);
#1516=CARTESIAN_POINT('',(-40.538656257341117,13.885718917846679,9.247268208405760));
#1517=DIRECTION('',(0.0,0.0,-1.0));
#1518=VECTOR('',#1517,1.500000000000000);
#1519=LINE('',#1516,#1518);
#1520=CARTESIAN_POINT('',(-40.538656257341117,13.885718917846679,7.747268208405760));
#1521=TRIMMED_CURVE('',#1519,(PARAMETER_VALUE(0.0),#1516),(PARAMETER_VALUE(1.0),#1520),.T.,.PARAMETER.);
#1527=(BOUNDED_CURVE()CURVE()GEOMETRIC_REPRESENTATION_ITEM()REPRESENTATION_ITEM('')SURFACE_CURVE(#1521,(#1502),.CURVE_3D.));
#1528=COMPOSITE_CURVE_SEGMENT(.CONTINUOUS.,.T.,#1527);
#1529=CARTESIAN_POINT('',(-40.538656257341117,13.885718917846679,7.747268208405759));
#1530=DIRECTION('',(-0.707106781186549,0.707106781186546,0.0));
#1531=VECTOR('',#1530,0.565685424949245);
#1532=LINE('',#1529,#1531);
#1533=CARTESIAN_POINT('',(-40.938656257341123,14.285718917846683,7.747268208405759));
#1534=TRIMMED_CURVE('',#1532,(PARAMETER_VALUE(0.0),#1529),(PARAMETER_VALUE(1.0),#1533),.T.,.PARAMETER.);
#1540=(BOUNDED_CURVE()CURVE()GEOMETRIC_REPRESENTATION_ITEM()REPRESENTATION_ITEM('')SURFACE_CURVE(#1534,(#1502),.CURVE_3D.));
#1541=COMPOSITE_CURVE_SEGMENT(.CONTINUOUS.,.T.,#1540);
#1542=CARTESIAN_POINT('',(-40.938656257341123,14.285718917846681,7.747268208405759));
#1543=DIRECTION('',(0.0,0.0,1.0));
#1544=VECTOR('',#1543,1.500000000000002);
#1545=LINE('',#1542,#1544);
#1546=CARTESIAN_POINT('',(-40.938656257341123,14.285718917846681,9.247268208405760));
#1547=TRIMMED_CURVE('',#1545,(PARAMETER_VALUE(0.0),#1542),(PARAMETER_VALUE(1.0),#1546),.T.,.PARAMETER.);
#1553=(BOUNDED_CURVE()CURVE()GEOMETRIC_REPRESENTATION_ITEM()REPRESENTATION_ITEM('')SURFACE_CURVE(#1547,(#1502),.CURVE_3D.));
#1554=COMPOSITE_CURVE_SEGMENT(.CONTINUOUS.,.T.,#1553);
#1555=OUTER_BOUNDARY_CURVE('',(#1515,#1528,#1541,#1554),.U.);
#1556=CURVE_BOUNDED_SURFACE('',#1502,(#1555),.F.);
#1557=STYLED_ITEM('',(#1558),#1556);
#1558=PRESENTATION_STYLE_ASSIGNMENT((#1559));
#1559=SURFACE_STYLE_USAGE(.POSITIVE.,#1560);
#1560=SURFACE_SIDE_STYLE('',(#1561));
#1561=SURFACE_STYLE_FILL_AREA(#1562);
#1562=FILL_AREA_STYLE('',(#1563));
#1563=FILL_AREA_STYLE_COLOUR('',#1564);
#1564=COLOUR_RGB('',0.0,0.0,1.0);
#1565=PRESENTATION_LAYER_ASSIGNMENT('7','',(#1556));
#1566=CARTESIAN_POINT('',(-40.538656257341117,4.855718917846682,7.672268208405763));
#1567=DIRECTION('',(-1.0,0.0,0.0));
#1568=DIRECTION('',(0.0,0.0,1.0));
#1569=AXIS2_PLACEMENT_3D('',#1566,#1567,#1568);
#1570=PLANE('',#1569);
#1571=CARTESIAN_POINT('',(-40.538656257341117,13.885718917846674,7.747268208405761));
#1572=DIRECTION('',(0.0,-1.0,0.0));
#1573=VECTOR('',#1572,8.599999999999998);
#1574=LINE('',#1571,#1573);
#1575=CARTESIAN_POINT('',(-40.538656257341117,5.285718917846676,7.747268208405761));
#1576=TRIMMED_CURVE('',#1574,(PARAMETER_VALUE(0.0),#1571),(PARAMETER_VALUE(1.0),#1575),.T.,.PARAMETER.);
#1582=(BOUNDED_CURVE()CURVE()GEOMETRIC_REPRESENTATION_ITEM()REPRESENTATION_ITEM('')SURFACE_CURVE(#1576,(#1570),.CURVE_3D.));
#1583=COMPOSITE_CURVE_SEGMENT(.CONTINUOUS.,.T.,#1582);
#1584=CARTESIAN_POINT('',(-40.538656257341117,5.285718917846680,7.747268208405761));
#1585=DIRECTION('',(0.0,0.0,1.0));
#1586=VECTOR('',#1585,1.499999999999999);
#1587=LINE('',#1584,#1586);
#1588=CARTESIAN_POINT('',(-40.538656257341117,5.285718917846680,9.247268208405760));
#1589=TRIMMED_CURVE('',#1587,(PARAMETER_VALUE(0.0),#1584),(PARAMETER_VALUE(1.0),#1588),.T.,.PARAMETER.);
#1595=(BOUNDED_CURVE()CURVE()GEOMETRIC_REPRESENTATION_ITEM()REPRESENTATION_ITEM('')SURFACE_CURVE(#1589,(#1570),.CURVE_3D.));
#1596=COMPOSITE_CURVE_SEGMENT(.CONTINUOUS.,.T.,#1595);
#1597=CARTESIAN_POINT('',(-40.538656257341117,5.285718917846680,9.247268208405760));
#1598=DIRECTION('',(0.0,1.0,0.0));
#1599=VECTOR('',#1598,8.599999999999998);
#1600=LINE('',#1597,#1599);
#1601=CARTESIAN_POINT('',(-40.538656257341117,13.885718917846678,9.247268208405760));
#1602=TRIMMED_CURVE('',#1600,(PARAMETER_VALUE(0.0),#1597),(PARAMETER_VALUE(1.0),#1601),.T.,.PARAMETER.);
#1608=(BOUNDED_CURVE()CURVE()GEOMETRIC_REPRESENTATION_ITEM()REPRESENTATION_ITEM('')SURFACE_CURVE(#1602,(#1570),.CURVE_3D.));
#1609=COMPOSITE_CURVE_SEGMENT(.CONTINUOUS.,.T.,#1608);
#1610=CARTESIAN_POINT('',(-40.538656257341117,13.885718917846674,9.247268208405760));
#1611=DIRECTION('',(0.0,0.0,-1.0));
#1612=VECTOR('',#1611,1.499999999999999);
#1613=LINE('',#1610,#1612);
#1614=CARTESIAN_POINT('',(-40.538656257341117,13.885718917846674,7.747268208405761));
#1615=TRIMMED_CURVE('',#1613,(PARAMETER_VALUE(0.0),#1610),(PARAMETER_VALUE(1.0),#1614),.T.,.PARAMETER.);
#1621=(BOUNDED_CURVE()CURVE()GEOMETRIC_REPRESENTATION_ITEM()REPRESENTATION_ITEM('')SURFACE_CURVE(#1615,(#1570),.CURVE_3D.));
#1622=COMPOSITE_CURVE_SEGMENT(.CONTINUOUS.,.T.,#1621);
#1623=OUTER_BOUNDARY_CURVE('',(#1583,#1596,#1609,#1622),.U.);
#1624=CURVE_BOUNDED_SURFACE('',#1570,(#1623),.F.);
#1625=STYLED_ITEM('',(#1626),#1624);
#1626=PRESENTATION_STYLE_ASSIGNMENT((#1627));
#1627=SURFACE_STYLE_USAGE(.POSITIVE.,#1628);
#1628=SURFACE_SIDE_STYLE('',(#1629));
#1629=SURFACE_STYLE_FILL_AREA(#1630);
#1630=FILL_AREA_STYLE('',(#1631));
#1631=FILL_AREA_STYLE_COLOUR('',#1632);
#1632=COLOUR_RGB('',0.0,0.0,1.0);
#1633=PRESENTATION_LAYER_ASSIGNMENT('7','',(#1624));
#1634=CARTESIAN_POINT('',(-24.758656257341123,13.865718917846683,0.172268208405758));
#1635=DIRECTION('',(-0.707106781186547,0.707106781186548,0.0));
#1636=DIRECTION('',(0.0,0.0,1.0));
#1637=AXIS2_PLACEMENT_3D('',#1634,#1635,#1636);
#1638=PLANE('',#1637);
#1639=CARTESIAN_POINT('',(-24.338656257341125,14.285718917846681,0.247268208405758));
#1640=DIRECTION('',(-0.707106781186548,-0.707106781186548,0.0));
#1641=VECTOR('',#1640,0.565685424949236);
#1642=LINE('',#1639,#1641);
#1643=CARTESIAN_POINT('',(-24.738656257341123,13.885718917846683,0.247268208405758));
#1644=TRIMMED_CURVE('',#1642,(PARAMETER_VALUE(0.0),#1639),(PARAMETER_VALUE(1.0),#1643),.T.,.PARAMETER.);
#1650=(BOUNDED_CURVE()CURVE()GEOMETRIC_REPRESENTATION_ITEM()REPRESENTATION_ITEM('')SURFACE_CURVE(#1644,(#1638),.CURVE_3D.));
#1651=COMPOSITE_CURVE_SEGMENT(.CONTINUOUS.,.T.,#1650);
#1652=CARTESIAN_POINT('',(-24.738656257341123,13.885718917846681,0.247268208405758));
#1653=DIRECTION('',(0.0,0.0,1.0));
#1654=VECTOR('',#1653,1.500000000000002);
#1655=LINE('',#1652,#1654);
#1656=CARTESIAN_POINT('',(-24.738656257341123,13.885718917846681,1.747268208405760));
#1657=TRIMMED_CURVE('',#1655,(PARAMETER_VALUE(0.0),#1652),(PARAMETER_VALUE(1.0),#1656),.T.,.PARAMETER.);
#1663=(BOUNDED_CURVE()CURVE()GEOMETRIC_REPRESENTATION_ITEM()REPRESENTATION_ITEM('')SURFACE_CURVE(#1657,(#1638),.CURVE_3D.));
#1664=COMPOSITE_CURVE_SEGMENT(.CONTINUOUS.,.T.,#1663);
#1665=CARTESIAN_POINT('',(-24.738656257341123,13.885718917846681,1.747268208405761));
#1666=DIRECTION('',(0.707106781186548,0.707106781186548,0.0));
#1667=VECTOR('',#1666,0.565685424949236);
#1668=LINE('',#1665,#1667);
#1669=CARTESIAN_POINT('',(-24.338656257341125,14.285718917846680,1.747268208405761));
#1670=TRIMMED_CURVE('',#1668,(PARAMETER_VALUE(0.0),#1665),(PARAMETER_VALUE(1.0),#1669),.T.,.PARAMETER.);
#1676=(BOUNDED_CURVE()CURVE()GEOMETRIC_REPRESENTATION_ITEM()REPRESENTATION_ITEM('')SURFACE_CURVE(#1670,(#1638),.CURVE_3D.));
#1677=COMPOSITE_CURVE_SEGMENT(.CONTINUOUS.,.T.,#1676);
#1678=CARTESIAN_POINT('',(-24.338656257341125,14.285718917846681,1.747268208405761));
#1679=DIRECTION('',(0.0,0.0,-1.0));
#1680=VECTOR('',#1679,1.500000000000002);
#1681=LINE('',#1678,#1680);
#1682=CARTESIAN_POINT('',(-24.338656257341125,14.285718917846681,0.247268208405759));
#1683=TRIMMED_CURVE('',#1681,(PARAMETER_VALUE(0.0),#1678),(PARAMETER_VALUE(1.0),#1682),.T.,.PARAMETER.);
#1689=(BOUNDED_CURVE()CURVE()GEOMETRIC_REPRESENTATION_ITEM()REPRESENTATION_ITEM('')SURFACE_CURVE(#1683,(#1638),.CURVE_3D.));
#1690=COMPOSITE_CURVE_SEGMENT(.CONTINUOUS.,.T.,#1689);
#1691=OUTER_BOUNDARY_CURVE('',(#1651,#1664,#1677,#1690),.U.);
#1692=CURVE_BOUNDED_SURFACE('',#1638,(#1691),.F.);
#1693=STYLED_ITEM('',(#1694),#1692);
#1694=PRESENTATION_STYLE_ASSIGNMENT((#1695));
#1695=SURFACE_STYLE_USAGE(.POSITIVE.,#1696);
#1696=SURFACE_SIDE_STYLE('',(#1697));
#1697=SURFACE_STYLE_FILL_AREA(#1698);
#1698=FILL_AREA_STYLE('',(#1699));
#1699=FILL_AREA_STYLE_COLOUR('',#1700);
#1700=COLOUR_RGB('',0.0,0.0,1.0);
#1701=PRESENTATION_LAYER_ASSIGNMENT('7','',(#1692));
#1702=CARTESIAN_POINT('',(-24.738656257341123,4.855718917846682,1.822268208405760));
#1703=DIRECTION('',(1.0,0.0,0.0));
#1704=DIRECTION('',(0.0,0.0,-1.0));
#1705=AXIS2_PLACEMENT_3D('',#1702,#1703,#1704);
#1706=PLANE('',#1705);
#1707=CARTESIAN_POINT('',(-24.738656257341123,13.885718917846674,1.747268208405760));
#1708=DIRECTION('',(0.0,-1.0,0.0));
#1709=VECTOR('',#1708,8.599999999999998);
#1710=LINE('',#1707,#1709);
#1711=CARTESIAN_POINT('',(-24.738656257341123,5.285718917846676,1.747268208405760));
#1712=TRIMMED_CURVE('',#1710,(PARAMETER_VALUE(0.0),#1707),(PARAMETER_VALUE(1.0),#1711),.T.,.PARAMETER.);
#1718=(BOUNDED_CURVE()CURVE()GEOMETRIC_REPRESENTATION_ITEM()REPRESENTATION_ITEM('')SURFACE_CURVE(#1712,(#1706),.CURVE_3D.));
#1719=COMPOSITE_CURVE_SEGMENT(.CONTINUOUS.,.T.,#1718);
#1720=CARTESIAN_POINT('',(-24.738656257341123,5.285718917846680,1.747268208405760));
#1721=DIRECTION('',(0.0,0.0,-1.0));
#1722=VECTOR('',#1721,1.500000000000002);
#1723=LINE('',#1720,#1722);
#1724=CARTESIAN_POINT('',(-24.738656257341123,5.285718917846680,0.247268208405758));
#1725=TRIMMED_CURVE('',#1723,(PARAMETER_VALUE(0.0),#1720),(PARAMETER_VALUE(1.0),#1724),.T.,.PARAMETER.);
#1731=(BOUNDED_CURVE()CURVE()GEOMETRIC_REPRESENTATION_ITEM()REPRESENTATION_ITEM('')SURFACE_CURVE(#1725,(#1706),.CURVE_3D.));
#1732=COMPOSITE_CURVE_SEGMENT(.CONTINUOUS.,.T.,#1731);
#1733=CARTESIAN_POINT('',(-24.738656257341123,5.285718917846680,0.247268208405758));
#1734=DIRECTION('',(0.0,1.0,0.0));
#1735=VECTOR('',#1734,8.599999999999998);
#1736=LINE('',#1733,#1735);
#1737=CARTESIAN_POINT('',(-24.738656257341123,13.885718917846678,0.247268208405758));
#1738=TRIMMED_CURVE('',#1736,(PARAMETER_VALUE(0.0),#1733),(PARAMETER_VALUE(1.0),#1737),.T.,.PARAMETER.);
#1744=(BOUNDED_CURVE()CURVE()GEOMETRIC_REPRESENTATION_ITEM()REPRESENTATION_ITEM('')SURFACE_CURVE(#1738,(#1706),.CURVE_3D.));
#1745=COMPOSITE_CURVE_SEGMENT(.CONTINUOUS.,.T.,#1744);
#1746=CARTESIAN_POINT('',(-24.738656257341123,13.885718917846674,0.247268208405758));
#1747=DIRECTION('',(0.0,0.0,1.0));
#1748=VECTOR('',#1747,1.500000000000002);
#1749=LINE('',#1746,#1748);
#1750=CARTESIAN_POINT('',(-24.738656257341123,13.885718917846674,1.747268208405760));
#1751=TRIMMED_CURVE('',#1749,(PARAMETER_VALUE(0.0),#1746),(PARAMETER_VALUE(1.0),#1750),.T.,.PARAMETER.);
#1757=(BOUNDED_CURVE()CURVE()GEOMETRIC_REPRESENTATION_ITEM()REPRESENTATION_ITEM('')SURFACE_CURVE(#1751,(#1706),.CURVE_3D.));
#1758=COMPOSITE_CURVE_SEGMENT(.CONTINUOUS.,.T.,#1757);
#1759=OUTER_BOUNDARY_CURVE('',(#1719,#1732,#1745,#1758),.U.);
#1760=CURVE_BOUNDED_SURFACE('',#1706,(#1759),.F.);
#1761=STYLED_ITEM('',(#1762),#1760);
#1762=PRESENTATION_STYLE_ASSIGNMENT((#1763));
#1763=SURFACE_STYLE_USAGE(.POSITIVE.,#1764);
#1764=SURFACE_SIDE_STYLE('',(#1765));
#1765=SURFACE_STYLE_FILL_AREA(#1766);
#1766=FILL_AREA_STYLE('',(#1767));
#1767=FILL_AREA_STYLE_COLOUR('',#1768);
#1768=COLOUR_RGB('',0.0,0.0,1.0);
#1769=PRESENTATION_LAYER_ASSIGNMENT('7','',(#1760));
#1770=CARTESIAN_POINT('',(-25.518656257341121,13.865718917846683,1.822268208405760));
#1771=DIRECTION('',(0.707106781186547,0.707106781186548,0.0));
#1772=DIRECTION('',(0.0,0.0,-1.0));
#1773=AXIS2_PLACEMENT_3D('',#1770,#1771,#1772);
#1774=PLANE('',#1773);
#1775=CARTESIAN_POINT('',(-25.938656257341119,14.285718917846680,1.747268208405760));
#1776=DIRECTION('',(0.707106781186548,-0.707106781186548,0.0));
#1777=VECTOR('',#1776,0.565685424949236);
#1778=LINE('',#1775,#1777);
#1779=CARTESIAN_POINT('',(-25.538656257341120,13.885718917846681,1.747268208405760));
#1780=TRIMMED_CURVE('',#1778,(PARAMETER_VALUE(0.0),#1775),(PARAMETER_VALUE(1.0),#1779),.T.,.PARAMETER.);
#1786=(BOUNDED_CURVE()CURVE()GEOMETRIC_REPRESENTATION_ITEM()REPRESENTATION_ITEM('')SURFACE_CURVE(#1780,(#1774),.CURVE_3D.));
#1787=COMPOSITE_CURVE_SEGMENT(.CONTINUOUS.,.T.,#1786);
#1788=CARTESIAN_POINT('',(-25.538656257341124,13.885718917846685,1.747268208405760));
#1789=DIRECTION('',(0.0,0.0,-1.0));
#1790=VECTOR('',#1789,1.500000000000002);
#1791=LINE('',#1788,#1790);
#1792=CARTESIAN_POINT('',(-25.538656257341124,13.885718917846685,0.247268208405758));
#1793=TRIMMED_CURVE('',#1791,(PARAMETER_VALUE(0.0),#1788),(PARAMETER_VALUE(1.0),#1792),.T.,.PARAMETER.);
#1799=(BOUNDED_CURVE()CURVE()GEOMETRIC_REPRESENTATION_ITEM()REPRESENTATION_ITEM('')SURFACE_CURVE(#1793,(#1774),.CURVE_3D.));
#1800=COMPOSITE_CURVE_SEGMENT(.CONTINUOUS.,.T.,#1799);
#1801=CARTESIAN_POINT('',(-25.538656257341124,13.885718917846685,0.247268208405759));
#1802=DIRECTION('',(-0.707106781186548,0.707106781186548,0.0));
#1803=VECTOR('',#1802,0.565685424949236);
#1804=LINE('',#1801,#1803);
#1805=CARTESIAN_POINT('',(-25.938656257341123,14.285718917846683,0.247268208405759));
#1806=TRIMMED_CURVE('',#1804,(PARAMETER_VALUE(0.0),#1801),(PARAMETER_VALUE(1.0),#1805),.T.,.PARAMETER.);
#1812=(BOUNDED_CURVE()CURVE()GEOMETRIC_REPRESENTATION_ITEM()REPRESENTATION_ITEM('')SURFACE_CURVE(#1806,(#1774),.CURVE_3D.));
#1813=COMPOSITE_CURVE_SEGMENT(.CONTINUOUS.,.T.,#1812);
#1814=CARTESIAN_POINT('',(-25.938656257341119,14.285718917846680,0.247268208405758));
#1815=DIRECTION('',(0.0,0.0,1.0));
#1816=VECTOR('',#1815,1.500000000000002);
#1817=LINE('',#1814,#1816);
#1818=CARTESIAN_POINT('',(-25.938656257341119,14.285718917846680,1.747268208405760));
#1819=TRIMMED_CURVE('',#1817,(PARAMETER_VALUE(0.0),#1814),(PARAMETER_VALUE(1.0),#1818),.T.,.PARAMETER.);
#1825=(BOUNDED_CURVE()CURVE()GEOMETRIC_REPRESENTATION_ITEM()REPRESENTATION_ITEM('')SURFACE_CURVE(#1819,(#1774),.CURVE_3D.));
#1826=COMPOSITE_CURVE_SEGMENT(.CONTINUOUS.,.T.,#1825);
#1827=OUTER_BOUNDARY_CURVE('',(#1787,#1800,#1813,#1826),.U.);
#1828=CURVE_BOUNDED_SURFACE('',#1774,(#1827),.F.);
#1829=STYLED_ITEM('',(#1830),#1828);
#1830=PRESENTATION_STYLE_ASSIGNMENT((#1831));
#1831=SURFACE_STYLE_USAGE(.POSITIVE.,#1832);
#1832=SURFACE_SIDE_STYLE('',(#1833));
#1833=SURFACE_STYLE_FILL_AREA(#1834);
#1834=FILL_AREA_STYLE('',(#1835));
#1835=FILL_AREA_STYLE_COLOUR('',#1836);
#1836=COLOUR_RGB('',0.0,0.0,1.0);
#1837=PRESENTATION_LAYER_ASSIGNMENT('7','',(#1828));
#1838=CARTESIAN_POINT('',(-25.538656257341124,4.855718917846682,0.172268208405758));
#1839=DIRECTION('',(-1.0,0.0,0.0));
#1840=DIRECTION('',(0.0,0.0,1.0));
#1841=AXIS2_PLACEMENT_3D('',#1838,#1839,#1840);
#1842=PLANE('',#1841);
#1843=CARTESIAN_POINT('',(-25.538656257341124,13.885718917846674,0.247268208405758));
#1844=DIRECTION('',(0.0,-1.0,0.0));
#1845=VECTOR('',#1844,8.599999999999998);
#1846=LINE('',#1843,#1845);
#1847=CARTESIAN_POINT('',(-25.538656257341124,5.285718917846676,0.247268208405758));
#1848=TRIMMED_CURVE('',#1846,(PARAMETER_VALUE(0.0),#1843),(PARAMETER_VALUE(1.0),#1847),.T.,.PARAMETER.);
#1854=(BOUNDED_CURVE()CURVE()GEOMETRIC_REPRESENTATION_ITEM()REPRESENTATION_ITEM('')SURFACE_CURVE(#1848,(#1842),.CURVE_3D.));
#1855=COMPOSITE_CURVE_SEGMENT(.CONTINUOUS.,.T.,#1854);
#1856=CARTESIAN_POINT('',(-25.538656257341124,5.285718917846680,0.247268208405758));
#1857=DIRECTION('',(0.0,0.0,1.0));
#1858=VECTOR('',#1857,1.500000000000002);
#1859=LINE('',#1856,#1858);
#1860=CARTESIAN_POINT('',(-25.538656257341124,5.285718917846680,1.747268208405760));
#1861=TRIMMED_CURVE('',#1859,(PARAMETER_VALUE(0.0),#1856),(PARAMETER_VALUE(1.0),#1860),.T.,.PARAMETER.);
#1867=(BOUNDED_CURVE()CURVE()GEOMETRIC_REPRESENTATION_ITEM()REPRESENTATION_ITEM('')SURFACE_CURVE(#1861,(#1842),.CURVE_3D.));
#1868=COMPOSITE_CURVE_SEGMENT(.CONTINUOUS.,.T.,#1867);
#1869=CARTESIAN_POINT('',(-25.538656257341124,5.285718917846680,1.747268208405761));
#1870=DIRECTION('',(0.0,1.0,0.0));
#1871=VECTOR('',#1870,8.599999999999998);
#1872=LINE('',#1869,#1871);
#1873=CARTESIAN_POINT('',(-25.538656257341124,13.885718917846678,1.747268208405761));
#1874=TRIMMED_CURVE('',#1872,(PARAMETER_VALUE(0.0),#1869),(PARAMETER_VALUE(1.0),#1873),.T.,.PARAMETER.);
#1880=(BOUNDED_CURVE()CURVE()GEOMETRIC_REPRESENTATION_ITEM()REPRESENTATION_ITEM('')SURFACE_CURVE(#1874,(#1842),.CURVE_3D.));
#1881=COMPOSITE_CURVE_SEGMENT(.CONTINUOUS.,.T.,#1880);
#1882=CARTESIAN_POINT('',(-25.538656257341124,13.885718917846674,1.747268208405761));
#1883=DIRECTION('',(0.0,0.0,-1.0));
#1884=VECTOR('',#1883,1.500000000000002);
#1885=LINE('',#1882,#1884);
#1886=CARTESIAN_POINT('',(-25.538656257341124,13.885718917846674,0.247268208405759));
#1887=TRIMMED_CURVE('',#1885,(PARAMETER_VALUE(0.0),#1882),(PARAMETER_VALUE(1.0),#1886),.T.,.PARAMETER.);
#1893=(BOUNDED_CURVE()CURVE()GEOMETRIC_REPRESENTATION_ITEM()REPRESENTATION_ITEM('')SURFACE_CURVE(#1887,(#1842),.CURVE_3D.));
#1894=COMPOSITE_CURVE_SEGMENT(.CONTINUOUS.,.T.,#1893);
#1895=OUTER_BOUNDARY_CURVE('',(#1855,#1868,#1881,#1894),.U.);
#1896=CURVE_BOUNDED_SURFACE('',#1842,(#1895),.F.);
#1897=STYLED_ITEM('',(#1898),#1896);
#1898=PRESENTATION_STYLE_ASSIGNMENT((#1899));
#1899=SURFACE_STYLE_USAGE(.POSITIVE.,#1900);
#1900=SURFACE_SIDE_STYLE('',(#1901));
#1901=SURFACE_STYLE_FILL_AREA(#1902);
#1902=FILL_AREA_STYLE('',(#1903));
#1903=FILL_AREA_STYLE_COLOUR('',#1904);
#1904=COLOUR_RGB('',0.0,0.0,1.0);
#1905=PRESENTATION_LAYER_ASSIGNMENT('7','',(#1896));
#1906=CARTESIAN_POINT('',(-24.758656257341123,13.865718917846674,7.672268208405758));
#1907=DIRECTION('',(-0.707106781186547,0.707106781186548,0.0));
#1908=DIRECTION('',(0.0,0.0,1.0));
#1909=AXIS2_PLACEMENT_3D('',#1906,#1907,#1908);
#1910=PLANE('',#1909);
#1911=CARTESIAN_POINT('',(-24.338656257341118,14.285718917846680,7.747268208405759));
#1912=DIRECTION('',(-0.707106781186546,-0.707106781186549,0.0));
#1913=VECTOR('',#1912,0.565685424949242);
#1914=LINE('',#1911,#1913);
#1915=CARTESIAN_POINT('',(-24.738656257341120,13.885718917846676,7.747268208405759));
#1916=TRIMMED_CURVE('',#1914,(PARAMETER_VALUE(0.0),#1911),(PARAMETER_VALUE(1.0),#1915),.T.,.PARAMETER.);
#1922=(BOUNDED_CURVE()CURVE()GEOMETRIC_REPRESENTATION_ITEM()REPRESENTATION_ITEM('')SURFACE_CURVE(#1916,(#1910),.CURVE_3D.));
#1923=COMPOSITE_CURVE_SEGMENT(.CONTINUOUS.,.T.,#1922);
#1924=CARTESIAN_POINT('',(-24.738656257341120,13.885718917846676,7.747268208405759));
#1925=DIRECTION('',(0.0,0.0,1.0));
#1926=VECTOR('',#1925,1.500000000000004);
#1927=LINE('',#1924,#1926);
#1928=CARTESIAN_POINT('',(-24.738656257341120,13.885718917846676,9.247268208405762));
#1929=TRIMMED_CURVE('',#1927,(PARAMETER_VALUE(0.0),#1924),(PARAMETER_VALUE(1.0),#1928),.T.,.PARAMETER.);
#1935=(BOUNDED_CURVE()CURVE()GEOMETRIC_REPRESENTATION_ITEM()REPRESENTATION_ITEM('')SURFACE_CURVE(#1929,(#1910),.CURVE_3D.));
#1936=COMPOSITE_CURVE_SEGMENT(.CONTINUOUS.,.T.,#1935);
#1937=CARTESIAN_POINT('',(-24.738656257341120,13.885718917846676,9.247268208405760));
#1938=DIRECTION('',(0.707106781186548,0.707106781186548,0.0));
#1939=VECTOR('',#1938,0.565685424949241);
#1940=LINE('',#1937,#1939);
#1941=CARTESIAN_POINT('',(-24.338656257341118,14.285718917846678,9.247268208405760));
#1942=TRIMMED_CURVE('',#1940,(PARAMETER_VALUE(0.0),#1937),(PARAMETER_VALUE(1.0),#1941),.T.,.PARAMETER.);
#1948=(BOUNDED_CURVE()CURVE()GEOMETRIC_REPRESENTATION_ITEM()REPRESENTATION_ITEM('')SURFACE_CURVE(#1942,(#1910),.CURVE_3D.));
#1949=COMPOSITE_CURVE_SEGMENT(.CONTINUOUS.,.T.,#1948);
#1950=CARTESIAN_POINT('',(-24.338656257341118,14.285718917846680,9.247268208405760));
#1951=DIRECTION('',(0.0,0.0,-1.0));
#1952=VECTOR('',#1951,1.500000000000003);
#1953=LINE('',#1950,#1952);
#1954=CARTESIAN_POINT('',(-24.338656257341118,14.285718917846680,7.747268208405758));
#1955=TRIMMED_CURVE('',#1953,(PARAMETER_VALUE(0.0),#1950),(PARAMETER_VALUE(1.0),#1954),.T.,.PARAMETER.);
#1961=(BOUNDED_CURVE()CURVE()GEOMETRIC_REPRESENTATION_ITEM()REPRESENTATION_ITEM('')SURFACE_CURVE(#1955,(#1910),.CURVE_3D.));
#1962=COMPOSITE_CURVE_SEGMENT(.CONTINUOUS.,.T.,#1961);
#1963=OUTER_BOUNDARY_CURVE('',(#1923,#1936,#1949,#1962),.U.);
#1964=CURVE_BOUNDED_SURFACE('',#1910,(#1963),.F.);
#1965=STYLED_ITEM('',(#1966),#1964);
#1966=PRESENTATION_STYLE_ASSIGNMENT((#1967));
#1967=SURFACE_STYLE_USAGE(.POSITIVE.,#1968);
#1968=SURFACE_SIDE_STYLE('',(#1969));
#1969=SURFACE_STYLE_FILL_AREA(#1970);
#1970=FILL_AREA_STYLE('',(#1971));
#1971=FILL_AREA_STYLE_COLOUR('',#1972);
#1972=COLOUR_RGB('',0.0,0.0,1.0);
#1973=PRESENTATION_LAYER_ASSIGNMENT('7','',(#1964));
#1974=CARTESIAN_POINT('',(-24.738656257341123,4.855718917846682,9.322268208405760));
#1975=DIRECTION('',(1.0,0.0,0.0));
#1976=DIRECTION('',(0.0,0.0,-1.0));
#1977=AXIS2_PLACEMENT_3D('',#1974,#1975,#1976);
#1978=PLANE('',#1977);
#1979=CARTESIAN_POINT('',(-24.738656257341123,13.885718917846674,9.247268208405760));
#1980=DIRECTION('',(0.0,-1.0,0.0));
#1981=VECTOR('',#1980,8.599999999999998);
#1982=LINE('',#1979,#1981);
#1983=CARTESIAN_POINT('',(-24.738656257341123,5.285718917846676,9.247268208405760));
#1984=TRIMMED_CURVE('',#1982,(PARAMETER_VALUE(0.0),#1979),(PARAMETER_VALUE(1.0),#1983),.T.,.PARAMETER.);
#1990=(BOUNDED_CURVE()CURVE()GEOMETRIC_REPRESENTATION_ITEM()REPRESENTATION_ITEM('')SURFACE_CURVE(#1984,(#1978),.CURVE_3D.));
#1991=COMPOSITE_CURVE_SEGMENT(.CONTINUOUS.,.T.,#1990);
#1992=CARTESIAN_POINT('',(-24.738656257341123,5.285718917846680,9.247268208405760));
#1993=DIRECTION('',(0.0,0.0,-1.0));
#1994=VECTOR('',#1993,1.500000000000004);
#1995=LINE('',#1992,#1994);
#1996=CARTESIAN_POINT('',(-24.738656257341123,5.285718917846680,7.747268208405757));
#1997=TRIMMED_CURVE('',#1995,(PARAMETER_VALUE(0.0),#1992),(PARAMETER_VALUE(1.0),#1996),.T.,.PARAMETER.);
#2003=(BOUNDED_CURVE()CURVE()GEOMETRIC_REPRESENTATION_ITEM()REPRESENTATION_ITEM('')SURFACE_CURVE(#1997,(#1978),.CURVE_3D.));
#2004=COMPOSITE_CURVE_SEGMENT(.CONTINUOUS.,.T.,#2003);
#2005=CARTESIAN_POINT('',(-24.738656257341123,5.285718917846680,7.747268208405757));
#2006=DIRECTION('',(0.0,1.0,0.0));
#2007=VECTOR('',#2006,8.599999999999998);
#2008=LINE('',#2005,#2007);
#2009=CARTESIAN_POINT('',(-24.738656257341123,13.885718917846678,7.747268208405757));
#2010=TRIMMED_CURVE('',#2008,(PARAMETER_VALUE(0.0),#2005),(PARAMETER_VALUE(1.0),#2009),.T.,.PARAMETER.);
#2016=(BOUNDED_CURVE()CURVE()GEOMETRIC_REPRESENTATION_ITEM()REPRESENTATION_ITEM('')SURFACE_CURVE(#2010,(#1978),.CURVE_3D.));
#2017=COMPOSITE_CURVE_SEGMENT(.CONTINUOUS.,.T.,#2016);
#2018=CARTESIAN_POINT('',(-24.738656257341123,13.885718917846674,7.747268208405757));
#2019=DIRECTION('',(0.0,0.0,1.0));
#2020=VECTOR('',#2019,1.500000000000004);
#2021=LINE('',#2018,#2020);
#2022=CARTESIAN_POINT('',(-24.738656257341123,13.885718917846674,9.247268208405760));
#2023=TRIMMED_CURVE('',#2021,(PARAMETER_VALUE(0.0),#2018),(PARAMETER_VALUE(1.0),#2022),.T.,.PARAMETER.);
#2029=(BOUNDED_CURVE()CURVE()GEOMETRIC_REPRESENTATION_ITEM()REPRESENTATION_ITEM('')SURFACE_CURVE(#2023,(#1978),.CURVE_3D.));
#2030=COMPOSITE_CURVE_SEGMENT(.CONTINUOUS.,.T.,#2029);
#2031=OUTER_BOUNDARY_CURVE('',(#1991,#2004,#2017,#2030),.U.);
#2032=CURVE_BOUNDED_SURFACE('',#1978,(#2031),.F.);
#2033=STYLED_ITEM('',(#2034),#2032);
#2034=PRESENTATION_STYLE_ASSIGNMENT((#2035));
#2035=SURFACE_STYLE_USAGE(.POSITIVE.,#2036);
#2036=SURFACE_SIDE_STYLE('',(#2037));
#2037=SURFACE_STYLE_FILL_AREA(#2038);
#2038=FILL_AREA_STYLE('',(#2039));
#2039=FILL_AREA_STYLE_COLOUR('',#2040);
#2040=COLOUR_RGB('',0.0,0.0,1.0);
#2041=PRESENTATION_LAYER_ASSIGNMENT('7','',(#2032));
#2042=CARTESIAN_POINT('',(-25.518656257341121,13.865718917846683,9.322268208405760));
#2043=DIRECTION('',(0.707106781186547,0.707106781186548,0.0));
#2044=DIRECTION('',(0.0,0.0,-1.0));
#2045=AXIS2_PLACEMENT_3D('',#2042,#2043,#2044);
#2046=PLANE('',#2045);
#2047=CARTESIAN_POINT('',(-25.938656257341119,14.285718917846680,9.247268208405760));
#2048=DIRECTION('',(0.707106781186548,-0.707106781186548,0.0));
#2049=VECTOR('',#2048,0.565685424949236);
#2050=LINE('',#2047,#2049);
#2051=CARTESIAN_POINT('',(-25.538656257341120,13.885718917846681,9.247268208405760));
#2052=TRIMMED_CURVE('',#2050,(PARAMETER_VALUE(0.0),#2047),(PARAMETER_VALUE(1.0),#2051),.T.,.PARAMETER.);
#2058=(BOUNDED_CURVE()CURVE()GEOMETRIC_REPRESENTATION_ITEM()REPRESENTATION_ITEM('')SURFACE_CURVE(#2052,(#2046),.CURVE_3D.));
#2059=COMPOSITE_CURVE_SEGMENT(.CONTINUOUS.,.T.,#2058);
#2060=CARTESIAN_POINT('',(-25.538656257341124,13.885718917846685,9.247268208405760));
#2061=DIRECTION('',(0.0,0.0,-1.0));
#2062=VECTOR('',#2061,1.500000000000004);
#2063=LINE('',#2060,#2062);
#2064=CARTESIAN_POINT('',(-25.538656257341124,13.885718917846685,7.747268208405757));
#2065=TRIMMED_CURVE('',#2063,(PARAMETER_VALUE(0.0),#2060),(PARAMETER_VALUE(1.0),#2064),.T.,.PARAMETER.);
#2071=(BOUNDED_CURVE()CURVE()GEOMETRIC_REPRESENTATION_ITEM()REPRESENTATION_ITEM('')SURFACE_CURVE(#2065,(#2046),.CURVE_3D.));
#2072=COMPOSITE_CURVE_SEGMENT(.CONTINUOUS.,.T.,#2071);
#2073=CARTESIAN_POINT('',(-25.538656257341124,13.885718917846685,7.747268208405757));
#2074=DIRECTION('',(-0.707106781186548,0.707106781186548,0.0));
#2075=VECTOR('',#2074,0.565685424949236);
#2076=LINE('',#2073,#2075);
#2077=CARTESIAN_POINT('',(-25.938656257341123,14.285718917846683,7.747268208405757));
#2078=TRIMMED_CURVE('',#2076,(PARAMETER_VALUE(0.0),#2073),(PARAMETER_VALUE(1.0),#2077),.T.,.PARAMETER.);
#2084=(BOUNDED_CURVE()CURVE()GEOMETRIC_REPRESENTATION_ITEM()REPRESENTATION_ITEM('')SURFACE_CURVE(#2078,(#2046),.CURVE_3D.));
#2085=COMPOSITE_CURVE_SEGMENT(.CONTINUOUS.,.T.,#2084);
#2086=CARTESIAN_POINT('',(-25.938656257341119,14.285718917846680,7.747268208405757));
#2087=DIRECTION('',(0.0,0.0,1.0));
#2088=VECTOR('',#2087,1.500000000000004);
#2089=LINE('',#2086,#2088);
#2090=CARTESIAN_POINT('',(-25.938656257341119,14.285718917846680,9.247268208405760));
#2091=TRIMMED_CURVE('',#2089,(PARAMETER_VALUE(0.0),#2086),(PARAMETER_VALUE(1.0),#2090),.T.,.PARAMETER.);
#2097=(BOUNDED_CURVE()CURVE()GEOMETRIC_REPRESENTATION_ITEM()REPRESENTATION_ITEM('')SURFACE_CURVE(#2091,(#2046),.CURVE_3D.));
#2098=COMPOSITE_CURVE_SEGMENT(.CONTINUOUS.,.T.,#2097);
#2099=OUTER_BOUNDARY_CURVE('',(#2059,#2072,#2085,#2098),.U.);
#2100=CURVE_BOUNDED_SURFACE('',#2046,(#2099),.F.);
#2101=STYLED_ITEM('',(#2102),#2100);
#2102=PRESENTATION_STYLE_ASSIGNMENT((#2103));
#2103=SURFACE_STYLE_USAGE(.POSITIVE.,#2104);
#2104=SURFACE_SIDE_STYLE('',(#2105));
#2105=SURFACE_STYLE_FILL_AREA(#2106);
#2106=FILL_AREA_STYLE('',(#2107));
#2107=FILL_AREA_STYLE_COLOUR('',#2108);
#2108=COLOUR_RGB('',0.0,0.0,1.0);
#2109=PRESENTATION_LAYER_ASSIGNMENT('7','',(#2100));
#2110=CARTESIAN_POINT('',(-25.538656257341124,4.855718917846682,7.672268208405758));
#2111=DIRECTION('',(-1.0,0.0,0.0));
#2112=DIRECTION('',(0.0,0.0,1.0));
#2113=AXIS2_PLACEMENT_3D('',#2110,#2111,#2112);
#2114=PLANE('',#2113);
#2115=CARTESIAN_POINT('',(-25.538656257341124,13.885718917846674,7.747268208405759));
#2116=DIRECTION('',(0.0,-1.0,0.0));
#2117=VECTOR('',#2116,8.599999999999998);
#2118=LINE('',#2115,#2117);
#2119=CARTESIAN_POINT('',(-25.538656257341124,5.285718917846676,7.747268208405759));
#2120=TRIMMED_CURVE('',#2118,(PARAMETER_VALUE(0.0),#2115),(PARAMETER_VALUE(1.0),#2119),.T.,.PARAMETER.);
#2126=(BOUNDED_CURVE()CURVE()GEOMETRIC_REPRESENTATION_ITEM()REPRESENTATION_ITEM('')SURFACE_CURVE(#2120,(#2114),.CURVE_3D.));
#2127=COMPOSITE_CURVE_SEGMENT(.CONTINUOUS.,.T.,#2126);
#2128=CARTESIAN_POINT('',(-25.538656257341124,5.285718917846680,7.747268208405759));
#2129=DIRECTION('',(0.0,0.0,1.0));
#2130=VECTOR('',#2129,1.500000000000004);
#2131=LINE('',#2128,#2130);
#2132=CARTESIAN_POINT('',(-25.538656257341124,5.285718917846680,9.247268208405762));
#2133=TRIMMED_CURVE('',#2131,(PARAMETER_VALUE(0.0),#2128),(PARAMETER_VALUE(1.0),#2132),.T.,.PARAMETER.);
#2139=(BOUNDED_CURVE()CURVE()GEOMETRIC_REPRESENTATION_ITEM()REPRESENTATION_ITEM('')SURFACE_CURVE(#2133,(#2114),.CURVE_3D.));
#2140=COMPOSITE_CURVE_SEGMENT(.CONTINUOUS.,.T.,#2139);
#2141=CARTESIAN_POINT('',(-25.538656257341124,5.285718917846680,9.247268208405760));
#2142=DIRECTION('',(0.0,1.0,0.0));
#2143=VECTOR('',#2142,8.599999999999998);
#2144=LINE('',#2141,#2143);
#2145=CARTESIAN_POINT('',(-25.538656257341124,13.885718917846678,9.247268208405760));
#2146=TRIMMED_CURVE('',#2144,(PARAMETER_VALUE(0.0),#2141),(PARAMETER_VALUE(1.0),#2145),.T.,.PARAMETER.);
#2152=(BOUNDED_CURVE()CURVE()GEOMETRIC_REPRESENTATION_ITEM()REPRESENTATION_ITEM('')SURFACE_CURVE(#2146,(#2114),.CURVE_3D.));
#2153=COMPOSITE_CURVE_SEGMENT(.CONTINUOUS.,.T.,#2152);
#2154=CARTESIAN_POINT('',(-25.538656257341124,13.885718917846674,9.247268208405760));
#2155=DIRECTION('',(0.0,0.0,-1.0));
#2156=VECTOR('',#2155,1.500000000000003);
#2157=LINE('',#2154,#2156);
#2158=CARTESIAN_POINT('',(-25.538656257341124,13.885718917846674,7.747268208405758));
#2159=TRIMMED_CURVE('',#2157,(PARAMETER_VALUE(0.0),#2154),(PARAMETER_VALUE(1.0),#2158),.T.,.PARAMETER.);
#2165=(BOUNDED_CURVE()CURVE()GEOMETRIC_REPRESENTATION_ITEM()REPRESENTATION_ITEM('')SURFACE_CURVE(#2159,(#2114),.CURVE_3D.));
#2166=COMPOSITE_CURVE_SEGMENT(.CONTINUOUS.,.T.,#2165);
#2167=OUTER_BOUNDARY_CURVE('',(#2127,#2140,#2153,#2166),.U.);
#2168=CURVE_BOUNDED_SURFACE('',#2114,(#2167),.F.);
#2169=STYLED_ITEM('',(#2170),#2168);
#2170=PRESENTATION_STYLE_ASSIGNMENT((#2171));
#2171=SURFACE_STYLE_USAGE(.POSITIVE.,#2172);
#2172=SURFACE_SIDE_STYLE('',(#2173));
#2173=SURFACE_STYLE_FILL_AREA(#2174);
#2174=FILL_AREA_STYLE('',(#2175));
#2175=FILL_AREA_STYLE_COLOUR('',#2176);
#2176=COLOUR_RGB('',0.0,0.0,1.0);
#2177=PRESENTATION_LAYER_ASSIGNMENT('7','',(#2168));
#2178=CARTESIAN_POINT('',(-51.938656257341123,5.085717707846658,10.747268208405760));
#2179=DIRECTION('',(0.0,1.0,0.0));
#2180=DIRECTION('',(0.707106781186552,0.0,-0.707106781186543));
#2181=AXIS2_PLACEMENT_3D('',#2178,#2179,#2180);
#2182=CYLINDRICAL_SURFACE('',#2181,0.500000000000000);
#2183=CARTESIAN_POINT('',(-51.938656257341123,5.085718917846681,10.747268208405757));
#2184=DIRECTION('',(0.0,1.0,0.0));
#2185=DIRECTION('',(0.707106781186552,0.0,-0.707106781186543));
#2186=AXIS2_PLACEMENT_3D('',#2183,#2184,#2185);
#2187=CIRCLE('',#2186,0.500000000000000);
#2188=CARTESIAN_POINT('',(-52.438656257341123,5.085718917846681,10.747268208405750));
#2189=CARTESIAN_POINT('',(-51.938655507341124,5.085718917846681,11.247268208405195));
#2190=TRIMMED_CURVE('',#2187,(PARAMETER_VALUE(134.999999999999370),#2188),(PARAMETER_VALUE(225.000085943668670),#2189),.T.,.PARAMETER.);
#2196=(BOUNDED_CURVE()CURVE()GEOMETRIC_REPRESENTATION_ITEM()REPRESENTATION_ITEM('')SURFACE_CURVE(#2190,(#2182),.CURVE_3D.));
#2197=COMPOSITE_CURVE_SEGMENT(.CONTINUOUS.,.T.,#2196);
#2198=CARTESIAN_POINT('',(-51.938656257341123,5.085718917846681,11.247268208405760));
#2199=DIRECTION('',(0.0,1.0,0.0));
#2200=VECTOR('',#2199,8.699999999999999);
#2201=LINE('',#2198,#2200);
#2202=CARTESIAN_POINT('',(-51.938656257341123,13.785718917846680,11.247268208405760));
#2203=TRIMMED_CURVE('',#2201,(PARAMETER_VALUE(0.0),#2198),(PARAMETER_VALUE(1.0),#2202),.T.,.PARAMETER.);
#2209=(BOUNDED_CURVE()CURVE()GEOMETRIC_REPRESENTATION_ITEM()REPRESENTATION_ITEM('')SURFACE_CURVE(#2203,(#2182),.CURVE_3D.));
#2210=COMPOSITE_CURVE_SEGMENT(.CONTINUOUS.,.T.,#2209);
#2211=CARTESIAN_POINT('',(-51.938656257341123,13.785718917846690,10.747268208405757));
#2212=DIRECTION('',(0.0,-1.0,0.0));
#2213=DIRECTION('',(0.707106781186552,0.0,-0.707106781186543));
#2214=AXIS2_PLACEMENT_3D('',#2211,#2212,#2213);
#2215=CIRCLE('',#2214,0.500000000000000);
#2216=CARTESIAN_POINT('',(-51.938656257341123,13.785718917846690,11.247268208405753));
#2217=CARTESIAN_POINT('',(-52.438656257340554,13.785718917846690,10.747267458405748));
#2218=TRIMMED_CURVE('',#2215,(PARAMETER_VALUE(135.000000000000450),#2216),(PARAMETER_VALUE(225.000085943669770),#2217),.T.,.PARAMETER.);
#2224=(BOUNDED_CURVE()CURVE()GEOMETRIC_REPRESENTATION_ITEM()REPRESENTATION_ITEM('')SURFACE_CURVE(#2218,(#2182),.CURVE_3D.));
#2225=COMPOSITE_CURVE_SEGMENT(.CONTINUOUS.,.T.,#2224);
#2226=CARTESIAN_POINT('',(-52.438656257341123,13.785718917846680,10.747268208405762));
#2227=DIRECTION('',(0.0,-1.0,0.0));
#2228=VECTOR('',#2227,8.699999999999996);
#2229=LINE('',#2226,#2228);
#2230=CARTESIAN_POINT('',(-52.438656257341123,5.085718917846683,10.747268208405762));
#2231=TRIMMED_CURVE('',#2229,(PARAMETER_VALUE(0.0),#2226),(PARAMETER_VALUE(1.0),#2230),.T.,.PARAMETER.);
#2237=(BOUNDED_CURVE()CURVE()GEOMETRIC_REPRESENTATION_ITEM()REPRESENTATION_ITEM('')SURFACE_CURVE(#2231,(#2182),.CURVE_3D.));
#2238=COMPOSITE_CURVE_SEGMENT(.CONTINUOUS.,.T.,#2237);
#2239=OUTER_BOUNDARY_CURVE('',(#2197,#2210,#2225,#2238),.U.);
#2240=CURVE_BOUNDED_SURFACE('',#2182,(#2239),.F.);
#2241=STYLED_ITEM('',(#2242),#2240);
#2242=PRESENTATION_STYLE_ASSIGNMENT((#2243));
#2243=SURFACE_STYLE_USAGE(.POSITIVE.,#2244);
#2244=SURFACE_SIDE_STYLE('',(#2245));
#2245=SURFACE_STYLE_FILL_AREA(#2246);
#2246=FILL_AREA_STYLE('',(#2247));
#2247=FILL_AREA_STYLE_COLOUR('',#2248);
#2248=COLOUR_RGB('',0.0,0.0,1.0);
#2249=PRESENTATION_LAYER_ASSIGNMENT('7','',(#2240));
#2250=CARTESIAN_POINT('',(-51.938657467341130,13.785718917846680,10.747268208405760));
#2251=DIRECTION('',(1.0,0.0,0.0));
#2252=DIRECTION('',(0.0,-0.707106781186550,-0.707106781186545));
#2253=AXIS2_PLACEMENT_3D('',#2250,#2251,#2252);
#2254=CYLINDRICAL_SURFACE('',#2253,0.500000000000000);
#2255=CARTESIAN_POINT('',(-51.938656257341123,13.785718917846681,10.747268208405762));
#2256=DIRECTION('',(1.0,0.0,0.0));
#2257=DIRECTION('',(0.0,-0.707106781186550,-0.707106781186545));
#2258=AXIS2_PLACEMENT_3D('',#2255,#2256,#2257);
#2259=CIRCLE('',#2258,0.500000000000000);
#2260=CARTESIAN_POINT('',(-51.938656257341123,14.285718917846680,10.747268208405764));
#2261=CARTESIAN_POINT('',(-51.938656257341123,13.785718167846683,11.247268208405201));
#2262=TRIMMED_CURVE('',#2259,(PARAMETER_VALUE(135.000000000000600),#2260),(PARAMETER_VALUE(225.000085943669320),#2261),.T.,.PARAMETER.);
#2268=(BOUNDED_CURVE()CURVE()GEOMETRIC_REPRESENTATION_ITEM()REPRESENTATION_ITEM('')SURFACE_CURVE(#2262,(#2254),.CURVE_3D.));
#2269=COMPOSITE_CURVE_SEGMENT(.CONTINUOUS.,.T.,#2268);
#2270=CARTESIAN_POINT('',(-51.938656257341123,13.785718917846680,11.247268208405760));
#2271=DIRECTION('',(1.0,0.0,0.0));
#2272=VECTOR('',#2271,29.300000000000011);
#2273=LINE('',#2270,#2272);
#2274=CARTESIAN_POINT('',(-22.638656257341111,13.785718917846680,11.247268208405760));
#2275=TRIMMED_CURVE('',#2273,(PARAMETER_VALUE(0.0),#2270),(PARAMETER_VALUE(1.0),#2274),.T.,.PARAMETER.);
#2281=(BOUNDED_CURVE()CURVE()GEOMETRIC_REPRESENTATION_ITEM()REPRESENTATION_ITEM('')SURFACE_CURVE(#2275,(#2254),.CURVE_3D.));
#2282=COMPOSITE_CURVE_SEGMENT(.CONTINUOUS.,.T.,#2281);
#2283=CARTESIAN_POINT('',(-22.638656257341122,13.785718917846681,10.747268208405762));
#2284=DIRECTION('',(-1.0,0.0,0.0));
#2285=DIRECTION('',(0.0,-0.707106781186550,-0.707106781186545));
#2286=AXIS2_PLACEMENT_3D('',#2283,#2284,#2285);
#2287=CIRCLE('',#2286,0.500000000000000);
#2288=CARTESIAN_POINT('',(-22.638656257341122,13.785718917846681,11.247268208405762));
#2289=CARTESIAN_POINT('',(-22.638656257341122,14.285718917846118,10.747267458405764));
#2290=TRIMMED_CURVE('',#2287,(PARAMETER_VALUE(134.999999999999940),#2288),(PARAMETER_VALUE(225.000085943668780),#2289),.T.,.PARAMETER.);
#2296=(BOUNDED_CURVE()CURVE()GEOMETRIC_REPRESENTATION_ITEM()REPRESENTATION_ITEM('')SURFACE_CURVE(#2290,(#2254),.CURVE_3D.));
#2297=COMPOSITE_CURVE_SEGMENT(.CONTINUOUS.,.T.,#2296);
#2298=CARTESIAN_POINT('',(-22.638656257341122,14.285718917846680,10.747268208405760));
#2299=DIRECTION('',(-1.0,0.0,0.0));
#2300=VECTOR('',#2299,29.300000000000015);
#2301=LINE('',#2298,#2300);
#2302=CARTESIAN_POINT('',(-51.938656257341137,14.285718917846680,10.747268208405760));
#2303=TRIMMED_CURVE('',#2301,(PARAMETER_VALUE(0.0),#2298),(PARAMETER_VALUE(1.0),#2302),.T.,.PARAMETER.);
#2309=(BOUNDED_CURVE()CURVE()GEOMETRIC_REPRESENTATION_ITEM()REPRESENTATION_ITEM('')SURFACE_CURVE(#2303,(#2254),.CURVE_3D.));
#2310=COMPOSITE_CURVE_SEGMENT(.CONTINUOUS.,.T.,#2309);
#2311=OUTER_BOUNDARY_CURVE('',(#2269,#2282,#2297,#2310),.U.);
#2312=CURVE_BOUNDED_SURFACE('',#2254,(#2311),.F.);
#2313=STYLED_ITEM('',(#2314),#2312);
#2314=PRESENTATION_STYLE_ASSIGNMENT((#2315));
#2315=SURFACE_STYLE_USAGE(.POSITIVE.,#2316);
#2316=SURFACE_SIDE_STYLE('',(#2317));
#2317=SURFACE_STYLE_FILL_AREA(#2318);
#2318=FILL_AREA_STYLE('',(#2319));
#2319=FILL_AREA_STYLE_COLOUR('',#2320);
#2320=COLOUR_RGB('',0.0,0.0,1.0);
#2321=PRESENTATION_LAYER_ASSIGNMENT('7','',(#2312));
#2322=CARTESIAN_POINT('',(-51.938656229056868,14.285718917846680,10.747268194263629));
#2323=CARTESIAN_POINT('',(-52.438656257341137,14.285718917846680,10.747268194263622));
#2324=CARTESIAN_POINT('',(-52.438656257341130,13.785718889562412,10.747268194263629));
#2325=CARTESIAN_POINT('',(-51.938656229056846,14.285718917846674,11.247268222547897));
#2326=CARTESIAN_POINT('',(-52.438656257341130,14.285718917846674,11.247268222547897));
#2327=CARTESIAN_POINT('',(-52.438656257341130,13.785718889562403,11.247268222547897));
#2328=CARTESIAN_POINT('',(-51.938656257341123,13.785718903704543,11.247268208405760));
#2329=CARTESIAN_POINT('',(-51.938656243198992,13.785718903704543,11.247268208405762));
#2330=CARTESIAN_POINT('',(-51.938656243198992,13.785718917846674,11.247268208405755));
#2338=(BOUNDED_SURFACE()B_SPLINE_SURFACE(2,2,((#2322,#2325,#2328),(#2323,#2326,#2329),(#2324,#2327,#2330)),.UNSPECIFIED.,.F.,.F.,.U.)B_SPLINE_SURFACE_WITH_KNOTS((3,3),(3,3),(0.249999990000000,0.500000010000000),(0.499999989999999,1.000000010000000),.UNSPECIFIED.)GEOMETRIC_REPRESENTATION_ITEM()RATIONAL_B_SPLINE_SURFACE(((0.999999964852815,0.707106758760142,0.999999988284273),(0.707106772902276,0.499999995857865,0.707106789470819),(0.999999964852814,0.707106758760142,0.999999988284272)))REPRESENTATION_ITEM('')SURFACE());
#2339=CARTESIAN_POINT('',(-51.938656257341123,13.785718903704543,11.247268208405760));
#2340=CARTESIAN_POINT('',(-51.938656229056846,14.285718917846674,11.247268222547897));
#2341=CARTESIAN_POINT('',(-51.938656229056868,14.285718917846680,10.747268194263629));
#2349=(BOUNDED_CURVE()B_SPLINE_CURVE(2,(#2339,#2340,#2341),.UNSPECIFIED.,.F.,.U.)B_SPLINE_CURVE_WITH_KNOTS((3,3),(0.499999989999999,1.000000010000000),.UNSPECIFIED.)CURVE()GEOMETRIC_REPRESENTATION_ITEM()RATIONAL_B_SPLINE_CURVE((0.999999988284273,0.707106758760142,0.999999964852815))REPRESENTATION_ITEM(''));
#2355=(BOUNDED_CURVE()CURVE()GEOMETRIC_REPRESENTATION_ITEM()REPRESENTATION_ITEM('')SURFACE_CURVE(#2349,(#2338),.CURVE_3D.));
#2356=COMPOSITE_CURVE_SEGMENT(.CONTINUOUS.,.T.,#2355);
#2357=CARTESIAN_POINT('',(-51.938656229056868,14.285718917846680,10.747268194263629));
#2358=CARTESIAN_POINT('',(-52.438656257341137,14.285718917846680,10.747268194263622));
#2359=CARTESIAN_POINT('',(-52.438656257341130,13.785718889562412,10.747268194263629));
#2367=(BOUNDED_CURVE()B_SPLINE_CURVE(2,(#2357,#2358,#2359),.UNSPECIFIED.,.F.,.U.)B_SPLINE_CURVE_WITH_KNOTS((3,3),(0.249999990000000,0.500000010000000),.UNSPECIFIED.)CURVE()GEOMETRIC_REPRESENTATION_ITEM()RATIONAL_B_SPLINE_CURVE((0.999999964852815,0.707106772902276,0.999999964852814))REPRESENTATION_ITEM(''));
#2373=(BOUNDED_CURVE()CURVE()GEOMETRIC_REPRESENTATION_ITEM()REPRESENTATION_ITEM('')SURFACE_CURVE(#2367,(#2338),.CURVE_3D.));
#2374=COMPOSITE_CURVE_SEGMENT(.CONTINUOUS.,.T.,#2373);
#2375=CARTESIAN_POINT('',(-52.438656257341130,13.785718889562412,10.747268194263629));
#2376=CARTESIAN_POINT('',(-52.438656257341130,13.785718889562403,11.247268222547897));
#2377=CARTESIAN_POINT('',(-51.938656243198992,13.785718917846674,11.247268208405755));
#2385=(BOUNDED_CURVE()B_SPLINE_CURVE(2,(#2375,#2376,#2377),.UNSPECIFIED.,.F.,.U.)B_SPLINE_CURVE_WITH_KNOTS((3,3),(0.499999989999999,1.000000010000000),.UNSPECIFIED.)CURVE()GEOMETRIC_REPRESENTATION_ITEM()RATIONAL_B_SPLINE_CURVE((0.999999964852814,0.707106758760142,0.999999988284272))REPRESENTATION_ITEM(''));
#2391=(BOUNDED_CURVE()CURVE()GEOMETRIC_REPRESENTATION_ITEM()REPRESENTATION_ITEM('')SURFACE_CURVE(#2385,(#2338),.CURVE_3D.));
#2392=COMPOSITE_CURVE_SEGMENT(.CONTINUOUS.,.T.,#2391);
#2393=OUTER_BOUNDARY_CURVE('',(#2356,#2374,#2392),.U.);
#2394=CURVE_BOUNDED_SURFACE('',#2338,(#2393),.F.);
#2395=STYLED_ITEM('',(#2396),#2394);
#2396=PRESENTATION_STYLE_ASSIGNMENT((#2397));
#2397=SURFACE_STYLE_USAGE(.POSITIVE.,#2398);
#2398=SURFACE_SIDE_STYLE('',(#2399));
#2399=SURFACE_STYLE_FILL_AREA(#2400);
#2400=FILL_AREA_STYLE('',(#2401));
#2401=FILL_AREA_STYLE_COLOUR('',#2402);
#2402=COLOUR_RGB('',0.0,0.0,1.0);
#2403=PRESENTATION_LAYER_ASSIGNMENT('7','',(#2394));
#2404=CARTESIAN_POINT('',(-22.638656257341108,13.785720127846677,10.747268208405760));
#2405=DIRECTION('',(0.0,-1.0,0.0));
#2406=DIRECTION('',(-0.707106781186543,0.0,-0.707106781186552));
#2407=AXIS2_PLACEMENT_3D('',#2404,#2405,#2406);
#2408=CYLINDRICAL_SURFACE('',#2407,0.500000000000000);
#2409=CARTESIAN_POINT('',(-22.638656257341104,5.085718917846684,10.747268208405762));
#2410=DIRECTION('',(0.0,1.0,0.0));
#2411=DIRECTION('',(-0.707106781186543,0.0,-0.707106781186552));
#2412=AXIS2_PLACEMENT_3D('',#2409,#2410,#2411);
#2413=CIRCLE('',#2412,0.500000000000000);
#2414=CARTESIAN_POINT('',(-22.638656257341111,5.085718917846684,11.247268208405762));
#2415=CARTESIAN_POINT('',(-22.138656257341669,5.085718917846684,10.747267458405766));
#2416=TRIMMED_CURVE('',#2413,(PARAMETER_VALUE(134.999999999999550),#2414),(PARAMETER_VALUE(225.000085943669060),#2415),.T.,.PARAMETER.);
#2422=(BOUNDED_CURVE()CURVE()GEOMETRIC_REPRESENTATION_ITEM()REPRESENTATION_ITEM('')SURFACE_CURVE(#2416,(#2408),.CURVE_3D.));
#2423=COMPOSITE_CURVE_SEGMENT(.CONTINUOUS.,.T.,#2422);
#2424=CARTESIAN_POINT('',(-22.138656257341108,5.085718917846680,10.747268208405760));
#2425=DIRECTION('',(0.0,1.0,0.0));
#2426=VECTOR('',#2425,8.699999999999999);
#2427=LINE('',#2424,#2426);
#2428=CARTESIAN_POINT('',(-22.138656257341108,13.785718917846680,10.747268208405760));
#2429=TRIMMED_CURVE('',#2427,(PARAMETER_VALUE(0.0),#2424),(PARAMETER_VALUE(1.0),#2428),.T.,.PARAMETER.);
#2435=(BOUNDED_CURVE()CURVE()GEOMETRIC_REPRESENTATION_ITEM()REPRESENTATION_ITEM('')SURFACE_CURVE(#2429,(#2408),.CURVE_3D.));
#2436=COMPOSITE_CURVE_SEGMENT(.CONTINUOUS.,.T.,#2435);
#2437=CARTESIAN_POINT('',(-22.638656257341104,13.785718917846689,10.747268208405762));
#2438=DIRECTION('',(0.0,-1.0,0.0));
#2439=DIRECTION('',(-0.707106781186543,0.0,-0.707106781186552));
#2440=AXIS2_PLACEMENT_3D('',#2437,#2438,#2439);
#2441=CIRCLE('',#2440,0.500000000000000);
#2442=CARTESIAN_POINT('',(-22.138656257341104,13.785718917846689,10.747268208405764));
#2443=CARTESIAN_POINT('',(-22.638657007341109,13.785718917846689,11.247268208405195));
#2444=TRIMMED_CURVE('',#2441,(PARAMETER_VALUE(135.000000000000060),#2442),(PARAMETER_VALUE(225.000085943669550),#2443),.T.,.PARAMETER.);
#2450=(BOUNDED_CURVE()CURVE()GEOMETRIC_REPRESENTATION_ITEM()REPRESENTATION_ITEM('')SURFACE_CURVE(#2444,(#2408),.CURVE_3D.));
#2451=COMPOSITE_CURVE_SEGMENT(.CONTINUOUS.,.T.,#2450);
#2452=CARTESIAN_POINT('',(-22.638656257341118,13.785718917846680,11.247268208405760));
#2453=DIRECTION('',(0.0,-1.0,0.0));
#2454=VECTOR('',#2453,8.699999999999998);
#2455=LINE('',#2452,#2454);
#2456=CARTESIAN_POINT('',(-22.638656257341118,5.085718917846682,11.247268208405760));
#2457=TRIMMED_CURVE('',#2455,(PARAMETER_VALUE(0.0),#2452),(PARAMETER_VALUE(1.0),#2456),.T.,.PARAMETER.);
#2463=(BOUNDED_CURVE()CURVE()GEOMETRIC_REPRESENTATION_ITEM()REPRESENTATION_ITEM('')SURFACE_CURVE(#2457,(#2408),.CURVE_3D.));
#2464=COMPOSITE_CURVE_SEGMENT(.CONTINUOUS.,.T.,#2463);
#2465=OUTER_BOUNDARY_CURVE('',(#2423,#2436,#2451,#2464),.U.);
#2466=CURVE_BOUNDED_SURFACE('',#2408,(#2465),.F.);
#2467=STYLED_ITEM('',(#2468),#2466);
#2468=PRESENTATION_STYLE_ASSIGNMENT((#2469));
#2469=SURFACE_STYLE_USAGE(.POSITIVE.,#2470);
#2470=SURFACE_SIDE_STYLE('',(#2471));
#2471=SURFACE_STYLE_FILL_AREA(#2472);
#2472=FILL_AREA_STYLE('',(#2473));
#2473=FILL_AREA_STYLE_COLOUR('',#2474);
#2474=COLOUR_RGB('',0.0,0.0,1.0);
#2475=PRESENTATION_LAYER_ASSIGNMENT('7','',(#2466));
#2476=CARTESIAN_POINT('',(-22.138656257341122,13.785718884709601,10.747268194263622));
#2477=CARTESIAN_POINT('',(-22.138656243615280,13.992825685307396,10.747268194263620));
#2478=CARTESIAN_POINT('',(-22.285102866747835,14.139272308439953,10.747268194263622));
#2479=CARTESIAN_POINT('',(-22.431549489880453,14.285718931572564,10.747268194263622));
#2480=CARTESIAN_POINT('',(-22.638656290478334,14.285718917846674,10.747268194263622));
#2481=CARTESIAN_POINT('',(-22.138656257341108,13.785718884709594,11.247268222547897));
#2482=CARTESIAN_POINT('',(-22.138656243615287,13.992825685307393,11.247268222547897));
#2483=CARTESIAN_POINT('',(-22.285102866747842,14.139272308439953,11.247268222547900));
#2484=CARTESIAN_POINT('',(-22.431549489880453,14.285718931572564,11.247268222547897));
#2485=CARTESIAN_POINT('',(-22.638656290478334,14.285718917846673,11.247268222547897));
#2486=CARTESIAN_POINT('',(-22.638656271483246,13.785718917846674,11.247268208405762));
#2487=CARTESIAN_POINT('',(-22.638656271483246,13.785718911988813,11.247268208405760));
#2488=CARTESIAN_POINT('',(-22.638656267341112,13.785718907846677,11.247268208405760));
#2489=CARTESIAN_POINT('',(-22.638656263198975,13.785718903704542,11.247268208405760));
#2490=CARTESIAN_POINT('',(-22.638656257341108,13.785718903704543,11.247268208405762));
#2498=(BOUNDED_SURFACE()B_SPLINE_SURFACE(2,2,((#2476,#2481,#2486),(#2477,#2482,#2487),(#2478,#2483,#2488),(#2479,#2484,#2489),(#2480,#2485,#2490)),.UNSPECIFIED.,.F.,.F.,.U.)B_SPLINE_SURFACE_WITH_KNOTS((3,2,3),(3,3),(0.374999990000000,0.500000000000000,0.625000010000044),(0.499999989999998,1.000000010000000),.UNSPECIFIED.)GEOMETRIC_REPRESENTATION_ITEM()RATIONAL_B_SPLINE_SURFACE(((0.853553380593273,0.603553385593275,0.853553400593275),(0.853553368877543,0.603553377309003,0.853553388877545),(0.999999988284269,0.707106775328683,1.000000011715729),(0.853553368877492,0.603553377308967,0.853553388877494),(0.853553380593273,0.603553385593275,0.853553400593275)))REPRESENTATION_ITEM('')SURFACE());
#2499=CARTESIAN_POINT('',(-22.638656271483246,13.785718917846674,11.247268208405762));
#2500=CARTESIAN_POINT('',(-22.138656257341108,13.785718884709594,11.247268222547897));
#2501=CARTESIAN_POINT('',(-22.138656257341122,13.785718884709601,10.747268194263622));
#2509=(BOUNDED_CURVE()B_SPLINE_CURVE(2,(#2499,#2500,#2501),.UNSPECIFIED.,.F.,.U.)B_SPLINE_CURVE_WITH_KNOTS((3,3),(0.499999989999998,1.000000010000000),.UNSPECIFIED.)CURVE()GEOMETRIC_REPRESENTATION_ITEM()RATIONAL_B_SPLINE_CURVE((0.853553400593275,0.603553385593275,0.853553380593273))REPRESENTATION_ITEM(''));
#2515=(BOUNDED_CURVE()CURVE()GEOMETRIC_REPRESENTATION_ITEM()REPRESENTATION_ITEM('')SURFACE_CURVE(#2509,(#2498),.CURVE_3D.));
#2516=COMPOSITE_CURVE_SEGMENT(.CONTINUOUS.,.T.,#2515);
#2517=CARTESIAN_POINT('',(-22.138656257341122,13.785718884709601,10.747268194263622));
#2518=CARTESIAN_POINT('',(-22.138656243615280,13.992825685307396,10.747268194263620));
#2519=CARTESIAN_POINT('',(-22.285102866747835,14.139272308439953,10.747268194263622));
#2520=CARTESIAN_POINT('',(-22.431549489880453,14.285718931572564,10.747268194263622));
#2521=CARTESIAN_POINT('',(-22.638656290478334,14.285718917846674,10.747268194263622));
#2529=(BOUNDED_CURVE()B_SPLINE_CURVE(2,(#2517,#2518,#2519,#2520,#2521),.UNSPECIFIED.,.F.,.U.)B_SPLINE_CURVE_WITH_KNOTS((3,2,3),(0.374999990000000,0.500000000000000,0.625000010000044),.UNSPECIFIED.)CURVE()GEOMETRIC_REPRESENTATION_ITEM()RATIONAL_B_SPLINE_CURVE((0.853553380593273,0.853553368877543,0.999999988284269,0.853553368877492,0.853553380593273))REPRESENTATION_ITEM(''));
#2535=(BOUNDED_CURVE()CURVE()GEOMETRIC_REPRESENTATION_ITEM()REPRESENTATION_ITEM('')SURFACE_CURVE(#2529,(#2498),.CURVE_3D.));
#2536=COMPOSITE_CURVE_SEGMENT(.CONTINUOUS.,.T.,#2535);
#2537=CARTESIAN_POINT('',(-22.638656290478334,14.285718917846674,10.747268194263622));
#2538=CARTESIAN_POINT('',(-22.638656290478334,14.285718917846673,11.247268222547897));
#2539=CARTESIAN_POINT('',(-22.638656257341108,13.785718903704543,11.247268208405762));
#2547=(BOUNDED_CURVE()B_SPLINE_CURVE(2,(#2537,#2538,#2539),.UNSPECIFIED.,.F.,.U.)B_SPLINE_CURVE_WITH_KNOTS((3,3),(0.499999989999998,1.000000010000000),.UNSPECIFIED.)CURVE()GEOMETRIC_REPRESENTATION_ITEM()RATIONAL_B_SPLINE_CURVE((0.853553380593273,0.603553385593275,0.853553400593275))REPRESENTATION_ITEM(''));
#2553=(BOUNDED_CURVE()CURVE()GEOMETRIC_REPRESENTATION_ITEM()REPRESENTATION_ITEM('')SURFACE_CURVE(#2547,(#2498),.CURVE_3D.));
#2554=COMPOSITE_CURVE_SEGMENT(.CONTINUOUS.,.T.,#2553);
#2555=OUTER_BOUNDARY_CURVE('',(#2516,#2536,#2554),.U.);
#2556=CURVE_BOUNDED_SURFACE('',#2498,(#2555),.F.);
#2557=STYLED_ITEM('',(#2558),#2556);
#2558=PRESENTATION_STYLE_ASSIGNMENT((#2559));
#2559=SURFACE_STYLE_USAGE(.POSITIVE.,#2560);
#2560=SURFACE_SIDE_STYLE('',(#2561));
#2561=SURFACE_STYLE_FILL_AREA(#2562);
#2562=FILL_AREA_STYLE('',(#2563));
#2563=FILL_AREA_STYLE_COLOUR('',#2564);
#2564=COLOUR_RGB('',0.0,0.0,1.0);
#2565=PRESENTATION_LAYER_ASSIGNMENT('7','',(#2556));
#2566=CARTESIAN_POINT('',(-51.938656257341123,13.785718917846680,-1.252733001594262));
#2567=DIRECTION('',(0.0,0.0,1.0));
#2568=DIRECTION('',(0.707106781186548,-0.707106781186547,0.0));
#2569=AXIS2_PLACEMENT_3D('',#2566,#2567,#2568);
#2570=CYLINDRICAL_SURFACE('',#2569,0.500000000000000);
#2571=CARTESIAN_POINT('',(-51.938656257341130,13.785718917846676,10.747268208405760));
#2572=DIRECTION('',(0.0,0.0,-1.0));
#2573=DIRECTION('',(0.707106781186548,-0.707106781186547,0.0));
#2574=AXIS2_PLACEMENT_3D('',#2571,#2572,#2573);
#2575=CIRCLE('',#2574,0.500000000000000);
#2576=CARTESIAN_POINT('',(-52.438656257341137,13.785718917846673,10.747268208405760));
#2577=CARTESIAN_POINT('',(-51.938655507341139,14.285718917846115,10.747268208405760));
#2578=TRIMMED_CURVE('',#2575,(PARAMETER_VALUE(134.999999999998830),#2576),(PARAMETER_VALUE(225.000085943668350),#2577),.T.,.PARAMETER.);
#2584=(BOUNDED_CURVE()CURVE()GEOMETRIC_REPRESENTATION_ITEM()REPRESENTATION_ITEM('')SURFACE_CURVE(#2578,(#2570),.CURVE_3D.));
#2585=COMPOSITE_CURVE_SEGMENT(.CONTINUOUS.,.T.,#2584);
#2586=CARTESIAN_POINT('',(-51.938656257341123,14.285718917846680,10.747268208405760));
#2587=DIRECTION('',(0.0,0.0,-1.0));
#2588=VECTOR('',#2587,12.0);
#2589=LINE('',#2586,#2588);
#2590=CARTESIAN_POINT('',(-51.938656257341123,14.285718917846680,-1.252731791594240));
#2591=TRIMMED_CURVE('',#2589,(PARAMETER_VALUE(0.0),#2586),(PARAMETER_VALUE(1.0),#2590),.T.,.PARAMETER.);
#2597=(BOUNDED_CURVE()CURVE()GEOMETRIC_REPRESENTATION_ITEM()REPRESENTATION_ITEM('')SURFACE_CURVE(#2591,(#2570),.CURVE_3D.));
#2598=COMPOSITE_CURVE_SEGMENT(.CONTINUOUS.,.T.,#2597);
#2599=CARTESIAN_POINT('',(-51.938656257341130,13.785718917846676,-1.252731791594239));
#2600=DIRECTION('',(0.0,0.0,1.0));
#2601=DIRECTION('',(0.707106781186548,-0.707106781186547,0.0));
#2602=AXIS2_PLACEMENT_3D('',#2599,#2600,#2601);
#2603=CIRCLE('',#2602,0.500000000000000);
#2604=CARTESIAN_POINT('',(-51.938656257341137,14.285718917846680,-1.252731791594239));
#2605=CARTESIAN_POINT('',(-52.438656257340568,13.785718167846671,-1.252731791594239));
#2606=TRIMMED_CURVE('',#2603,(PARAMETER_VALUE(135.000000000000800),#2604),(PARAMETER_VALUE(225.000085943670290),#2605),.T.,.PARAMETER.);
#2612=(BOUNDED_CURVE()CURVE()GEOMETRIC_REPRESENTATION_ITEM()REPRESENTATION_ITEM('')SURFACE_CURVE(#2606,(#2570),.CURVE_3D.));
#2613=COMPOSITE_CURVE_SEGMENT(.CONTINUOUS.,.T.,#2612);
#2614=CARTESIAN_POINT('',(-52.438656257341123,13.785718917846680,-1.252731791594239));
#2615=DIRECTION('',(0.0,0.0,1.0));
#2616=VECTOR('',#2615,12.0);
#2617=LINE('',#2614,#2616);
#2618=CARTESIAN_POINT('',(-52.438656257341123,13.785718917846680,10.747268208405760));
#2619=TRIMMED_CURVE('',#2617,(PARAMETER_VALUE(0.0),#2614),(PARAMETER_VALUE(1.0),#2618),.T.,.PARAMETER.);
#2625=(BOUNDED_CURVE()CURVE()GEOMETRIC_REPRESENTATION_ITEM()REPRESENTATION_ITEM('')SURFACE_CURVE(#2619,(#2570),.CURVE_3D.));
#2626=COMPOSITE_CURVE_SEGMENT(.CONTINUOUS.,.T.,#2625);
#2627=OUTER_BOUNDARY_CURVE('',(#2585,#2598,#2613,#2626),.U.);
#2628=CURVE_BOUNDED_SURFACE('',#2570,(#2627),.F.);
#2629=STYLED_ITEM('',(#2630),#2628);
#2630=PRESENTATION_STYLE_ASSIGNMENT((#2631));
#2631=SURFACE_STYLE_USAGE(.POSITIVE.,#2632);
#2632=SURFACE_SIDE_STYLE('',(#2633));
#2633=SURFACE_STYLE_FILL_AREA(#2634);
#2634=FILL_AREA_STYLE('',(#2635));
#2635=FILL_AREA_STYLE_COLOUR('',#2636);
#2636=COLOUR_RGB('',0.0,0.0,1.0);
#2637=PRESENTATION_LAYER_ASSIGNMENT('7','',(#2628));
#2638=CARTESIAN_POINT('',(-22.638656257341118,13.785718917846685,-1.252733001594245));
#2639=DIRECTION('',(0.0,0.0,1.0));
#2640=DIRECTION('',(-0.707106781186547,-0.707106781186548,0.0));
#2641=AXIS2_PLACEMENT_3D('',#2638,#2639,#2640);
#2642=CYLINDRICAL_SURFACE('',#2641,0.499999999999998);
#2643=CARTESIAN_POINT('',(-22.638656257341118,13.785718917846689,10.747268208405760));
#2644=DIRECTION('',(0.0,0.0,-1.0));
#2645=DIRECTION('',(-0.707106781186547,-0.707106781186548,0.0));
#2646=AXIS2_PLACEMENT_3D('',#2643,#2644,#2645);
#2647=CIRCLE('',#2646,0.499999999999998);
#2648=CARTESIAN_POINT('',(-22.638656257341122,14.285718917846687,10.747268208405760));
#2649=CARTESIAN_POINT('',(-22.138656257341683,13.785718167846689,10.747268208405760));
#2650=TRIMMED_CURVE('',#2647,(PARAMETER_VALUE(134.999999999999630),#2648),(PARAMETER_VALUE(225.000085943669380),#2649),.T.,.PARAMETER.);
#2656=(BOUNDED_CURVE()CURVE()GEOMETRIC_REPRESENTATION_ITEM()REPRESENTATION_ITEM('')SURFACE_CURVE(#2650,(#2642),.CURVE_3D.));
#2657=COMPOSITE_CURVE_SEGMENT(.CONTINUOUS.,.T.,#2656);
#2658=CARTESIAN_POINT('',(-22.138656257341122,13.785718917846680,10.747268208405760));
#2659=DIRECTION('',(0.0,0.0,-1.0));
#2660=VECTOR('',#2659,12.0);
#2661=LINE('',#2658,#2660);
#2662=CARTESIAN_POINT('',(-22.138656257341122,13.785718917846680,-1.252731791594240));
#2663=TRIMMED_CURVE('',#2661,(PARAMETER_VALUE(0.0),#2658),(PARAMETER_VALUE(1.0),#2662),.T.,.PARAMETER.);
#2669=(BOUNDED_CURVE()CURVE()GEOMETRIC_REPRESENTATION_ITEM()REPRESENTATION_ITEM('')SURFACE_CURVE(#2663,(#2642),.CURVE_3D.));
#2670=COMPOSITE_CURVE_SEGMENT(.CONTINUOUS.,.T.,#2669);
#2671=CARTESIAN_POINT('',(-22.638656257341118,13.785718917846689,-1.252731791594239));
#2672=DIRECTION('',(0.0,0.0,1.0));
#2673=DIRECTION('',(-0.707106781186547,-0.707106781186548,0.0));
#2674=AXIS2_PLACEMENT_3D('',#2671,#2672,#2673);
#2675=CIRCLE('',#2674,0.499999999999998);
#2676=CARTESIAN_POINT('',(-22.138656257341122,13.785718917846687,-1.252731791594239));
#2677=CARTESIAN_POINT('',(-22.638657007341124,14.285718917846125,-1.252731791594239));
#2678=TRIMMED_CURVE('',#2675,(PARAMETER_VALUE(134.999999999999970),#2676),(PARAMETER_VALUE(225.000085943669490),#2677),.T.,.PARAMETER.);
#2684=(BOUNDED_CURVE()CURVE()GEOMETRIC_REPRESENTATION_ITEM()REPRESENTATION_ITEM('')SURFACE_CURVE(#2678,(#2642),.CURVE_3D.));
#2685=COMPOSITE_CURVE_SEGMENT(.CONTINUOUS.,.T.,#2684);
#2686=CARTESIAN_POINT('',(-22.638656257341118,14.285718917846683,-1.252731791594239));
#2687=DIRECTION('',(0.0,0.0,1.0));
#2688=VECTOR('',#2687,12.0);
#2689=LINE('',#2686,#2688);
#2690=CARTESIAN_POINT('',(-22.638656257341118,14.285718917846683,10.747268208405760));
#2691=TRIMMED_CURVE('',#2689,(PARAMETER_VALUE(0.0),#2686),(PARAMETER_VALUE(1.0),#2690),.T.,.PARAMETER.);
#2697=(BOUNDED_CURVE()CURVE()GEOMETRIC_REPRESENTATION_ITEM()REPRESENTATION_ITEM('')SURFACE_CURVE(#2691,(#2642),.CURVE_3D.));
#2698=COMPOSITE_CURVE_SEGMENT(.CONTINUOUS.,.T.,#2697);
#2699=OUTER_BOUNDARY_CURVE('',(#2657,#2670,#2685,#2698),.U.);
#2700=CURVE_BOUNDED_SURFACE('',#2642,(#2699),.F.);
#2701=STYLED_ITEM('',(#2702),#2700);
#2702=PRESENTATION_STYLE_ASSIGNMENT((#2703));
#2703=SURFACE_STYLE_USAGE(.POSITIVE.,#2704);
#2704=SURFACE_SIDE_STYLE('',(#2705));
#2705=SURFACE_STYLE_FILL_AREA(#2706);
#2706=FILL_AREA_STYLE('',(#2707));
#2707=FILL_AREA_STYLE_COLOUR('',#2708);
#2708=COLOUR_RGB('',0.0,0.0,1.0);
#2709=PRESENTATION_LAYER_ASSIGNMENT('7','',(#2700));
#2710=CARTESIAN_POINT('',(-53.403656257341126,14.285718917846680,-1.852731791594239));
#2711=DIRECTION('',(0.0,1.0,0.0));
#2712=DIRECTION('',(0.0,0.0,1.0));
#2713=AXIS2_PLACEMENT_3D('',#2710,#2711,#2712);
#2714=PLANE('',#2713);
#2715=CARTESIAN_POINT('',(-51.938656257341123,14.285718917846680,10.747268208405760));
#2716=DIRECTION('',(1.0,0.0,0.0));
#2717=VECTOR('',#2716,29.300000000000015);
#2718=LINE('',#2715,#2717);
#2719=CARTESIAN_POINT('',(-22.638656257341108,14.285718917846680,10.747268208405760));
#2720=TRIMMED_CURVE('',#2718,(PARAMETER_VALUE(0.0),#2715),(PARAMETER_VALUE(1.0),#2719),.T.,.PARAMETER.);
#2726=(BOUNDED_CURVE()CURVE()GEOMETRIC_REPRESENTATION_ITEM()REPRESENTATION_ITEM('')SURFACE_CURVE(#2720,(#2714),.CURVE_3D.));
#2727=COMPOSITE_CURVE_SEGMENT(.CONTINUOUS.,.T.,#2726);
#2728=CARTESIAN_POINT('',(-22.638656257341111,14.285718917846680,10.747268208405760));
#2729=DIRECTION('',(0.0,0.0,-1.0));
#2730=VECTOR('',#2729,12.0);
#2731=LINE('',#2728,#2730);
#2732=CARTESIAN_POINT('',(-22.638656257341111,14.285718917846680,-1.252731791594240));
#2733=TRIMMED_CURVE('',#2731,(PARAMETER_VALUE(0.0),#2728),(PARAMETER_VALUE(1.0),#2732),.T.,.PARAMETER.);
#2739=(BOUNDED_CURVE()CURVE()GEOMETRIC_REPRESENTATION_ITEM()REPRESENTATION_ITEM('')SURFACE_CURVE(#2733,(#2714),.CURVE_3D.));
#2740=COMPOSITE_CURVE_SEGMENT(.CONTINUOUS.,.T.,#2739);
#2741=CARTESIAN_POINT('',(-22.638656257341111,14.285718917846680,-1.252731791594239));
#2742=DIRECTION('',(-1.0,0.0,0.0));
#2743=VECTOR('',#2742,29.300000000000011);
#2744=LINE('',#2741,#2743);
#2745=CARTESIAN_POINT('',(-51.938656257341123,14.285718917846680,-1.252731791594239));
#2746=TRIMMED_CURVE('',#2744,(PARAMETER_VALUE(0.0),#2741),(PARAMETER_VALUE(1.0),#2745),.T.,.PARAMETER.);
#2752=(BOUNDED_CURVE()CURVE()GEOMETRIC_REPRESENTATION_ITEM()REPRESENTATION_ITEM('')SURFACE_CURVE(#2746,(#2714),.CURVE_3D.));
#2753=COMPOSITE_CURVE_SEGMENT(.CONTINUOUS.,.T.,#2752);
#2754=CARTESIAN_POINT('',(-51.938656257341123,14.285718917846680,-1.252731791594239));
#2755=DIRECTION('',(0.0,0.0,1.0));
#2756=VECTOR('',#2755,12.0);
#2757=LINE('',#2754,#2756);
#2758=CARTESIAN_POINT('',(-51.938656257341123,14.285718917846680,10.747268208405760));
#2759=TRIMMED_CURVE('',#2757,(PARAMETER_VALUE(0.0),#2754),(PARAMETER_VALUE(1.0),#2758),.T.,.PARAMETER.);
#2765=(BOUNDED_CURVE()CURVE()GEOMETRIC_REPRESENTATION_ITEM()REPRESENTATION_ITEM('')SURFACE_CURVE(#2759,(#2714),.CURVE_3D.));
#2766=COMPOSITE_CURVE_SEGMENT(.CONTINUOUS.,.T.,#2765);
#2767=OUTER_BOUNDARY_CURVE('',(#2727,#2740,#2753,#2766),.U.);
#2768=CARTESIAN_POINT('',(-49.338656257341135,14.285718917846680,1.747268208405761));
#2769=DIRECTION('',(-1.0,0.0,0.0));
#2770=VECTOR('',#2769,1.599999999999994);
#2771=LINE('',#2768,#2770);
#2772=CARTESIAN_POINT('',(-50.938656257341130,14.285718917846680,1.747268208405761));
#2773=TRIMMED_CURVE('',#2771,(PARAMETER_VALUE(0.0),#2768),(PARAMETER_VALUE(1.0),#2772),.T.,.PARAMETER.);
#2779=(BOUNDED_CURVE()CURVE()GEOMETRIC_REPRESENTATION_ITEM()REPRESENTATION_ITEM('')SURFACE_CURVE(#2773,(#2714),.CURVE_3D.));
#2780=COMPOSITE_CURVE_SEGMENT(.CONTINUOUS.,.T.,#2779);
#2781=CARTESIAN_POINT('',(-50.938656257341123,14.285718917846680,1.747268208405761));
#2782=DIRECTION('',(0.0,0.0,-1.0));
#2783=VECTOR('',#2782,1.499999999999999);
#2784=LINE('',#2781,#2783);
#2785=CARTESIAN_POINT('',(-50.938656257341123,14.285718917846680,0.247268208405762));
#2786=TRIMMED_CURVE('',#2784,(PARAMETER_VALUE(0.0),#2781),(PARAMETER_VALUE(1.0),#2785),.T.,.PARAMETER.);
#2792=(BOUNDED_CURVE()CURVE()GEOMETRIC_REPRESENTATION_ITEM()REPRESENTATION_ITEM('')SURFACE_CURVE(#2786,(#2714),.CURVE_3D.));
#2793=COMPOSITE_CURVE_SEGMENT(.CONTINUOUS.,.T.,#2792);
#2794=CARTESIAN_POINT('',(-50.938656257341123,14.285718917846680,0.247268208405761));
#2795=DIRECTION('',(1.0,0.0,0.0));
#2796=VECTOR('',#2795,1.599999999999994);
#2797=LINE('',#2794,#2796);
#2798=CARTESIAN_POINT('',(-49.338656257341128,14.285718917846680,0.247268208405761));
#2799=TRIMMED_CURVE('',#2797,(PARAMETER_VALUE(0.0),#2794),(PARAMETER_VALUE(1.0),#2798),.T.,.PARAMETER.);
#2805=(BOUNDED_CURVE()CURVE()GEOMETRIC_REPRESENTATION_ITEM()REPRESENTATION_ITEM('')SURFACE_CURVE(#2799,(#2714),.CURVE_3D.));
#2806=COMPOSITE_CURVE_SEGMENT(.CONTINUOUS.,.T.,#2805);
#2807=CARTESIAN_POINT('',(-49.338656257341135,14.285718917846680,0.247268208405761));
#2808=DIRECTION('',(0.0,0.0,1.0));
#2809=VECTOR('',#2808,1.500000000000000);
#2810=LINE('',#2807,#2809);
#2811=CARTESIAN_POINT('',(-49.338656257341135,14.285718917846680,1.747268208405761));
#2812=TRIMMED_CURVE('',#2810,(PARAMETER_VALUE(0.0),#2807),(PARAMETER_VALUE(1.0),#2811),.T.,.PARAMETER.);
#2818=(BOUNDED_CURVE()CURVE()GEOMETRIC_REPRESENTATION_ITEM()REPRESENTATION_ITEM('')SURFACE_CURVE(#2812,(#2714),.CURVE_3D.));
#2819=COMPOSITE_CURVE_SEGMENT(.CONTINUOUS.,.T.,#2818);
#2820=BOUNDARY_CURVE('',(#2780,#2793,#2806,#2819),.U.);
#2821=CARTESIAN_POINT('',(-50.938656257341123,14.285718917846680,7.747268208405766));
#2822=DIRECTION('',(1.0,0.0,0.0));
#2823=VECTOR('',#2822,1.600000000000001);
#2824=LINE('',#2821,#2823);
#2825=CARTESIAN_POINT('',(-49.338656257341121,14.285718917846680,7.747268208405766));
#2826=TRIMMED_CURVE('',#2824,(PARAMETER_VALUE(0.0),#2821),(PARAMETER_VALUE(1.0),#2825),.T.,.PARAMETER.);
#2832=(BOUNDED_CURVE()CURVE()GEOMETRIC_REPRESENTATION_ITEM()REPRESENTATION_ITEM('')SURFACE_CURVE(#2826,(#2714),.CURVE_3D.));
#2833=COMPOSITE_CURVE_SEGMENT(.CONTINUOUS.,.T.,#2832);
#2834=CARTESIAN_POINT('',(-49.338656257341121,14.285718917846680,7.747268208405766));
#2835=DIRECTION('',(0.0,0.0,1.0));
#2836=VECTOR('',#2835,1.499999999999995);
#2837=LINE('',#2834,#2836);
#2838=CARTESIAN_POINT('',(-49.338656257341121,14.285718917846680,9.247268208405760));
#2839=TRIMMED_CURVE('',#2837,(PARAMETER_VALUE(0.0),#2834),(PARAMETER_VALUE(1.0),#2838),.T.,.PARAMETER.);
#2845=(BOUNDED_CURVE()CURVE()GEOMETRIC_REPRESENTATION_ITEM()REPRESENTATION_ITEM('')SURFACE_CURVE(#2839,(#2714),.CURVE_3D.));
#2846=COMPOSITE_CURVE_SEGMENT(.CONTINUOUS.,.T.,#2845);
#2847=CARTESIAN_POINT('',(-49.338656257341121,14.285718917846680,9.247268208405760));
#2848=DIRECTION('',(-1.0,0.0,0.0));
#2849=VECTOR('',#2848,1.600000000000001);
#2850=LINE('',#2847,#2849);
#2851=CARTESIAN_POINT('',(-50.938656257341123,14.285718917846680,9.247268208405760));
#2852=TRIMMED_CURVE('',#2850,(PARAMETER_VALUE(0.0),#2847),(PARAMETER_VALUE(1.0),#2851),.T.,.PARAMETER.);
#2858=(BOUNDED_CURVE()CURVE()GEOMETRIC_REPRESENTATION_ITEM()REPRESENTATION_ITEM('')SURFACE_CURVE(#2852,(#2714),.CURVE_3D.));
#2859=COMPOSITE_CURVE_SEGMENT(.CONTINUOUS.,.T.,#2858);
#2860=CARTESIAN_POINT('',(-50.938656257341123,14.285718917846680,9.247268208405760));
#2861=DIRECTION('',(0.0,0.0,-1.0));
#2862=VECTOR('',#2861,1.499999999999995);
#2863=LINE('',#2860,#2862);
#2864=CARTESIAN_POINT('',(-50.938656257341123,14.285718917846680,7.747268208405766));
#2865=TRIMMED_CURVE('',#2863,(PARAMETER_VALUE(0.0),#2860),(PARAMETER_VALUE(1.0),#2864),.T.,.PARAMETER.);
#2871=(BOUNDED_CURVE()CURVE()GEOMETRIC_REPRESENTATION_ITEM()REPRESENTATION_ITEM('')SURFACE_CURVE(#2865,(#2714),.CURVE_3D.));
#2872=COMPOSITE_CURVE_SEGMENT(.CONTINUOUS.,.T.,#2871);
#2873=BOUNDARY_CURVE('',(#2833,#2846,#2859,#2872),.U.);
#2874=CARTESIAN_POINT('',(-44.338656257341121,14.285718917846680,9.247268208405760));
#2875=DIRECTION('',(-1.0,0.0,0.0));
#2876=VECTOR('',#2875,1.600000000000001);
#2877=LINE('',#2874,#2876);
#2878=CARTESIAN_POINT('',(-45.938656257341123,14.285718917846680,9.247268208405760));
#2879=TRIMMED_CURVE('',#2877,(PARAMETER_VALUE(0.0),#2874),(PARAMETER_VALUE(1.0),#2878),.T.,.PARAMETER.);
#2885=(BOUNDED_CURVE()CURVE()GEOMETRIC_REPRESENTATION_ITEM()REPRESENTATION_ITEM('')SURFACE_CURVE(#2879,(#2714),.CURVE_3D.));
#2886=COMPOSITE_CURVE_SEGMENT(.CONTINUOUS.,.T.,#2885);
#2887=CARTESIAN_POINT('',(-45.938656257341123,14.285718917846680,9.247268208405760));
#2888=DIRECTION('',(0.0,0.0,-1.0));
#2889=VECTOR('',#2888,1.500000000000000);
#2890=LINE('',#2887,#2889);
#2891=CARTESIAN_POINT('',(-45.938656257341123,14.285718917846680,7.747268208405760));
#2892=TRIMMED_CURVE('',#2890,(PARAMETER_VALUE(0.0),#2887),(PARAMETER_VALUE(1.0),#2891),.T.,.PARAMETER.);
#2898=(BOUNDED_CURVE()CURVE()GEOMETRIC_REPRESENTATION_ITEM()REPRESENTATION_ITEM('')SURFACE_CURVE(#2892,(#2714),.CURVE_3D.));
#2899=COMPOSITE_CURVE_SEGMENT(.CONTINUOUS.,.T.,#2898);
#2900=CARTESIAN_POINT('',(-45.938656257341123,14.285718917846680,7.747268208405759));
#2901=DIRECTION('',(1.0,0.0,0.0));
#2902=VECTOR('',#2901,1.600000000000001);
#2903=LINE('',#2900,#2902);
#2904=CARTESIAN_POINT('',(-44.338656257341121,14.285718917846680,7.747268208405759));
#2905=TRIMMED_CURVE('',#2903,(PARAMETER_VALUE(0.0),#2900),(PARAMETER_VALUE(1.0),#2904),.T.,.PARAMETER.);
#2911=(BOUNDED_CURVE()CURVE()GEOMETRIC_REPRESENTATION_ITEM()REPRESENTATION_ITEM('')SURFACE_CURVE(#2905,(#2714),.CURVE_3D.));
#2912=COMPOSITE_CURVE_SEGMENT(.CONTINUOUS.,.T.,#2911);
#2913=CARTESIAN_POINT('',(-44.338656257341121,14.285718917846680,7.747268208405759));
#2914=DIRECTION('',(0.0,0.0,1.0));
#2915=VECTOR('',#2914,1.500000000000002);
#2916=LINE('',#2913,#2915);
#2917=CARTESIAN_POINT('',(-44.338656257341121,14.285718917846680,9.247268208405760));
#2918=TRIMMED_CURVE('',#2916,(PARAMETER_VALUE(0.0),#2913),(PARAMETER_VALUE(1.0),#2917),.T.,.PARAMETER.);
#2924=(BOUNDED_CURVE()CURVE()GEOMETRIC_REPRESENTATION_ITEM()REPRESENTATION_ITEM('')SURFACE_CURVE(#2918,(#2714),.CURVE_3D.));
#2925=COMPOSITE_CURVE_SEGMENT(.CONTINUOUS.,.T.,#2924);
#2926=BOUNDARY_CURVE('',(#2886,#2899,#2912,#2925),.U.);
#2927=CARTESIAN_POINT('',(-45.938656257341123,14.285718917846680,0.247268208405761));
#2928=DIRECTION('',(1.0,0.0,0.0));
#2929=VECTOR('',#2928,1.600000000000001);
#2930=LINE('',#2927,#2929);
#2931=CARTESIAN_POINT('',(-44.338656257341121,14.285718917846680,0.247268208405761));
#2932=TRIMMED_CURVE('',#2930,(PARAMETER_VALUE(0.0),#2927),(PARAMETER_VALUE(1.0),#2931),.T.,.PARAMETER.);
#2938=(BOUNDED_CURVE()CURVE()GEOMETRIC_REPRESENTATION_ITEM()REPRESENTATION_ITEM('')SURFACE_CURVE(#2932,(#2714),.CURVE_3D.));
#2939=COMPOSITE_CURVE_SEGMENT(.CONTINUOUS.,.T.,#2938);
#2940=CARTESIAN_POINT('',(-44.338656257341121,14.285718917846680,0.247268208405761));
#2941=DIRECTION('',(0.0,0.0,1.0));
#2942=VECTOR('',#2941,1.500000000000000);
#2943=LINE('',#2940,#2942);
#2944=CARTESIAN_POINT('',(-44.338656257341121,14.285718917846680,1.747268208405761));
#2945=TRIMMED_CURVE('',#2943,(PARAMETER_VALUE(0.0),#2940),(PARAMETER_VALUE(1.0),#2944),.T.,.PARAMETER.);
#2951=(BOUNDED_CURVE()CURVE()GEOMETRIC_REPRESENTATION_ITEM()REPRESENTATION_ITEM('')SURFACE_CURVE(#2945,(#2714),.CURVE_3D.));
#2952=COMPOSITE_CURVE_SEGMENT(.CONTINUOUS.,.T.,#2951);
#2953=CARTESIAN_POINT('',(-44.338656257341121,14.285718917846680,1.747268208405761));
#2954=DIRECTION('',(-1.0,0.0,0.0));
#2955=VECTOR('',#2954,1.600000000000001);
#2956=LINE('',#2953,#2955);
#2957=CARTESIAN_POINT('',(-45.938656257341123,14.285718917846680,1.747268208405761));
#2958=TRIMMED_CURVE('',#2956,(PARAMETER_VALUE(0.0),#2953),(PARAMETER_VALUE(1.0),#2957),.T.,.PARAMETER.);
#2964=(BOUNDED_CURVE()CURVE()GEOMETRIC_REPRESENTATION_ITEM()REPRESENTATION_ITEM('')SURFACE_CURVE(#2958,(#2714),.CURVE_3D.));
#2965=COMPOSITE_CURVE_SEGMENT(.CONTINUOUS.,.T.,#2964);
#2966=CARTESIAN_POINT('',(-45.938656257341123,14.285718917846680,1.747268208405761));
#2967=DIRECTION('',(0.0,0.0,-1.0));
#2968=VECTOR('',#2967,1.500000000000000);
#2969=LINE('',#2966,#2968);
#2970=CARTESIAN_POINT('',(-45.938656257341123,14.285718917846680,0.247268208405761));
#2971=TRIMMED_CURVE('',#2969,(PARAMETER_VALUE(0.0),#2966),(PARAMETER_VALUE(1.0),#2970),.T.,.PARAMETER.);
#2977=(BOUNDED_CURVE()CURVE()GEOMETRIC_REPRESENTATION_ITEM()REPRESENTATION_ITEM('')SURFACE_CURVE(#2971,(#2714),.CURVE_3D.));
#2978=COMPOSITE_CURVE_SEGMENT(.CONTINUOUS.,.T.,#2977);
#2979=BOUNDARY_CURVE('',(#2939,#2952,#2965,#2978),.U.);
#2980=CARTESIAN_POINT('',(-40.938656257341123,14.285718917846680,0.247268208405761));
#2981=DIRECTION('',(1.0,0.0,0.0));
#2982=VECTOR('',#2981,1.600000000000001);
#2983=LINE('',#2980,#2982);
#2984=CARTESIAN_POINT('',(-39.338656257341121,14.285718917846680,0.247268208405761));
#2985=TRIMMED_CURVE('',#2983,(PARAMETER_VALUE(0.0),#2980),(PARAMETER_VALUE(1.0),#2984),.T.,.PARAMETER.);
#2991=(BOUNDED_CURVE()CURVE()GEOMETRIC_REPRESENTATION_ITEM()REPRESENTATION_ITEM('')SURFACE_CURVE(#2985,(#2714),.CURVE_3D.));
#2992=COMPOSITE_CURVE_SEGMENT(.CONTINUOUS.,.T.,#2991);
#2993=CARTESIAN_POINT('',(-39.338656257341121,14.285718917846680,0.247268208405761));
#2994=DIRECTION('',(0.0,0.0,1.0));
#2995=VECTOR('',#2994,1.500000000000000);
#2996=LINE('',#2993,#2995);
#2997=CARTESIAN_POINT('',(-39.338656257341121,14.285718917846680,1.747268208405761));
#2998=TRIMMED_CURVE('',#2996,(PARAMETER_VALUE(0.0),#2993),(PARAMETER_VALUE(1.0),#2997),.T.,.PARAMETER.);
#3004=(BOUNDED_CURVE()CURVE()GEOMETRIC_REPRESENTATION_ITEM()REPRESENTATION_ITEM('')SURFACE_CURVE(#2998,(#2714),.CURVE_3D.));
#3005=COMPOSITE_CURVE_SEGMENT(.CONTINUOUS.,.T.,#3004);
#3006=CARTESIAN_POINT('',(-39.338656257341121,14.285718917846680,1.747268208405761));
#3007=DIRECTION('',(-1.0,0.0,0.0));
#3008=VECTOR('',#3007,1.600000000000001);
#3009=LINE('',#3006,#3008);
#3010=CARTESIAN_POINT('',(-40.938656257341123,14.285718917846680,1.747268208405761));
#3011=TRIMMED_CURVE('',#3009,(PARAMETER_VALUE(0.0),#3006),(PARAMETER_VALUE(1.0),#3010),.T.,.PARAMETER.);
#3017=(BOUNDED_CURVE()CURVE()GEOMETRIC_REPRESENTATION_ITEM()REPRESENTATION_ITEM('')SURFACE_CURVE(#3011,(#2714),.CURVE_3D.));
#3018=COMPOSITE_CURVE_SEGMENT(.CONTINUOUS.,.T.,#3017);
#3019=CARTESIAN_POINT('',(-40.938656257341123,14.285718917846680,1.747268208405761));
#3020=DIRECTION('',(0.0,0.0,-1.0));
#3021=VECTOR('',#3020,1.500000000000000);
#3022=LINE('',#3019,#3021);
#3023=CARTESIAN_POINT('',(-40.938656257341123,14.285718917846680,0.247268208405761));
#3024=TRIMMED_CURVE('',#3022,(PARAMETER_VALUE(0.0),#3019),(PARAMETER_VALUE(1.0),#3023),.T.,.PARAMETER.);
#3030=(BOUNDED_CURVE()CURVE()GEOMETRIC_REPRESENTATION_ITEM()REPRESENTATION_ITEM('')SURFACE_CURVE(#3024,(#2714),.CURVE_3D.));
#3031=COMPOSITE_CURVE_SEGMENT(.CONTINUOUS.,.T.,#3030);
#3032=BOUNDARY_CURVE('',(#2992,#3005,#3018,#3031),.U.);
#3033=CARTESIAN_POINT('',(-39.338656257341121,14.285718917846680,9.247268208405760));
#3034=DIRECTION('',(-1.0,0.0,0.0));
#3035=VECTOR('',#3034,1.600000000000001);
#3036=LINE('',#3033,#3035);
#3037=CARTESIAN_POINT('',(-40.938656257341123,14.285718917846680,9.247268208405760));
#3038=TRIMMED_CURVE('',#3036,(PARAMETER_VALUE(0.0),#3033),(PARAMETER_VALUE(1.0),#3037),.T.,.PARAMETER.);
#3044=(BOUNDED_CURVE()CURVE()GEOMETRIC_REPRESENTATION_ITEM()REPRESENTATION_ITEM('')SURFACE_CURVE(#3038,(#2714),.CURVE_3D.));
#3045=COMPOSITE_CURVE_SEGMENT(.CONTINUOUS.,.T.,#3044);
#3046=CARTESIAN_POINT('',(-40.938656257341123,14.285718917846680,9.247268208405760));
#3047=DIRECTION('',(0.0,0.0,-1.0));
#3048=VECTOR('',#3047,1.500000000000000);
#3049=LINE('',#3046,#3048);
#3050=CARTESIAN_POINT('',(-40.938656257341123,14.285718917846680,7.747268208405760));
#3051=TRIMMED_CURVE('',#3049,(PARAMETER_VALUE(0.0),#3046),(PARAMETER_VALUE(1.0),#3050),.T.,.PARAMETER.);
#3057=(BOUNDED_CURVE()CURVE()GEOMETRIC_REPRESENTATION_ITEM()REPRESENTATION_ITEM('')SURFACE_CURVE(#3051,(#2714),.CURVE_3D.));
#3058=COMPOSITE_CURVE_SEGMENT(.CONTINUOUS.,.T.,#3057);
#3059=CARTESIAN_POINT('',(-40.938656257341123,14.285718917846680,7.747268208405759));
#3060=DIRECTION('',(1.0,0.0,0.0));
#3061=VECTOR('',#3060,1.600000000000001);
#3062=LINE('',#3059,#3061);
#3063=CARTESIAN_POINT('',(-39.338656257341121,14.285718917846680,7.747268208405759));
#3064=TRIMMED_CURVE('',#3062,(PARAMETER_VALUE(0.0),#3059),(PARAMETER_VALUE(1.0),#3063),.T.,.PARAMETER.);
#3070=(BOUNDED_CURVE()CURVE()GEOMETRIC_REPRESENTATION_ITEM()REPRESENTATION_ITEM('')SURFACE_CURVE(#3064,(#2714),.CURVE_3D.));
#3071=COMPOSITE_CURVE_SEGMENT(.CONTINUOUS.,.T.,#3070);
#3072=CARTESIAN_POINT('',(-39.338656257341121,14.285718917846680,7.747268208405759));
#3073=DIRECTION('',(0.0,0.0,1.0));
#3074=VECTOR('',#3073,1.500000000000002);
#3075=LINE('',#3072,#3074);
#3076=CARTESIAN_POINT('',(-39.338656257341121,14.285718917846680,9.247268208405760));
#3077=TRIMMED_CURVE('',#3075,(PARAMETER_VALUE(0.0),#3072),(PARAMETER_VALUE(1.0),#3076),.T.,.PARAMETER.);
#3083=(BOUNDED_CURVE()CURVE()GEOMETRIC_REPRESENTATION_ITEM()REPRESENTATION_ITEM('')SURFACE_CURVE(#3077,(#2714),.CURVE_3D.));
#3084=COMPOSITE_CURVE_SEGMENT(.CONTINUOUS.,.T.,#3083);
#3085=BOUNDARY_CURVE('',(#3045,#3058,#3071,#3084),.U.);
#3086=CARTESIAN_POINT('',(-24.338656257341118,14.285718917846680,1.747268208405761));
#3087=DIRECTION('',(-1.0,0.0,0.0));
#3088=VECTOR('',#3087,1.600000000000005);
#3089=LINE('',#3086,#3088);
#3090=CARTESIAN_POINT('',(-25.938656257341123,14.285718917846680,1.747268208405761));
#3091=TRIMMED_CURVE('',#3089,(PARAMETER_VALUE(0.0),#3086),(PARAMETER_VALUE(1.0),#3090),.T.,.PARAMETER.);
#3097=(BOUNDED_CURVE()CURVE()GEOMETRIC_REPRESENTATION_ITEM()REPRESENTATION_ITEM('')SURFACE_CURVE(#3091,(#2714),.CURVE_3D.));
#3098=COMPOSITE_CURVE_SEGMENT(.CONTINUOUS.,.T.,#3097);
#3099=CARTESIAN_POINT('',(-25.938656257341119,14.285718917846680,1.747268208405761));
#3100=DIRECTION('',(0.0,0.0,-1.0));
#3101=VECTOR('',#3100,1.500000000000003);
#3102=LINE('',#3099,#3101);
#3103=CARTESIAN_POINT('',(-25.938656257341119,14.285718917846680,0.247268208405758));
#3104=TRIMMED_CURVE('',#3102,(PARAMETER_VALUE(0.0),#3099),(PARAMETER_VALUE(1.0),#3103),.T.,.PARAMETER.);
#3110=(BOUNDED_CURVE()CURVE()GEOMETRIC_REPRESENTATION_ITEM()REPRESENTATION_ITEM('')SURFACE_CURVE(#3104,(#2714),.CURVE_3D.));
#3111=COMPOSITE_CURVE_SEGMENT(.CONTINUOUS.,.T.,#3110);
#3112=CARTESIAN_POINT('',(-25.938656257341119,14.285718917846680,0.247268208405758));
#3113=DIRECTION('',(1.0,0.0,0.0));
#3114=VECTOR('',#3113,1.600000000000005);
#3115=LINE('',#3112,#3114);
#3116=CARTESIAN_POINT('',(-24.338656257341114,14.285718917846680,0.247268208405758));
#3117=TRIMMED_CURVE('',#3115,(PARAMETER_VALUE(0.0),#3112),(PARAMETER_VALUE(1.0),#3116),.T.,.PARAMETER.);
#3123=(BOUNDED_CURVE()CURVE()GEOMETRIC_REPRESENTATION_ITEM()REPRESENTATION_ITEM('')SURFACE_CURVE(#3117,(#2714),.CURVE_3D.));
#3124=COMPOSITE_CURVE_SEGMENT(.CONTINUOUS.,.T.,#3123);
#3125=CARTESIAN_POINT('',(-24.338656257341118,14.285718917846680,0.247268208405758));
#3126=DIRECTION('',(0.0,0.0,1.0));
#3127=VECTOR('',#3126,1.500000000000002);
#3128=LINE('',#3125,#3127);
#3129=CARTESIAN_POINT('',(-24.338656257341118,14.285718917846680,1.747268208405760));
#3130=TRIMMED_CURVE('',#3128,(PARAMETER_VALUE(0.0),#3125),(PARAMETER_VALUE(1.0),#3129),.T.,.PARAMETER.);
#3136=(BOUNDED_CURVE()CURVE()GEOMETRIC_REPRESENTATION_ITEM()REPRESENTATION_ITEM('')SURFACE_CURVE(#3130,(#2714),.CURVE_3D.));
#3137=COMPOSITE_CURVE_SEGMENT(.CONTINUOUS.,.T.,#3136);
#3138=BOUNDARY_CURVE('',(#3098,#3111,#3124,#3137),.U.);
#3139=CARTESIAN_POINT('',(-24.338656257341114,14.285718917846680,9.247268208405760));
#3140=DIRECTION('',(-1.0,0.0,0.0));
#3141=VECTOR('',#3140,1.600000000000009);
#3142=LINE('',#3139,#3141);
#3143=CARTESIAN_POINT('',(-25.938656257341123,14.285718917846680,9.247268208405760));
#3144=TRIMMED_CURVE('',#3142,(PARAMETER_VALUE(0.0),#3139),(PARAMETER_VALUE(1.0),#3143),.T.,.PARAMETER.);
#3150=(BOUNDED_CURVE()CURVE()GEOMETRIC_REPRESENTATION_ITEM()REPRESENTATION_ITEM('')SURFACE_CURVE(#3144,(#2714),.CURVE_3D.));
#3151=COMPOSITE_CURVE_SEGMENT(.CONTINUOUS.,.T.,#3150);
#3152=CARTESIAN_POINT('',(-25.938656257341119,14.285718917846680,9.247268208405760));
#3153=DIRECTION('',(0.0,0.0,-1.0));
#3154=VECTOR('',#3153,1.500000000000004);
#3155=LINE('',#3152,#3154);
#3156=CARTESIAN_POINT('',(-25.938656257341119,14.285718917846680,7.747268208405757));
#3157=TRIMMED_CURVE('',#3155,(PARAMETER_VALUE(0.0),#3152),(PARAMETER_VALUE(1.0),#3156),.T.,.PARAMETER.);
#3163=(BOUNDED_CURVE()CURVE()GEOMETRIC_REPRESENTATION_ITEM()REPRESENTATION_ITEM('')SURFACE_CURVE(#3157,(#2714),.CURVE_3D.));
#3164=COMPOSITE_CURVE_SEGMENT(.CONTINUOUS.,.T.,#3163);
#3165=CARTESIAN_POINT('',(-25.938656257341119,14.285718917846680,7.747268208405757));
#3166=DIRECTION('',(1.0,0.0,0.0));
#3167=VECTOR('',#3166,1.600000000000016);
#3168=LINE('',#3165,#3167);
#3169=CARTESIAN_POINT('',(-24.338656257341103,14.285718917846680,7.747268208405757));
#3170=TRIMMED_CURVE('',#3168,(PARAMETER_VALUE(0.0),#3165),(PARAMETER_VALUE(1.0),#3169),.T.,.PARAMETER.);
#3176=(BOUNDED_CURVE()CURVE()GEOMETRIC_REPRESENTATION_ITEM()REPRESENTATION_ITEM('')SURFACE_CURVE(#3170,(#2714),.CURVE_3D.));
#3177=COMPOSITE_CURVE_SEGMENT(.CONTINUOUS.,.T.,#3176);
#3178=CARTESIAN_POINT('',(-24.338656257341114,14.285718917846680,7.747268208405757));
#3179=DIRECTION('',(0.0,0.0,1.0));
#3180=VECTOR('',#3179,1.500000000000004);
#3181=LINE('',#3178,#3180);
#3182=CARTESIAN_POINT('',(-24.338656257341114,14.285718917846680,9.247268208405760));
#3183=TRIMMED_CURVE('',#3181,(PARAMETER_VALUE(0.0),#3178),(PARAMETER_VALUE(1.0),#3182),.T.,.PARAMETER.);
#3189=(BOUNDED_CURVE()CURVE()GEOMETRIC_REPRESENTATION_ITEM()REPRESENTATION_ITEM('')SURFACE_CURVE(#3183,(#2714),.CURVE_3D.));
#3190=COMPOSITE_CURVE_SEGMENT(.CONTINUOUS.,.T.,#3189);
#3191=BOUNDARY_CURVE('',(#3151,#3164,#3177,#3190),.U.);
#3192=CARTESIAN_POINT('',(-35.388656257341111,14.285718917846680,4.747268208405760));
#3193=CARTESIAN_POINT('',(-35.388656257341111,14.285718917846680,1.947268208405762));
#3194=CARTESIAN_POINT('',(-32.588656257341107,14.285718917846680,1.947268208405762));
#3195=CARTESIAN_POINT('',(-29.788656257341110,14.285718917846680,1.947268208405762));
#3196=CARTESIAN_POINT('',(-29.788656257341113,14.285718917846680,4.747268208405760));
#3204=(BOUNDED_CURVE()B_SPLINE_CURVE(2,(#3192,#3193,#3194,#3195,#3196),.UNSPECIFIED.,.F.,.U.)B_SPLINE_CURVE_WITH_KNOTS((3,2,3),(0.0,0.500000000000000,1.0),.UNSPECIFIED.)CURVE()GEOMETRIC_REPRESENTATION_ITEM()RATIONAL_B_SPLINE_CURVE((1.0,0.707106781186548,1.0,0.707106781186548,1.0))REPRESENTATION_ITEM(''));
#3210=(BOUNDED_CURVE()CURVE()GEOMETRIC_REPRESENTATION_ITEM()REPRESENTATION_ITEM('')SURFACE_CURVE(#3204,(#2714),.CURVE_3D.));
#3211=COMPOSITE_CURVE_SEGMENT(.CONTINUOUS.,.T.,#3210);
#3212=CARTESIAN_POINT('',(-29.788656257341113,14.285718917846680,4.747268208405760));
#3213=CARTESIAN_POINT('',(-29.788656257341110,14.285718917846680,7.547268208405761));
#3214=CARTESIAN_POINT('',(-32.588656257341107,14.285718917846680,7.547268208405761));
#3215=CARTESIAN_POINT('',(-35.388656257341111,14.285718917846680,7.547268208405761));
#3216=CARTESIAN_POINT('',(-35.388656257341111,14.285718917846680,4.747268208405760));
#3224=(BOUNDED_CURVE()B_SPLINE_CURVE(2,(#3212,#3213,#3214,#3215,#3216),.UNSPECIFIED.,.F.,.U.)B_SPLINE_CURVE_WITH_KNOTS((3,2,3),(0.0,0.500000000000000,1.0),.UNSPECIFIED.)CURVE()GEOMETRIC_REPRESENTATION_ITEM()RATIONAL_B_SPLINE_CURVE((1.0,0.707106781186548,1.0,0.707106781186548,1.0))REPRESENTATION_ITEM(''));
#3230=(BOUNDED_CURVE()CURVE()GEOMETRIC_REPRESENTATION_ITEM()REPRESENTATION_ITEM('')SURFACE_CURVE(#3224,(#2714),.CURVE_3D.));
#3231=COMPOSITE_CURVE_SEGMENT(.CONTINUOUS.,.T.,#3230);
#3232=BOUNDARY_CURVE('',(#3211,#3231),.U.);
#3233=CURVE_BOUNDED_SURFACE('',#2714,(#2767,#2820,#2873,#2926,#2979,#3032,#3085,#3138,#3191,#3232),.F.);
#3234=STYLED_ITEM('',(#3235),#3233);
#3235=PRESENTATION_STYLE_ASSIGNMENT((#3236));
#3236=SURFACE_STYLE_USAGE(.POSITIVE.,#3237);
#3237=SURFACE_SIDE_STYLE('',(#3238));
#3238=SURFACE_STYLE_FILL_AREA(#3239);
#3239=FILL_AREA_STYLE('',(#3240));
#3240=FILL_AREA_STYLE_COLOUR('',#3241);
#3241=COLOUR_RGB('',0.0,0.0,1.0);
#3242=PRESENTATION_LAYER_ASSIGNMENT('7','',(#3233));
#3243=CARTESIAN_POINT('',(-22.138656257341118,4.650718917846682,11.347268208405762));
#3244=DIRECTION('',(1.0,0.0,0.0));
#3245=DIRECTION('',(0.0,0.0,-1.0));
#3246=AXIS2_PLACEMENT_3D('',#3243,#3244,#3245);
#3247=PLANE('',#3246);
#3248=CARTESIAN_POINT('',(-22.138656257341118,13.785718917846680,10.747268208405762));
#3249=DIRECTION('',(0.0,-1.0,0.0));
#3250=VECTOR('',#3249,8.699999999999998);
#3251=LINE('',#3248,#3250);
#3252=CARTESIAN_POINT('',(-22.138656257341118,5.085718917846682,10.747268208405762));
#3253=TRIMMED_CURVE('',#3251,(PARAMETER_VALUE(0.0),#3248),(PARAMETER_VALUE(1.0),#3252),.T.,.PARAMETER.);
#3259=(BOUNDED_CURVE()CURVE()GEOMETRIC_REPRESENTATION_ITEM()REPRESENTATION_ITEM('')SURFACE_CURVE(#3253,(#3247),.CURVE_3D.));
#3260=COMPOSITE_CURVE_SEGMENT(.CONTINUOUS.,.T.,#3259);
#3261=CARTESIAN_POINT('',(-22.138656257341118,5.085718917846681,10.747268208405762));
#3262=DIRECTION('',(0.0,0.0,-1.0));
#3263=VECTOR('',#3262,4.750000000000004);
#3264=LINE('',#3261,#3263);
#3265=CARTESIAN_POINT('',(-22.138656257341118,5.085718917846681,5.997268208405758));
#3266=TRIMMED_CURVE('',#3264,(PARAMETER_VALUE(0.0),#3261),(PARAMETER_VALUE(1.0),#3265),.T.,.PARAMETER.);
#3272=(BOUNDED_CURVE()CURVE()GEOMETRIC_REPRESENTATION_ITEM()REPRESENTATION_ITEM('')SURFACE_CURVE(#3266,(#3247),.CURVE_3D.));
#3273=COMPOSITE_CURVE_SEGMENT(.CONTINUOUS.,.T.,#3272);
#3274=CARTESIAN_POINT('',(-22.138656257341118,5.085718917846681,5.997268208405759));
#3275=DIRECTION('',(0.0,1.0,0.0));
#3276=VECTOR('',#3275,3.300000000000002);
#3277=LINE('',#3274,#3276);
#3278=CARTESIAN_POINT('',(-22.138656257341118,8.385718917846683,5.997268208405759));
#3279=TRIMMED_CURVE('',#3277,(PARAMETER_VALUE(0.0),#3274),(PARAMETER_VALUE(1.0),#3278),.T.,.PARAMETER.);
#3285=(BOUNDED_CURVE()CURVE()GEOMETRIC_REPRESENTATION_ITEM()REPRESENTATION_ITEM('')SURFACE_CURVE(#3279,(#3247),.CURVE_3D.));
#3286=COMPOSITE_CURVE_SEGMENT(.CONTINUOUS.,.T.,#3285);
#3287=CARTESIAN_POINT('',(-22.138656257341118,8.385718917846683,5.997268208405761));
#3288=DIRECTION('',(0.0,0.0,-1.0));
#3289=VECTOR('',#3288,2.500000000000001);
#3290=LINE('',#3287,#3289);
#3291=CARTESIAN_POINT('',(-22.138656257341118,8.385718917846683,3.497268208405760));
#3292=TRIMMED_CURVE('',#3290,(PARAMETER_VALUE(0.0),#3287),(PARAMETER_VALUE(1.0),#3291),.T.,.PARAMETER.);
#3298=(BOUNDED_CURVE()CURVE()GEOMETRIC_REPRESENTATION_ITEM()REPRESENTATION_ITEM('')SURFACE_CURVE(#3292,(#3247),.CURVE_3D.));
#3299=COMPOSITE_CURVE_SEGMENT(.CONTINUOUS.,.T.,#3298);
#3300=CARTESIAN_POINT('',(-22.138656257341118,8.385718917846683,3.497268208405762));
#3301=DIRECTION('',(0.0,-1.0,0.0));
#3302=VECTOR('',#3301,3.300000000000002);
#3303=LINE('',#3300,#3302);
#3304=CARTESIAN_POINT('',(-22.138656257341118,5.085718917846681,3.497268208405762));
#3305=TRIMMED_CURVE('',#3303,(PARAMETER_VALUE(0.0),#3300),(PARAMETER_VALUE(1.0),#3304),.T.,.PARAMETER.);
#3311=(BOUNDED_CURVE()CURVE()GEOMETRIC_REPRESENTATION_ITEM()REPRESENTATION_ITEM('')SURFACE_CURVE(#3305,(#3247),.CURVE_3D.));
#3312=COMPOSITE_CURVE_SEGMENT(.CONTINUOUS.,.T.,#3311);
#3313=CARTESIAN_POINT('',(-22.138656257341118,5.085718917846681,3.497268208405762));
#3314=DIRECTION('',(0.0,0.0,-1.0));
#3315=VECTOR('',#3314,4.750000000000000);
#3316=LINE('',#3313,#3315);
#3317=CARTESIAN_POINT('',(-22.138656257341118,5.085718917846681,-1.252731791594238));
#3318=TRIMMED_CURVE('',#3316,(PARAMETER_VALUE(0.0),#3313),(PARAMETER_VALUE(1.0),#3317),.T.,.PARAMETER.);
#3324=(BOUNDED_CURVE()CURVE()GEOMETRIC_REPRESENTATION_ITEM()REPRESENTATION_ITEM('')SURFACE_CURVE(#3318,(#3247),.CURVE_3D.));
#3325=COMPOSITE_CURVE_SEGMENT(.CONTINUOUS.,.T.,#3324);
#3326=CARTESIAN_POINT('',(-22.138656257341118,5.085718917846681,-1.252731791594238));
#3327=DIRECTION('',(0.0,1.0,0.0));
#3328=VECTOR('',#3327,8.699999999999999);
#3329=LINE('',#3326,#3328);
#3330=CARTESIAN_POINT('',(-22.138656257341118,13.785718917846680,-1.252731791594238));
#3331=TRIMMED_CURVE('',#3329,(PARAMETER_VALUE(0.0),#3326),(PARAMETER_VALUE(1.0),#3330),.T.,.PARAMETER.);
#3337=(BOUNDED_CURVE()CURVE()GEOMETRIC_REPRESENTATION_ITEM()REPRESENTATION_ITEM('')SURFACE_CURVE(#3331,(#3247),.CURVE_3D.));
#3338=COMPOSITE_CURVE_SEGMENT(.CONTINUOUS.,.T.,#3337);
#3339=CARTESIAN_POINT('',(-22.138656257341118,13.785718917846680,-1.252731791594238));
#3340=DIRECTION('',(0.0,0.0,1.0));
#3341=VECTOR('',#3340,12.0);
#3342=LINE('',#3339,#3341);
#3343=CARTESIAN_POINT('',(-22.138656257341118,13.785718917846680,10.747268208405762));
#3344=TRIMMED_CURVE('',#3342,(PARAMETER_VALUE(0.0),#3339),(PARAMETER_VALUE(1.0),#3343),.T.,.PARAMETER.);
#3350=(BOUNDED_CURVE()CURVE()GEOMETRIC_REPRESENTATION_ITEM()REPRESENTATION_ITEM('')SURFACE_CURVE(#3344,(#3247),.CURVE_3D.));
#3351=COMPOSITE_CURVE_SEGMENT(.CONTINUOUS.,.T.,#3350);
#3352=OUTER_BOUNDARY_CURVE('',(#3260,#3273,#3286,#3299,#3312,#3325,#3338,#3351),.U.);
#3353=CARTESIAN_POINT('',(-22.138656257341118,12.485718917846683,5.997268208405765));
#3354=DIRECTION('',(0.0,0.0,-1.0));
#3355=VECTOR('',#3354,2.500000000000003);
#3356=LINE('',#3353,#3355);
#3357=CARTESIAN_POINT('',(-22.138656257341118,12.485718917846683,3.497268208405762));
#3358=TRIMMED_CURVE('',#3356,(PARAMETER_VALUE(0.0),#3353),(PARAMETER_VALUE(1.0),#3357),.T.,.PARAMETER.);
#3364=(BOUNDED_CURVE()CURVE()GEOMETRIC_REPRESENTATION_ITEM()REPRESENTATION_ITEM('')SURFACE_CURVE(#3358,(#3247),.CURVE_3D.));
#3365=COMPOSITE_CURVE_SEGMENT(.CONTINUOUS.,.T.,#3364);
#3366=CARTESIAN_POINT('',(-22.138656257341118,12.485718917846683,3.497268208405762));
#3367=DIRECTION('',(0.0,-1.0,0.0));
#3368=VECTOR('',#3367,3.099999999999998);
#3369=LINE('',#3366,#3368);
#3370=CARTESIAN_POINT('',(-22.138656257341118,9.385718917846685,3.497268208405762));
#3371=TRIMMED_CURVE('',#3369,(PARAMETER_VALUE(0.0),#3366),(PARAMETER_VALUE(1.0),#3370),.T.,.PARAMETER.);
#3377=(BOUNDED_CURVE()CURVE()GEOMETRIC_REPRESENTATION_ITEM()REPRESENTATION_ITEM('')SURFACE_CURVE(#3371,(#3247),.CURVE_3D.));
#3378=COMPOSITE_CURVE_SEGMENT(.CONTINUOUS.,.T.,#3377);
#3379=CARTESIAN_POINT('',(-22.138656257341118,9.385718917846679,3.497268208405762));
#3380=DIRECTION('',(0.0,0.0,1.0));
#3381=VECTOR('',#3380,2.500000000000000);
#3382=LINE('',#3379,#3381);
#3383=CARTESIAN_POINT('',(-22.138656257341118,9.385718917846679,5.997268208405762));
#3384=TRIMMED_CURVE('',#3382,(PARAMETER_VALUE(0.0),#3379),(PARAMETER_VALUE(1.0),#3383),.T.,.PARAMETER.);
#3390=(BOUNDED_CURVE()CURVE()GEOMETRIC_REPRESENTATION_ITEM()REPRESENTATION_ITEM('')SURFACE_CURVE(#3384,(#3247),.CURVE_3D.));
#3391=COMPOSITE_CURVE_SEGMENT(.CONTINUOUS.,.T.,#3390);
#3392=CARTESIAN_POINT('',(-22.138656257341118,9.385718917846679,5.997268208405765));
#3393=DIRECTION('',(0.0,1.0,0.0));
#3394=VECTOR('',#3393,3.100000000000001);
#3395=LINE('',#3392,#3394);
#3396=CARTESIAN_POINT('',(-22.138656257341118,12.485718917846681,5.997268208405765));
#3397=TRIMMED_CURVE('',#3395,(PARAMETER_VALUE(0.0),#3392),(PARAMETER_VALUE(1.0),#3396),.T.,.PARAMETER.);
#3403=(BOUNDED_CURVE()CURVE()GEOMETRIC_REPRESENTATION_ITEM()REPRESENTATION_ITEM('')SURFACE_CURVE(#3397,(#3247),.CURVE_3D.));
#3404=COMPOSITE_CURVE_SEGMENT(.CONTINUOUS.,.T.,#3403);
#3405=BOUNDARY_CURVE('',(#3365,#3378,#3391,#3404),.U.);
#3406=CURVE_BOUNDED_SURFACE('',#3247,(#3352,#3405),.F.);
#3407=STYLED_ITEM('',(#3408),#3406);
#3408=PRESENTATION_STYLE_ASSIGNMENT((#3409));
#3409=SURFACE_STYLE_USAGE(.POSITIVE.,#3410);
#3410=SURFACE_SIDE_STYLE('',(#3411));
#3411=SURFACE_STYLE_FILL_AREA(#3412);
#3412=FILL_AREA_STYLE('',(#3413));
#3413=FILL_AREA_STYLE_COLOUR('',#3414);
#3414=COLOUR_RGB('',0.0,0.0,1.0);
#3415=PRESENTATION_LAYER_ASSIGNMENT('7','',(#3406));
#3416=CARTESIAN_POINT('',(-27.913656257341120,5.085718917846681,11.509768208405760));
#3417=DIRECTION('',(0.0,-1.0,0.0));
#3418=DIRECTION('',(0.0,0.0,-1.0));
#3419=AXIS2_PLACEMENT_3D('',#3416,#3417,#3418);
#3420=PLANE('',#3419);
#3421=CARTESIAN_POINT('',(-22.138656257341118,5.085718917846681,10.747268208405760));
#3422=CARTESIAN_POINT('',(-22.138656257341108,5.085718917846681,11.247268208405755));
#3423=CARTESIAN_POINT('',(-22.638656257341118,5.085718917846681,11.247268208405760));
#3431=(BOUNDED_CURVE()B_SPLINE_CURVE(2,(#3421,#3422,#3423),.UNSPECIFIED.,.F.,.U.)CURVE()GEOMETRIC_REPRESENTATION_ITEM()QUASI_UNIFORM_CURVE()RATIONAL_B_SPLINE_CURVE((1.0,0.707106781186548,1.0))REPRESENTATION_ITEM(''));
#3437=(BOUNDED_CURVE()CURVE()GEOMETRIC_REPRESENTATION_ITEM()REPRESENTATION_ITEM('')SURFACE_CURVE(#3431,(#3420),.CURVE_3D.));
#3438=COMPOSITE_CURVE_SEGMENT(.CONTINUOUS.,.T.,#3437);
#3439=CARTESIAN_POINT('',(-22.638656257341118,5.085718917846681,11.247268208405760));
#3440=DIRECTION('',(-1.0,0.0,0.0));
#3441=VECTOR('',#3440,4.0);
#3442=LINE('',#3439,#3441);
#3443=CARTESIAN_POINT('',(-26.638656257341118,5.085718917846681,11.247268208405760));
#3444=TRIMMED_CURVE('',#3442,(PARAMETER_VALUE(0.0),#3439),(PARAMETER_VALUE(1.0),#3443),.T.,.PARAMETER.);
#3450=(BOUNDED_CURVE()CURVE()GEOMETRIC_REPRESENTATION_ITEM()REPRESENTATION_ITEM('')SURFACE_CURVE(#3444,(#3420),.CURVE_3D.));
#3451=COMPOSITE_CURVE_SEGMENT(.CONTINUOUS.,.T.,#3450);
#3452=CARTESIAN_POINT('',(-26.638656257341115,5.085718917846681,11.247268208405760));
#3453=DIRECTION('',(0.0,0.0,-1.0));
#3454=VECTOR('',#3453,0.999999999999996);
#3455=LINE('',#3452,#3454);
#3456=CARTESIAN_POINT('',(-26.638656257341115,5.085718917846681,10.247268208405764));
#3457=TRIMMED_CURVE('',#3455,(PARAMETER_VALUE(0.0),#3452),(PARAMETER_VALUE(1.0),#3456),.T.,.PARAMETER.);
#3463=(BOUNDED_CURVE()CURVE()GEOMETRIC_REPRESENTATION_ITEM()REPRESENTATION_ITEM('')SURFACE_CURVE(#3457,(#3420),.CURVE_3D.));
#3464=COMPOSITE_CURVE_SEGMENT(.CONTINUOUS.,.T.,#3463);
#3465=CARTESIAN_POINT('',(-26.638656257341115,5.085718917846681,10.247268208405762));
#3466=DIRECTION('',(-1.0,0.0,0.0));
#3467=VECTOR('',#3466,1.000000000000004);
#3468=LINE('',#3465,#3467);
#3469=CARTESIAN_POINT('',(-27.638656257341118,5.085718917846681,10.247268208405762));
#3470=TRIMMED_CURVE('',#3468,(PARAMETER_VALUE(0.0),#3465),(PARAMETER_VALUE(1.0),#3469),.T.,.PARAMETER.);
#3476=(BOUNDED_CURVE()CURVE()GEOMETRIC_REPRESENTATION_ITEM()REPRESENTATION_ITEM('')SURFACE_CURVE(#3470,(#3420),.CURVE_3D.));
#3477=COMPOSITE_CURVE_SEGMENT(.CONTINUOUS.,.T.,#3476);
#3478=CARTESIAN_POINT('',(-27.638656257341115,5.085718917846681,10.247268208405762));
#3479=DIRECTION('',(0.0,0.0,-1.0));
#3480=VECTOR('',#3479,4.250000000000005);
#3481=LINE('',#3478,#3480);
#3482=CARTESIAN_POINT('',(-27.638656257341115,5.085718917846681,5.997268208405757));
#3483=TRIMMED_CURVE('',#3481,(PARAMETER_VALUE(0.0),#3478),(PARAMETER_VALUE(1.0),#3482),.T.,.PARAMETER.);
#3489=(BOUNDED_CURVE()CURVE()GEOMETRIC_REPRESENTATION_ITEM()REPRESENTATION_ITEM('')SURFACE_CURVE(#3483,(#3420),.CURVE_3D.));
#3490=COMPOSITE_CURVE_SEGMENT(.CONTINUOUS.,.T.,#3489);
#3491=CARTESIAN_POINT('',(-27.638656257341115,5.085718917846681,5.997268208405759));
#3492=DIRECTION('',(1.0,0.0,0.0));
#3493=VECTOR('',#3492,5.500000000000004);
#3494=LINE('',#3491,#3493);
#3495=CARTESIAN_POINT('',(-22.138656257341111,5.085718917846681,5.997268208405759));
#3496=TRIMMED_CURVE('',#3494,(PARAMETER_VALUE(0.0),#3491),(PARAMETER_VALUE(1.0),#3495),.T.,.PARAMETER.);
#3502=(BOUNDED_CURVE()CURVE()GEOMETRIC_REPRESENTATION_ITEM()REPRESENTATION_ITEM('')SURFACE_CURVE(#3496,(#3420),.CURVE_3D.));
#3503=COMPOSITE_CURVE_SEGMENT(.CONTINUOUS.,.T.,#3502);
#3504=CARTESIAN_POINT('',(-22.138656257341118,5.085718917846681,5.997268208405759));
#3505=DIRECTION('',(0.0,0.0,1.0));
#3506=VECTOR('',#3505,4.750000000000001);
#3507=LINE('',#3504,#3506);
#3508=CARTESIAN_POINT('',(-22.138656257341118,5.085718917846681,10.747268208405760));
#3509=TRIMMED_CURVE('',#3507,(PARAMETER_VALUE(0.0),#3504),(PARAMETER_VALUE(1.0),#3508),.T.,.PARAMETER.);
#3515=(BOUNDED_CURVE()CURVE()GEOMETRIC_REPRESENTATION_ITEM()REPRESENTATION_ITEM('')SURFACE_CURVE(#3509,(#3420),.CURVE_3D.));
#3516=COMPOSITE_CURVE_SEGMENT(.CONTINUOUS.,.T.,#3515);
#3517=OUTER_BOUNDARY_CURVE('',(#3438,#3451,#3464,#3477,#3490,#3503,#3516),.U.);
#3518=CARTESIAN_POINT('',(-25.638656257341118,5.085718917846681,8.372268208405764));
#3519=DIRECTION('',(0.0,0.0,1.0));
#3520=VECTOR('',#3519,0.250000000000000);
#3521=LINE('',#3518,#3520);
#3522=CARTESIAN_POINT('',(-25.638656257341118,5.085718917846681,8.622268208405764));
#3523=TRIMMED_CURVE('',#3521,(PARAMETER_VALUE(0.0),#3518),(PARAMETER_VALUE(1.0),#3522),.T.,.PARAMETER.);
#3529=(BOUNDED_CURVE()CURVE()GEOMETRIC_REPRESENTATION_ITEM()REPRESENTATION_ITEM('')SURFACE_CURVE(#3523,(#3420),.CURVE_3D.));
#3530=COMPOSITE_CURVE_SEGMENT(.CONTINUOUS.,.T.,#3529);
#3531=CARTESIAN_POINT('',(-25.638656257341118,5.085718917846681,8.622268208405764));
#3532=DIRECTION('',(1.0,0.0,0.0));
#3533=VECTOR('',#3532,1.0);
#3534=LINE('',#3531,#3533);
#3535=CARTESIAN_POINT('',(-24.638656257341118,5.085718917846681,8.622268208405764));
#3536=TRIMMED_CURVE('',#3534,(PARAMETER_VALUE(0.0),#3531),(PARAMETER_VALUE(1.0),#3535),.T.,.PARAMETER.);
#3542=(BOUNDED_CURVE()CURVE()GEOMETRIC_REPRESENTATION_ITEM()REPRESENTATION_ITEM('')SURFACE_CURVE(#3536,(#3420),.CURVE_3D.));
#3543=COMPOSITE_CURVE_SEGMENT(.CONTINUOUS.,.T.,#3542);
#3544=CARTESIAN_POINT('',(-24.638656257341118,5.085718917846681,8.622268208405764));
#3545=DIRECTION('',(0.0,0.0,-1.0));
#3546=VECTOR('',#3545,0.250000000000000);
#3547=LINE('',#3544,#3546);
#3548=CARTESIAN_POINT('',(-24.638656257341118,5.085718917846681,8.372268208405764));
#3549=TRIMMED_CURVE('',#3547,(PARAMETER_VALUE(0.0),#3544),(PARAMETER_VALUE(1.0),#3548),.T.,.PARAMETER.);
#3555=(BOUNDED_CURVE()CURVE()GEOMETRIC_REPRESENTATION_ITEM()REPRESENTATION_ITEM('')SURFACE_CURVE(#3549,(#3420),.CURVE_3D.));
#3556=COMPOSITE_CURVE_SEGMENT(.CONTINUOUS.,.T.,#3555);
#3557=CARTESIAN_POINT('',(-24.638656257341118,5.085718917846681,8.372268208405764));
#3558=DIRECTION('',(-1.0,0.0,0.0));
#3559=VECTOR('',#3558,1.0);
#3560=LINE('',#3557,#3559);
#3561=CARTESIAN_POINT('',(-25.638656257341118,5.085718917846681,8.372268208405764));
#3562=TRIMMED_CURVE('',#3560,(PARAMETER_VALUE(0.0),#3557),(PARAMETER_VALUE(1.0),#3561),.T.,.PARAMETER.);
#3568=(BOUNDED_CURVE()CURVE()GEOMETRIC_REPRESENTATION_ITEM()REPRESENTATION_ITEM('')SURFACE_CURVE(#3562,(#3420),.CURVE_3D.));
#3569=COMPOSITE_CURVE_SEGMENT(.CONTINUOUS.,.T.,#3568);
#3570=BOUNDARY_CURVE('',(#3530,#3543,#3556,#3569),.U.);
#3571=CURVE_BOUNDED_SURFACE('',#3420,(#3517,#3570),.F.);
#3572=STYLED_ITEM('',(#3573),#3571);
#3573=PRESENTATION_STYLE_ASSIGNMENT((#3574));
#3574=SURFACE_STYLE_USAGE(.POSITIVE.,#3575);
#3575=SURFACE_SIDE_STYLE('',(#3576));
#3576=SURFACE_STYLE_FILL_AREA(#3577);
#3577=FILL_AREA_STYLE('',(#3578));
#3578=FILL_AREA_STYLE_COLOUR('',#3579);
#3579=COLOUR_RGB('',0.0,0.0,1.0);
#3580=PRESENTATION_LAYER_ASSIGNMENT('7','',(#3571));
#3581=CARTESIAN_POINT('',(-22.638656257341118,5.085717707846667,-1.252731791594239));
#3582=DIRECTION('',(0.0,1.0,0.0));
#3583=DIRECTION('',(-0.707106781186548,0.0,0.707106781186547));
#3584=AXIS2_PLACEMENT_3D('',#3581,#3582,#3583);
#3585=CYLINDRICAL_SURFACE('',#3584,0.500000000000000);
#3586=CARTESIAN_POINT('',(-22.638656257341118,5.085718917846681,-1.252731791594238));
#3587=DIRECTION('',(0.0,1.0,0.0));
#3588=DIRECTION('',(-0.707106781186548,0.0,0.707106781186547));
#3589=AXIS2_PLACEMENT_3D('',#3586,#3587,#3588);
#3590=CIRCLE('',#3589,0.500000000000000);
#3591=CARTESIAN_POINT('',(-22.138656257341118,5.085718917846681,-1.252731791594234));
#3592=CARTESIAN_POINT('',(-22.638657007341124,5.085718917846681,-1.752731791593675));
#3593=TRIMMED_CURVE('',#3590,(PARAMETER_VALUE(134.999999999999720),#3591),(PARAMETER_VALUE(225.000085943669970),#3592),.T.,.PARAMETER.);
#3599=(BOUNDED_CURVE()CURVE()GEOMETRIC_REPRESENTATION_ITEM()REPRESENTATION_ITEM('')SURFACE_CURVE(#3593,(#3585),.CURVE_3D.));
#3600=COMPOSITE_CURVE_SEGMENT(.CONTINUOUS.,.T.,#3599);
#3601=CARTESIAN_POINT('',(-22.638656257341118,5.085718917846681,-1.752731791594239));
#3602=DIRECTION('',(0.0,1.0,0.0));
#3603=VECTOR('',#3602,8.699999999999999);
#3604=LINE('',#3601,#3603);
#3605=CARTESIAN_POINT('',(-22.638656257341118,13.785718917846680,-1.752731791594239));
#3606=TRIMMED_CURVE('',#3604,(PARAMETER_VALUE(0.0),#3601),(PARAMETER_VALUE(1.0),#3605),.T.,.PARAMETER.);
#3612=(BOUNDED_CURVE()CURVE()GEOMETRIC_REPRESENTATION_ITEM()REPRESENTATION_ITEM('')SURFACE_CURVE(#3606,(#3585),.CURVE_3D.));
#3613=COMPOSITE_CURVE_SEGMENT(.CONTINUOUS.,.T.,#3612);
#3614=CARTESIAN_POINT('',(-22.638656257341118,13.785718917846680,-1.252731791594238));
#3615=DIRECTION('',(0.0,-1.0,0.0));
#3616=DIRECTION('',(-0.707106781186548,0.0,0.707106781186547));
#3617=AXIS2_PLACEMENT_3D('',#3614,#3615,#3616);
#3618=CIRCLE('',#3617,0.500000000000000);
#3619=CARTESIAN_POINT('',(-22.638656257341125,13.785718917846680,-1.752731791594238));
#3620=CARTESIAN_POINT('',(-22.138656257341680,13.785718917846680,-1.252731041594235));
#3621=TRIMMED_CURVE('',#3618,(PARAMETER_VALUE(134.999999999999120),#3619),(PARAMETER_VALUE(225.000085943669380),#3620),.T.,.PARAMETER.);
#3627=(BOUNDED_CURVE()CURVE()GEOMETRIC_REPRESENTATION_ITEM()REPRESENTATION_ITEM('')SURFACE_CURVE(#3621,(#3585),.CURVE_3D.));
#3628=COMPOSITE_CURVE_SEGMENT(.CONTINUOUS.,.T.,#3627);
#3629=CARTESIAN_POINT('',(-22.138656257341118,13.785718917846680,-1.252731791594239));
#3630=DIRECTION('',(0.0,-1.0,0.0));
#3631=VECTOR('',#3630,8.699999999999998);
#3632=LINE('',#3629,#3631);
#3633=CARTESIAN_POINT('',(-22.138656257341118,5.085718917846682,-1.252731791594239));
#3634=TRIMMED_CURVE('',#3632,(PARAMETER_VALUE(0.0),#3629),(PARAMETER_VALUE(1.0),#3633),.T.,.PARAMETER.);
#3640=(BOUNDED_CURVE()CURVE()GEOMETRIC_REPRESENTATION_ITEM()REPRESENTATION_ITEM('')SURFACE_CURVE(#3634,(#3585),.CURVE_3D.));
#3641=COMPOSITE_CURVE_SEGMENT(.CONTINUOUS.,.T.,#3640);
#3642=OUTER_BOUNDARY_CURVE('',(#3600,#3613,#3628,#3641),.U.);
#3643=CURVE_BOUNDED_SURFACE('',#3585,(#3642),.F.);
#3644=STYLED_ITEM('',(#3645),#3643);
#3645=PRESENTATION_STYLE_ASSIGNMENT((#3646));
#3646=SURFACE_STYLE_USAGE(.POSITIVE.,#3647);
#3647=SURFACE_SIDE_STYLE('',(#3648));
#3648=SURFACE_STYLE_FILL_AREA(#3649);
#3649=FILL_AREA_STYLE('',(#3650));
#3650=FILL_AREA_STYLE_COLOUR('',#3651);
#3651=COLOUR_RGB('',0.0,0.0,1.0);
#3652=PRESENTATION_LAYER_ASSIGNMENT('7','',(#3643));
#3653=CARTESIAN_POINT('',(-22.638655047341114,13.785718917846680,-1.252731791594239));
#3654=DIRECTION('',(-1.0,0.0,0.0));
#3655=DIRECTION('',(0.0,-0.707106781186548,0.707106781186547));
#3656=AXIS2_PLACEMENT_3D('',#3653,#3654,#3655);
#3657=CYLINDRICAL_SURFACE('',#3656,0.500000000000000);
#3658=CARTESIAN_POINT('',(-22.638656257341118,13.785718917846681,-1.252731791594238));
#3659=DIRECTION('',(-1.0,0.0,0.0));
#3660=DIRECTION('',(0.0,-0.707106781186548,0.707106781186547));
#3661=AXIS2_PLACEMENT_3D('',#3658,#3659,#3660);
#3662=CIRCLE('',#3661,0.500000000000000);
#3663=CARTESIAN_POINT('',(-22.638656257341118,14.285718917846681,-1.252731791594240));
#3664=CARTESIAN_POINT('',(-22.638656257341118,13.785718167846683,-1.752731791593676));
#3665=TRIMMED_CURVE('',#3662,(PARAMETER_VALUE(135.000000000000090),#3663),(PARAMETER_VALUE(225.000085943669150),#3664),.T.,.PARAMETER.);
#3671=(BOUNDED_CURVE()CURVE()GEOMETRIC_REPRESENTATION_ITEM()REPRESENTATION_ITEM('')SURFACE_CURVE(#3665,(#3657),.CURVE_3D.));
#3672=COMPOSITE_CURVE_SEGMENT(.CONTINUOUS.,.T.,#3671);
#3673=CARTESIAN_POINT('',(-22.638656257341118,13.785718917846680,-1.752731791594239));
#3674=DIRECTION('',(-1.0,0.0,0.0));
#3675=VECTOR('',#3674,29.300000000000011);
#3676=LINE('',#3673,#3675);
#3677=CARTESIAN_POINT('',(-51.938656257341130,13.785718917846680,-1.752731791594239));
#3678=TRIMMED_CURVE('',#3676,(PARAMETER_VALUE(0.0),#3673),(PARAMETER_VALUE(1.0),#3677),.T.,.PARAMETER.);
#3684=(BOUNDED_CURVE()CURVE()GEOMETRIC_REPRESENTATION_ITEM()REPRESENTATION_ITEM('')SURFACE_CURVE(#3678,(#3657),.CURVE_3D.));
#3685=COMPOSITE_CURVE_SEGMENT(.CONTINUOUS.,.T.,#3684);
#3686=CARTESIAN_POINT('',(-51.938656257341123,13.785718917846681,-1.252731791594238));
#3687=DIRECTION('',(1.0,0.0,0.0));
#3688=DIRECTION('',(0.0,-0.707106781186548,0.707106781186547));
#3689=AXIS2_PLACEMENT_3D('',#3686,#3687,#3688);
#3690=CIRCLE('',#3689,0.500000000000000);
#3691=CARTESIAN_POINT('',(-51.938656257341123,13.785718917846680,-1.752731791594238));
#3692=CARTESIAN_POINT('',(-51.938656257341123,14.285718917846118,-1.252731041594239));
#3693=TRIMMED_CURVE('',#3690,(PARAMETER_VALUE(134.999999999999940),#3691),(PARAMETER_VALUE(225.000085943669060),#3692),.T.,.PARAMETER.);
#3699=(BOUNDED_CURVE()CURVE()GEOMETRIC_REPRESENTATION_ITEM()REPRESENTATION_ITEM('')SURFACE_CURVE(#3693,(#3657),.CURVE_3D.));
#3700=COMPOSITE_CURVE_SEGMENT(.CONTINUOUS.,.T.,#3699);
#3701=CARTESIAN_POINT('',(-51.938656257341123,14.285718917846680,-1.252731791594239));
#3702=DIRECTION('',(1.0,0.0,0.0));
#3703=VECTOR('',#3702,29.300000000000011);
#3704=LINE('',#3701,#3703);
#3705=CARTESIAN_POINT('',(-22.638656257341111,14.285718917846680,-1.252731791594239));
#3706=TRIMMED_CURVE('',#3704,(PARAMETER_VALUE(0.0),#3701),(PARAMETER_VALUE(1.0),#3705),.T.,.PARAMETER.);
#3712=(BOUNDED_CURVE()CURVE()GEOMETRIC_REPRESENTATION_ITEM()REPRESENTATION_ITEM('')SURFACE_CURVE(#3706,(#3657),.CURVE_3D.));
#3713=COMPOSITE_CURVE_SEGMENT(.CONTINUOUS.,.T.,#3712);
#3714=OUTER_BOUNDARY_CURVE('',(#3672,#3685,#3700,#3713),.U.);
#3715=CURVE_BOUNDED_SURFACE('',#3657,(#3714),.F.);
#3716=STYLED_ITEM('',(#3717),#3715);
#3717=PRESENTATION_STYLE_ASSIGNMENT((#3718));
#3718=SURFACE_STYLE_USAGE(.POSITIVE.,#3719);
#3719=SURFACE_SIDE_STYLE('',(#3720));
#3720=SURFACE_STYLE_FILL_AREA(#3721);
#3721=FILL_AREA_STYLE('',(#3722));
#3722=FILL_AREA_STYLE_COLOUR('',#3723);
#3723=COLOUR_RGB('',0.0,0.0,1.0);
#3724=PRESENTATION_LAYER_ASSIGNMENT('7','',(#3715));
#3725=CARTESIAN_POINT('',(-22.638656271483246,13.785718917846674,-1.752731791594238));
#3726=CARTESIAN_POINT('',(-22.638656271483246,13.785718911988813,-1.752731791594238));
#3727=CARTESIAN_POINT('',(-22.638656267341112,13.785718907846677,-1.752731791594238));
#3728=CARTESIAN_POINT('',(-22.638656263198975,13.785718903704543,-1.752731791594238));
#3729=CARTESIAN_POINT('',(-22.638656257341108,13.785718903704543,-1.752731791594238));
#3730=CARTESIAN_POINT('',(-22.138656257341108,13.785718884709594,-1.752731805736375));
#3731=CARTESIAN_POINT('',(-22.138656243615287,13.992825685307393,-1.752731805736375));
#3732=CARTESIAN_POINT('',(-22.285102866747842,14.139272308439953,-1.752731805736375));
#3733=CARTESIAN_POINT('',(-22.431549489880439,14.285718931572552,-1.752731805736374));
#3734=CARTESIAN_POINT('',(-22.638656290478306,14.285718917846673,-1.752731805736375));
#3735=CARTESIAN_POINT('',(-22.138656257341118,13.785718884709599,-1.252731777452103));
#3736=CARTESIAN_POINT('',(-22.138656243615280,13.992825685307395,-1.252731777452103));
#3737=CARTESIAN_POINT('',(-22.285102866747842,14.139272308439953,-1.252731777452103));
#3738=CARTESIAN_POINT('',(-22.431549489880439,14.285718931572555,-1.252731777452103));
#3739=CARTESIAN_POINT('',(-22.638656290478316,14.285718917846674,-1.252731777452103));
#3747=(BOUNDED_SURFACE()B_SPLINE_SURFACE(2,2,((#3725,#3730,#3735),(#3726,#3731,#3736),(#3727,#3732,#3737),(#3728,#3733,#3738),(#3729,#3734,#3739)),.UNSPECIFIED.,.F.,.F.,.U.)B_SPLINE_SURFACE_WITH_KNOTS((3,2,3),(3,3),(0.374999990000000,0.500000000000000,0.625000010000035),(-0.000000010000000,0.500000010000000),.UNSPECIFIED.)GEOMETRIC_REPRESENTATION_ITEM()RATIONAL_B_SPLINE_SURFACE(((0.853553400593275,0.603553385593275,0.853553380593275),(0.853553388877545,0.603553377309003,0.853553368877546),(1.000000011715729,0.707106775328683,0.999999988284272),(0.853553388877504,0.603553377308973,0.853553368877504),(0.853553400593275,0.603553385593275,0.853553380593275)))REPRESENTATION_ITEM('')SURFACE());
#3748=CARTESIAN_POINT('',(-22.638656257341108,13.785718903704543,-1.752731791594238));
#3749=CARTESIAN_POINT('',(-22.638656290478306,14.285718917846673,-1.752731805736375));
#3750=CARTESIAN_POINT('',(-22.638656290478316,14.285718917846674,-1.252731777452103));
#3758=(BOUNDED_CURVE()B_SPLINE_CURVE(2,(#3748,#3749,#3750),.UNSPECIFIED.,.F.,.U.)B_SPLINE_CURVE_WITH_KNOTS((3,3),(-0.000000010000000,0.500000010000000),.UNSPECIFIED.)CURVE()GEOMETRIC_REPRESENTATION_ITEM()RATIONAL_B_SPLINE_CURVE((0.853553400593275,0.603553385593275,0.853553380593275))REPRESENTATION_ITEM(''));
#3764=(BOUNDED_CURVE()CURVE()GEOMETRIC_REPRESENTATION_ITEM()REPRESENTATION_ITEM('')SURFACE_CURVE(#3758,(#3747),.CURVE_3D.));
#3765=COMPOSITE_CURVE_SEGMENT(.CONTINUOUS.,.T.,#3764);
#3766=CARTESIAN_POINT('',(-22.638656290478316,14.285718917846674,-1.252731777452103));
#3767=CARTESIAN_POINT('',(-22.431549489880439,14.285718931572555,-1.252731777452103));
#3768=CARTESIAN_POINT('',(-22.285102866747842,14.139272308439953,-1.252731777452103));
#3769=CARTESIAN_POINT('',(-22.138656243615280,13.992825685307395,-1.252731777452103));
#3770=CARTESIAN_POINT('',(-22.138656257341118,13.785718884709599,-1.252731777452103));
#3778=(BOUNDED_CURVE()B_SPLINE_CURVE(2,(#3766,#3767,#3768,#3769,#3770),.UNSPECIFIED.,.F.,.U.)B_SPLINE_CURVE_WITH_KNOTS((3,2,3),(0.374999990000000,0.500000000000035,0.625000010000035),.UNSPECIFIED.)CURVE()GEOMETRIC_REPRESENTATION_ITEM()RATIONAL_B_SPLINE_CURVE((0.853553380593275,0.853553368877504,0.999999988284272,0.853553368877546,0.853553380593275))REPRESENTATION_ITEM(''));
#3784=(BOUNDED_CURVE()CURVE()GEOMETRIC_REPRESENTATION_ITEM()REPRESENTATION_ITEM('')SURFACE_CURVE(#3778,(#3747),.CURVE_3D.));
#3785=COMPOSITE_CURVE_SEGMENT(.CONTINUOUS.,.T.,#3784);
#3786=CARTESIAN_POINT('',(-22.138656257341118,13.785718884709599,-1.252731777452103));
#3787=CARTESIAN_POINT('',(-22.138656257341108,13.785718884709594,-1.752731805736375));
#3788=CARTESIAN_POINT('',(-22.638656271483246,13.785718917846674,-1.752731791594238));
#3796=(BOUNDED_CURVE()B_SPLINE_CURVE(2,(#3786,#3787,#3788),.UNSPECIFIED.,.F.,.U.)B_SPLINE_CURVE_WITH_KNOTS((3,3),(-1.000000E-008,0.500000010000000),.UNSPECIFIED.)CURVE()GEOMETRIC_REPRESENTATION_ITEM()RATIONAL_B_SPLINE_CURVE((0.853553380593275,0.603553385593275,0.853553400593275))REPRESENTATION_ITEM(''));
#3802=(BOUNDED_CURVE()CURVE()GEOMETRIC_REPRESENTATION_ITEM()REPRESENTATION_ITEM('')SURFACE_CURVE(#3796,(#3747),.CURVE_3D.));
#3803=COMPOSITE_CURVE_SEGMENT(.CONTINUOUS.,.T.,#3802);
#3804=OUTER_BOUNDARY_CURVE('',(#3765,#3785,#3803),.U.);
#3805=CURVE_BOUNDED_SURFACE('',#3747,(#3804),.F.);
#3806=STYLED_ITEM('',(#3807),#3805);
#3807=PRESENTATION_STYLE_ASSIGNMENT((#3808));
#3808=SURFACE_STYLE_USAGE(.POSITIVE.,#3809);
#3809=SURFACE_SIDE_STYLE('',(#3810));
#3810=SURFACE_STYLE_FILL_AREA(#3811);
#3811=FILL_AREA_STYLE('',(#3812));
#3812=FILL_AREA_STYLE_COLOUR('',#3813);
#3813=COLOUR_RGB('',0.0,0.0,1.0);
#3814=PRESENTATION_LAYER_ASSIGNMENT('7','',(#3805));
#3815=CARTESIAN_POINT('',(-51.938656257341123,13.785720127846675,-1.252731791594239));
#3816=DIRECTION('',(0.0,-1.0,0.0));
#3817=DIRECTION('',(0.707106781186547,0.0,0.707106781186548));
#3818=AXIS2_PLACEMENT_3D('',#3815,#3816,#3817);
#3819=CYLINDRICAL_SURFACE('',#3818,0.500000000000000);
#3820=CARTESIAN_POINT('',(-51.938656257341123,5.085718917846682,-1.252731791594243));
#3821=DIRECTION('',(0.0,1.0,0.0));
#3822=DIRECTION('',(0.707106781186547,0.0,0.707106781186548));
#3823=AXIS2_PLACEMENT_3D('',#3820,#3821,#3822);
#3824=CIRCLE('',#3823,0.500000000000000);
#3825=CARTESIAN_POINT('',(-51.938656257341137,5.085718917846682,-1.752731791594240));
#3826=CARTESIAN_POINT('',(-52.438656257340568,5.085718917846682,-1.252731041594242));
#3827=TRIMMED_CURVE('',#3824,(PARAMETER_VALUE(135.000000000000850),#3825),(PARAMETER_VALUE(225.000085943669060),#3826),.T.,.PARAMETER.);
#3833=(BOUNDED_CURVE()CURVE()GEOMETRIC_REPRESENTATION_ITEM()REPRESENTATION_ITEM('')SURFACE_CURVE(#3827,(#3819),.CURVE_3D.));
#3834=COMPOSITE_CURVE_SEGMENT(.CONTINUOUS.,.T.,#3833);
#3835=CARTESIAN_POINT('',(-52.438656257341123,5.085718917846682,-1.252731791594239));
#3836=DIRECTION('',(0.0,1.0,0.0));
#3837=VECTOR('',#3836,8.699999999999998);
#3838=LINE('',#3835,#3837);
#3839=CARTESIAN_POINT('',(-52.438656257341123,13.785718917846680,-1.252731791594239));
#3840=TRIMMED_CURVE('',#3838,(PARAMETER_VALUE(0.0),#3835),(PARAMETER_VALUE(1.0),#3839),.T.,.PARAMETER.);
#3846=(BOUNDED_CURVE()CURVE()GEOMETRIC_REPRESENTATION_ITEM()REPRESENTATION_ITEM('')SURFACE_CURVE(#3840,(#3819),.CURVE_3D.));
#3847=COMPOSITE_CURVE_SEGMENT(.CONTINUOUS.,.T.,#3846);
#3848=CARTESIAN_POINT('',(-51.938656257341123,13.785718917846680,-1.252731791594243));
#3849=DIRECTION('',(0.0,-1.0,0.0));
#3850=DIRECTION('',(0.707106781186547,0.0,0.707106781186548));
#3851=AXIS2_PLACEMENT_3D('',#3848,#3849,#3850);
#3852=CIRCLE('',#3851,0.500000000000000);
#3853=CARTESIAN_POINT('',(-52.438656257341137,13.785718917846680,-1.252731791594240));
#3854=CARTESIAN_POINT('',(-51.938655507341139,13.785718917846680,-1.752731791593675));
#3855=TRIMMED_CURVE('',#3852,(PARAMETER_VALUE(135.000000000000090),#3853),(PARAMETER_VALUE(225.000085943668270),#3854),.T.,.PARAMETER.);
#3861=(BOUNDED_CURVE()CURVE()GEOMETRIC_REPRESENTATION_ITEM()REPRESENTATION_ITEM('')SURFACE_CURVE(#3855,(#3819),.CURVE_3D.));
#3862=COMPOSITE_CURVE_SEGMENT(.CONTINUOUS.,.T.,#3861);
#3863=CARTESIAN_POINT('',(-51.938656257341123,13.785718917846680,-1.752731791594239));
#3864=DIRECTION('',(0.0,-1.0,0.0));
#3865=VECTOR('',#3864,8.699999999999998);
#3866=LINE('',#3863,#3865);
#3867=CARTESIAN_POINT('',(-51.938656257341123,5.085718917846682,-1.752731791594239));
#3868=TRIMMED_CURVE('',#3866,(PARAMETER_VALUE(0.0),#3863),(PARAMETER_VALUE(1.0),#3867),.T.,.PARAMETER.);
#3874=(BOUNDED_CURVE()CURVE()GEOMETRIC_REPRESENTATION_ITEM()REPRESENTATION_ITEM('')SURFACE_CURVE(#3868,(#3819),.CURVE_3D.));
#3875=COMPOSITE_CURVE_SEGMENT(.CONTINUOUS.,.T.,#3874);
#3876=OUTER_BOUNDARY_CURVE('',(#3834,#3847,#3862,#3875),.U.);
#3877=CURVE_BOUNDED_SURFACE('',#3819,(#3876),.F.);
#3878=STYLED_ITEM('',(#3879),#3877);
#3879=PRESENTATION_STYLE_ASSIGNMENT((#3880));
#3880=SURFACE_STYLE_USAGE(.POSITIVE.,#3881);
#3881=SURFACE_SIDE_STYLE('',(#3882));
#3882=SURFACE_STYLE_FILL_AREA(#3883);
#3883=FILL_AREA_STYLE('',(#3884));
#3884=FILL_AREA_STYLE_COLOUR('',#3885);
#3885=COLOUR_RGB('',0.0,0.0,1.0);
#3886=PRESENTATION_LAYER_ASSIGNMENT('7','',(#3877));
#3887=CARTESIAN_POINT('',(-51.938656257341123,13.785718903704543,-1.752731791594238));
#3888=CARTESIAN_POINT('',(-51.938656243198992,13.785718903704543,-1.752731791594239));
#3889=CARTESIAN_POINT('',(-51.938656243198992,13.785718917846674,-1.752731791594238));
#3890=CARTESIAN_POINT('',(-51.938656229056846,14.285718917846680,-1.752731805736375));
#3891=CARTESIAN_POINT('',(-52.438656257341130,14.285718917846674,-1.752731805736375));
#3892=CARTESIAN_POINT('',(-52.438656257341130,13.785718889562403,-1.752731805736374));
#3893=CARTESIAN_POINT('',(-51.938656229056846,14.285718917846680,-1.252731777452103));
#3894=CARTESIAN_POINT('',(-52.438656257341130,14.285718917846681,-1.252731777452103));
#3895=CARTESIAN_POINT('',(-52.438656257341130,13.785718889562409,-1.252731777452103));
#3903=(BOUNDED_SURFACE()B_SPLINE_SURFACE(2,2,((#3887,#3890,#3893),(#3888,#3891,#3894),(#3889,#3892,#3895)),.UNSPECIFIED.,.F.,.F.,.U.)B_SPLINE_SURFACE_WITH_KNOTS((3,3),(3,3),(0.249999990000000,0.500000010000000),(-0.000000010000000,0.500000010000000),.UNSPECIFIED.)GEOMETRIC_REPRESENTATION_ITEM()RATIONAL_B_SPLINE_SURFACE(((0.999999988284272,0.707106758760142,0.999999964852815),(0.707106789470819,0.499999995857865,0.707106772902277),(0.999999988284272,0.707106758760142,0.999999964852815)))REPRESENTATION_ITEM('')SURFACE());
#3904=CARTESIAN_POINT('',(-51.938656243198992,13.785718917846674,-1.752731791594238));
#3905=CARTESIAN_POINT('',(-52.438656257341130,13.785718889562403,-1.752731805736374));
#3906=CARTESIAN_POINT('',(-52.438656257341130,13.785718889562409,-1.252731777452103));
#3914=(BOUNDED_CURVE()B_SPLINE_CURVE(2,(#3904,#3905,#3906),.UNSPECIFIED.,.F.,.U.)B_SPLINE_CURVE_WITH_KNOTS((3,3),(-0.000000010000000,0.500000010000000),.UNSPECIFIED.)CURVE()GEOMETRIC_REPRESENTATION_ITEM()RATIONAL_B_SPLINE_CURVE((0.999999988284272,0.707106758760142,0.999999964852815))REPRESENTATION_ITEM(''));
#3920=(BOUNDED_CURVE()CURVE()GEOMETRIC_REPRESENTATION_ITEM()REPRESENTATION_ITEM('')SURFACE_CURVE(#3914,(#3903),.CURVE_3D.));
#3921=COMPOSITE_CURVE_SEGMENT(.CONTINUOUS.,.T.,#3920);
#3922=CARTESIAN_POINT('',(-52.438656257341130,13.785718889562409,-1.252731777452103));
#3923=CARTESIAN_POINT('',(-52.438656257341130,14.285718917846681,-1.252731777452103));
#3924=CARTESIAN_POINT('',(-51.938656229056846,14.285718917846680,-1.252731777452103));
#3932=(BOUNDED_CURVE()B_SPLINE_CURVE(2,(#3922,#3923,#3924),.UNSPECIFIED.,.F.,.U.)B_SPLINE_CURVE_WITH_KNOTS((3,3),(0.249999990000000,0.500000010000000),.UNSPECIFIED.)CURVE()GEOMETRIC_REPRESENTATION_ITEM()RATIONAL_B_SPLINE_CURVE((0.999999964852815,0.707106772902277,0.999999964852815))REPRESENTATION_ITEM(''));
#3938=(BOUNDED_CURVE()CURVE()GEOMETRIC_REPRESENTATION_ITEM()REPRESENTATION_ITEM('')SURFACE_CURVE(#3932,(#3903),.CURVE_3D.));
#3939=COMPOSITE_CURVE_SEGMENT(.CONTINUOUS.,.T.,#3938);
#3940=CARTESIAN_POINT('',(-51.938656229056846,14.285718917846680,-1.252731777452103));
#3941=CARTESIAN_POINT('',(-51.938656229056846,14.285718917846680,-1.752731805736375));
#3942=CARTESIAN_POINT('',(-51.938656257341123,13.785718903704543,-1.752731791594238));
#3950=(BOUNDED_CURVE()B_SPLINE_CURVE(2,(#3940,#3941,#3942),.UNSPECIFIED.,.F.,.U.)B_SPLINE_CURVE_WITH_KNOTS((3,3),(-1.000000E-008,0.500000010000000),.UNSPECIFIED.)CURVE()GEOMETRIC_REPRESENTATION_ITEM()RATIONAL_B_SPLINE_CURVE((0.999999964852815,0.707106758760142,0.999999988284272))REPRESENTATION_ITEM(''));
#3956=(BOUNDED_CURVE()CURVE()GEOMETRIC_REPRESENTATION_ITEM()REPRESENTATION_ITEM('')SURFACE_CURVE(#3950,(#3903),.CURVE_3D.));
#3957=COMPOSITE_CURVE_SEGMENT(.CONTINUOUS.,.T.,#3956);
#3958=OUTER_BOUNDARY_CURVE('',(#3921,#3939,#3957),.U.);
#3959=CURVE_BOUNDED_SURFACE('',#3903,(#3958),.F.);
#3960=STYLED_ITEM('',(#3961),#3959);
#3961=PRESENTATION_STYLE_ASSIGNMENT((#3962));
#3962=SURFACE_STYLE_USAGE(.POSITIVE.,#3963);
#3963=SURFACE_SIDE_STYLE('',(#3964));
#3964=SURFACE_STYLE_FILL_AREA(#3965);
#3965=FILL_AREA_STYLE('',(#3966));
#3966=FILL_AREA_STYLE_COLOUR('',#3967);
#3967=COLOUR_RGB('',0.0,0.0,1.0);
#3968=PRESENTATION_LAYER_ASSIGNMENT('7','',(#3959));
#3969=CARTESIAN_POINT('',(-52.438656257341130,4.650718917846682,-1.852731791594239));
#3970=DIRECTION('',(-1.0,0.0,0.0));
#3971=DIRECTION('',(0.0,0.0,1.0));
#3972=AXIS2_PLACEMENT_3D('',#3969,#3970,#3971);
#3973=PLANE('',#3972);
#3974=CARTESIAN_POINT('',(-52.438656257341130,5.085718917846681,10.747268208405760));
#3975=DIRECTION('',(0.0,1.0,0.0));
#3976=VECTOR('',#3975,8.699999999999999);
#3977=LINE('',#3974,#3976);
#3978=CARTESIAN_POINT('',(-52.438656257341130,13.785718917846680,10.747268208405760));
#3979=TRIMMED_CURVE('',#3977,(PARAMETER_VALUE(0.0),#3974),(PARAMETER_VALUE(1.0),#3978),.T.,.PARAMETER.);
#3985=(BOUNDED_CURVE()CURVE()GEOMETRIC_REPRESENTATION_ITEM()REPRESENTATION_ITEM('')SURFACE_CURVE(#3979,(#3973),.CURVE_3D.));
#3986=COMPOSITE_CURVE_SEGMENT(.CONTINUOUS.,.T.,#3985);
#3987=CARTESIAN_POINT('',(-52.438656257341130,13.785718917846680,10.747268208405760));
#3988=DIRECTION('',(0.0,0.0,-1.0));
#3989=VECTOR('',#3988,12.0);
#3990=LINE('',#3987,#3989);
#3991=CARTESIAN_POINT('',(-52.438656257341130,13.785718917846680,-1.252731791594240));
#3992=TRIMMED_CURVE('',#3990,(PARAMETER_VALUE(0.0),#3987),(PARAMETER_VALUE(1.0),#3991),.T.,.PARAMETER.);
#3998=(BOUNDED_CURVE()CURVE()GEOMETRIC_REPRESENTATION_ITEM()REPRESENTATION_ITEM('')SURFACE_CURVE(#3992,(#3973),.CURVE_3D.));
#3999=COMPOSITE_CURVE_SEGMENT(.CONTINUOUS.,.T.,#3998);
#4000=CARTESIAN_POINT('',(-52.438656257341130,13.785718917846680,-1.252731791594239));
#4001=DIRECTION('',(0.0,-1.0,0.0));
#4002=VECTOR('',#4001,8.699999999999998);
#4003=LINE('',#4000,#4002);
#4004=CARTESIAN_POINT('',(-52.438656257341130,5.085718917846682,-1.252731791594239));
#4005=TRIMMED_CURVE('',#4003,(PARAMETER_VALUE(0.0),#4000),(PARAMETER_VALUE(1.0),#4004),.T.,.PARAMETER.);
#4011=(BOUNDED_CURVE()CURVE()GEOMETRIC_REPRESENTATION_ITEM()REPRESENTATION_ITEM('')SURFACE_CURVE(#4005,(#3973),.CURVE_3D.));
#4012=COMPOSITE_CURVE_SEGMENT(.CONTINUOUS.,.T.,#4011);
#4013=CARTESIAN_POINT('',(-52.438656257341130,5.085718917846681,-1.252731791594239));
#4014=DIRECTION('',(0.0,0.0,1.0));
#4015=VECTOR('',#4014,4.750000000000000);
#4016=LINE('',#4013,#4015);
#4017=CARTESIAN_POINT('',(-52.438656257341130,5.085718917846681,3.497268208405761));
#4018=TRIMMED_CURVE('',#4016,(PARAMETER_VALUE(0.0),#4013),(PARAMETER_VALUE(1.0),#4017),.T.,.PARAMETER.);
#4024=(BOUNDED_CURVE()CURVE()GEOMETRIC_REPRESENTATION_ITEM()REPRESENTATION_ITEM('')SURFACE_CURVE(#4018,(#3973),.CURVE_3D.));
#4025=COMPOSITE_CURVE_SEGMENT(.CONTINUOUS.,.T.,#4024);
#4026=CARTESIAN_POINT('',(-52.438656257341130,5.085718917846681,3.497268208405761));
#4027=DIRECTION('',(0.0,1.0,0.0));
#4028=VECTOR('',#4027,7.400000000000001);
#4029=LINE('',#4026,#4028);
#4030=CARTESIAN_POINT('',(-52.438656257341130,12.485718917846683,3.497268208405761));
#4031=TRIMMED_CURVE('',#4029,(PARAMETER_VALUE(0.0),#4026),(PARAMETER_VALUE(1.0),#4030),.T.,.PARAMETER.);
#4037=(BOUNDED_CURVE()CURVE()GEOMETRIC_REPRESENTATION_ITEM()REPRESENTATION_ITEM('')SURFACE_CURVE(#4031,(#3973),.CURVE_3D.));
#4038=COMPOSITE_CURVE_SEGMENT(.CONTINUOUS.,.T.,#4037);
#4039=CARTESIAN_POINT('',(-52.438656257341130,12.485718917846679,3.497268208405761));
#4040=DIRECTION('',(0.0,0.0,1.0));
#4041=VECTOR('',#4040,2.500000000000000);
#4042=LINE('',#4039,#4041);
#4043=CARTESIAN_POINT('',(-52.438656257341130,12.485718917846679,5.997268208405760));
#4044=TRIMMED_CURVE('',#4042,(PARAMETER_VALUE(0.0),#4039),(PARAMETER_VALUE(1.0),#4043),.T.,.PARAMETER.);
#4050=(BOUNDED_CURVE()CURVE()GEOMETRIC_REPRESENTATION_ITEM()REPRESENTATION_ITEM('')SURFACE_CURVE(#4044,(#3973),.CURVE_3D.));
#4051=COMPOSITE_CURVE_SEGMENT(.CONTINUOUS.,.T.,#4050);
#4052=CARTESIAN_POINT('',(-52.438656257341130,12.485718917846679,5.997268208405760));
#4053=DIRECTION('',(0.0,-1.0,0.0));
#4054=VECTOR('',#4053,7.400000000000000);
#4055=LINE('',#4052,#4054);
#4056=CARTESIAN_POINT('',(-52.438656257341130,5.085718917846679,5.997268208405760));
#4057=TRIMMED_CURVE('',#4055,(PARAMETER_VALUE(0.0),#4052),(PARAMETER_VALUE(1.0),#4056),.T.,.PARAMETER.);
#4063=(BOUNDED_CURVE()CURVE()GEOMETRIC_REPRESENTATION_ITEM()REPRESENTATION_ITEM('')SURFACE_CURVE(#4057,(#3973),.CURVE_3D.));
#4064=COMPOSITE_CURVE_SEGMENT(.CONTINUOUS.,.T.,#4063);
#4065=CARTESIAN_POINT('',(-52.438656257341130,5.085718917846681,5.997268208405760));
#4066=DIRECTION('',(0.0,0.0,1.0));
#4067=VECTOR('',#4066,4.750000000000000);
#4068=LINE('',#4065,#4067);
#4069=CARTESIAN_POINT('',(-52.438656257341130,5.085718917846681,10.747268208405760));
#4070=TRIMMED_CURVE('',#4068,(PARAMETER_VALUE(0.0),#4065),(PARAMETER_VALUE(1.0),#4069),.T.,.PARAMETER.);
#4076=(BOUNDED_CURVE()CURVE()GEOMETRIC_REPRESENTATION_ITEM()REPRESENTATION_ITEM('')SURFACE_CURVE(#4070,(#3973),.CURVE_3D.));
#4077=COMPOSITE_CURVE_SEGMENT(.CONTINUOUS.,.T.,#4076);
#4078=OUTER_BOUNDARY_CURVE('',(#3986,#3999,#4012,#4025,#4038,#4051,#4064,#4077),.U.);
#4079=CURVE_BOUNDED_SURFACE('',#3973,(#4078),.F.);
#4080=STYLED_ITEM('',(#4081),#4079);
#4081=PRESENTATION_STYLE_ASSIGNMENT((#4082));
#4082=SURFACE_STYLE_USAGE(.POSITIVE.,#4083);
#4083=SURFACE_SIDE_STYLE('',(#4084));
#4084=SURFACE_STYLE_FILL_AREA(#4085);
#4085=FILL_AREA_STYLE('',(#4086));
#4086=FILL_AREA_STYLE_COLOUR('',#4087);
#4087=COLOUR_RGB('',0.0,0.0,1.0);
#4088=PRESENTATION_LAYER_ASSIGNMENT('7','',(#4079));
#4089=CARTESIAN_POINT('',(-49.136156257341135,4.850718917846634,5.997268208405759));
#4090=DIRECTION('',(0.0,0.0,1.0));
#4091=DIRECTION('',(1.0,0.0,0.0));
#4092=AXIS2_PLACEMENT_3D('',#4089,#4090,#4091);
#4093=PLANE('',#4092);
#4094=CARTESIAN_POINT('',(-48.588656257341121,9.785718917846680,5.997268208405759));
#4095=DIRECTION('',(0.0,-1.0,0.0));
#4096=VECTOR('',#4095,4.700000000000042);
#4097=LINE('',#4094,#4096);
#4098=CARTESIAN_POINT('',(-48.588656257341121,5.085718917846638,5.997268208405759));
#4099=TRIMMED_CURVE('',#4097,(PARAMETER_VALUE(0.0),#4094),(PARAMETER_VALUE(1.0),#4098),.T.,.PARAMETER.);
#4105=(BOUNDED_CURVE()CURVE()GEOMETRIC_REPRESENTATION_ITEM()REPRESENTATION_ITEM('')SURFACE_CURVE(#4099,(#4093),.CURVE_3D.));
#4106=COMPOSITE_CURVE_SEGMENT(.CONTINUOUS.,.T.,#4105);
#4107=CARTESIAN_POINT('',(-48.588656257341121,5.085718917846681,5.997268208405759));
#4108=DIRECTION('',(1.0,0.0,0.0));
#4109=VECTOR('',#4108,10.950000000000003);
#4110=LINE('',#4107,#4109);
#4111=CARTESIAN_POINT('',(-37.638656257341118,5.085718917846681,5.997268208405759));
#4112=TRIMMED_CURVE('',#4110,(PARAMETER_VALUE(0.0),#4107),(PARAMETER_VALUE(1.0),#4111),.T.,.PARAMETER.);
#4118=(BOUNDED_CURVE()CURVE()GEOMETRIC_REPRESENTATION_ITEM()REPRESENTATION_ITEM('')SURFACE_CURVE(#4112,(#4093),.CURVE_3D.));
#4119=COMPOSITE_CURVE_SEGMENT(.CONTINUOUS.,.T.,#4118);
#4120=CARTESIAN_POINT('',(-37.638656257341111,5.085718917846658,5.997268208405759));
#4121=DIRECTION('',(0.0,1.0,0.0));
#4122=VECTOR('',#4121,4.700000000000022);
#4123=LINE('',#4120,#4122);
#4124=CARTESIAN_POINT('',(-37.638656257341111,9.785718917846680,5.997268208405759));
#4125=TRIMMED_CURVE('',#4123,(PARAMETER_VALUE(0.0),#4120),(PARAMETER_VALUE(1.0),#4124),.T.,.PARAMETER.);
#4131=(BOUNDED_CURVE()CURVE()GEOMETRIC_REPRESENTATION_ITEM()REPRESENTATION_ITEM('')SURFACE_CURVE(#4125,(#4093),.CURVE_3D.));
#4132=COMPOSITE_CURVE_SEGMENT(.CONTINUOUS.,.T.,#4131);
#4133=CARTESIAN_POINT('',(-37.638656257341125,9.785718917846680,5.997268208405759));
#4134=DIRECTION('',(-1.0,0.0,0.0));
#4135=VECTOR('',#4134,10.950000000000003);
#4136=LINE('',#4133,#4135);
#4137=CARTESIAN_POINT('',(-48.588656257341128,9.785718917846680,5.997268208405759));
#4138=TRIMMED_CURVE('',#4136,(PARAMETER_VALUE(0.0),#4133),(PARAMETER_VALUE(1.0),#4137),.T.,.PARAMETER.);
#4144=(BOUNDED_CURVE()CURVE()GEOMETRIC_REPRESENTATION_ITEM()REPRESENTATION_ITEM('')SURFACE_CURVE(#4138,(#4093),.CURVE_3D.));
#4145=COMPOSITE_CURVE_SEGMENT(.CONTINUOUS.,.T.,#4144);
#4146=OUTER_BOUNDARY_CURVE('',(#4106,#4119,#4132,#4145),.U.);
#4147=CURVE_BOUNDED_SURFACE('',#4093,(#4146),.F.);
#4148=STYLED_ITEM('',(#4149),#4147);
#4149=PRESENTATION_STYLE_ASSIGNMENT((#4150));
#4150=SURFACE_STYLE_USAGE(.POSITIVE.,#4151);
#4151=SURFACE_SIDE_STYLE('',(#4152));
#4152=SURFACE_STYLE_FILL_AREA(#4153);
#4153=FILL_AREA_STYLE('',(#4154));
#4154=FILL_AREA_STYLE_COLOUR('',#4155);
#4155=COLOUR_RGB('',0.0,0.0,1.0);
#4156=PRESENTATION_LAYER_ASSIGNMENT('7','',(#4147));
#4157=CARTESIAN_POINT('',(-48.588656257341121,4.850718917846634,3.372268208405759));
#4158=DIRECTION('',(-1.0,0.0,0.0));
#4159=DIRECTION('',(0.0,0.0,1.0));
#4160=AXIS2_PLACEMENT_3D('',#4157,#4158,#4159);
#4161=PLANE('',#4160);
#4162=CARTESIAN_POINT('',(-48.588656257341121,9.785718917846680,3.497268208405759));
#4163=DIRECTION('',(0.0,-1.0,0.0));
#4164=VECTOR('',#4163,4.700000000000042);
#4165=LINE('',#4162,#4164);
#4166=CARTESIAN_POINT('',(-48.588656257341121,5.085718917846638,3.497268208405759));
#4167=TRIMMED_CURVE('',#4165,(PARAMETER_VALUE(0.0),#4162),(PARAMETER_VALUE(1.0),#4166),.T.,.PARAMETER.);
#4173=(BOUNDED_CURVE()CURVE()GEOMETRIC_REPRESENTATION_ITEM()REPRESENTATION_ITEM('')SURFACE_CURVE(#4167,(#4161),.CURVE_3D.));
#4174=COMPOSITE_CURVE_SEGMENT(.CONTINUOUS.,.T.,#4173);
#4175=CARTESIAN_POINT('',(-48.588656257341121,5.085718917846681,3.497268208405759));
#4176=DIRECTION('',(0.0,0.0,1.0));
#4177=VECTOR('',#4176,2.500000000000004);
#4178=LINE('',#4175,#4177);
#4179=CARTESIAN_POINT('',(-48.588656257341121,5.085718917846681,5.997268208405763));
#4180=TRIMMED_CURVE('',#4178,(PARAMETER_VALUE(0.0),#4175),(PARAMETER_VALUE(1.0),#4179),.T.,.PARAMETER.);
#4186=(BOUNDED_CURVE()CURVE()GEOMETRIC_REPRESENTATION_ITEM()REPRESENTATION_ITEM('')SURFACE_CURVE(#4180,(#4161),.CURVE_3D.));
#4187=COMPOSITE_CURVE_SEGMENT(.CONTINUOUS.,.T.,#4186);
#4188=CARTESIAN_POINT('',(-48.588656257341121,5.085718917846638,5.997268208405764));
#4189=DIRECTION('',(0.0,1.0,0.0));
#4190=VECTOR('',#4189,4.700000000000042);
#4191=LINE('',#4188,#4190);
#4192=CARTESIAN_POINT('',(-48.588656257341121,9.785718917846680,5.997268208405764));
#4193=TRIMMED_CURVE('',#4191,(PARAMETER_VALUE(0.0),#4188),(PARAMETER_VALUE(1.0),#4192),.T.,.PARAMETER.);
#4199=(BOUNDED_CURVE()CURVE()GEOMETRIC_REPRESENTATION_ITEM()REPRESENTATION_ITEM('')SURFACE_CURVE(#4193,(#4161),.CURVE_3D.));
#4200=COMPOSITE_CURVE_SEGMENT(.CONTINUOUS.,.T.,#4199);
#4201=CARTESIAN_POINT('',(-48.588656257341121,9.785718917846676,5.997268208405764));
#4202=DIRECTION('',(0.0,0.0,-1.0));
#4203=VECTOR('',#4202,2.500000000000002);
#4204=LINE('',#4201,#4203);
#4205=CARTESIAN_POINT('',(-48.588656257341121,9.785718917846676,3.497268208405762));
#4206=TRIMMED_CURVE('',#4204,(PARAMETER_VALUE(0.0),#4201),(PARAMETER_VALUE(1.0),#4205),.T.,.PARAMETER.);
#4212=(BOUNDED_CURVE()CURVE()GEOMETRIC_REPRESENTATION_ITEM()REPRESENTATION_ITEM('')SURFACE_CURVE(#4206,(#4161),.CURVE_3D.));
#4213=COMPOSITE_CURVE_SEGMENT(.CONTINUOUS.,.T.,#4212);
#4214=OUTER_BOUNDARY_CURVE('',(#4174,#4187,#4200,#4213),.U.);
#4215=CURVE_BOUNDED_SURFACE('',#4161,(#4214),.F.);
#4216=STYLED_ITEM('',(#4217),#4215);
#4217=PRESENTATION_STYLE_ASSIGNMENT((#4218));
#4218=SURFACE_STYLE_USAGE(.POSITIVE.,#4219);
#4219=SURFACE_SIDE_STYLE('',(#4220));
#4220=SURFACE_STYLE_FILL_AREA(#4221);
#4221=FILL_AREA_STYLE('',(#4222));
#4222=FILL_AREA_STYLE_COLOUR('',#4223);
#4223=COLOUR_RGB('',0.0,0.0,1.0);
#4224=PRESENTATION_LAYER_ASSIGNMENT('7','',(#4215));
#4225=CARTESIAN_POINT('',(-37.091156257341112,4.850718917846634,3.497268208405759));
#4226=DIRECTION('',(0.0,0.0,-1.0));
#4227=DIRECTION('',(-1.0,0.0,0.0));
#4228=AXIS2_PLACEMENT_3D('',#4225,#4226,#4227);
#4229=PLANE('',#4228);
#4230=CARTESIAN_POINT('',(-37.638656257341111,9.785718917846683,3.497268208405759));
#4231=DIRECTION('',(0.0,-1.0,0.0));
#4232=VECTOR('',#4231,4.700000000000022);
#4233=LINE('',#4230,#4232);
#4234=CARTESIAN_POINT('',(-37.638656257341111,5.085718917846662,3.497268208405759));
#4235=TRIMMED_CURVE('',#4233,(PARAMETER_VALUE(0.0),#4230),(PARAMETER_VALUE(1.0),#4234),.T.,.PARAMETER.);
#4241=(BOUNDED_CURVE()CURVE()GEOMETRIC_REPRESENTATION_ITEM()REPRESENTATION_ITEM('')SURFACE_CURVE(#4235,(#4229),.CURVE_3D.));
#4242=COMPOSITE_CURVE_SEGMENT(.CONTINUOUS.,.T.,#4241);
#4243=CARTESIAN_POINT('',(-37.638656257341118,5.085718917846681,3.497268208405759));
#4244=DIRECTION('',(-1.0,0.0,0.0));
#4245=VECTOR('',#4244,10.950000000000003);
#4246=LINE('',#4243,#4245);
#4247=CARTESIAN_POINT('',(-48.588656257341121,5.085718917846681,3.497268208405759));
#4248=TRIMMED_CURVE('',#4246,(PARAMETER_VALUE(0.0),#4243),(PARAMETER_VALUE(1.0),#4247),.T.,.PARAMETER.);
#4254=(BOUNDED_CURVE()CURVE()GEOMETRIC_REPRESENTATION_ITEM()REPRESENTATION_ITEM('')SURFACE_CURVE(#4248,(#4229),.CURVE_3D.));
#4255=COMPOSITE_CURVE_SEGMENT(.CONTINUOUS.,.T.,#4254);
#4256=CARTESIAN_POINT('',(-48.588656257341121,5.085718917846638,3.497268208405759));
#4257=DIRECTION('',(0.0,1.0,0.0));
#4258=VECTOR('',#4257,4.700000000000042);
#4259=LINE('',#4256,#4258);
#4260=CARTESIAN_POINT('',(-48.588656257341121,9.785718917846680,3.497268208405759));
#4261=TRIMMED_CURVE('',#4259,(PARAMETER_VALUE(0.0),#4256),(PARAMETER_VALUE(1.0),#4260),.T.,.PARAMETER.);
#4267=(BOUNDED_CURVE()CURVE()GEOMETRIC_REPRESENTATION_ITEM()REPRESENTATION_ITEM('')SURFACE_CURVE(#4261,(#4229),.CURVE_3D.));
#4268=COMPOSITE_CURVE_SEGMENT(.CONTINUOUS.,.T.,#4267);
#4269=CARTESIAN_POINT('',(-48.588656257341135,9.785718917846683,3.497268208405759));
#4270=DIRECTION('',(1.0,0.0,0.0));
#4271=VECTOR('',#4270,10.950000000000003);
#4272=LINE('',#4269,#4271);
#4273=CARTESIAN_POINT('',(-37.638656257341133,9.785718917846683,3.497268208405759));
#4274=TRIMMED_CURVE('',#4272,(PARAMETER_VALUE(0.0),#4269),(PARAMETER_VALUE(1.0),#4273),.T.,.PARAMETER.);
#4280=(BOUNDED_CURVE()CURVE()GEOMETRIC_REPRESENTATION_ITEM()REPRESENTATION_ITEM('')SURFACE_CURVE(#4274,(#4229),.CURVE_3D.));
#4281=COMPOSITE_CURVE_SEGMENT(.CONTINUOUS.,.T.,#4280);
#4282=OUTER_BOUNDARY_CURVE('',(#4242,#4255,#4268,#4281),.U.);
#4283=CURVE_BOUNDED_SURFACE('',#4229,(#4282),.F.);
#4284=STYLED_ITEM('',(#4285),#4283);
#4285=PRESENTATION_STYLE_ASSIGNMENT((#4286));
#4286=SURFACE_STYLE_USAGE(.POSITIVE.,#4287);
#4287=SURFACE_SIDE_STYLE('',(#4288));
#4288=SURFACE_STYLE_FILL_AREA(#4289);
#4289=FILL_AREA_STYLE('',(#4290));
#4290=FILL_AREA_STYLE_COLOUR('',#4291);
#4291=COLOUR_RGB('',0.0,0.0,1.0);
#4292=PRESENTATION_LAYER_ASSIGNMENT('7','',(#4283));
#4293=CARTESIAN_POINT('',(-24.638656257341118,8.315718917846684,6.122268208405765));
#4294=DIRECTION('',(1.0,0.0,0.0));
#4295=DIRECTION('',(0.0,0.0,-1.0));
#4296=AXIS2_PLACEMENT_3D('',#4293,#4294,#4295);
#4297=PLANE('',#4296);
#4298=CARTESIAN_POINT('',(-24.638656257341118,8.385718917846683,3.497268208405761));
#4299=DIRECTION('',(0.0,1.0,0.0));
#4300=VECTOR('',#4299,1.399999999999999);
#4301=LINE('',#4298,#4300);
#4302=CARTESIAN_POINT('',(-24.638656257341118,9.785718917846682,3.497268208405761));
#4303=TRIMMED_CURVE('',#4301,(PARAMETER_VALUE(0.0),#4298),(PARAMETER_VALUE(1.0),#4302),.T.,.PARAMETER.);
#4309=(BOUNDED_CURVE()CURVE()GEOMETRIC_REPRESENTATION_ITEM()REPRESENTATION_ITEM('')SURFACE_CURVE(#4303,(#4297),.CURVE_3D.));
#4310=COMPOSITE_CURVE_SEGMENT(.CONTINUOUS.,.T.,#4309);
#4311=CARTESIAN_POINT('',(-24.638656257341118,9.785718917846683,3.497268208405761));
#4312=DIRECTION('',(0.0,0.0,1.0));
#4313=VECTOR('',#4312,2.500000000000003);
#4314=LINE('',#4311,#4313);
#4315=CARTESIAN_POINT('',(-24.638656257341118,9.785718917846683,5.997268208405764));
#4316=TRIMMED_CURVE('',#4314,(PARAMETER_VALUE(0.0),#4311),(PARAMETER_VALUE(1.0),#4315),.T.,.PARAMETER.);
#4322=(BOUNDED_CURVE()CURVE()GEOMETRIC_REPRESENTATION_ITEM()REPRESENTATION_ITEM('')SURFACE_CURVE(#4316,(#4297),.CURVE_3D.));
#4323=COMPOSITE_CURVE_SEGMENT(.CONTINUOUS.,.T.,#4322);
#4324=CARTESIAN_POINT('',(-24.638656257341118,9.785718917846683,5.997268208405765));
#4325=DIRECTION('',(0.0,-1.0,0.0));
#4326=VECTOR('',#4325,1.400000000000000);
#4327=LINE('',#4324,#4326);
#4328=CARTESIAN_POINT('',(-24.638656257341118,8.385718917846683,5.997268208405765));
#4329=TRIMMED_CURVE('',#4327,(PARAMETER_VALUE(0.0),#4324),(PARAMETER_VALUE(1.0),#4328),.T.,.PARAMETER.);
#4335=(BOUNDED_CURVE()CURVE()GEOMETRIC_REPRESENTATION_ITEM()REPRESENTATION_ITEM('')SURFACE_CURVE(#4329,(#4297),.CURVE_3D.));
#4336=COMPOSITE_CURVE_SEGMENT(.CONTINUOUS.,.T.,#4335);
#4337=CARTESIAN_POINT('',(-24.638656257341118,8.385718917846683,5.997268208405765));
#4338=DIRECTION('',(0.0,0.0,-1.0));
#4339=VECTOR('',#4338,2.500000000000003);
#4340=LINE('',#4337,#4339);
#4341=CARTESIAN_POINT('',(-24.638656257341118,8.385718917846683,3.497268208405762));
#4342=TRIMMED_CURVE('',#4340,(PARAMETER_VALUE(0.0),#4337),(PARAMETER_VALUE(1.0),#4341),.T.,.PARAMETER.);
#4348=(BOUNDED_CURVE()CURVE()GEOMETRIC_REPRESENTATION_ITEM()REPRESENTATION_ITEM('')SURFACE_CURVE(#4342,(#4297),.CURVE_3D.));
#4349=COMPOSITE_CURVE_SEGMENT(.CONTINUOUS.,.T.,#4348);
#4350=OUTER_BOUNDARY_CURVE('',(#4310,#4323,#4336,#4349),.U.);
#4351=CURVE_BOUNDED_SURFACE('',#4297,(#4350),.F.);
#4352=STYLED_ITEM('',(#4353),#4351);
#4353=PRESENTATION_STYLE_ASSIGNMENT((#4354));
#4354=SURFACE_STYLE_USAGE(.POSITIVE.,#4355);
#4355=SURFACE_SIDE_STYLE('',(#4356));
#4356=SURFACE_STYLE_FILL_AREA(#4357);
#4357=FILL_AREA_STYLE('',(#4358));
#4358=FILL_AREA_STYLE_COLOUR('',#4359);
#4359=COLOUR_RGB('',0.0,0.0,1.0);
#4360=PRESENTATION_LAYER_ASSIGNMENT('7','',(#4351));
#4361=CARTESIAN_POINT('',(-37.638656257341118,4.850718917846658,11.509768208405760));
#4362=DIRECTION('',(1.0,0.0,0.0));
#4363=DIRECTION('',(0.0,0.0,-1.0));
#4364=AXIS2_PLACEMENT_3D('',#4361,#4362,#4363);
#4365=PLANE('',#4364);
#4366=CARTESIAN_POINT('',(-37.638656257341118,5.085718917846658,5.997268208405759));
#4367=DIRECTION('',(0.0,1.0,0.0));
#4368=VECTOR('',#4367,4.700000000000022);
#4369=LINE('',#4366,#4368);
#4370=CARTESIAN_POINT('',(-37.638656257341118,9.785718917846680,5.997268208405759));
#4371=TRIMMED_CURVE('',#4369,(PARAMETER_VALUE(0.0),#4366),(PARAMETER_VALUE(1.0),#4370),.T.,.PARAMETER.);
#4377=(BOUNDED_CURVE()CURVE()GEOMETRIC_REPRESENTATION_ITEM()REPRESENTATION_ITEM('')SURFACE_CURVE(#4371,(#4365),.CURVE_3D.));
#4378=COMPOSITE_CURVE_SEGMENT(.CONTINUOUS.,.T.,#4377);
#4379=CARTESIAN_POINT('',(-37.638656257341118,9.785718917846683,5.997268208405759));
#4380=DIRECTION('',(0.0,0.0,1.0));
#4381=VECTOR('',#4380,5.250000000000003);
#4382=LINE('',#4379,#4381);
#4383=CARTESIAN_POINT('',(-37.638656257341118,9.785718917846683,11.247268208405762));
#4384=TRIMMED_CURVE('',#4382,(PARAMETER_VALUE(0.0),#4379),(PARAMETER_VALUE(1.0),#4383),.T.,.PARAMETER.);
#4390=(BOUNDED_CURVE()CURVE()GEOMETRIC_REPRESENTATION_ITEM()REPRESENTATION_ITEM('')SURFACE_CURVE(#4384,(#4365),.CURVE_3D.));
#4391=COMPOSITE_CURVE_SEGMENT(.CONTINUOUS.,.T.,#4390);
#4392=CARTESIAN_POINT('',(-37.638656257341118,9.785718917846683,11.247268208405760));
#4393=DIRECTION('',(0.0,-1.0,0.0));
#4394=VECTOR('',#4393,4.699999999999998);
#4395=LINE('',#4392,#4394);
#4396=CARTESIAN_POINT('',(-37.638656257341118,5.085718917846685,11.247268208405760));
#4397=TRIMMED_CURVE('',#4395,(PARAMETER_VALUE(0.0),#4392),(PARAMETER_VALUE(1.0),#4396),.T.,.PARAMETER.);
#4403=(BOUNDED_CURVE()CURVE()GEOMETRIC_REPRESENTATION_ITEM()REPRESENTATION_ITEM('')SURFACE_CURVE(#4397,(#4365),.CURVE_3D.));
#4404=COMPOSITE_CURVE_SEGMENT(.CONTINUOUS.,.T.,#4403);
#4405=CARTESIAN_POINT('',(-37.638656257341118,5.085718917846681,11.247268208405760));
#4406=DIRECTION('',(0.0,0.0,-1.0));
#4407=VECTOR('',#4406,5.250000000000004);
#4408=LINE('',#4405,#4407);
#4409=CARTESIAN_POINT('',(-37.638656257341118,5.085718917846681,5.997268208405757));
#4410=TRIMMED_CURVE('',#4408,(PARAMETER_VALUE(0.0),#4405),(PARAMETER_VALUE(1.0),#4409),.T.,.PARAMETER.);
#4416=(BOUNDED_CURVE()CURVE()GEOMETRIC_REPRESENTATION_ITEM()REPRESENTATION_ITEM('')SURFACE_CURVE(#4410,(#4365),.CURVE_3D.));
#4417=COMPOSITE_CURVE_SEGMENT(.CONTINUOUS.,.T.,#4416);
#4418=OUTER_BOUNDARY_CURVE('',(#4378,#4391,#4404,#4417),.U.);
#4419=CURVE_BOUNDED_SURFACE('',#4365,(#4418),.F.);
#4420=STYLED_ITEM('',(#4421),#4419);
#4421=PRESENTATION_STYLE_ASSIGNMENT((#4422));
#4422=SURFACE_STYLE_USAGE(.POSITIVE.,#4423);
#4423=SURFACE_SIDE_STYLE('',(#4424));
#4424=SURFACE_STYLE_FILL_AREA(#4425);
#4425=FILL_AREA_STYLE('',(#4426));
#4426=FILL_AREA_STYLE_COLOUR('',#4427);
#4427=COLOUR_RGB('',0.0,0.0,1.0);
#4428=PRESENTATION_LAYER_ASSIGNMENT('7','',(#4419));
#4429=CARTESIAN_POINT('',(-37.638656257341118,4.850718917846658,3.759768208405764));
#4430=DIRECTION('',(1.0,0.0,0.0));
#4431=DIRECTION('',(0.0,0.0,-1.0));
#4432=AXIS2_PLACEMENT_3D('',#4429,#4430,#4431);
#4433=PLANE('',#4432);
#4434=CARTESIAN_POINT('',(-37.638656257341118,9.785718917846683,3.497268208405765));
#4435=DIRECTION('',(0.0,-1.0,0.0));
#4436=VECTOR('',#4435,4.700000000000022);
#4437=LINE('',#4434,#4436);
#4438=CARTESIAN_POINT('',(-37.638656257341118,5.085718917846662,3.497268208405765));
#4439=TRIMMED_CURVE('',#4437,(PARAMETER_VALUE(0.0),#4434),(PARAMETER_VALUE(1.0),#4438),.T.,.PARAMETER.);
#4445=(BOUNDED_CURVE()CURVE()GEOMETRIC_REPRESENTATION_ITEM()REPRESENTATION_ITEM('')SURFACE_CURVE(#4439,(#4433),.CURVE_3D.));
#4446=COMPOSITE_CURVE_SEGMENT(.CONTINUOUS.,.T.,#4445);
#4447=CARTESIAN_POINT('',(-37.638656257341118,5.085718917846681,3.497268208405765));
#4448=DIRECTION('',(0.0,0.0,-1.0));
#4449=VECTOR('',#4448,5.250000000000004);
#4450=LINE('',#4447,#4449);
#4451=CARTESIAN_POINT('',(-37.638656257341118,5.085718917846681,-1.752731791594239));
#4452=TRIMMED_CURVE('',#4450,(PARAMETER_VALUE(0.0),#4447),(PARAMETER_VALUE(1.0),#4451),.T.,.PARAMETER.);
#4458=(BOUNDED_CURVE()CURVE()GEOMETRIC_REPRESENTATION_ITEM()REPRESENTATION_ITEM('')SURFACE_CURVE(#4452,(#4433),.CURVE_3D.));
#4459=COMPOSITE_CURVE_SEGMENT(.CONTINUOUS.,.T.,#4458);
#4460=CARTESIAN_POINT('',(-37.638656257341118,5.085718917846681,-1.752731791594239));
#4461=DIRECTION('',(0.0,1.0,0.0));
#4462=VECTOR('',#4461,4.699999999999998);
#4463=LINE('',#4460,#4462);
#4464=CARTESIAN_POINT('',(-37.638656257341118,9.785718917846680,-1.752731791594239));
#4465=TRIMMED_CURVE('',#4463,(PARAMETER_VALUE(0.0),#4460),(PARAMETER_VALUE(1.0),#4464),.T.,.PARAMETER.);
#4471=(BOUNDED_CURVE()CURVE()GEOMETRIC_REPRESENTATION_ITEM()REPRESENTATION_ITEM('')SURFACE_CURVE(#4465,(#4433),.CURVE_3D.));
#4472=COMPOSITE_CURVE_SEGMENT(.CONTINUOUS.,.T.,#4471);
#4473=CARTESIAN_POINT('',(-37.638656257341118,9.785718917846683,-1.752731791594239));
#4474=DIRECTION('',(0.0,0.0,1.0));
#4475=VECTOR('',#4474,5.250000000000004);
#4476=LINE('',#4473,#4475);
#4477=CARTESIAN_POINT('',(-37.638656257341118,9.785718917846683,3.497268208405765));
#4478=TRIMMED_CURVE('',#4476,(PARAMETER_VALUE(0.0),#4473),(PARAMETER_VALUE(1.0),#4477),.T.,.PARAMETER.);
#4484=(BOUNDED_CURVE()CURVE()GEOMETRIC_REPRESENTATION_ITEM()REPRESENTATION_ITEM('')SURFACE_CURVE(#4478,(#4433),.CURVE_3D.));
#4485=COMPOSITE_CURVE_SEGMENT(.CONTINUOUS.,.T.,#4484);
#4486=OUTER_BOUNDARY_CURVE('',(#4446,#4459,#4472,#4485),.U.);
#4487=CURVE_BOUNDED_SURFACE('',#4433,(#4486),.F.);
#4488=STYLED_ITEM('',(#4489),#4487);
#4489=PRESENTATION_STYLE_ASSIGNMENT((#4490));
#4490=SURFACE_STYLE_USAGE(.POSITIVE.,#4491);
#4491=SURFACE_SIDE_STYLE('',(#4492));
#4492=SURFACE_STYLE_FILL_AREA(#4493);
#4493=FILL_AREA_STYLE('',(#4494));
#4494=FILL_AREA_STYLE_COLOUR('',#4495);
#4495=COLOUR_RGB('',0.0,0.0,1.0);
#4496=PRESENTATION_LAYER_ASSIGNMENT('7','',(#4487));
#4497=CARTESIAN_POINT('',(-53.178656257341132,5.085718917846681,11.897268208405762));
#4498=DIRECTION('',(0.0,-1.0,0.0));
#4499=DIRECTION('',(0.0,0.0,-1.0));
#4500=AXIS2_PLACEMENT_3D('',#4497,#4498,#4499);
#4501=PLANE('',#4500);
#4502=CARTESIAN_POINT('',(-51.938656257341123,5.085718917846681,11.247268208405762));
#4503=CARTESIAN_POINT('',(-52.438656257341137,5.085718917846681,11.247268208405762));
#4504=CARTESIAN_POINT('',(-52.438656257341130,5.085718917846681,10.747268208405762));
#4512=(BOUNDED_CURVE()B_SPLINE_CURVE(2,(#4502,#4503,#4504),.UNSPECIFIED.,.F.,.U.)CURVE()GEOMETRIC_REPRESENTATION_ITEM()QUASI_UNIFORM_CURVE()RATIONAL_B_SPLINE_CURVE((1.0,0.707106781186548,1.0))REPRESENTATION_ITEM(''));
#4518=(BOUNDED_CURVE()CURVE()GEOMETRIC_REPRESENTATION_ITEM()REPRESENTATION_ITEM('')SURFACE_CURVE(#4512,(#4501),.CURVE_3D.));
#4519=COMPOSITE_CURVE_SEGMENT(.CONTINUOUS.,.T.,#4518);
#4520=CARTESIAN_POINT('',(-52.438656257341130,5.085718917846681,10.747268208405762));
#4521=DIRECTION('',(0.0,0.0,-1.0));
#4522=VECTOR('',#4521,4.750000000000000);
#4523=LINE('',#4520,#4522);
#4524=CARTESIAN_POINT('',(-52.438656257341130,5.085718917846681,5.997268208405762));
#4525=TRIMMED_CURVE('',#4523,(PARAMETER_VALUE(0.0),#4520),(PARAMETER_VALUE(1.0),#4524),.T.,.PARAMETER.);
#4531=(BOUNDED_CURVE()CURVE()GEOMETRIC_REPRESENTATION_ITEM()REPRESENTATION_ITEM('')SURFACE_CURVE(#4525,(#4501),.CURVE_3D.));
#4532=COMPOSITE_CURVE_SEGMENT(.CONTINUOUS.,.T.,#4531);
#4533=CARTESIAN_POINT('',(-52.438656257341130,5.085718917846681,5.997268208405761));
#4534=DIRECTION('',(1.0,0.0,0.0));
#4535=VECTOR('',#4534,2.949999999999996);
#4536=LINE('',#4533,#4535);
#4537=CARTESIAN_POINT('',(-49.488656257341134,5.085718917846681,5.997268208405761));
#4538=TRIMMED_CURVE('',#4536,(PARAMETER_VALUE(0.0),#4533),(PARAMETER_VALUE(1.0),#4537),.T.,.PARAMETER.);
#4544=(BOUNDED_CURVE()CURVE()GEOMETRIC_REPRESENTATION_ITEM()REPRESENTATION_ITEM('')SURFACE_CURVE(#4538,(#4501),.CURVE_3D.));
#4545=COMPOSITE_CURVE_SEGMENT(.CONTINUOUS.,.T.,#4544);
#4546=CARTESIAN_POINT('',(-49.488656257341120,5.085718917846681,5.997268208405761));
#4547=DIRECTION('',(0.0,0.0,-1.0));
#4548=VECTOR('',#4547,2.500000000000001);
#4549=LINE('',#4546,#4548);
#4550=CARTESIAN_POINT('',(-49.488656257341120,5.085718917846681,3.497268208405760));
#4551=TRIMMED_CURVE('',#4549,(PARAMETER_VALUE(0.0),#4546),(PARAMETER_VALUE(1.0),#4550),.T.,.PARAMETER.);
#4557=(BOUNDED_CURVE()CURVE()GEOMETRIC_REPRESENTATION_ITEM()REPRESENTATION_ITEM('')SURFACE_CURVE(#4551,(#4501),.CURVE_3D.));
#4558=COMPOSITE_CURVE_SEGMENT(.CONTINUOUS.,.T.,#4557);
#4559=CARTESIAN_POINT('',(-49.488656257341120,5.085718917846681,3.497268208405762));
#4560=DIRECTION('',(-1.0,0.0,0.0));
#4561=VECTOR('',#4560,2.949999999999996);
#4562=LINE('',#4559,#4561);
#4563=CARTESIAN_POINT('',(-52.438656257341115,5.085718917846681,3.497268208405762));
#4564=TRIMMED_CURVE('',#4562,(PARAMETER_VALUE(0.0),#4559),(PARAMETER_VALUE(1.0),#4563),.T.,.PARAMETER.);
#4570=(BOUNDED_CURVE()CURVE()GEOMETRIC_REPRESENTATION_ITEM()REPRESENTATION_ITEM('')SURFACE_CURVE(#4564,(#4501),.CURVE_3D.));
#4571=COMPOSITE_CURVE_SEGMENT(.CONTINUOUS.,.T.,#4570);
#4572=CARTESIAN_POINT('',(-52.438656257341130,5.085718917846681,3.497268208405762));
#4573=DIRECTION('',(0.0,0.0,-1.0));
#4574=VECTOR('',#4573,4.750000000000000);
#4575=LINE('',#4572,#4574);
#4576=CARTESIAN_POINT('',(-52.438656257341130,5.085718917846681,-1.252731791594238));
#4577=TRIMMED_CURVE('',#4575,(PARAMETER_VALUE(0.0),#4572),(PARAMETER_VALUE(1.0),#4576),.T.,.PARAMETER.);
#4583=(BOUNDED_CURVE()CURVE()GEOMETRIC_REPRESENTATION_ITEM()REPRESENTATION_ITEM('')SURFACE_CURVE(#4577,(#4501),.CURVE_3D.));
#4584=COMPOSITE_CURVE_SEGMENT(.CONTINUOUS.,.T.,#4583);
#4585=CARTESIAN_POINT('',(-52.438656257341130,5.085718917846681,-1.252731791594238));
#4586=CARTESIAN_POINT('',(-52.438656257341137,5.085718917846681,-1.752731791594240));
#4587=CARTESIAN_POINT('',(-51.938656257341123,5.085718917846681,-1.752731791594240));
#4595=(BOUNDED_CURVE()B_SPLINE_CURVE(2,(#4585,#4586,#4587),.UNSPECIFIED.,.F.,.U.)CURVE()GEOMETRIC_REPRESENTATION_ITEM()QUASI_UNIFORM_CURVE()RATIONAL_B_SPLINE_CURVE((1.0,0.707106781186548,1.0))REPRESENTATION_ITEM(''));
#4601=(BOUNDED_CURVE()CURVE()GEOMETRIC_REPRESENTATION_ITEM()REPRESENTATION_ITEM('')SURFACE_CURVE(#4595,(#4501),.CURVE_3D.));
#4602=COMPOSITE_CURVE_SEGMENT(.CONTINUOUS.,.T.,#4601);
#4603=CARTESIAN_POINT('',(-51.938656257341123,5.085718917846681,-1.752731791594240));
#4604=DIRECTION('',(1.0,0.0,0.0));
#4605=VECTOR('',#4604,4.299999999999997);
#4606=LINE('',#4603,#4605);
#4607=CARTESIAN_POINT('',(-47.638656257341125,5.085718917846681,-1.752731791594240));
#4608=TRIMMED_CURVE('',#4606,(PARAMETER_VALUE(0.0),#4603),(PARAMETER_VALUE(1.0),#4607),.T.,.PARAMETER.);
#4614=(BOUNDED_CURVE()CURVE()GEOMETRIC_REPRESENTATION_ITEM()REPRESENTATION_ITEM('')SURFACE_CURVE(#4608,(#4501),.CURVE_3D.));
#4615=COMPOSITE_CURVE_SEGMENT(.CONTINUOUS.,.T.,#4614);
#4616=CARTESIAN_POINT('',(-47.638656257341118,5.085718917846681,-1.752731791594240));
#4617=DIRECTION('',(0.0,0.0,1.0));
#4618=VECTOR('',#4617,1.000000000000002);
#4619=LINE('',#4616,#4618);
#4620=CARTESIAN_POINT('',(-47.638656257341118,5.085718917846681,-0.752731791594238));
#4621=TRIMMED_CURVE('',#4619,(PARAMETER_VALUE(0.0),#4616),(PARAMETER_VALUE(1.0),#4620),.T.,.PARAMETER.);
#4627=(BOUNDED_CURVE()CURVE()GEOMETRIC_REPRESENTATION_ITEM()REPRESENTATION_ITEM('')SURFACE_CURVE(#4621,(#4501),.CURVE_3D.));
#4628=COMPOSITE_CURVE_SEGMENT(.CONTINUOUS.,.T.,#4627);
#4629=CARTESIAN_POINT('',(-47.638656257341118,5.085718917846681,-0.752731791594238));
#4630=DIRECTION('',(1.0,0.0,0.0));
#4631=VECTOR('',#4630,1.0);
#4632=LINE('',#4629,#4631);
#4633=CARTESIAN_POINT('',(-46.638656257341118,5.085718917846681,-0.752731791594238));
#4634=TRIMMED_CURVE('',#4632,(PARAMETER_VALUE(0.0),#4629),(PARAMETER_VALUE(1.0),#4633),.T.,.PARAMETER.);
#4640=(BOUNDED_CURVE()CURVE()GEOMETRIC_REPRESENTATION_ITEM()REPRESENTATION_ITEM('')SURFACE_CURVE(#4634,(#4501),.CURVE_3D.));
#4641=COMPOSITE_CURVE_SEGMENT(.CONTINUOUS.,.T.,#4640);
#4642=CARTESIAN_POINT('',(-46.638656257341118,5.085718917846681,-0.752731791594238));
#4643=DIRECTION('',(0.0,0.0,-1.0));
#4644=VECTOR('',#4643,1.000000000000002);
#4645=LINE('',#4642,#4644);
#4646=CARTESIAN_POINT('',(-46.638656257341118,5.085718917846681,-1.752731791594240));
#4647=TRIMMED_CURVE('',#4645,(PARAMETER_VALUE(0.0),#4642),(PARAMETER_VALUE(1.0),#4646),.T.,.PARAMETER.);
#4653=(BOUNDED_CURVE()CURVE()GEOMETRIC_REPRESENTATION_ITEM()REPRESENTATION_ITEM('')SURFACE_CURVE(#4647,(#4501),.CURVE_3D.));
#4654=COMPOSITE_CURVE_SEGMENT(.CONTINUOUS.,.T.,#4653);
#4655=CARTESIAN_POINT('',(-46.638656257341118,5.085718917846681,-1.752731791594240));
#4656=DIRECTION('',(1.0,0.0,0.0));
#4657=VECTOR('',#4656,9.000000000000007);
#4658=LINE('',#4655,#4657);
#4659=CARTESIAN_POINT('',(-37.638656257341111,5.085718917846681,-1.752731791594240));
#4660=TRIMMED_CURVE('',#4658,(PARAMETER_VALUE(0.0),#4655),(PARAMETER_VALUE(1.0),#4659),.T.,.PARAMETER.);
#4666=(BOUNDED_CURVE()CURVE()GEOMETRIC_REPRESENTATION_ITEM()REPRESENTATION_ITEM('')SURFACE_CURVE(#4660,(#4501),.CURVE_3D.));
#4667=COMPOSITE_CURVE_SEGMENT(.CONTINUOUS.,.T.,#4666);
#4668=CARTESIAN_POINT('',(-37.638656257341111,5.085718917846681,-1.752731791594240));
#4669=DIRECTION('',(0.0,0.0,1.0));
#4670=VECTOR('',#4669,5.250000000000002);
#4671=LINE('',#4668,#4670);
#4672=CARTESIAN_POINT('',(-37.638656257341111,5.085718917846681,3.497268208405762));
#4673=TRIMMED_CURVE('',#4671,(PARAMETER_VALUE(0.0),#4668),(PARAMETER_VALUE(1.0),#4672),.T.,.PARAMETER.);
#4679=(BOUNDED_CURVE()CURVE()GEOMETRIC_REPRESENTATION_ITEM()REPRESENTATION_ITEM('')SURFACE_CURVE(#4673,(#4501),.CURVE_3D.));
#4680=COMPOSITE_CURVE_SEGMENT(.CONTINUOUS.,.T.,#4679);
#4681=CARTESIAN_POINT('',(-37.638656257341118,5.085718917846681,3.497268208405766));
#4682=DIRECTION('',(-1.0,0.0,0.0));
#4683=VECTOR('',#4682,10.950000000000003);
#4684=LINE('',#4681,#4683);
#4685=CARTESIAN_POINT('',(-48.588656257341121,5.085718917846681,3.497268208405766));
#4686=TRIMMED_CURVE('',#4684,(PARAMETER_VALUE(0.0),#4681),(PARAMETER_VALUE(1.0),#4685),.T.,.PARAMETER.);
#4692=(BOUNDED_CURVE()CURVE()GEOMETRIC_REPRESENTATION_ITEM()REPRESENTATION_ITEM('')SURFACE_CURVE(#4686,(#4501),.CURVE_3D.));
#4693=COMPOSITE_CURVE_SEGMENT(.CONTINUOUS.,.T.,#4692);
#4694=CARTESIAN_POINT('',(-48.588656257341121,5.085718917846681,3.497268208405760));
#4695=DIRECTION('',(0.0,0.0,1.0));
#4696=VECTOR('',#4695,2.500000000000005);
#4697=LINE('',#4694,#4696);
#4698=CARTESIAN_POINT('',(-48.588656257341121,5.085718917846681,5.997268208405766));
#4699=TRIMMED_CURVE('',#4697,(PARAMETER_VALUE(0.0),#4694),(PARAMETER_VALUE(1.0),#4698),.T.,.PARAMETER.);
#4705=(BOUNDED_CURVE()CURVE()GEOMETRIC_REPRESENTATION_ITEM()REPRESENTATION_ITEM('')SURFACE_CURVE(#4699,(#4501),.CURVE_3D.));
#4706=COMPOSITE_CURVE_SEGMENT(.CONTINUOUS.,.T.,#4705);
#4707=CARTESIAN_POINT('',(-48.588656257341121,5.085718917846681,5.997268208405765));
#4708=DIRECTION('',(1.0,0.0,0.0));
#4709=VECTOR('',#4708,10.949999999999996);
#4710=LINE('',#4707,#4709);
#4711=CARTESIAN_POINT('',(-37.638656257341125,5.085718917846681,5.997268208405765));
#4712=TRIMMED_CURVE('',#4710,(PARAMETER_VALUE(0.0),#4707),(PARAMETER_VALUE(1.0),#4711),.T.,.PARAMETER.);
#4718=(BOUNDED_CURVE()CURVE()GEOMETRIC_REPRESENTATION_ITEM()REPRESENTATION_ITEM('')SURFACE_CURVE(#4712,(#4501),.CURVE_3D.));
#4719=COMPOSITE_CURVE_SEGMENT(.CONTINUOUS.,.T.,#4718);
#4720=CARTESIAN_POINT('',(-37.638656257341111,5.085718917846681,5.997268208405758));
#4721=DIRECTION('',(0.0,0.0,1.0));
#4722=VECTOR('',#4721,5.250000000000004);
#4723=LINE('',#4720,#4722);
#4724=CARTESIAN_POINT('',(-37.638656257341111,5.085718917846681,11.247268208405762));
#4725=TRIMMED_CURVE('',#4723,(PARAMETER_VALUE(0.0),#4720),(PARAMETER_VALUE(1.0),#4724),.T.,.PARAMETER.);
#4731=(BOUNDED_CURVE()CURVE()GEOMETRIC_REPRESENTATION_ITEM()REPRESENTATION_ITEM('')SURFACE_CURVE(#4725,(#4501),.CURVE_3D.));
#4732=COMPOSITE_CURVE_SEGMENT(.CONTINUOUS.,.T.,#4731);
#4733=CARTESIAN_POINT('',(-37.638656257341111,5.085718917846681,11.247268208405762));
#4734=DIRECTION('',(-1.0,0.0,0.0));
#4735=VECTOR('',#4734,9.000000000000007);
#4736=LINE('',#4733,#4735);
#4737=CARTESIAN_POINT('',(-46.638656257341118,5.085718917846681,11.247268208405762));
#4738=TRIMMED_CURVE('',#4736,(PARAMETER_VALUE(0.0),#4733),(PARAMETER_VALUE(1.0),#4737),.T.,.PARAMETER.);
#4744=(BOUNDED_CURVE()CURVE()GEOMETRIC_REPRESENTATION_ITEM()REPRESENTATION_ITEM('')SURFACE_CURVE(#4738,(#4501),.CURVE_3D.));
#4745=COMPOSITE_CURVE_SEGMENT(.CONTINUOUS.,.T.,#4744);
#4746=CARTESIAN_POINT('',(-46.638656257341118,5.085718917846681,11.247268208405762));
#4747=DIRECTION('',(0.0,0.0,-1.0));
#4748=VECTOR('',#4747,1.000000000000004);
#4749=LINE('',#4746,#4748);
#4750=CARTESIAN_POINT('',(-46.638656257341118,5.085718917846681,10.247268208405758));
#4751=TRIMMED_CURVE('',#4749,(PARAMETER_VALUE(0.0),#4746),(PARAMETER_VALUE(1.0),#4750),.T.,.PARAMETER.);
#4757=(BOUNDED_CURVE()CURVE()GEOMETRIC_REPRESENTATION_ITEM()REPRESENTATION_ITEM('')SURFACE_CURVE(#4751,(#4501),.CURVE_3D.));
#4758=COMPOSITE_CURVE_SEGMENT(.CONTINUOUS.,.T.,#4757);
#4759=CARTESIAN_POINT('',(-46.638656257341118,5.085718917846681,10.247268208405758));
#4760=DIRECTION('',(-1.0,0.0,0.0));
#4761=VECTOR('',#4760,1.0);
#4762=LINE('',#4759,#4761);
#4763=CARTESIAN_POINT('',(-47.638656257341118,5.085718917846681,10.247268208405758));
#4764=TRIMMED_CURVE('',#4762,(PARAMETER_VALUE(0.0),#4759),(PARAMETER_VALUE(1.0),#4763),.T.,.PARAMETER.);
#4770=(BOUNDED_CURVE()CURVE()GEOMETRIC_REPRESENTATION_ITEM()REPRESENTATION_ITEM('')SURFACE_CURVE(#4764,(#4501),.CURVE_3D.));
#4771=COMPOSITE_CURVE_SEGMENT(.CONTINUOUS.,.T.,#4770);
#4772=CARTESIAN_POINT('',(-47.638656257341118,5.085718917846681,10.247268208405758));
#4773=DIRECTION('',(0.0,0.0,1.0));
#4774=VECTOR('',#4773,1.000000000000004);
#4775=LINE('',#4772,#4774);
#4776=CARTESIAN_POINT('',(-47.638656257341118,5.085718917846681,11.247268208405762));
#4777=TRIMMED_CURVE('',#4775,(PARAMETER_VALUE(0.0),#4772),(PARAMETER_VALUE(1.0),#4776),.T.,.PARAMETER.);
#4783=(BOUNDED_CURVE()CURVE()GEOMETRIC_REPRESENTATION_ITEM()REPRESENTATION_ITEM('')SURFACE_CURVE(#4777,(#4501),.CURVE_3D.));
#4784=COMPOSITE_CURVE_SEGMENT(.CONTINUOUS.,.T.,#4783);
#4785=CARTESIAN_POINT('',(-47.638656257341118,5.085718917846681,11.247268208405762));
#4786=DIRECTION('',(-1.0,0.0,0.0));
#4787=VECTOR('',#4786,4.299999999999997);
#4788=LINE('',#4785,#4787);
#4789=CARTESIAN_POINT('',(-51.938656257341115,5.085718917846681,11.247268208405762));
#4790=TRIMMED_CURVE('',#4788,(PARAMETER_VALUE(0.0),#4785),(PARAMETER_VALUE(1.0),#4789),.T.,.PARAMETER.);
#4796=(BOUNDED_CURVE()CURVE()GEOMETRIC_REPRESENTATION_ITEM()REPRESENTATION_ITEM('')SURFACE_CURVE(#4790,(#4501),.CURVE_3D.));
#4797=COMPOSITE_CURVE_SEGMENT(.CONTINUOUS.,.T.,#4796);
#4798=OUTER_BOUNDARY_CURVE('',(#4519,#4532,#4545,#4558,#4571,#4584,#4602,#4615,#4628,#4641,#4654,#4667,#4680,#4693,#4706,#4719,#4732,#4745,#4758,#4771,#4784,#4797),.U.);
#4799=CARTESIAN_POINT('',(-49.638656257341118,5.085718917846681,1.122268208405760));
#4800=DIRECTION('',(0.0,0.0,-1.0));
#4801=VECTOR('',#4800,0.250000000000000);
#4802=LINE('',#4799,#4801);
#4803=CARTESIAN_POINT('',(-49.638656257341118,5.085718917846681,0.872268208405760));
#4804=TRIMMED_CURVE('',#4802,(PARAMETER_VALUE(0.0),#4799),(PARAMETER_VALUE(1.0),#4803),.T.,.PARAMETER.);
#4810=(BOUNDED_CURVE()CURVE()GEOMETRIC_REPRESENTATION_ITEM()REPRESENTATION_ITEM('')SURFACE_CURVE(#4804,(#4501),.CURVE_3D.));
#4811=COMPOSITE_CURVE_SEGMENT(.CONTINUOUS.,.T.,#4810);
#4812=CARTESIAN_POINT('',(-49.638656257341118,5.085718917846681,0.872268208405760));
#4813=DIRECTION('',(-1.0,0.0,0.0));
#4814=VECTOR('',#4813,1.0);
#4815=LINE('',#4812,#4814);
#4816=CARTESIAN_POINT('',(-50.638656257341118,5.085718917846681,0.872268208405760));
#4817=TRIMMED_CURVE('',#4815,(PARAMETER_VALUE(0.0),#4812),(PARAMETER_VALUE(1.0),#4816),.T.,.PARAMETER.);
#4823=(BOUNDED_CURVE()CURVE()GEOMETRIC_REPRESENTATION_ITEM()REPRESENTATION_ITEM('')SURFACE_CURVE(#4817,(#4501),.CURVE_3D.));
#4824=COMPOSITE_CURVE_SEGMENT(.CONTINUOUS.,.T.,#4823);
#4825=CARTESIAN_POINT('',(-50.638656257341118,5.085718917846681,0.872268208405760));
#4826=DIRECTION('',(0.0,0.0,1.0));
#4827=VECTOR('',#4826,0.250000000000000);
#4828=LINE('',#4825,#4827);
#4829=CARTESIAN_POINT('',(-50.638656257341118,5.085718917846681,1.122268208405760));
#4830=TRIMMED_CURVE('',#4828,(PARAMETER_VALUE(0.0),#4825),(PARAMETER_VALUE(1.0),#4829),.T.,.PARAMETER.);
#4836=(BOUNDED_CURVE()CURVE()GEOMETRIC_REPRESENTATION_ITEM()REPRESENTATION_ITEM('')SURFACE_CURVE(#4830,(#4501),.CURVE_3D.));
#4837=COMPOSITE_CURVE_SEGMENT(.CONTINUOUS.,.T.,#4836);
#4838=CARTESIAN_POINT('',(-50.638656257341118,5.085718917846681,1.122268208405760));
#4839=DIRECTION('',(1.0,0.0,0.0));
#4840=VECTOR('',#4839,1.0);
#4841=LINE('',#4838,#4840);
#4842=CARTESIAN_POINT('',(-49.638656257341118,5.085718917846681,1.122268208405760));
#4843=TRIMMED_CURVE('',#4841,(PARAMETER_VALUE(0.0),#4838),(PARAMETER_VALUE(1.0),#4842),.T.,.PARAMETER.);
#4849=(BOUNDED_CURVE()CURVE()GEOMETRIC_REPRESENTATION_ITEM()REPRESENTATION_ITEM('')SURFACE_CURVE(#4843,(#4501),.CURVE_3D.));
#4850=COMPOSITE_CURVE_SEGMENT(.CONTINUOUS.,.T.,#4849);
#4851=BOUNDARY_CURVE('',(#4811,#4824,#4837,#4850),.U.);
#4852=CARTESIAN_POINT('',(-44.638656257341118,5.085718917846681,1.122268208405762));
#4853=DIRECTION('',(0.0,0.0,-1.0));
#4854=VECTOR('',#4853,0.250000000000000);
#4855=LINE('',#4852,#4854);
#4856=CARTESIAN_POINT('',(-44.638656257341118,5.085718917846681,0.872268208405762));
#4857=TRIMMED_CURVE('',#4855,(PARAMETER_VALUE(0.0),#4852),(PARAMETER_VALUE(1.0),#4856),.T.,.PARAMETER.);
#4863=(BOUNDED_CURVE()CURVE()GEOMETRIC_REPRESENTATION_ITEM()REPRESENTATION_ITEM('')SURFACE_CURVE(#4857,(#4501),.CURVE_3D.));
#4864=COMPOSITE_CURVE_SEGMENT(.CONTINUOUS.,.T.,#4863);
#4865=CARTESIAN_POINT('',(-44.638656257341118,5.085718917846681,0.872268208405762));
#4866=DIRECTION('',(-1.0,0.0,0.0));
#4867=VECTOR('',#4866,1.0);
#4868=LINE('',#4865,#4867);
#4869=CARTESIAN_POINT('',(-45.638656257341118,5.085718917846681,0.872268208405762));
#4870=TRIMMED_CURVE('',#4868,(PARAMETER_VALUE(0.0),#4865),(PARAMETER_VALUE(1.0),#4869),.T.,.PARAMETER.);
#4876=(BOUNDED_CURVE()CURVE()GEOMETRIC_REPRESENTATION_ITEM()REPRESENTATION_ITEM('')SURFACE_CURVE(#4870,(#4501),.CURVE_3D.));
#4877=COMPOSITE_CURVE_SEGMENT(.CONTINUOUS.,.T.,#4876);
#4878=CARTESIAN_POINT('',(-45.638656257341118,5.085718917846681,0.872268208405762));
#4879=DIRECTION('',(0.0,0.0,1.0));
#4880=VECTOR('',#4879,0.250000000000000);
#4881=LINE('',#4878,#4880);
#4882=CARTESIAN_POINT('',(-45.638656257341118,5.085718917846681,1.122268208405762));
#4883=TRIMMED_CURVE('',#4881,(PARAMETER_VALUE(0.0),#4878),(PARAMETER_VALUE(1.0),#4882),.T.,.PARAMETER.);
#4889=(BOUNDED_CURVE()CURVE()GEOMETRIC_REPRESENTATION_ITEM()REPRESENTATION_ITEM('')SURFACE_CURVE(#4883,(#4501),.CURVE_3D.));
#4890=COMPOSITE_CURVE_SEGMENT(.CONTINUOUS.,.T.,#4889);
#4891=CARTESIAN_POINT('',(-45.638656257341118,5.085718917846681,1.122268208405762));
#4892=DIRECTION('',(1.0,0.0,0.0));
#4893=VECTOR('',#4892,1.0);
#4894=LINE('',#4891,#4893);
#4895=CARTESIAN_POINT('',(-44.638656257341118,5.085718917846681,1.122268208405762));
#4896=TRIMMED_CURVE('',#4894,(PARAMETER_VALUE(0.0),#4891),(PARAMETER_VALUE(1.0),#4895),.T.,.PARAMETER.);
#4902=(BOUNDED_CURVE()CURVE()GEOMETRIC_REPRESENTATION_ITEM()REPRESENTATION_ITEM('')SURFACE_CURVE(#4896,(#4501),.CURVE_3D.));
#4903=COMPOSITE_CURVE_SEGMENT(.CONTINUOUS.,.T.,#4902);
#4904=BOUNDARY_CURVE('',(#4864,#4877,#4890,#4903),.U.);
#4905=CARTESIAN_POINT('',(-39.638656257341111,5.085718917846681,1.122268208405760));
#4906=DIRECTION('',(0.0,0.0,-1.0));
#4907=VECTOR('',#4906,0.250000000000000);
#4908=LINE('',#4905,#4907);
#4909=CARTESIAN_POINT('',(-39.638656257341111,5.085718917846681,0.872268208405760));
#4910=TRIMMED_CURVE('',#4908,(PARAMETER_VALUE(0.0),#4905),(PARAMETER_VALUE(1.0),#4909),.T.,.PARAMETER.);
#4916=(BOUNDED_CURVE()CURVE()GEOMETRIC_REPRESENTATION_ITEM()REPRESENTATION_ITEM('')SURFACE_CURVE(#4910,(#4501),.CURVE_3D.));
#4917=COMPOSITE_CURVE_SEGMENT(.CONTINUOUS.,.T.,#4916);
#4918=CARTESIAN_POINT('',(-39.638656257341111,5.085718917846681,0.872268208405760));
#4919=DIRECTION('',(-1.0,0.0,0.0));
#4920=VECTOR('',#4919,1.000000000000007);
#4921=LINE('',#4918,#4920);
#4922=CARTESIAN_POINT('',(-40.638656257341118,5.085718917846681,0.872268208405760));
#4923=TRIMMED_CURVE('',#4921,(PARAMETER_VALUE(0.0),#4918),(PARAMETER_VALUE(1.0),#4922),.T.,.PARAMETER.);
#4929=(BOUNDED_CURVE()CURVE()GEOMETRIC_REPRESENTATION_ITEM()REPRESENTATION_ITEM('')SURFACE_CURVE(#4923,(#4501),.CURVE_3D.));
#4930=COMPOSITE_CURVE_SEGMENT(.CONTINUOUS.,.T.,#4929);
#4931=CARTESIAN_POINT('',(-40.638656257341118,5.085718917846681,0.872268208405760));
#4932=DIRECTION('',(0.0,0.0,1.0));
#4933=VECTOR('',#4932,0.250000000000000);
#4934=LINE('',#4931,#4933);
#4935=CARTESIAN_POINT('',(-40.638656257341118,5.085718917846681,1.122268208405760));
#4936=TRIMMED_CURVE('',#4934,(PARAMETER_VALUE(0.0),#4931),(PARAMETER_VALUE(1.0),#4935),.T.,.PARAMETER.);
#4942=(BOUNDED_CURVE()CURVE()GEOMETRIC_REPRESENTATION_ITEM()REPRESENTATION_ITEM('')SURFACE_CURVE(#4936,(#4501),.CURVE_3D.));
#4943=COMPOSITE_CURVE_SEGMENT(.CONTINUOUS.,.T.,#4942);
#4944=CARTESIAN_POINT('',(-40.638656257341118,5.085718917846681,1.122268208405760));
#4945=DIRECTION('',(1.0,0.0,0.0));
#4946=VECTOR('',#4945,1.000000000000007);
#4947=LINE('',#4944,#4946);
#4948=CARTESIAN_POINT('',(-39.638656257341111,5.085718917846681,1.122268208405760));
#4949=TRIMMED_CURVE('',#4947,(PARAMETER_VALUE(0.0),#4944),(PARAMETER_VALUE(1.0),#4948),.T.,.PARAMETER.);
#4955=(BOUNDED_CURVE()CURVE()GEOMETRIC_REPRESENTATION_ITEM()REPRESENTATION_ITEM('')SURFACE_CURVE(#4949,(#4501),.CURVE_3D.));
#4956=COMPOSITE_CURVE_SEGMENT(.CONTINUOUS.,.T.,#4955);
#4957=BOUNDARY_CURVE('',(#4917,#4930,#4943,#4956),.U.);
#4958=CARTESIAN_POINT('',(-40.638656257341111,5.085718917846681,8.372268208405766));
#4959=DIRECTION('',(0.0,0.0,1.0));
#4960=VECTOR('',#4959,0.249999999999996);
#4961=LINE('',#4958,#4960);
#4962=CARTESIAN_POINT('',(-40.638656257341111,5.085718917846681,8.622268208405762));
#4963=TRIMMED_CURVE('',#4961,(PARAMETER_VALUE(0.0),#4958),(PARAMETER_VALUE(1.0),#4962),.T.,.PARAMETER.);
#4969=(BOUNDED_CURVE()CURVE()GEOMETRIC_REPRESENTATION_ITEM()REPRESENTATION_ITEM('')SURFACE_CURVE(#4963,(#4501),.CURVE_3D.));
#4970=COMPOSITE_CURVE_SEGMENT(.CONTINUOUS.,.T.,#4969);
#4971=CARTESIAN_POINT('',(-40.638656257341111,5.085718917846681,8.622268208405764));
#4972=DIRECTION('',(1.0,0.0,0.0));
#4973=VECTOR('',#4972,1.0);
#4974=LINE('',#4971,#4973);
#4975=CARTESIAN_POINT('',(-39.638656257341111,5.085718917846681,8.622268208405764));
#4976=TRIMMED_CURVE('',#4974,(PARAMETER_VALUE(0.0),#4971),(PARAMETER_VALUE(1.0),#4975),.T.,.PARAMETER.);
#4982=(BOUNDED_CURVE()CURVE()GEOMETRIC_REPRESENTATION_ITEM()REPRESENTATION_ITEM('')SURFACE_CURVE(#4976,(#4501),.CURVE_3D.));
#4983=COMPOSITE_CURVE_SEGMENT(.CONTINUOUS.,.T.,#4982);
#4984=CARTESIAN_POINT('',(-39.638656257341111,5.085718917846681,8.622268208405764));
#4985=DIRECTION('',(0.0,0.0,-1.0));
#4986=VECTOR('',#4985,0.249999999999996);
#4987=LINE('',#4984,#4986);
#4988=CARTESIAN_POINT('',(-39.638656257341111,5.085718917846681,8.372268208405767));
#4989=TRIMMED_CURVE('',#4987,(PARAMETER_VALUE(0.0),#4984),(PARAMETER_VALUE(1.0),#4988),.T.,.PARAMETER.);
#4995=(BOUNDED_CURVE()CURVE()GEOMETRIC_REPRESENTATION_ITEM()REPRESENTATION_ITEM('')SURFACE_CURVE(#4989,(#4501),.CURVE_3D.));
#4996=COMPOSITE_CURVE_SEGMENT(.CONTINUOUS.,.T.,#4995);
#4997=CARTESIAN_POINT('',(-39.638656257341111,5.085718917846681,8.372268208405766));
#4998=DIRECTION('',(-1.0,0.0,0.0));
#4999=VECTOR('',#4998,1.0);
#5000=LINE('',#4997,#4999);
#5001=CARTESIAN_POINT('',(-40.638656257341111,5.085718917846681,8.372268208405766));
#5002=TRIMMED_CURVE('',#5000,(PARAMETER_VALUE(0.0),#4997),(PARAMETER_VALUE(1.0),#5001),.T.,.PARAMETER.);
#5008=(BOUNDED_CURVE()CURVE()GEOMETRIC_REPRESENTATION_ITEM()REPRESENTATION_ITEM('')SURFACE_CURVE(#5002,(#4501),.CURVE_3D.));
#5009=COMPOSITE_CURVE_SEGMENT(.CONTINUOUS.,.T.,#5008);
#5010=BOUNDARY_CURVE('',(#4970,#4983,#4996,#5009),.U.);
#5011=CARTESIAN_POINT('',(-45.638656257341118,5.085718917846681,8.372268208405766));
#5012=DIRECTION('',(0.0,0.0,1.0));
#5013=VECTOR('',#5012,0.249999999999996);
#5014=LINE('',#5011,#5013);
#5015=CARTESIAN_POINT('',(-45.638656257341118,5.085718917846681,8.622268208405762));
#5016=TRIMMED_CURVE('',#5014,(PARAMETER_VALUE(0.0),#5011),(PARAMETER_VALUE(1.0),#5015),.T.,.PARAMETER.);
#5022=(BOUNDED_CURVE()CURVE()GEOMETRIC_REPRESENTATION_ITEM()REPRESENTATION_ITEM('')SURFACE_CURVE(#5016,(#4501),.CURVE_3D.));
#5023=COMPOSITE_CURVE_SEGMENT(.CONTINUOUS.,.T.,#5022);
#5024=CARTESIAN_POINT('',(-45.638656257341118,5.085718917846681,8.622268208405764));
#5025=DIRECTION('',(1.0,0.0,0.0));
#5026=VECTOR('',#5025,1.0);
#5027=LINE('',#5024,#5026);
#5028=CARTESIAN_POINT('',(-44.638656257341118,5.085718917846681,8.622268208405764));
#5029=TRIMMED_CURVE('',#5027,(PARAMETER_VALUE(0.0),#5024),(PARAMETER_VALUE(1.0),#5028),.T.,.PARAMETER.);
#5035=(BOUNDED_CURVE()CURVE()GEOMETRIC_REPRESENTATION_ITEM()REPRESENTATION_ITEM('')SURFACE_CURVE(#5029,(#4501),.CURVE_3D.));
#5036=COMPOSITE_CURVE_SEGMENT(.CONTINUOUS.,.T.,#5035);
#5037=CARTESIAN_POINT('',(-44.638656257341118,5.085718917846681,8.622268208405764));
#5038=DIRECTION('',(0.0,0.0,-1.0));
#5039=VECTOR('',#5038,0.249999999999996);
#5040=LINE('',#5037,#5039);
#5041=CARTESIAN_POINT('',(-44.638656257341118,5.085718917846681,8.372268208405767));
#5042=TRIMMED_CURVE('',#5040,(PARAMETER_VALUE(0.0),#5037),(PARAMETER_VALUE(1.0),#5041),.T.,.PARAMETER.);
#5048=(BOUNDED_CURVE()CURVE()GEOMETRIC_REPRESENTATION_ITEM()REPRESENTATION_ITEM('')SURFACE_CURVE(#5042,(#4501),.CURVE_3D.));
#5049=COMPOSITE_CURVE_SEGMENT(.CONTINUOUS.,.T.,#5048);
#5050=CARTESIAN_POINT('',(-44.638656257341118,5.085718917846681,8.372268208405766));
#5051=DIRECTION('',(-1.0,0.0,0.0));
#5052=VECTOR('',#5051,1.0);
#5053=LINE('',#5050,#5052);
#5054=CARTESIAN_POINT('',(-45.638656257341118,5.085718917846681,8.372268208405766));
#5055=TRIMMED_CURVE('',#5053,(PARAMETER_VALUE(0.0),#5050),(PARAMETER_VALUE(1.0),#5054),.T.,.PARAMETER.);
#5061=(BOUNDED_CURVE()CURVE()GEOMETRIC_REPRESENTATION_ITEM()REPRESENTATION_ITEM('')SURFACE_CURVE(#5055,(#4501),.CURVE_3D.));
#5062=COMPOSITE_CURVE_SEGMENT(.CONTINUOUS.,.T.,#5061);
#5063=BOUNDARY_CURVE('',(#5023,#5036,#5049,#5062),.U.);
#5064=CARTESIAN_POINT('',(-50.638656257341118,5.085718917846681,8.372268208405766));
#5065=DIRECTION('',(0.0,0.0,1.0));
#5066=VECTOR('',#5065,0.249999999999996);
#5067=LINE('',#5064,#5066);
#5068=CARTESIAN_POINT('',(-50.638656257341118,5.085718917846681,8.622268208405762));
#5069=TRIMMED_CURVE('',#5067,(PARAMETER_VALUE(0.0),#5064),(PARAMETER_VALUE(1.0),#5068),.T.,.PARAMETER.);
#5075=(BOUNDED_CURVE()CURVE()GEOMETRIC_REPRESENTATION_ITEM()REPRESENTATION_ITEM('')SURFACE_CURVE(#5069,(#4501),.CURVE_3D.));
#5076=COMPOSITE_CURVE_SEGMENT(.CONTINUOUS.,.T.,#5075);
#5077=CARTESIAN_POINT('',(-50.638656257341118,5.085718917846681,8.622268208405764));
#5078=DIRECTION('',(1.0,0.0,0.0));
#5079=VECTOR('',#5078,1.0);
#5080=LINE('',#5077,#5079);
#5081=CARTESIAN_POINT('',(-49.638656257341118,5.085718917846681,8.622268208405764));
#5082=TRIMMED_CURVE('',#5080,(PARAMETER_VALUE(0.0),#5077),(PARAMETER_VALUE(1.0),#5081),.T.,.PARAMETER.);
#5088=(BOUNDED_CURVE()CURVE()GEOMETRIC_REPRESENTATION_ITEM()REPRESENTATION_ITEM('')SURFACE_CURVE(#5082,(#4501),.CURVE_3D.));
#5089=COMPOSITE_CURVE_SEGMENT(.CONTINUOUS.,.T.,#5088);
#5090=CARTESIAN_POINT('',(-49.638656257341118,5.085718917846681,8.622268208405764));
#5091=DIRECTION('',(0.0,0.0,-1.0));
#5092=VECTOR('',#5091,0.249999999999996);
#5093=LINE('',#5090,#5092);
#5094=CARTESIAN_POINT('',(-49.638656257341118,5.085718917846681,8.372268208405767));
#5095=TRIMMED_CURVE('',#5093,(PARAMETER_VALUE(0.0),#5090),(PARAMETER_VALUE(1.0),#5094),.T.,.PARAMETER.);
#5101=(BOUNDED_CURVE()CURVE()GEOMETRIC_REPRESENTATION_ITEM()REPRESENTATION_ITEM('')SURFACE_CURVE(#5095,(#4501),.CURVE_3D.));
#5102=COMPOSITE_CURVE_SEGMENT(.CONTINUOUS.,.T.,#5101);
#5103=CARTESIAN_POINT('',(-49.638656257341118,5.085718917846681,8.372268208405766));
#5104=DIRECTION('',(-1.0,0.0,0.0));
#5105=VECTOR('',#5104,1.0);
#5106=LINE('',#5103,#5105);
#5107=CARTESIAN_POINT('',(-50.638656257341118,5.085718917846681,8.372268208405766));
#5108=TRIMMED_CURVE('',#5106,(PARAMETER_VALUE(0.0),#5103),(PARAMETER_VALUE(1.0),#5107),.T.,.PARAMETER.);
#5114=(BOUNDED_CURVE()CURVE()GEOMETRIC_REPRESENTATION_ITEM()REPRESENTATION_ITEM('')SURFACE_CURVE(#5108,(#4501),.CURVE_3D.));
#5115=COMPOSITE_CURVE_SEGMENT(.CONTINUOUS.,.T.,#5114);
#5116=BOUNDARY_CURVE('',(#5076,#5089,#5102,#5115),.U.);
#5117=CURVE_BOUNDED_SURFACE('',#4501,(#4798,#4851,#4904,#4957,#5010,#5063,#5116),.F.);
#5118=STYLED_ITEM('',(#5119),#5117);
#5119=PRESENTATION_STYLE_ASSIGNMENT((#5120));
#5120=SURFACE_STYLE_USAGE(.POSITIVE.,#5121);
#5121=SURFACE_SIDE_STYLE('',(#5122));
#5122=SURFACE_STYLE_FILL_AREA(#5123);
#5123=FILL_AREA_STYLE('',(#5124));
#5124=FILL_AREA_STYLE_COLOUR('',#5125);
#5125=COLOUR_RGB('',0.0,0.0,1.0);
#5126=PRESENTATION_LAYER_ASSIGNMENT('7','',(#5117));
#5127=CARTESIAN_POINT('',(-27.913656257341120,4.850718917846677,5.997268208405765));
#5128=DIRECTION('',(0.0,0.0,1.0));
#5129=DIRECTION('',(1.0,0.0,0.0));
#5130=AXIS2_PLACEMENT_3D('',#5127,#5128,#5129);
#5131=PLANE('',#5130);
#5132=CARTESIAN_POINT('',(-24.638656257341118,8.385718917846683,5.997268208405765));
#5133=DIRECTION('',(0.0,1.0,0.0));
#5134=VECTOR('',#5133,1.400000000000000);
#5135=LINE('',#5132,#5134);
#5136=CARTESIAN_POINT('',(-24.638656257341118,9.785718917846683,5.997268208405765));
#5137=TRIMMED_CURVE('',#5135,(PARAMETER_VALUE(0.0),#5132),(PARAMETER_VALUE(1.0),#5136),.T.,.PARAMETER.);
#5143=(BOUNDED_CURVE()CURVE()GEOMETRIC_REPRESENTATION_ITEM()REPRESENTATION_ITEM('')SURFACE_CURVE(#5137,(#5131),.CURVE_3D.));
#5144=COMPOSITE_CURVE_SEGMENT(.CONTINUOUS.,.T.,#5143);
#5145=CARTESIAN_POINT('',(-24.638656257341118,9.785718917846683,5.997268208405765));
#5146=DIRECTION('',(-1.0,0.0,0.0));
#5147=VECTOR('',#5146,3.000000000000011);
#5148=LINE('',#5145,#5147);
#5149=CARTESIAN_POINT('',(-27.638656257341129,9.785718917846683,5.997268208405765));
#5150=TRIMMED_CURVE('',#5148,(PARAMETER_VALUE(0.0),#5145),(PARAMETER_VALUE(1.0),#5149),.T.,.PARAMETER.);
#5156=(BOUNDED_CURVE()CURVE()GEOMETRIC_REPRESENTATION_ITEM()REPRESENTATION_ITEM('')SURFACE_CURVE(#5150,(#5131),.CURVE_3D.));
#5157=COMPOSITE_CURVE_SEGMENT(.CONTINUOUS.,.T.,#5156);
#5158=CARTESIAN_POINT('',(-27.638656257341115,9.785718917846683,5.997268208405765));
#5159=DIRECTION('',(0.0,-1.0,0.0));
#5160=VECTOR('',#5159,4.700000000000003);
#5161=LINE('',#5158,#5160);
#5162=CARTESIAN_POINT('',(-27.638656257341115,5.085718917846680,5.997268208405765));
#5163=TRIMMED_CURVE('',#5161,(PARAMETER_VALUE(0.0),#5158),(PARAMETER_VALUE(1.0),#5162),.T.,.PARAMETER.);
#5169=(BOUNDED_CURVE()CURVE()GEOMETRIC_REPRESENTATION_ITEM()REPRESENTATION_ITEM('')SURFACE_CURVE(#5163,(#5131),.CURVE_3D.));
#5170=COMPOSITE_CURVE_SEGMENT(.CONTINUOUS.,.T.,#5169);
#5171=CARTESIAN_POINT('',(-27.638656257341115,5.085718917846677,5.997268208405765));
#5172=DIRECTION('',(1.0,0.0,0.0));
#5173=VECTOR('',#5172,5.500000000000004);
#5174=LINE('',#5171,#5173);
#5175=CARTESIAN_POINT('',(-22.138656257341111,5.085718917846677,5.997268208405765));
#5176=TRIMMED_CURVE('',#5174,(PARAMETER_VALUE(0.0),#5171),(PARAMETER_VALUE(1.0),#5175),.T.,.PARAMETER.);
#5182=(BOUNDED_CURVE()CURVE()GEOMETRIC_REPRESENTATION_ITEM()REPRESENTATION_ITEM('')SURFACE_CURVE(#5176,(#5131),.CURVE_3D.));
#5183=COMPOSITE_CURVE_SEGMENT(.CONTINUOUS.,.T.,#5182);
#5184=CARTESIAN_POINT('',(-22.138656257341118,5.085718917846681,5.997268208405765));
#5185=DIRECTION('',(0.0,1.0,0.0));
#5186=VECTOR('',#5185,3.300000000000002);
#5187=LINE('',#5184,#5186);
#5188=CARTESIAN_POINT('',(-22.138656257341118,8.385718917846683,5.997268208405765));
#5189=TRIMMED_CURVE('',#5187,(PARAMETER_VALUE(0.0),#5184),(PARAMETER_VALUE(1.0),#5188),.T.,.PARAMETER.);
#5195=(BOUNDED_CURVE()CURVE()GEOMETRIC_REPRESENTATION_ITEM()REPRESENTATION_ITEM('')SURFACE_CURVE(#5189,(#5131),.CURVE_3D.));
#5196=COMPOSITE_CURVE_SEGMENT(.CONTINUOUS.,.T.,#5195);
#5197=CARTESIAN_POINT('',(-22.138656257341118,8.385718917846683,5.997268208405765));
#5198=DIRECTION('',(-1.0,0.0,0.0));
#5199=VECTOR('',#5198,2.500000000000000);
#5200=LINE('',#5197,#5199);
#5201=CARTESIAN_POINT('',(-24.638656257341118,8.385718917846683,5.997268208405765));
#5202=TRIMMED_CURVE('',#5200,(PARAMETER_VALUE(0.0),#5197),(PARAMETER_VALUE(1.0),#5201),.T.,.PARAMETER.);
#5208=(BOUNDED_CURVE()CURVE()GEOMETRIC_REPRESENTATION_ITEM()REPRESENTATION_ITEM('')SURFACE_CURVE(#5202,(#5131),.CURVE_3D.));
#5209=COMPOSITE_CURVE_SEGMENT(.CONTINUOUS.,.T.,#5208);
#5210=OUTER_BOUNDARY_CURVE('',(#5144,#5157,#5170,#5183,#5196,#5209),.U.);
#5211=CURVE_BOUNDED_SURFACE('',#5131,(#5210),.F.);
#5212=STYLED_ITEM('',(#5213),#5211);
#5213=PRESENTATION_STYLE_ASSIGNMENT((#5214));
#5214=SURFACE_STYLE_USAGE(.POSITIVE.,#5215);
#5215=SURFACE_SIDE_STYLE('',(#5216));
#5216=SURFACE_STYLE_FILL_AREA(#5217);
#5217=FILL_AREA_STYLE('',(#5218));
#5218=FILL_AREA_STYLE_COLOUR('',#5219);
#5219=COLOUR_RGB('',0.0,0.0,1.0);
#5220=PRESENTATION_LAYER_ASSIGNMENT('7','',(#5211));
#5221=CARTESIAN_POINT('',(-27.638656257341115,4.535718917846683,-2.015231791594239));
#5222=DIRECTION('',(-1.0,0.0,0.0));
#5223=DIRECTION('',(0.0,0.0,1.0));
#5224=AXIS2_PLACEMENT_3D('',#5221,#5222,#5223);
#5225=PLANE('',#5224);
#5226=CARTESIAN_POINT('',(-27.638656257341115,5.085718917846681,3.497268208405764));
#5227=DIRECTION('',(0.0,1.0,0.0));
#5228=VECTOR('',#5227,4.699999999999998);
#5229=LINE('',#5226,#5228);
#5230=CARTESIAN_POINT('',(-27.638656257341115,9.785718917846680,3.497268208405764));
#5231=TRIMMED_CURVE('',#5229,(PARAMETER_VALUE(0.0),#5226),(PARAMETER_VALUE(1.0),#5230),.T.,.PARAMETER.);
#5237=(BOUNDED_CURVE()CURVE()GEOMETRIC_REPRESENTATION_ITEM()REPRESENTATION_ITEM('')SURFACE_CURVE(#5231,(#5225),.CURVE_3D.));
#5238=COMPOSITE_CURVE_SEGMENT(.CONTINUOUS.,.T.,#5237);
#5239=CARTESIAN_POINT('',(-27.638656257341115,9.785718917846683,3.497268208405764));
#5240=DIRECTION('',(0.0,0.0,-1.0));
#5241=VECTOR('',#5240,5.250000000000004);
#5242=LINE('',#5239,#5241);
#5243=CARTESIAN_POINT('',(-27.638656257341115,9.785718917846683,-1.752731791594240));
#5244=TRIMMED_CURVE('',#5242,(PARAMETER_VALUE(0.0),#5239),(PARAMETER_VALUE(1.0),#5243),.T.,.PARAMETER.);
#5250=(BOUNDED_CURVE()CURVE()GEOMETRIC_REPRESENTATION_ITEM()REPRESENTATION_ITEM('')SURFACE_CURVE(#5244,(#5225),.CURVE_3D.));
#5251=COMPOSITE_CURVE_SEGMENT(.CONTINUOUS.,.T.,#5250);
#5252=CARTESIAN_POINT('',(-27.638656257341115,9.785718917846683,-1.752731791594239));
#5253=DIRECTION('',(0.0,-1.0,0.0));
#5254=VECTOR('',#5253,4.999999999999998);
#5255=LINE('',#5252,#5254);
#5256=CARTESIAN_POINT('',(-27.638656257341115,4.785718917846685,-1.752731791594239));
#5257=TRIMMED_CURVE('',#5255,(PARAMETER_VALUE(0.0),#5252),(PARAMETER_VALUE(1.0),#5256),.T.,.PARAMETER.);
#5263=(BOUNDED_CURVE()CURVE()GEOMETRIC_REPRESENTATION_ITEM()REPRESENTATION_ITEM('')SURFACE_CURVE(#5257,(#5225),.CURVE_3D.));
#5264=COMPOSITE_CURVE_SEGMENT(.CONTINUOUS.,.T.,#5263);
#5265=CARTESIAN_POINT('',(-27.638656257341115,4.785718917846683,-1.752731791594239));
#5266=DIRECTION('',(0.0,0.0,1.0));
#5267=VECTOR('',#5266,1.0);
#5268=LINE('',#5265,#5267);
#5269=CARTESIAN_POINT('',(-27.638656257341115,4.785718917846683,-0.752731791594239));
#5270=TRIMMED_CURVE('',#5268,(PARAMETER_VALUE(0.0),#5265),(PARAMETER_VALUE(1.0),#5269),.T.,.PARAMETER.);
#5276=(BOUNDED_CURVE()CURVE()GEOMETRIC_REPRESENTATION_ITEM()REPRESENTATION_ITEM('')SURFACE_CURVE(#5270,(#5225),.CURVE_3D.));
#5277=COMPOSITE_CURVE_SEGMENT(.CONTINUOUS.,.T.,#5276);
#5278=CARTESIAN_POINT('',(-27.638656257341115,4.785718917846683,-0.752731791594239));
#5279=DIRECTION('',(0.0,1.0,0.0));
#5280=VECTOR('',#5279,0.299999999999997);
#5281=LINE('',#5278,#5280);
#5282=CARTESIAN_POINT('',(-27.638656257341115,5.085718917846680,-0.752731791594239));
#5283=TRIMMED_CURVE('',#5281,(PARAMETER_VALUE(0.0),#5278),(PARAMETER_VALUE(1.0),#5282),.T.,.PARAMETER.);
#5289=(BOUNDED_CURVE()CURVE()GEOMETRIC_REPRESENTATION_ITEM()REPRESENTATION_ITEM('')SURFACE_CURVE(#5283,(#5225),.CURVE_3D.));
#5290=COMPOSITE_CURVE_SEGMENT(.CONTINUOUS.,.T.,#5289);
#5291=CARTESIAN_POINT('',(-27.638656257341115,5.085718917846681,-0.752731791594239));
#5292=DIRECTION('',(0.0,0.0,1.0));
#5293=VECTOR('',#5292,4.250000000000002);
#5294=LINE('',#5291,#5293);
#5295=CARTESIAN_POINT('',(-27.638656257341115,5.085718917846681,3.497268208405763));
#5296=TRIMMED_CURVE('',#5294,(PARAMETER_VALUE(0.0),#5291),(PARAMETER_VALUE(1.0),#5295),.T.,.PARAMETER.);
#5302=(BOUNDED_CURVE()CURVE()GEOMETRIC_REPRESENTATION_ITEM()REPRESENTATION_ITEM('')SURFACE_CURVE(#5296,(#5225),.CURVE_3D.));
#5303=COMPOSITE_CURVE_SEGMENT(.CONTINUOUS.,.T.,#5302);
#5304=OUTER_BOUNDARY_CURVE('',(#5238,#5251,#5264,#5277,#5290,#5303),.U.);
#5305=CURVE_BOUNDED_SURFACE('',#5225,(#5304),.F.);
#5306=STYLED_ITEM('',(#5307),#5305);
#5307=PRESENTATION_STYLE_ASSIGNMENT((#5308));
#5308=SURFACE_STYLE_USAGE(.POSITIVE.,#5309);
#5309=SURFACE_SIDE_STYLE('',(#5310));
#5310=SURFACE_STYLE_FILL_AREA(#5311);
#5311=FILL_AREA_STYLE('',(#5312));
#5312=FILL_AREA_STYLE_COLOUR('',#5313);
#5313=COLOUR_RGB('',0.0,0.0,1.0);
#5314=PRESENTATION_LAYER_ASSIGNMENT('7','',(#5305));
#5315=CARTESIAN_POINT('',(-27.638656257341115,4.535718917846683,5.734768208405758));
#5316=DIRECTION('',(-1.0,0.0,0.0));
#5317=DIRECTION('',(0.0,0.0,1.0));
#5318=AXIS2_PLACEMENT_3D('',#5315,#5316,#5317);
#5319=PLANE('',#5318);
#5320=CARTESIAN_POINT('',(-27.638656257341115,9.785718917846683,5.997268208405761));
#5321=DIRECTION('',(0.0,-1.0,0.0));
#5322=VECTOR('',#5321,4.700000000000001);
#5323=LINE('',#5320,#5322);
#5324=CARTESIAN_POINT('',(-27.638656257341115,5.085718917846682,5.997268208405761));
#5325=TRIMMED_CURVE('',#5323,(PARAMETER_VALUE(0.0),#5320),(PARAMETER_VALUE(1.0),#5324),.T.,.PARAMETER.);
#5331=(BOUNDED_CURVE()CURVE()GEOMETRIC_REPRESENTATION_ITEM()REPRESENTATION_ITEM('')SURFACE_CURVE(#5325,(#5319),.CURVE_3D.));
#5332=COMPOSITE_CURVE_SEGMENT(.CONTINUOUS.,.T.,#5331);
#5333=CARTESIAN_POINT('',(-27.638656257341115,5.085718917846681,5.997268208405759));
#5334=DIRECTION('',(0.0,0.0,1.0));
#5335=VECTOR('',#5334,4.250000000000005);
#5336=LINE('',#5333,#5335);
#5337=CARTESIAN_POINT('',(-27.638656257341115,5.085718917846681,10.247268208405764));
#5338=TRIMMED_CURVE('',#5336,(PARAMETER_VALUE(0.0),#5333),(PARAMETER_VALUE(1.0),#5337),.T.,.PARAMETER.);
#5344=(BOUNDED_CURVE()CURVE()GEOMETRIC_REPRESENTATION_ITEM()REPRESENTATION_ITEM('')SURFACE_CURVE(#5338,(#5319),.CURVE_3D.));
#5345=COMPOSITE_CURVE_SEGMENT(.CONTINUOUS.,.T.,#5344);
#5346=CARTESIAN_POINT('',(-27.638656257341115,5.085718917846681,10.247268208405764));
#5347=DIRECTION('',(0.0,-1.0,0.0));
#5348=VECTOR('',#5347,0.299999999999997);
#5349=LINE('',#5346,#5348);
#5350=CARTESIAN_POINT('',(-27.638656257341115,4.785718917846684,10.247268208405764));
#5351=TRIMMED_CURVE('',#5349,(PARAMETER_VALUE(0.0),#5346),(PARAMETER_VALUE(1.0),#5350),.T.,.PARAMETER.);
#5357=(BOUNDED_CURVE()CURVE()GEOMETRIC_REPRESENTATION_ITEM()REPRESENTATION_ITEM('')SURFACE_CURVE(#5351,(#5319),.CURVE_3D.));
#5358=COMPOSITE_CURVE_SEGMENT(.CONTINUOUS.,.T.,#5357);
#5359=CARTESIAN_POINT('',(-27.638656257341115,4.785718917846683,10.247268208405764));
#5360=DIRECTION('',(0.0,0.0,1.0));
#5361=VECTOR('',#5360,0.999999999999993);
#5362=LINE('',#5359,#5361);
#5363=CARTESIAN_POINT('',(-27.638656257341115,4.785718917846683,11.247268208405757));
#5364=TRIMMED_CURVE('',#5362,(PARAMETER_VALUE(0.0),#5359),(PARAMETER_VALUE(1.0),#5363),.T.,.PARAMETER.);
#5370=(BOUNDED_CURVE()CURVE()GEOMETRIC_REPRESENTATION_ITEM()REPRESENTATION_ITEM('')SURFACE_CURVE(#5364,(#5319),.CURVE_3D.));
#5371=COMPOSITE_CURVE_SEGMENT(.CONTINUOUS.,.T.,#5370);
#5372=CARTESIAN_POINT('',(-27.638656257341115,4.785718917846683,11.247268208405760));
#5373=DIRECTION('',(0.0,1.0,0.0));
#5374=VECTOR('',#5373,4.999999999999998);
#5375=LINE('',#5372,#5374);
#5376=CARTESIAN_POINT('',(-27.638656257341115,9.785718917846682,11.247268208405760));
#5377=TRIMMED_CURVE('',#5375,(PARAMETER_VALUE(0.0),#5372),(PARAMETER_VALUE(1.0),#5376),.T.,.PARAMETER.);
#5383=(BOUNDED_CURVE()CURVE()GEOMETRIC_REPRESENTATION_ITEM()REPRESENTATION_ITEM('')SURFACE_CURVE(#5377,(#5319),.CURVE_3D.));
#5384=COMPOSITE_CURVE_SEGMENT(.CONTINUOUS.,.T.,#5383);
#5385=CARTESIAN_POINT('',(-27.638656257341115,9.785718917846683,11.247268208405760));
#5386=DIRECTION('',(0.0,0.0,-1.0));
#5387=VECTOR('',#5386,5.249999999999998);
#5388=LINE('',#5385,#5387);
#5389=CARTESIAN_POINT('',(-27.638656257341115,9.785718917846683,5.997268208405762));
#5390=TRIMMED_CURVE('',#5388,(PARAMETER_VALUE(0.0),#5385),(PARAMETER_VALUE(1.0),#5389),.T.,.PARAMETER.);
#5396=(BOUNDED_CURVE()CURVE()GEOMETRIC_REPRESENTATION_ITEM()REPRESENTATION_ITEM('')SURFACE_CURVE(#5390,(#5319),.CURVE_3D.));
#5397=COMPOSITE_CURVE_SEGMENT(.CONTINUOUS.,.T.,#5396);
#5398=OUTER_BOUNDARY_CURVE('',(#5332,#5345,#5358,#5371,#5384,#5397),.U.);
#5399=CURVE_BOUNDED_SURFACE('',#5319,(#5398),.F.);
#5400=STYLED_ITEM('',(#5401),#5399);
#5401=PRESENTATION_STYLE_ASSIGNMENT((#5402));
#5402=SURFACE_STYLE_USAGE(.POSITIVE.,#5403);
#5403=SURFACE_SIDE_STYLE('',(#5404));
#5404=SURFACE_STYLE_FILL_AREA(#5405);
#5405=FILL_AREA_STYLE('',(#5406));
#5406=FILL_AREA_STYLE_COLOUR('',#5407);
#5407=COLOUR_RGB('',0.0,0.0,1.0);
#5408=PRESENTATION_LAYER_ASSIGNMENT('7','',(#5399));
#5409=CARTESIAN_POINT('',(-24.763656257341118,8.385718917846683,6.122268208405765));
#5410=DIRECTION('',(0.0,-1.0,0.0));
#5411=DIRECTION('',(0.0,0.0,-1.0));
#5412=AXIS2_PLACEMENT_3D('',#5409,#5410,#5411);
#5413=PLANE('',#5412);
#5414=CARTESIAN_POINT('',(-24.638656257341118,8.385718917846683,5.997268208405765));
#5415=DIRECTION('',(0.0,0.0,-1.0));
#5416=VECTOR('',#5415,2.500000000000003);
#5417=LINE('',#5414,#5416);
#5418=CARTESIAN_POINT('',(-24.638656257341118,8.385718917846683,3.497268208405762));
#5419=TRIMMED_CURVE('',#5417,(PARAMETER_VALUE(0.0),#5414),(PARAMETER_VALUE(1.0),#5418),.T.,.PARAMETER.);
#5425=(BOUNDED_CURVE()CURVE()GEOMETRIC_REPRESENTATION_ITEM()REPRESENTATION_ITEM('')SURFACE_CURVE(#5419,(#5413),.CURVE_3D.));
#5426=COMPOSITE_CURVE_SEGMENT(.CONTINUOUS.,.T.,#5425);
#5427=CARTESIAN_POINT('',(-24.638656257341118,8.385718917846683,3.497268208405761));
#5428=DIRECTION('',(1.0,0.0,0.0));
#5429=VECTOR('',#5428,2.500000000000000);
#5430=LINE('',#5427,#5429);
#5431=CARTESIAN_POINT('',(-22.138656257341118,8.385718917846683,3.497268208405761));
#5432=TRIMMED_CURVE('',#5430,(PARAMETER_VALUE(0.0),#5427),(PARAMETER_VALUE(1.0),#5431),.T.,.PARAMETER.);
#5438=(BOUNDED_CURVE()CURVE()GEOMETRIC_REPRESENTATION_ITEM()REPRESENTATION_ITEM('')SURFACE_CURVE(#5432,(#5413),.CURVE_3D.));
#5439=COMPOSITE_CURVE_SEGMENT(.CONTINUOUS.,.T.,#5438);
#5440=CARTESIAN_POINT('',(-22.138656257341118,8.385718917846683,3.497268208405761));
#5441=DIRECTION('',(0.0,0.0,1.0));
#5442=VECTOR('',#5441,2.500000000000000);
#5443=LINE('',#5440,#5442);
#5444=CARTESIAN_POINT('',(-22.138656257341118,8.385718917846683,5.997268208405761));
#5445=TRIMMED_CURVE('',#5443,(PARAMETER_VALUE(0.0),#5440),(PARAMETER_VALUE(1.0),#5444),.T.,.PARAMETER.);
#5451=(BOUNDED_CURVE()CURVE()GEOMETRIC_REPRESENTATION_ITEM()REPRESENTATION_ITEM('')SURFACE_CURVE(#5445,(#5413),.CURVE_3D.));
#5452=COMPOSITE_CURVE_SEGMENT(.CONTINUOUS.,.T.,#5451);
#5453=CARTESIAN_POINT('',(-22.138656257341118,8.385718917846683,5.997268208405761));
#5454=DIRECTION('',(-1.0,0.0,0.0));
#5455=VECTOR('',#5454,2.500000000000000);
#5456=LINE('',#5453,#5455);
#5457=CARTESIAN_POINT('',(-24.638656257341118,8.385718917846683,5.997268208405761));
#5458=TRIMMED_CURVE('',#5456,(PARAMETER_VALUE(0.0),#5453),(PARAMETER_VALUE(1.0),#5457),.T.,.PARAMETER.);
#5464=(BOUNDED_CURVE()CURVE()GEOMETRIC_REPRESENTATION_ITEM()REPRESENTATION_ITEM('')SURFACE_CURVE(#5458,(#5413),.CURVE_3D.));
#5465=COMPOSITE_CURVE_SEGMENT(.CONTINUOUS.,.T.,#5464);
#5466=OUTER_BOUNDARY_CURVE('',(#5426,#5439,#5452,#5465),.U.);
#5467=CURVE_BOUNDED_SURFACE('',#5413,(#5466),.F.);
#5468=STYLED_ITEM('',(#5469),#5467);
#5469=PRESENTATION_STYLE_ASSIGNMENT((#5470));
#5470=SURFACE_STYLE_USAGE(.POSITIVE.,#5471);
#5471=SURFACE_SIDE_STYLE('',(#5472));
#5472=SURFACE_STYLE_FILL_AREA(#5473);
#5473=FILL_AREA_STYLE('',(#5474));
#5474=FILL_AREA_STYLE_COLOUR('',#5475);
#5475=COLOUR_RGB('',0.0,0.0,1.0);
#5476=PRESENTATION_LAYER_ASSIGNMENT('7','',(#5467));
#5477=CARTESIAN_POINT('',(-21.863656257341109,4.850718917846683,3.497268208405761));
#5478=DIRECTION('',(0.0,0.0,-1.0));
#5479=DIRECTION('',(-1.0,0.0,0.0));
#5480=AXIS2_PLACEMENT_3D('',#5477,#5478,#5479);
#5481=PLANE('',#5480);
#5482=CARTESIAN_POINT('',(-27.638656257341115,5.085718917846681,3.497268208405761));
#5483=DIRECTION('',(0.0,1.0,0.0));
#5484=VECTOR('',#5483,4.699999999999998);
#5485=LINE('',#5482,#5484);
#5486=CARTESIAN_POINT('',(-27.638656257341115,9.785718917846680,3.497268208405761));
#5487=TRIMMED_CURVE('',#5485,(PARAMETER_VALUE(0.0),#5482),(PARAMETER_VALUE(1.0),#5486),.T.,.PARAMETER.);
#5493=(BOUNDED_CURVE()CURVE()GEOMETRIC_REPRESENTATION_ITEM()REPRESENTATION_ITEM('')SURFACE_CURVE(#5487,(#5481),.CURVE_3D.));
#5494=COMPOSITE_CURVE_SEGMENT(.CONTINUOUS.,.T.,#5493);
#5495=CARTESIAN_POINT('',(-27.638656257341118,9.785718917846683,3.497268208405761));
#5496=DIRECTION('',(1.0,0.0,0.0));
#5497=VECTOR('',#5496,3.000000000000011);
#5498=LINE('',#5495,#5497);
#5499=CARTESIAN_POINT('',(-24.638656257341108,9.785718917846683,3.497268208405761));
#5500=TRIMMED_CURVE('',#5498,(PARAMETER_VALUE(0.0),#5495),(PARAMETER_VALUE(1.0),#5499),.T.,.PARAMETER.);
#5506=(BOUNDED_CURVE()CURVE()GEOMETRIC_REPRESENTATION_ITEM()REPRESENTATION_ITEM('')SURFACE_CURVE(#5500,(#5481),.CURVE_3D.));
#5507=COMPOSITE_CURVE_SEGMENT(.CONTINUOUS.,.T.,#5506);
#5508=CARTESIAN_POINT('',(-24.638656257341118,9.785718917846683,3.497268208405761));
#5509=DIRECTION('',(0.0,-1.0,0.0));
#5510=VECTOR('',#5509,1.400000000000000);
#5511=LINE('',#5508,#5510);
#5512=CARTESIAN_POINT('',(-24.638656257341118,8.385718917846683,3.497268208405761));
#5513=TRIMMED_CURVE('',#5511,(PARAMETER_VALUE(0.0),#5508),(PARAMETER_VALUE(1.0),#5512),.T.,.PARAMETER.);
#5519=(BOUNDED_CURVE()CURVE()GEOMETRIC_REPRESENTATION_ITEM()REPRESENTATION_ITEM('')SURFACE_CURVE(#5513,(#5481),.CURVE_3D.));
#5520=COMPOSITE_CURVE_SEGMENT(.CONTINUOUS.,.T.,#5519);
#5521=CARTESIAN_POINT('',(-24.638656257341118,8.385718917846683,3.497268208405761));
#5522=DIRECTION('',(1.0,0.0,0.0));
#5523=VECTOR('',#5522,2.500000000000000);
#5524=LINE('',#5521,#5523);
#5525=CARTESIAN_POINT('',(-22.138656257341118,8.385718917846683,3.497268208405761));
#5526=TRIMMED_CURVE('',#5524,(PARAMETER_VALUE(0.0),#5521),(PARAMETER_VALUE(1.0),#5525),.T.,.PARAMETER.);
#5532=(BOUNDED_CURVE()CURVE()GEOMETRIC_REPRESENTATION_ITEM()REPRESENTATION_ITEM('')SURFACE_CURVE(#5526,(#5481),.CURVE_3D.));
#5533=COMPOSITE_CURVE_SEGMENT(.CONTINUOUS.,.T.,#5532);
#5534=CARTESIAN_POINT('',(-22.138656257341118,8.385718917846683,3.497268208405761));
#5535=DIRECTION('',(0.0,-1.0,0.0));
#5536=VECTOR('',#5535,3.299999999999999);
#5537=LINE('',#5534,#5536);
#5538=CARTESIAN_POINT('',(-22.138656257341118,5.085718917846684,3.497268208405761));
#5539=TRIMMED_CURVE('',#5537,(PARAMETER_VALUE(0.0),#5534),(PARAMETER_VALUE(1.0),#5538),.T.,.PARAMETER.);
#5545=(BOUNDED_CURVE()CURVE()GEOMETRIC_REPRESENTATION_ITEM()REPRESENTATION_ITEM('')SURFACE_CURVE(#5539,(#5481),.CURVE_3D.));
#5546=COMPOSITE_CURVE_SEGMENT(.CONTINUOUS.,.T.,#5545);
#5547=CARTESIAN_POINT('',(-22.138656257341118,5.085718917846681,3.497268208405761));
#5548=DIRECTION('',(-1.0,0.0,0.0));
#5549=VECTOR('',#5548,5.500000000000004);
#5550=LINE('',#5547,#5549);
#5551=CARTESIAN_POINT('',(-27.638656257341122,5.085718917846681,3.497268208405761));
#5552=TRIMMED_CURVE('',#5550,(PARAMETER_VALUE(0.0),#5547),(PARAMETER_VALUE(1.0),#5551),.T.,.PARAMETER.);
#5558=(BOUNDED_CURVE()CURVE()GEOMETRIC_REPRESENTATION_ITEM()REPRESENTATION_ITEM('')SURFACE_CURVE(#5552,(#5481),.CURVE_3D.));
#5559=COMPOSITE_CURVE_SEGMENT(.CONTINUOUS.,.T.,#5558);
#5560=OUTER_BOUNDARY_CURVE('',(#5494,#5507,#5520,#5533,#5546,#5559),.U.);
#5561=CURVE_BOUNDED_SURFACE('',#5481,(#5560),.F.);
#5562=STYLED_ITEM('',(#5563),#5561);
#5563=PRESENTATION_STYLE_ASSIGNMENT((#5564));
#5564=SURFACE_STYLE_USAGE(.POSITIVE.,#5565);
#5565=SURFACE_SIDE_STYLE('',(#5566));
#5566=SURFACE_STYLE_FILL_AREA(#5567);
#5567=FILL_AREA_STYLE('',(#5568));
#5568=FILL_AREA_STYLE_COLOUR('',#5569);
#5569=COLOUR_RGB('',0.0,0.0,1.0);
#5570=PRESENTATION_LAYER_ASSIGNMENT('7','',(#5561));
#5571=CARTESIAN_POINT('',(-24.028656257341112,12.485718917846684,3.372268208405761));
#5572=DIRECTION('',(0.0,1.0,0.0));
#5573=DIRECTION('',(0.0,0.0,1.0));
#5574=AXIS2_PLACEMENT_3D('',#5571,#5572,#5573);
#5575=PLANE('',#5574);
#5576=CARTESIAN_POINT('',(-23.938656257341115,12.485718917846684,5.997268208405766));
#5577=DIRECTION('',(1.0,0.0,0.0));
#5578=VECTOR('',#5577,1.800000000000001);
#5579=LINE('',#5576,#5578);
#5580=CARTESIAN_POINT('',(-22.138656257341115,12.485718917846684,5.997268208405766));
#5581=TRIMMED_CURVE('',#5579,(PARAMETER_VALUE(0.0),#5576),(PARAMETER_VALUE(1.0),#5580),.T.,.PARAMETER.);
#5587=(BOUNDED_CURVE()CURVE()GEOMETRIC_REPRESENTATION_ITEM()REPRESENTATION_ITEM('')SURFACE_CURVE(#5581,(#5575),.CURVE_3D.));
#5588=COMPOSITE_CURVE_SEGMENT(.CONTINUOUS.,.T.,#5587);
#5589=CARTESIAN_POINT('',(-22.138656257341118,12.485718917846684,5.997268208405766));
#5590=DIRECTION('',(0.0,0.0,-1.0));
#5591=VECTOR('',#5590,2.500000000000005);
#5592=LINE('',#5589,#5591);
#5593=CARTESIAN_POINT('',(-22.138656257341118,12.485718917846684,3.497268208405761));
#5594=TRIMMED_CURVE('',#5592,(PARAMETER_VALUE(0.0),#5589),(PARAMETER_VALUE(1.0),#5593),.T.,.PARAMETER.);
#5600=(BOUNDED_CURVE()CURVE()GEOMETRIC_REPRESENTATION_ITEM()REPRESENTATION_ITEM('')SURFACE_CURVE(#5594,(#5575),.CURVE_3D.));
#5601=COMPOSITE_CURVE_SEGMENT(.CONTINUOUS.,.T.,#5600);
#5602=CARTESIAN_POINT('',(-22.138656257341118,12.485718917846684,3.497268208405761));
#5603=DIRECTION('',(-1.0,0.0,0.0));
#5604=VECTOR('',#5603,1.800000000000001);
#5605=LINE('',#5602,#5604);
#5606=CARTESIAN_POINT('',(-23.938656257341119,12.485718917846684,3.497268208405761));
#5607=TRIMMED_CURVE('',#5605,(PARAMETER_VALUE(0.0),#5602),(PARAMETER_VALUE(1.0),#5606),.T.,.PARAMETER.);
#5613=(BOUNDED_CURVE()CURVE()GEOMETRIC_REPRESENTATION_ITEM()REPRESENTATION_ITEM('')SURFACE_CURVE(#5607,(#5575),.CURVE_3D.));
#5614=COMPOSITE_CURVE_SEGMENT(.CONTINUOUS.,.T.,#5613);
#5615=CARTESIAN_POINT('',(-23.938656257341115,12.485718917846684,3.497268208405761));
#5616=DIRECTION('',(0.0,0.0,1.0));
#5617=VECTOR('',#5616,2.500000000000003);
#5618=LINE('',#5615,#5617);
#5619=CARTESIAN_POINT('',(-23.938656257341115,12.485718917846684,5.997268208405764));
#5620=TRIMMED_CURVE('',#5618,(PARAMETER_VALUE(0.0),#5615),(PARAMETER_VALUE(1.0),#5619),.T.,.PARAMETER.);
#5626=(BOUNDED_CURVE()CURVE()GEOMETRIC_REPRESENTATION_ITEM()REPRESENTATION_ITEM('')SURFACE_CURVE(#5620,(#5575),.CURVE_3D.));
#5627=COMPOSITE_CURVE_SEGMENT(.CONTINUOUS.,.T.,#5626);
#5628=OUTER_BOUNDARY_CURVE('',(#5588,#5601,#5614,#5627),.U.);
#5629=CURVE_BOUNDED_SURFACE('',#5575,(#5628),.F.);
#5630=STYLED_ITEM('',(#5631),#5629);
#5631=PRESENTATION_STYLE_ASSIGNMENT((#5632));
#5632=SURFACE_STYLE_USAGE(.POSITIVE.,#5633);
#5633=SURFACE_SIDE_STYLE('',(#5634));
#5634=SURFACE_STYLE_FILL_AREA(#5635);
#5635=FILL_AREA_STYLE('',(#5636));
#5636=FILL_AREA_STYLE_COLOUR('',#5637);
#5637=COLOUR_RGB('',0.0,0.0,1.0);
#5638=PRESENTATION_LAYER_ASSIGNMENT('7','',(#5629));
#5639=CARTESIAN_POINT('',(-24.028656257341112,9.230718917846680,5.997268208405765));
#5640=DIRECTION('',(0.0,0.0,1.0));
#5641=DIRECTION('',(1.0,0.0,0.0));
#5642=AXIS2_PLACEMENT_3D('',#5639,#5640,#5641);
#5643=PLANE('',#5642);
#5644=CARTESIAN_POINT('',(-22.138656257341118,9.385718917846679,5.997268208405765));
#5645=DIRECTION('',(0.0,1.0,0.0));
#5646=VECTOR('',#5645,3.100000000000000);
#5647=LINE('',#5644,#5646);
#5648=CARTESIAN_POINT('',(-22.138656257341118,12.485718917846679,5.997268208405765));
#5649=TRIMMED_CURVE('',#5647,(PARAMETER_VALUE(0.0),#5644),(PARAMETER_VALUE(1.0),#5648),.T.,.PARAMETER.);
#5655=(BOUNDED_CURVE()CURVE()GEOMETRIC_REPRESENTATION_ITEM()REPRESENTATION_ITEM('')SURFACE_CURVE(#5649,(#5643),.CURVE_3D.));
#5656=COMPOSITE_CURVE_SEGMENT(.CONTINUOUS.,.T.,#5655);
#5657=CARTESIAN_POINT('',(-22.138656257341118,12.485718917846679,5.997268208405765));
#5658=DIRECTION('',(-1.0,0.0,0.0));
#5659=VECTOR('',#5658,1.800000000000001);
#5660=LINE('',#5657,#5659);
#5661=CARTESIAN_POINT('',(-23.938656257341119,12.485718917846679,5.997268208405765));
#5662=TRIMMED_CURVE('',#5660,(PARAMETER_VALUE(0.0),#5657),(PARAMETER_VALUE(1.0),#5661),.T.,.PARAMETER.);
#5668=(BOUNDED_CURVE()CURVE()GEOMETRIC_REPRESENTATION_ITEM()REPRESENTATION_ITEM('')SURFACE_CURVE(#5662,(#5643),.CURVE_3D.));
#5669=COMPOSITE_CURVE_SEGMENT(.CONTINUOUS.,.T.,#5668);
#5670=CARTESIAN_POINT('',(-23.938656257341115,12.485718917846679,5.997268208405765));
#5671=DIRECTION('',(0.0,-1.0,0.0));
#5672=VECTOR('',#5671,3.100000000000000);
#5673=LINE('',#5670,#5672);
#5674=CARTESIAN_POINT('',(-23.938656257341115,9.385718917846679,5.997268208405765));
#5675=TRIMMED_CURVE('',#5673,(PARAMETER_VALUE(0.0),#5670),(PARAMETER_VALUE(1.0),#5674),.T.,.PARAMETER.);
#5681=(BOUNDED_CURVE()CURVE()GEOMETRIC_REPRESENTATION_ITEM()REPRESENTATION_ITEM('')SURFACE_CURVE(#5675,(#5643),.CURVE_3D.));
#5682=COMPOSITE_CURVE_SEGMENT(.CONTINUOUS.,.T.,#5681);
#5683=CARTESIAN_POINT('',(-23.938656257341115,9.385718917846679,5.997268208405765));
#5684=DIRECTION('',(1.0,0.0,0.0));
#5685=VECTOR('',#5684,1.800000000000001);
#5686=LINE('',#5683,#5685);
#5687=CARTESIAN_POINT('',(-22.138656257341115,9.385718917846679,5.997268208405765));
#5688=TRIMMED_CURVE('',#5686,(PARAMETER_VALUE(0.0),#5683),(PARAMETER_VALUE(1.0),#5687),.T.,.PARAMETER.);
#5694=(BOUNDED_CURVE()CURVE()GEOMETRIC_REPRESENTATION_ITEM()REPRESENTATION_ITEM('')SURFACE_CURVE(#5688,(#5643),.CURVE_3D.));
#5695=COMPOSITE_CURVE_SEGMENT(.CONTINUOUS.,.T.,#5694);
#5696=OUTER_BOUNDARY_CURVE('',(#5656,#5669,#5682,#5695),.U.);
#5697=CURVE_BOUNDED_SURFACE('',#5643,(#5696),.F.);
#5698=STYLED_ITEM('',(#5699),#5697);
#5699=PRESENTATION_STYLE_ASSIGNMENT((#5700));
#5700=SURFACE_STYLE_USAGE(.POSITIVE.,#5701);
#5701=SURFACE_SIDE_STYLE('',(#5702));
#5702=SURFACE_STYLE_FILL_AREA(#5703);
#5703=FILL_AREA_STYLE('',(#5704));
#5704=FILL_AREA_STYLE_COLOUR('',#5705);
#5705=COLOUR_RGB('',0.0,0.0,1.0);
#5706=PRESENTATION_LAYER_ASSIGNMENT('7','',(#5697));
#5707=CARTESIAN_POINT('',(-23.938656257341115,9.230718917846680,6.122268208405765));
#5708=DIRECTION('',(1.0,0.0,0.0));
#5709=DIRECTION('',(0.0,0.0,-1.0));
#5710=AXIS2_PLACEMENT_3D('',#5707,#5708,#5709);
#5711=PLANE('',#5710);
#5712=CARTESIAN_POINT('',(-23.938656257341115,9.385718917846679,5.997268208405761));
#5713=DIRECTION('',(0.0,0.0,-1.0));
#5714=VECTOR('',#5713,2.500000000000000);
#5715=LINE('',#5712,#5714);
#5716=CARTESIAN_POINT('',(-23.938656257341115,9.385718917846679,3.497268208405761));
#5717=TRIMMED_CURVE('',#5715,(PARAMETER_VALUE(0.0),#5712),(PARAMETER_VALUE(1.0),#5716),.T.,.PARAMETER.);
#5723=(BOUNDED_CURVE()CURVE()GEOMETRIC_REPRESENTATION_ITEM()REPRESENTATION_ITEM('')SURFACE_CURVE(#5717,(#5711),.CURVE_3D.));
#5724=COMPOSITE_CURVE_SEGMENT(.CONTINUOUS.,.T.,#5723);
#5725=CARTESIAN_POINT('',(-23.938656257341115,9.385718917846679,3.497268208405761));
#5726=DIRECTION('',(0.0,1.0,0.0));
#5727=VECTOR('',#5726,3.100000000000000);
#5728=LINE('',#5725,#5727);
#5729=CARTESIAN_POINT('',(-23.938656257341115,12.485718917846679,3.497268208405761));
#5730=TRIMMED_CURVE('',#5728,(PARAMETER_VALUE(0.0),#5725),(PARAMETER_VALUE(1.0),#5729),.T.,.PARAMETER.);
#5736=(BOUNDED_CURVE()CURVE()GEOMETRIC_REPRESENTATION_ITEM()REPRESENTATION_ITEM('')SURFACE_CURVE(#5730,(#5711),.CURVE_3D.));
#5737=COMPOSITE_CURVE_SEGMENT(.CONTINUOUS.,.T.,#5736);
#5738=CARTESIAN_POINT('',(-23.938656257341115,12.485718917846679,3.497268208405761));
#5739=DIRECTION('',(0.0,0.0,1.0));
#5740=VECTOR('',#5739,2.500000000000003);
#5741=LINE('',#5738,#5740);
#5742=CARTESIAN_POINT('',(-23.938656257341115,12.485718917846679,5.997268208405764));
#5743=TRIMMED_CURVE('',#5741,(PARAMETER_VALUE(0.0),#5738),(PARAMETER_VALUE(1.0),#5742),.T.,.PARAMETER.);
#5749=(BOUNDED_CURVE()CURVE()GEOMETRIC_REPRESENTATION_ITEM()REPRESENTATION_ITEM('')SURFACE_CURVE(#5743,(#5711),.CURVE_3D.));
#5750=COMPOSITE_CURVE_SEGMENT(.CONTINUOUS.,.T.,#5749);
#5751=CARTESIAN_POINT('',(-23.938656257341115,12.485718917846679,5.997268208405765));
#5752=DIRECTION('',(0.0,-1.0,0.0));
#5753=VECTOR('',#5752,3.100000000000000);
#5754=LINE('',#5751,#5753);
#5755=CARTESIAN_POINT('',(-23.938656257341115,9.385718917846679,5.997268208405765));
#5756=TRIMMED_CURVE('',#5754,(PARAMETER_VALUE(0.0),#5751),(PARAMETER_VALUE(1.0),#5755),.T.,.PARAMETER.);
#5762=(BOUNDED_CURVE()CURVE()GEOMETRIC_REPRESENTATION_ITEM()REPRESENTATION_ITEM('')SURFACE_CURVE(#5756,(#5711),.CURVE_3D.));
#5763=COMPOSITE_CURVE_SEGMENT(.CONTINUOUS.,.T.,#5762);
#5764=OUTER_BOUNDARY_CURVE('',(#5724,#5737,#5750,#5763),.U.);
#5765=CURVE_BOUNDED_SURFACE('',#5711,(#5764),.F.);
#5766=STYLED_ITEM('',(#5767),#5765);
#5767=PRESENTATION_STYLE_ASSIGNMENT((#5768));
#5768=SURFACE_STYLE_USAGE(.POSITIVE.,#5769);
#5769=SURFACE_SIDE_STYLE('',(#5770));
#5770=SURFACE_STYLE_FILL_AREA(#5771);
#5771=FILL_AREA_STYLE('',(#5772));
#5772=FILL_AREA_STYLE_COLOUR('',#5773);
#5773=COLOUR_RGB('',0.0,0.0,1.0);
#5774=PRESENTATION_LAYER_ASSIGNMENT('7','',(#5765));
#5775=CARTESIAN_POINT('',(-22.048656257341115,9.230718917846680,3.497268208405761));
#5776=DIRECTION('',(0.0,0.0,-1.0));
#5777=DIRECTION('',(-1.0,0.0,0.0));
#5778=AXIS2_PLACEMENT_3D('',#5775,#5776,#5777);
#5779=PLANE('',#5778);
#5780=CARTESIAN_POINT('',(-23.938656257341115,9.385718917846679,3.497268208405761));
#5781=DIRECTION('',(0.0,1.0,0.0));
#5782=VECTOR('',#5781,3.100000000000000);
#5783=LINE('',#5780,#5782);
#5784=CARTESIAN_POINT('',(-23.938656257341115,12.485718917846679,3.497268208405761));
#5785=TRIMMED_CURVE('',#5783,(PARAMETER_VALUE(0.0),#5780),(PARAMETER_VALUE(1.0),#5784),.T.,.PARAMETER.);
#5791=(BOUNDED_CURVE()CURVE()GEOMETRIC_REPRESENTATION_ITEM()REPRESENTATION_ITEM('')SURFACE_CURVE(#5785,(#5779),.CURVE_3D.));
#5792=COMPOSITE_CURVE_SEGMENT(.CONTINUOUS.,.T.,#5791);
#5793=CARTESIAN_POINT('',(-23.938656257341115,12.485718917846679,3.497268208405761));
#5794=DIRECTION('',(1.0,0.0,0.0));
#5795=VECTOR('',#5794,1.800000000000001);
#5796=LINE('',#5793,#5795);
#5797=CARTESIAN_POINT('',(-22.138656257341115,12.485718917846679,3.497268208405761));
#5798=TRIMMED_CURVE('',#5796,(PARAMETER_VALUE(0.0),#5793),(PARAMETER_VALUE(1.0),#5797),.T.,.PARAMETER.);
#5804=(BOUNDED_CURVE()CURVE()GEOMETRIC_REPRESENTATION_ITEM()REPRESENTATION_ITEM('')SURFACE_CURVE(#5798,(#5779),.CURVE_3D.));
#5805=COMPOSITE_CURVE_SEGMENT(.CONTINUOUS.,.T.,#5804);
#5806=CARTESIAN_POINT('',(-22.138656257341118,12.485718917846679,3.497268208405761));
#5807=DIRECTION('',(0.0,-1.0,0.0));
#5808=VECTOR('',#5807,3.100000000000000);
#5809=LINE('',#5806,#5808);
#5810=CARTESIAN_POINT('',(-22.138656257341118,9.385718917846679,3.497268208405761));
#5811=TRIMMED_CURVE('',#5809,(PARAMETER_VALUE(0.0),#5806),(PARAMETER_VALUE(1.0),#5810),.T.,.PARAMETER.);
#5817=(BOUNDED_CURVE()CURVE()GEOMETRIC_REPRESENTATION_ITEM()REPRESENTATION_ITEM('')SURFACE_CURVE(#5811,(#5779),.CURVE_3D.));
#5818=COMPOSITE_CURVE_SEGMENT(.CONTINUOUS.,.T.,#5817);
#5819=CARTESIAN_POINT('',(-22.138656257341118,9.385718917846679,3.497268208405761));
#5820=DIRECTION('',(-1.0,0.0,0.0));
#5821=VECTOR('',#5820,1.800000000000001);
#5822=LINE('',#5819,#5821);
#5823=CARTESIAN_POINT('',(-23.938656257341119,9.385718917846679,3.497268208405761));
#5824=TRIMMED_CURVE('',#5822,(PARAMETER_VALUE(0.0),#5819),(PARAMETER_VALUE(1.0),#5823),.T.,.PARAMETER.);
#5830=(BOUNDED_CURVE()CURVE()GEOMETRIC_REPRESENTATION_ITEM()REPRESENTATION_ITEM('')SURFACE_CURVE(#5824,(#5779),.CURVE_3D.));
#5831=COMPOSITE_CURVE_SEGMENT(.CONTINUOUS.,.T.,#5830);
#5832=OUTER_BOUNDARY_CURVE('',(#5792,#5805,#5818,#5831),.U.);
#5833=CURVE_BOUNDED_SURFACE('',#5779,(#5832),.F.);
#5834=STYLED_ITEM('',(#5835),#5833);
#5835=PRESENTATION_STYLE_ASSIGNMENT((#5836));
#5836=SURFACE_STYLE_USAGE(.POSITIVE.,#5837);
#5837=SURFACE_SIDE_STYLE('',(#5838));
#5838=SURFACE_STYLE_FILL_AREA(#5839);
#5839=FILL_AREA_STYLE('',(#5840));
#5840=FILL_AREA_STYLE_COLOUR('',#5841);
#5841=COLOUR_RGB('',0.0,0.0,1.0);
#5842=PRESENTATION_LAYER_ASSIGNMENT('7','',(#5833));
#5843=CARTESIAN_POINT('',(-24.028656257341112,9.385718917846679,3.372268208405761));
#5844=DIRECTION('',(0.0,1.0,0.0));
#5845=DIRECTION('',(0.0,0.0,1.0));
#5846=AXIS2_PLACEMENT_3D('',#5843,#5844,#5845);
#5847=PLANE('',#5846);
#5848=CARTESIAN_POINT('',(-23.938656257341115,9.385718917846679,3.497268208405761));
#5849=DIRECTION('',(0.0,0.0,1.0));
#5850=VECTOR('',#5849,2.500000000000000);
#5851=LINE('',#5848,#5850);
#5852=CARTESIAN_POINT('',(-23.938656257341115,9.385718917846679,5.997268208405761));
#5853=TRIMMED_CURVE('',#5851,(PARAMETER_VALUE(0.0),#5848),(PARAMETER_VALUE(1.0),#5852),.T.,.PARAMETER.);
#5859=(BOUNDED_CURVE()CURVE()GEOMETRIC_REPRESENTATION_ITEM()REPRESENTATION_ITEM('')SURFACE_CURVE(#5853,(#5847),.CURVE_3D.));
#5860=COMPOSITE_CURVE_SEGMENT(.CONTINUOUS.,.T.,#5859);
#5861=CARTESIAN_POINT('',(-23.938656257341115,9.385718917846679,5.997268208405761));
#5862=DIRECTION('',(1.0,0.0,0.0));
#5863=VECTOR('',#5862,1.800000000000001);
#5864=LINE('',#5861,#5863);
#5865=CARTESIAN_POINT('',(-22.138656257341115,9.385718917846679,5.997268208405761));
#5866=TRIMMED_CURVE('',#5864,(PARAMETER_VALUE(0.0),#5861),(PARAMETER_VALUE(1.0),#5865),.T.,.PARAMETER.);
#5872=(BOUNDED_CURVE()CURVE()GEOMETRIC_REPRESENTATION_ITEM()REPRESENTATION_ITEM('')SURFACE_CURVE(#5866,(#5847),.CURVE_3D.));
#5873=COMPOSITE_CURVE_SEGMENT(.CONTINUOUS.,.T.,#5872);
#5874=CARTESIAN_POINT('',(-22.138656257341118,9.385718917846679,5.997268208405761));
#5875=DIRECTION('',(0.0,0.0,-1.0));
#5876=VECTOR('',#5875,2.500000000000000);
#5877=LINE('',#5874,#5876);
#5878=CARTESIAN_POINT('',(-22.138656257341118,9.385718917846679,3.497268208405761));
#5879=TRIMMED_CURVE('',#5877,(PARAMETER_VALUE(0.0),#5874),(PARAMETER_VALUE(1.0),#5878),.T.,.PARAMETER.);
#5885=(BOUNDED_CURVE()CURVE()GEOMETRIC_REPRESENTATION_ITEM()REPRESENTATION_ITEM('')SURFACE_CURVE(#5879,(#5847),.CURVE_3D.));
#5886=COMPOSITE_CURVE_SEGMENT(.CONTINUOUS.,.T.,#5885);
#5887=CARTESIAN_POINT('',(-22.138656257341118,9.385718917846679,3.497268208405761));
#5888=DIRECTION('',(-1.0,0.0,0.0));
#5889=VECTOR('',#5888,1.800000000000001);
#5890=LINE('',#5887,#5889);
#5891=CARTESIAN_POINT('',(-23.938656257341119,9.385718917846679,3.497268208405761));
#5892=TRIMMED_CURVE('',#5890,(PARAMETER_VALUE(0.0),#5887),(PARAMETER_VALUE(1.0),#5891),.T.,.PARAMETER.);
#5898=(BOUNDED_CURVE()CURVE()GEOMETRIC_REPRESENTATION_ITEM()REPRESENTATION_ITEM('')SURFACE_CURVE(#5892,(#5847),.CURVE_3D.));
#5899=COMPOSITE_CURVE_SEGMENT(.CONTINUOUS.,.T.,#5898);
#5900=OUTER_BOUNDARY_CURVE('',(#5860,#5873,#5886,#5899),.U.);
#5901=CURVE_BOUNDED_SURFACE('',#5847,(#5900),.F.);
#5902=STYLED_ITEM('',(#5903),#5901);
#5903=PRESENTATION_STYLE_ASSIGNMENT((#5904));
#5904=SURFACE_STYLE_USAGE(.POSITIVE.,#5905);
#5905=SURFACE_SIDE_STYLE('',(#5906));
#5906=SURFACE_STYLE_FILL_AREA(#5907);
#5907=FILL_AREA_STYLE('',(#5908));
#5908=FILL_AREA_STYLE_COLOUR('',#5909);
#5909=COLOUR_RGB('',0.0,0.0,1.0);
#5910=PRESENTATION_LAYER_ASSIGNMENT('7','',(#5901));
#5911=CARTESIAN_POINT('',(-27.913656257341120,5.085718917846681,3.759768208405761));
#5912=DIRECTION('',(0.0,-1.0,0.0));
#5913=DIRECTION('',(0.0,0.0,-1.0));
#5914=AXIS2_PLACEMENT_3D('',#5911,#5912,#5913);
#5915=PLANE('',#5914);
#5916=CARTESIAN_POINT('',(-22.638656257341118,5.085718917846681,-1.752731791594240));
#5917=CARTESIAN_POINT('',(-22.138656257341108,5.085718917846681,-1.752731791594240));
#5918=CARTESIAN_POINT('',(-22.138656257341118,5.085718917846681,-1.252731791594240));
#5926=(BOUNDED_CURVE()B_SPLINE_CURVE(2,(#5916,#5917,#5918),.UNSPECIFIED.,.F.,.U.)CURVE()GEOMETRIC_REPRESENTATION_ITEM()QUASI_UNIFORM_CURVE()RATIONAL_B_SPLINE_CURVE((1.0,0.707106781186548,1.0))REPRESENTATION_ITEM(''));
#5932=(BOUNDED_CURVE()CURVE()GEOMETRIC_REPRESENTATION_ITEM()REPRESENTATION_ITEM('')SURFACE_CURVE(#5926,(#5915),.CURVE_3D.));
#5933=COMPOSITE_CURVE_SEGMENT(.CONTINUOUS.,.T.,#5932);
#5934=CARTESIAN_POINT('',(-22.138656257341118,5.085718917846681,-1.252731791594240));
#5935=DIRECTION('',(0.0,0.0,1.0));
#5936=VECTOR('',#5935,4.750000000000002);
#5937=LINE('',#5934,#5936);
#5938=CARTESIAN_POINT('',(-22.138656257341118,5.085718917846681,3.497268208405762));
#5939=TRIMMED_CURVE('',#5937,(PARAMETER_VALUE(0.0),#5934),(PARAMETER_VALUE(1.0),#5938),.T.,.PARAMETER.);
#5945=(BOUNDED_CURVE()CURVE()GEOMETRIC_REPRESENTATION_ITEM()REPRESENTATION_ITEM('')SURFACE_CURVE(#5939,(#5915),.CURVE_3D.));
#5946=COMPOSITE_CURVE_SEGMENT(.CONTINUOUS.,.T.,#5945);
#5947=CARTESIAN_POINT('',(-22.138656257341118,5.085718917846681,3.497268208405761));
#5948=DIRECTION('',(-1.0,0.0,0.0));
#5949=VECTOR('',#5948,5.500000000000004);
#5950=LINE('',#5947,#5949);
#5951=CARTESIAN_POINT('',(-27.638656257341122,5.085718917846681,3.497268208405761));
#5952=TRIMMED_CURVE('',#5950,(PARAMETER_VALUE(0.0),#5947),(PARAMETER_VALUE(1.0),#5951),.T.,.PARAMETER.);
#5958=(BOUNDED_CURVE()CURVE()GEOMETRIC_REPRESENTATION_ITEM()REPRESENTATION_ITEM('')SURFACE_CURVE(#5952,(#5915),.CURVE_3D.));
#5959=COMPOSITE_CURVE_SEGMENT(.CONTINUOUS.,.T.,#5958);
#5960=CARTESIAN_POINT('',(-27.638656257341115,5.085718917846681,3.497268208405761));
#5961=DIRECTION('',(0.0,0.0,-1.0));
#5962=VECTOR('',#5961,4.250000000000000);
#5963=LINE('',#5960,#5962);
#5964=CARTESIAN_POINT('',(-27.638656257341115,5.085718917846681,-0.752731791594239));
#5965=TRIMMED_CURVE('',#5963,(PARAMETER_VALUE(0.0),#5960),(PARAMETER_VALUE(1.0),#5964),.T.,.PARAMETER.);
#5971=(BOUNDED_CURVE()CURVE()GEOMETRIC_REPRESENTATION_ITEM()REPRESENTATION_ITEM('')SURFACE_CURVE(#5965,(#5915),.CURVE_3D.));
#5972=COMPOSITE_CURVE_SEGMENT(.CONTINUOUS.,.T.,#5971);
#5973=CARTESIAN_POINT('',(-27.638656257341115,5.085718917846681,-0.752731791594239));
#5974=DIRECTION('',(1.0,0.0,0.0));
#5975=VECTOR('',#5974,1.000000000000004);
#5976=LINE('',#5973,#5975);
#5977=CARTESIAN_POINT('',(-26.638656257341111,5.085718917846681,-0.752731791594239));
#5978=TRIMMED_CURVE('',#5976,(PARAMETER_VALUE(0.0),#5973),(PARAMETER_VALUE(1.0),#5977),.T.,.PARAMETER.);
#5984=(BOUNDED_CURVE()CURVE()GEOMETRIC_REPRESENTATION_ITEM()REPRESENTATION_ITEM('')SURFACE_CURVE(#5978,(#5915),.CURVE_3D.));
#5985=COMPOSITE_CURVE_SEGMENT(.CONTINUOUS.,.T.,#5984);
#5986=CARTESIAN_POINT('',(-26.638656257341115,5.085718917846681,-0.752731791594239));
#5987=DIRECTION('',(0.0,0.0,-1.0));
#5988=VECTOR('',#5987,1.000000000000001);
#5989=LINE('',#5986,#5988);
#5990=CARTESIAN_POINT('',(-26.638656257341115,5.085718917846681,-1.752731791594240));
#5991=TRIMMED_CURVE('',#5989,(PARAMETER_VALUE(0.0),#5986),(PARAMETER_VALUE(1.0),#5990),.T.,.PARAMETER.);
#5997=(BOUNDED_CURVE()CURVE()GEOMETRIC_REPRESENTATION_ITEM()REPRESENTATION_ITEM('')SURFACE_CURVE(#5991,(#5915),.CURVE_3D.));
#5998=COMPOSITE_CURVE_SEGMENT(.CONTINUOUS.,.T.,#5997);
#5999=CARTESIAN_POINT('',(-26.638656257341115,5.085718917846681,-1.752731791594240));
#6000=DIRECTION('',(1.0,0.0,0.0));
#6001=VECTOR('',#6000,4.0);
#6002=LINE('',#5999,#6001);
#6003=CARTESIAN_POINT('',(-22.638656257341115,5.085718917846681,-1.752731791594240));
#6004=TRIMMED_CURVE('',#6002,(PARAMETER_VALUE(0.0),#5999),(PARAMETER_VALUE(1.0),#6003),.T.,.PARAMETER.);
#6010=(BOUNDED_CURVE()CURVE()GEOMETRIC_REPRESENTATION_ITEM()REPRESENTATION_ITEM('')SURFACE_CURVE(#6004,(#5915),.CURVE_3D.));
#6011=COMPOSITE_CURVE_SEGMENT(.CONTINUOUS.,.T.,#6010);
#6012=OUTER_BOUNDARY_CURVE('',(#5933,#5946,#5959,#5972,#5985,#5998,#6011),.U.);
#6013=CARTESIAN_POINT('',(-25.638656257341118,5.085718917846681,0.872268208405760));
#6014=DIRECTION('',(0.0,0.0,1.0));
#6015=VECTOR('',#6014,0.250000000000000);
#6016=LINE('',#6013,#6015);
#6017=CARTESIAN_POINT('',(-25.638656257341118,5.085718917846681,1.122268208405760));
#6018=TRIMMED_CURVE('',#6016,(PARAMETER_VALUE(0.0),#6013),(PARAMETER_VALUE(1.0),#6017),.T.,.PARAMETER.);
#6024=(BOUNDED_CURVE()CURVE()GEOMETRIC_REPRESENTATION_ITEM()REPRESENTATION_ITEM('')SURFACE_CURVE(#6018,(#5915),.CURVE_3D.));
#6025=COMPOSITE_CURVE_SEGMENT(.CONTINUOUS.,.T.,#6024);
#6026=CARTESIAN_POINT('',(-25.638656257341118,5.085718917846681,1.122268208405760));
#6027=DIRECTION('',(1.0,0.0,0.0));
#6028=VECTOR('',#6027,1.0);
#6029=LINE('',#6026,#6028);
#6030=CARTESIAN_POINT('',(-24.638656257341118,5.085718917846681,1.122268208405760));
#6031=TRIMMED_CURVE('',#6029,(PARAMETER_VALUE(0.0),#6026),(PARAMETER_VALUE(1.0),#6030),.T.,.PARAMETER.);
#6037=(BOUNDED_CURVE()CURVE()GEOMETRIC_REPRESENTATION_ITEM()REPRESENTATION_ITEM('')SURFACE_CURVE(#6031,(#5915),.CURVE_3D.));
#6038=COMPOSITE_CURVE_SEGMENT(.CONTINUOUS.,.T.,#6037);
#6039=CARTESIAN_POINT('',(-24.638656257341122,5.085718917846681,1.122268208405760));
#6040=DIRECTION('',(0.0,0.0,-1.0));
#6041=VECTOR('',#6040,0.250000000000000);
#6042=LINE('',#6039,#6041);
#6043=CARTESIAN_POINT('',(-24.638656257341122,5.085718917846681,0.872268208405760));
#6044=TRIMMED_CURVE('',#6042,(PARAMETER_VALUE(0.0),#6039),(PARAMETER_VALUE(1.0),#6043),.T.,.PARAMETER.);
#6050=(BOUNDED_CURVE()CURVE()GEOMETRIC_REPRESENTATION_ITEM()REPRESENTATION_ITEM('')SURFACE_CURVE(#6044,(#5915),.CURVE_3D.));
#6051=COMPOSITE_CURVE_SEGMENT(.CONTINUOUS.,.T.,#6050);
#6052=CARTESIAN_POINT('',(-24.638656257341122,5.085718917846681,0.872268208405760));
#6053=DIRECTION('',(-1.0,0.0,0.0));
#6054=VECTOR('',#6053,1.0);
#6055=LINE('',#6052,#6054);
#6056=CARTESIAN_POINT('',(-25.638656257341122,5.085718917846681,0.872268208405760));
#6057=TRIMMED_CURVE('',#6055,(PARAMETER_VALUE(0.0),#6052),(PARAMETER_VALUE(1.0),#6056),.T.,.PARAMETER.);
#6063=(BOUNDED_CURVE()CURVE()GEOMETRIC_REPRESENTATION_ITEM()REPRESENTATION_ITEM('')SURFACE_CURVE(#6057,(#5915),.CURVE_3D.));
#6064=COMPOSITE_CURVE_SEGMENT(.CONTINUOUS.,.T.,#6063);
#6065=BOUNDARY_CURVE('',(#6025,#6038,#6051,#6064),.U.);
#6066=CURVE_BOUNDED_SURFACE('',#5915,(#6012,#6065),.F.);
#6067=STYLED_ITEM('',(#6068),#6066);
#6068=PRESENTATION_STYLE_ASSIGNMENT((#6069));
#6069=SURFACE_STYLE_USAGE(.POSITIVE.,#6070);
#6070=SURFACE_SIDE_STYLE('',(#6071));
#6071=SURFACE_STYLE_FILL_AREA(#6072);
#6072=FILL_AREA_STYLE('',(#6073));
#6073=FILL_AREA_STYLE_COLOUR('',#6074);
#6074=COLOUR_RGB('',0.0,0.0,1.0);
#6075=PRESENTATION_LAYER_ASSIGNMENT('7','',(#6066));
#6076=CARTESIAN_POINT('',(-50.696156257341116,9.385718917846679,3.372268208405761));
#6077=DIRECTION('',(0.0,1.0,0.0));
#6078=DIRECTION('',(0.0,0.0,1.0));
#6079=AXIS2_PLACEMENT_3D('',#6076,#6077,#6078);
#6080=PLANE('',#6079);
#6081=CARTESIAN_POINT('',(-50.638656257341118,9.385718917846679,3.497268208405761));
#6082=DIRECTION('',(0.0,0.0,1.0));
#6083=VECTOR('',#6082,2.500000000000000);
#6084=LINE('',#6081,#6083);
#6085=CARTESIAN_POINT('',(-50.638656257341118,9.385718917846679,5.997268208405761));
#6086=TRIMMED_CURVE('',#6084,(PARAMETER_VALUE(0.0),#6081),(PARAMETER_VALUE(1.0),#6085),.T.,.PARAMETER.);
#6092=(BOUNDED_CURVE()CURVE()GEOMETRIC_REPRESENTATION_ITEM()REPRESENTATION_ITEM('')SURFACE_CURVE(#6086,(#6080),.CURVE_3D.));
#6093=COMPOSITE_CURVE_SEGMENT(.CONTINUOUS.,.T.,#6092);
#6094=CARTESIAN_POINT('',(-50.638656257341140,9.385718917846679,5.997268208405761));
#6095=DIRECTION('',(1.0,0.0,0.0));
#6096=VECTOR('',#6095,1.150000000000006);
#6097=LINE('',#6094,#6096);
#6098=CARTESIAN_POINT('',(-49.488656257341134,9.385718917846679,5.997268208405761));
#6099=TRIMMED_CURVE('',#6097,(PARAMETER_VALUE(0.0),#6094),(PARAMETER_VALUE(1.0),#6098),.T.,.PARAMETER.);
#6105=(BOUNDED_CURVE()CURVE()GEOMETRIC_REPRESENTATION_ITEM()REPRESENTATION_ITEM('')SURFACE_CURVE(#6099,(#6080),.CURVE_3D.));
#6106=COMPOSITE_CURVE_SEGMENT(.CONTINUOUS.,.T.,#6105);
#6107=CARTESIAN_POINT('',(-49.488656257341120,9.385718917846679,5.997268208405761));
#6108=DIRECTION('',(0.0,0.0,-1.0));
#6109=VECTOR('',#6108,2.500000000000000);
#6110=LINE('',#6107,#6109);
#6111=CARTESIAN_POINT('',(-49.488656257341120,9.385718917846679,3.497268208405761));
#6112=TRIMMED_CURVE('',#6110,(PARAMETER_VALUE(0.0),#6107),(PARAMETER_VALUE(1.0),#6111),.T.,.PARAMETER.);
#6118=(BOUNDED_CURVE()CURVE()GEOMETRIC_REPRESENTATION_ITEM()REPRESENTATION_ITEM('')SURFACE_CURVE(#6112,(#6080),.CURVE_3D.));
#6119=COMPOSITE_CURVE_SEGMENT(.CONTINUOUS.,.T.,#6118);
#6120=CARTESIAN_POINT('',(-49.488656257341120,9.385718917846679,3.497268208405761));
#6121=DIRECTION('',(-1.0,0.0,0.0));
#6122=VECTOR('',#6121,1.150000000000006);
#6123=LINE('',#6120,#6122);
#6124=CARTESIAN_POINT('',(-50.638656257341125,9.385718917846679,3.497268208405761));
#6125=TRIMMED_CURVE('',#6123,(PARAMETER_VALUE(0.0),#6120),(PARAMETER_VALUE(1.0),#6124),.T.,.PARAMETER.);
#6131=(BOUNDED_CURVE()CURVE()GEOMETRIC_REPRESENTATION_ITEM()REPRESENTATION_ITEM('')SURFACE_CURVE(#6125,(#6080),.CURVE_3D.));
#6132=COMPOSITE_CURVE_SEGMENT(.CONTINUOUS.,.T.,#6131);
#6133=OUTER_BOUNDARY_CURVE('',(#6093,#6106,#6119,#6132),.U.);
#6134=CURVE_BOUNDED_SURFACE('',#6080,(#6133),.F.);
#6135=STYLED_ITEM('',(#6136),#6134);
#6136=PRESENTATION_STYLE_ASSIGNMENT((#6137));
#6137=SURFACE_STYLE_USAGE(.POSITIVE.,#6138);
#6138=SURFACE_SIDE_STYLE('',(#6139));
#6139=SURFACE_STYLE_FILL_AREA(#6140);
#6140=FILL_AREA_STYLE('',(#6141));
#6141=FILL_AREA_STYLE_COLOUR('',#6142);
#6142=COLOUR_RGB('',0.0,0.0,1.0);
#6143=PRESENTATION_LAYER_ASSIGNMENT('7','',(#6134));
#6144=CARTESIAN_POINT('',(-50.696156257341116,8.385718917846683,6.122268208405761));
#6145=DIRECTION('',(0.0,-1.0,0.0));
#6146=DIRECTION('',(0.0,0.0,-1.0));
#6147=AXIS2_PLACEMENT_3D('',#6144,#6145,#6146);
#6148=PLANE('',#6147);
#6149=CARTESIAN_POINT('',(-50.638656257341118,8.385718917846683,5.997268208405761));
#6150=DIRECTION('',(0.0,0.0,-1.0));
#6151=VECTOR('',#6150,2.500000000000000);
#6152=LINE('',#6149,#6151);
#6153=CARTESIAN_POINT('',(-50.638656257341118,8.385718917846683,3.497268208405761));
#6154=TRIMMED_CURVE('',#6152,(PARAMETER_VALUE(0.0),#6149),(PARAMETER_VALUE(1.0),#6153),.T.,.PARAMETER.);
#6160=(BOUNDED_CURVE()CURVE()GEOMETRIC_REPRESENTATION_ITEM()REPRESENTATION_ITEM('')SURFACE_CURVE(#6154,(#6148),.CURVE_3D.));
#6161=COMPOSITE_CURVE_SEGMENT(.CONTINUOUS.,.T.,#6160);
#6162=CARTESIAN_POINT('',(-50.638656257341140,8.385718917846683,3.497268208405761));
#6163=DIRECTION('',(1.0,0.0,0.0));
#6164=VECTOR('',#6163,1.150000000000006);
#6165=LINE('',#6162,#6164);
#6166=CARTESIAN_POINT('',(-49.488656257341134,8.385718917846683,3.497268208405761));
#6167=TRIMMED_CURVE('',#6165,(PARAMETER_VALUE(0.0),#6162),(PARAMETER_VALUE(1.0),#6166),.T.,.PARAMETER.);
#6173=(BOUNDED_CURVE()CURVE()GEOMETRIC_REPRESENTATION_ITEM()REPRESENTATION_ITEM('')SURFACE_CURVE(#6167,(#6148),.CURVE_3D.));
#6174=COMPOSITE_CURVE_SEGMENT(.CONTINUOUS.,.T.,#6173);
#6175=CARTESIAN_POINT('',(-49.488656257341120,8.385718917846683,3.497268208405761));
#6176=DIRECTION('',(0.0,0.0,1.0));
#6177=VECTOR('',#6176,2.500000000000000);
#6178=LINE('',#6175,#6177);
#6179=CARTESIAN_POINT('',(-49.488656257341120,8.385718917846683,5.997268208405761));
#6180=TRIMMED_CURVE('',#6178,(PARAMETER_VALUE(0.0),#6175),(PARAMETER_VALUE(1.0),#6179),.T.,.PARAMETER.);
#6186=(BOUNDED_CURVE()CURVE()GEOMETRIC_REPRESENTATION_ITEM()REPRESENTATION_ITEM('')SURFACE_CURVE(#6180,(#6148),.CURVE_3D.));
#6187=COMPOSITE_CURVE_SEGMENT(.CONTINUOUS.,.T.,#6186);
#6188=CARTESIAN_POINT('',(-49.488656257341120,8.385718917846683,5.997268208405761));
#6189=DIRECTION('',(-1.0,0.0,0.0));
#6190=VECTOR('',#6189,1.150000000000006);
#6191=LINE('',#6188,#6190);
#6192=CARTESIAN_POINT('',(-50.638656257341125,8.385718917846683,5.997268208405761));
#6193=TRIMMED_CURVE('',#6191,(PARAMETER_VALUE(0.0),#6188),(PARAMETER_VALUE(1.0),#6192),.T.,.PARAMETER.);
#6199=(BOUNDED_CURVE()CURVE()GEOMETRIC_REPRESENTATION_ITEM()REPRESENTATION_ITEM('')SURFACE_CURVE(#6193,(#6148),.CURVE_3D.));
#6200=COMPOSITE_CURVE_SEGMENT(.CONTINUOUS.,.T.,#6199);
#6201=OUTER_BOUNDARY_CURVE('',(#6161,#6174,#6187,#6200),.U.);
#6202=CURVE_BOUNDED_SURFACE('',#6148,(#6201),.F.);
#6203=STYLED_ITEM('',(#6204),#6202);
#6204=PRESENTATION_STYLE_ASSIGNMENT((#6205));
#6205=SURFACE_STYLE_USAGE(.POSITIVE.,#6206);
#6206=SURFACE_SIDE_STYLE('',(#6207));
#6207=SURFACE_STYLE_FILL_AREA(#6208);
#6208=FILL_AREA_STYLE('',(#6209));
#6209=FILL_AREA_STYLE_COLOUR('',#6210);
#6210=COLOUR_RGB('',0.0,0.0,1.0);
#6211=PRESENTATION_LAYER_ASSIGNMENT('7','',(#6202));
#6212=CARTESIAN_POINT('',(-50.638656257341140,8.335718917846682,6.122268208405761));
#6213=DIRECTION('',(1.0,0.0,0.0));
#6214=DIRECTION('',(0.0,0.0,-1.0));
#6215=AXIS2_PLACEMENT_3D('',#6212,#6213,#6214);
#6216=PLANE('',#6215);
#6217=CARTESIAN_POINT('',(-50.638656257341140,9.385718917846679,3.497268208405761));
#6218=DIRECTION('',(0.0,0.0,1.0));
#6219=VECTOR('',#6218,2.500000000000000);
#6220=LINE('',#6217,#6219);
#6221=CARTESIAN_POINT('',(-50.638656257341140,9.385718917846679,5.997268208405761));
#6222=TRIMMED_CURVE('',#6220,(PARAMETER_VALUE(0.0),#6217),(PARAMETER_VALUE(1.0),#6221),.T.,.PARAMETER.);
#6228=(BOUNDED_CURVE()CURVE()GEOMETRIC_REPRESENTATION_ITEM()REPRESENTATION_ITEM('')SURFACE_CURVE(#6222,(#6216),.CURVE_3D.));
#6229=COMPOSITE_CURVE_SEGMENT(.CONTINUOUS.,.T.,#6228);
#6230=CARTESIAN_POINT('',(-50.638656257341140,9.385718917846679,5.997268208405761));
#6231=DIRECTION('',(0.0,-1.0,0.0));
#6232=VECTOR('',#6231,1.0);
#6233=LINE('',#6230,#6232);
#6234=CARTESIAN_POINT('',(-50.638656257341140,8.385718917846679,5.997268208405761));
#6235=TRIMMED_CURVE('',#6233,(PARAMETER_VALUE(0.0),#6230),(PARAMETER_VALUE(1.0),#6234),.T.,.PARAMETER.);
#6241=(BOUNDED_CURVE()CURVE()GEOMETRIC_REPRESENTATION_ITEM()REPRESENTATION_ITEM('')SURFACE_CURVE(#6235,(#6216),.CURVE_3D.));
#6242=COMPOSITE_CURVE_SEGMENT(.CONTINUOUS.,.T.,#6241);
#6243=CARTESIAN_POINT('',(-50.638656257341140,8.385718917846683,5.997268208405761));
#6244=DIRECTION('',(0.0,0.0,-1.0));
#6245=VECTOR('',#6244,2.500000000000000);
#6246=LINE('',#6243,#6245);
#6247=CARTESIAN_POINT('',(-50.638656257341140,8.385718917846683,3.497268208405761));
#6248=TRIMMED_CURVE('',#6246,(PARAMETER_VALUE(0.0),#6243),(PARAMETER_VALUE(1.0),#6247),.T.,.PARAMETER.);
#6254=(BOUNDED_CURVE()CURVE()GEOMETRIC_REPRESENTATION_ITEM()REPRESENTATION_ITEM('')SURFACE_CURVE(#6248,(#6216),.CURVE_3D.));
#6255=COMPOSITE_CURVE_SEGMENT(.CONTINUOUS.,.T.,#6254);
#6256=CARTESIAN_POINT('',(-50.638656257341140,8.385718917846683,3.497268208405761));
#6257=DIRECTION('',(0.0,1.0,0.0));
#6258=VECTOR('',#6257,1.0);
#6259=LINE('',#6256,#6258);
#6260=CARTESIAN_POINT('',(-50.638656257341140,9.385718917846683,3.497268208405761));
#6261=TRIMMED_CURVE('',#6259,(PARAMETER_VALUE(0.0),#6256),(PARAMETER_VALUE(1.0),#6260),.T.,.PARAMETER.);
#6267=(BOUNDED_CURVE()CURVE()GEOMETRIC_REPRESENTATION_ITEM()REPRESENTATION_ITEM('')SURFACE_CURVE(#6261,(#6216),.CURVE_3D.));
#6268=COMPOSITE_CURVE_SEGMENT(.CONTINUOUS.,.T.,#6267);
#6269=OUTER_BOUNDARY_CURVE('',(#6229,#6242,#6255,#6268),.U.);
#6270=CURVE_BOUNDED_SURFACE('',#6216,(#6269),.F.);
#6271=STYLED_ITEM('',(#6272),#6270);
#6272=PRESENTATION_STYLE_ASSIGNMENT((#6273));
#6273=SURFACE_STYLE_USAGE(.POSITIVE.,#6274);
#6274=SURFACE_SIDE_STYLE('',(#6275));
#6275=SURFACE_STYLE_FILL_AREA(#6276);
#6276=FILL_AREA_STYLE('',(#6277));
#6277=FILL_AREA_STYLE_COLOUR('',#6278);
#6278=COLOUR_RGB('',0.0,0.0,1.0);
#6279=PRESENTATION_LAYER_ASSIGNMENT('7','',(#6270));
#6280=CARTESIAN_POINT('',(-49.341156257341119,4.715718917846681,3.497268208405761));
#6281=DIRECTION('',(0.0,0.0,-1.0));
#6282=DIRECTION('',(-1.0,0.0,0.0));
#6283=AXIS2_PLACEMENT_3D('',#6280,#6281,#6282);
#6284=PLANE('',#6283);
#6285=CARTESIAN_POINT('',(-49.488656257341120,8.385718917846683,3.497268208405761));
#6286=DIRECTION('',(0.0,-1.0,0.0));
#6287=VECTOR('',#6286,3.300000000000002);
#6288=LINE('',#6285,#6287);
#6289=CARTESIAN_POINT('',(-49.488656257341120,5.085718917846681,3.497268208405761));
#6290=TRIMMED_CURVE('',#6288,(PARAMETER_VALUE(0.0),#6285),(PARAMETER_VALUE(1.0),#6289),.T.,.PARAMETER.);
#6296=(BOUNDED_CURVE()CURVE()GEOMETRIC_REPRESENTATION_ITEM()REPRESENTATION_ITEM('')SURFACE_CURVE(#6290,(#6284),.CURVE_3D.));
#6297=COMPOSITE_CURVE_SEGMENT(.CONTINUOUS.,.T.,#6296);
#6298=CARTESIAN_POINT('',(-49.488656257341120,5.085718917846681,3.497268208405761));
#6299=DIRECTION('',(-1.0,0.0,0.0));
#6300=VECTOR('',#6299,2.949999999999996);
#6301=LINE('',#6298,#6300);
#6302=CARTESIAN_POINT('',(-52.438656257341115,5.085718917846681,3.497268208405761));
#6303=TRIMMED_CURVE('',#6301,(PARAMETER_VALUE(0.0),#6298),(PARAMETER_VALUE(1.0),#6302),.T.,.PARAMETER.);
#6309=(BOUNDED_CURVE()CURVE()GEOMETRIC_REPRESENTATION_ITEM()REPRESENTATION_ITEM('')SURFACE_CURVE(#6303,(#6284),.CURVE_3D.));
#6310=COMPOSITE_CURVE_SEGMENT(.CONTINUOUS.,.T.,#6309);
#6311=CARTESIAN_POINT('',(-52.438656257341130,5.085718917846681,3.497268208405761));
#6312=DIRECTION('',(0.0,1.0,0.0));
#6313=VECTOR('',#6312,7.400000000000003);
#6314=LINE('',#6311,#6313);
#6315=CARTESIAN_POINT('',(-52.438656257341130,12.485718917846684,3.497268208405761));
#6316=TRIMMED_CURVE('',#6314,(PARAMETER_VALUE(0.0),#6311),(PARAMETER_VALUE(1.0),#6315),.T.,.PARAMETER.);
#6322=(BOUNDED_CURVE()CURVE()GEOMETRIC_REPRESENTATION_ITEM()REPRESENTATION_ITEM('')SURFACE_CURVE(#6316,(#6284),.CURVE_3D.));
#6323=COMPOSITE_CURVE_SEGMENT(.CONTINUOUS.,.T.,#6322);
#6324=CARTESIAN_POINT('',(-52.438656257341130,12.485718917846684,3.497268208405761));
#6325=DIRECTION('',(1.0,0.0,0.0));
#6326=VECTOR('',#6325,2.950000000000003);
#6327=LINE('',#6324,#6326);
#6328=CARTESIAN_POINT('',(-49.488656257341127,12.485718917846684,3.497268208405761));
#6329=TRIMMED_CURVE('',#6327,(PARAMETER_VALUE(0.0),#6324),(PARAMETER_VALUE(1.0),#6328),.T.,.PARAMETER.);
#6335=(BOUNDED_CURVE()CURVE()GEOMETRIC_REPRESENTATION_ITEM()REPRESENTATION_ITEM('')SURFACE_CURVE(#6329,(#6284),.CURVE_3D.));
#6336=COMPOSITE_CURVE_SEGMENT(.CONTINUOUS.,.T.,#6335);
#6337=CARTESIAN_POINT('',(-49.488656257341120,12.485718917846684,3.497268208405761));
#6338=DIRECTION('',(0.0,-1.0,0.0));
#6339=VECTOR('',#6338,3.100000000000001);
#6340=LINE('',#6337,#6339);
#6341=CARTESIAN_POINT('',(-49.488656257341120,9.385718917846683,3.497268208405761));
#6342=TRIMMED_CURVE('',#6340,(PARAMETER_VALUE(0.0),#6337),(PARAMETER_VALUE(1.0),#6341),.T.,.PARAMETER.);
#6348=(BOUNDED_CURVE()CURVE()GEOMETRIC_REPRESENTATION_ITEM()REPRESENTATION_ITEM('')SURFACE_CURVE(#6342,(#6284),.CURVE_3D.));
#6349=COMPOSITE_CURVE_SEGMENT(.CONTINUOUS.,.T.,#6348);
#6350=CARTESIAN_POINT('',(-49.488656257341120,9.385718917846679,3.497268208405761));
#6351=DIRECTION('',(-1.0,0.0,0.0));
#6352=VECTOR('',#6351,1.149999999999999);
#6353=LINE('',#6350,#6352);
#6354=CARTESIAN_POINT('',(-50.638656257341118,9.385718917846679,3.497268208405761));
#6355=TRIMMED_CURVE('',#6353,(PARAMETER_VALUE(0.0),#6350),(PARAMETER_VALUE(1.0),#6354),.T.,.PARAMETER.);
#6361=(BOUNDED_CURVE()CURVE()GEOMETRIC_REPRESENTATION_ITEM()REPRESENTATION_ITEM('')SURFACE_CURVE(#6355,(#6284),.CURVE_3D.));
#6362=COMPOSITE_CURVE_SEGMENT(.CONTINUOUS.,.T.,#6361);
#6363=CARTESIAN_POINT('',(-50.638656257341118,9.385718917846679,3.497268208405761));
#6364=DIRECTION('',(0.0,-1.0,0.0));
#6365=VECTOR('',#6364,1.0);
#6366=LINE('',#6363,#6365);
#6367=CARTESIAN_POINT('',(-50.638656257341118,8.385718917846679,3.497268208405761));
#6368=TRIMMED_CURVE('',#6366,(PARAMETER_VALUE(0.0),#6363),(PARAMETER_VALUE(1.0),#6367),.T.,.PARAMETER.);
#6374=(BOUNDED_CURVE()CURVE()GEOMETRIC_REPRESENTATION_ITEM()REPRESENTATION_ITEM('')SURFACE_CURVE(#6368,(#6284),.CURVE_3D.));
#6375=COMPOSITE_CURVE_SEGMENT(.CONTINUOUS.,.T.,#6374);
#6376=CARTESIAN_POINT('',(-50.638656257341118,8.385718917846683,3.497268208405761));
#6377=DIRECTION('',(1.0,0.0,0.0));
#6378=VECTOR('',#6377,1.149999999999999);
#6379=LINE('',#6376,#6378);
#6380=CARTESIAN_POINT('',(-49.488656257341120,8.385718917846683,3.497268208405761));
#6381=TRIMMED_CURVE('',#6379,(PARAMETER_VALUE(0.0),#6376),(PARAMETER_VALUE(1.0),#6380),.T.,.PARAMETER.);
#6387=(BOUNDED_CURVE()CURVE()GEOMETRIC_REPRESENTATION_ITEM()REPRESENTATION_ITEM('')SURFACE_CURVE(#6381,(#6284),.CURVE_3D.));
#6388=COMPOSITE_CURVE_SEGMENT(.CONTINUOUS.,.T.,#6387);
#6389=OUTER_BOUNDARY_CURVE('',(#6297,#6310,#6323,#6336,#6349,#6362,#6375,#6388),.U.);
#6390=CURVE_BOUNDED_SURFACE('',#6284,(#6389),.F.);
#6391=STYLED_ITEM('',(#6392),#6390);
#6392=PRESENTATION_STYLE_ASSIGNMENT((#6393));
#6393=SURFACE_STYLE_USAGE(.POSITIVE.,#6394);
#6394=SURFACE_SIDE_STYLE('',(#6395));
#6395=SURFACE_STYLE_FILL_AREA(#6396);
#6396=FILL_AREA_STYLE('',(#6397));
#6397=FILL_AREA_STYLE_COLOUR('',#6398);
#6398=COLOUR_RGB('',0.0,0.0,1.0);
#6399=PRESENTATION_LAYER_ASSIGNMENT('7','',(#6390));
#6400=CARTESIAN_POINT('',(-49.488656257341120,9.230718917846680,6.122268208405761));
#6401=DIRECTION('',(1.0,0.0,0.0));
#6402=DIRECTION('',(0.0,0.0,-1.0));
#6403=AXIS2_PLACEMENT_3D('',#6400,#6401,#6402);
#6404=PLANE('',#6403);
#6405=CARTESIAN_POINT('',(-49.488656257341120,9.385718917846679,3.497268208405761));
#6406=DIRECTION('',(0.0,1.0,0.0));
#6407=VECTOR('',#6406,3.100000000000000);
#6408=LINE('',#6405,#6407);
#6409=CARTESIAN_POINT('',(-49.488656257341120,12.485718917846679,3.497268208405761));
#6410=TRIMMED_CURVE('',#6408,(PARAMETER_VALUE(0.0),#6405),(PARAMETER_VALUE(1.0),#6409),.T.,.PARAMETER.);
#6416=(BOUNDED_CURVE()CURVE()GEOMETRIC_REPRESENTATION_ITEM()REPRESENTATION_ITEM('')SURFACE_CURVE(#6410,(#6404),.CURVE_3D.));
#6417=COMPOSITE_CURVE_SEGMENT(.CONTINUOUS.,.T.,#6416);
#6418=CARTESIAN_POINT('',(-49.488656257341120,12.485718917846679,3.497268208405761));
#6419=DIRECTION('',(0.0,0.0,1.0));
#6420=VECTOR('',#6419,2.500000000000000);
#6421=LINE('',#6418,#6420);
#6422=CARTESIAN_POINT('',(-49.488656257341120,12.485718917846679,5.997268208405761));
#6423=TRIMMED_CURVE('',#6421,(PARAMETER_VALUE(0.0),#6418),(PARAMETER_VALUE(1.0),#6422),.T.,.PARAMETER.);
#6429=(BOUNDED_CURVE()CURVE()GEOMETRIC_REPRESENTATION_ITEM()REPRESENTATION_ITEM('')SURFACE_CURVE(#6423,(#6404),.CURVE_3D.));
#6430=COMPOSITE_CURVE_SEGMENT(.CONTINUOUS.,.T.,#6429);
#6431=CARTESIAN_POINT('',(-49.488656257341120,12.485718917846679,5.997268208405761));
#6432=DIRECTION('',(0.0,-1.0,0.0));
#6433=VECTOR('',#6432,3.100000000000000);
#6434=LINE('',#6431,#6433);
#6435=CARTESIAN_POINT('',(-49.488656257341120,9.385718917846679,5.997268208405761));
#6436=TRIMMED_CURVE('',#6434,(PARAMETER_VALUE(0.0),#6431),(PARAMETER_VALUE(1.0),#6435),.T.,.PARAMETER.);
#6442=(BOUNDED_CURVE()CURVE()GEOMETRIC_REPRESENTATION_ITEM()REPRESENTATION_ITEM('')SURFACE_CURVE(#6436,(#6404),.CURVE_3D.));
#6443=COMPOSITE_CURVE_SEGMENT(.CONTINUOUS.,.T.,#6442);
#6444=CARTESIAN_POINT('',(-49.488656257341120,9.385718917846679,5.997268208405761));
#6445=DIRECTION('',(0.0,0.0,-1.0));
#6446=VECTOR('',#6445,2.500000000000000);
#6447=LINE('',#6444,#6446);
#6448=CARTESIAN_POINT('',(-49.488656257341120,9.385718917846679,3.497268208405761));
#6449=TRIMMED_CURVE('',#6447,(PARAMETER_VALUE(0.0),#6444),(PARAMETER_VALUE(1.0),#6448),.T.,.PARAMETER.);
#6455=(BOUNDED_CURVE()CURVE()GEOMETRIC_REPRESENTATION_ITEM()REPRESENTATION_ITEM('')SURFACE_CURVE(#6449,(#6404),.CURVE_3D.));
#6456=COMPOSITE_CURVE_SEGMENT(.CONTINUOUS.,.T.,#6455);
#6457=OUTER_BOUNDARY_CURVE('',(#6417,#6430,#6443,#6456),.U.);
#6458=CURVE_BOUNDED_SURFACE('',#6404,(#6457),.F.);
#6459=STYLED_ITEM('',(#6460),#6458);
#6460=PRESENTATION_STYLE_ASSIGNMENT((#6461));
#6461=SURFACE_STYLE_USAGE(.POSITIVE.,#6462);
#6462=SURFACE_SIDE_STYLE('',(#6463));
#6463=SURFACE_STYLE_FILL_AREA(#6464);
#6464=FILL_AREA_STYLE('',(#6465));
#6465=FILL_AREA_STYLE_COLOUR('',#6466);
#6466=COLOUR_RGB('',0.0,0.0,1.0);
#6467=PRESENTATION_LAYER_ASSIGNMENT('7','',(#6458));
#6468=CARTESIAN_POINT('',(-52.586156257341123,4.715718917846679,5.997268208405761));
#6469=DIRECTION('',(0.0,0.0,1.0));
#6470=DIRECTION('',(1.0,0.0,0.0));
#6471=AXIS2_PLACEMENT_3D('',#6468,#6469,#6470);
#6472=PLANE('',#6471);
#6473=CARTESIAN_POINT('',(-50.638656257341140,8.385718917846683,5.997268208405761));
#6474=DIRECTION('',(0.0,1.0,0.0));
#6475=VECTOR('',#6474,0.999999999999998);
#6476=LINE('',#6473,#6475);
#6477=CARTESIAN_POINT('',(-50.638656257341140,9.385718917846681,5.997268208405761));
#6478=TRIMMED_CURVE('',#6476,(PARAMETER_VALUE(0.0),#6473),(PARAMETER_VALUE(1.0),#6477),.T.,.PARAMETER.);
#6484=(BOUNDED_CURVE()CURVE()GEOMETRIC_REPRESENTATION_ITEM()REPRESENTATION_ITEM('')SURFACE_CURVE(#6478,(#6472),.CURVE_3D.));
#6485=COMPOSITE_CURVE_SEGMENT(.CONTINUOUS.,.T.,#6484);
#6486=CARTESIAN_POINT('',(-50.638656257341140,9.385718917846679,5.997268208405761));
#6487=DIRECTION('',(1.0,0.0,0.0));
#6488=VECTOR('',#6487,1.150000000000006);
#6489=LINE('',#6486,#6488);
#6490=CARTESIAN_POINT('',(-49.488656257341134,9.385718917846679,5.997268208405761));
#6491=TRIMMED_CURVE('',#6489,(PARAMETER_VALUE(0.0),#6486),(PARAMETER_VALUE(1.0),#6490),.T.,.PARAMETER.);
#6497=(BOUNDED_CURVE()CURVE()GEOMETRIC_REPRESENTATION_ITEM()REPRESENTATION_ITEM('')SURFACE_CURVE(#6491,(#6472),.CURVE_3D.));
#6498=COMPOSITE_CURVE_SEGMENT(.CONTINUOUS.,.T.,#6497);
#6499=CARTESIAN_POINT('',(-49.488656257341120,9.385718917846679,5.997268208405761));
#6500=DIRECTION('',(0.0,1.0,0.0));
#6501=VECTOR('',#6500,3.100000000000000);
#6502=LINE('',#6499,#6501);
#6503=CARTESIAN_POINT('',(-49.488656257341120,12.485718917846679,5.997268208405761));
#6504=TRIMMED_CURVE('',#6502,(PARAMETER_VALUE(0.0),#6499),(PARAMETER_VALUE(1.0),#6503),.T.,.PARAMETER.);
#6510=(BOUNDED_CURVE()CURVE()GEOMETRIC_REPRESENTATION_ITEM()REPRESENTATION_ITEM('')SURFACE_CURVE(#6504,(#6472),.CURVE_3D.));
#6511=COMPOSITE_CURVE_SEGMENT(.CONTINUOUS.,.T.,#6510);
#6512=CARTESIAN_POINT('',(-49.488656257341120,12.485718917846679,5.997268208405761));
#6513=DIRECTION('',(-1.0,0.0,0.0));
#6514=VECTOR('',#6513,2.950000000000003);
#6515=LINE('',#6512,#6514);
#6516=CARTESIAN_POINT('',(-52.438656257341123,12.485718917846679,5.997268208405761));
#6517=TRIMMED_CURVE('',#6515,(PARAMETER_VALUE(0.0),#6512),(PARAMETER_VALUE(1.0),#6516),.T.,.PARAMETER.);
#6523=(BOUNDED_CURVE()CURVE()GEOMETRIC_REPRESENTATION_ITEM()REPRESENTATION_ITEM('')SURFACE_CURVE(#6517,(#6472),.CURVE_3D.));
#6524=COMPOSITE_CURVE_SEGMENT(.CONTINUOUS.,.T.,#6523);
#6525=CARTESIAN_POINT('',(-52.438656257341130,12.485718917846679,5.997268208405761));
#6526=DIRECTION('',(0.0,-1.0,0.0));
#6527=VECTOR('',#6526,7.400000000000000);
#6528=LINE('',#6525,#6527);
#6529=CARTESIAN_POINT('',(-52.438656257341130,5.085718917846679,5.997268208405761));
#6530=TRIMMED_CURVE('',#6528,(PARAMETER_VALUE(0.0),#6525),(PARAMETER_VALUE(1.0),#6529),.T.,.PARAMETER.);
#6536=(BOUNDED_CURVE()CURVE()GEOMETRIC_REPRESENTATION_ITEM()REPRESENTATION_ITEM('')SURFACE_CURVE(#6530,(#6472),.CURVE_3D.));
#6537=COMPOSITE_CURVE_SEGMENT(.CONTINUOUS.,.T.,#6536);
#6538=CARTESIAN_POINT('',(-52.438656257341130,5.085718917846681,5.997268208405761));
#6539=DIRECTION('',(1.0,0.0,0.0));
#6540=VECTOR('',#6539,2.950000000000003);
#6541=LINE('',#6538,#6540);
#6542=CARTESIAN_POINT('',(-49.488656257341127,5.085718917846681,5.997268208405761));
#6543=TRIMMED_CURVE('',#6541,(PARAMETER_VALUE(0.0),#6538),(PARAMETER_VALUE(1.0),#6542),.T.,.PARAMETER.);
#6549=(BOUNDED_CURVE()CURVE()GEOMETRIC_REPRESENTATION_ITEM()REPRESENTATION_ITEM('')SURFACE_CURVE(#6543,(#6472),.CURVE_3D.));
#6550=COMPOSITE_CURVE_SEGMENT(.CONTINUOUS.,.T.,#6549);
#6551=CARTESIAN_POINT('',(-49.488656257341120,5.085718917846681,5.997268208405761));
#6552=DIRECTION('',(0.0,1.0,0.0));
#6553=VECTOR('',#6552,3.300000000000003);
#6554=LINE('',#6551,#6553);
#6555=CARTESIAN_POINT('',(-49.488656257341120,8.385718917846685,5.997268208405761));
#6556=TRIMMED_CURVE('',#6554,(PARAMETER_VALUE(0.0),#6551),(PARAMETER_VALUE(1.0),#6555),.T.,.PARAMETER.);
#6562=(BOUNDED_CURVE()CURVE()GEOMETRIC_REPRESENTATION_ITEM()REPRESENTATION_ITEM('')SURFACE_CURVE(#6556,(#6472),.CURVE_3D.));
#6563=COMPOSITE_CURVE_SEGMENT(.CONTINUOUS.,.T.,#6562);
#6564=CARTESIAN_POINT('',(-49.488656257341120,8.385718917846683,5.997268208405761));
#6565=DIRECTION('',(-1.0,0.0,0.0));
#6566=VECTOR('',#6565,1.150000000000006);
#6567=LINE('',#6564,#6566);
#6568=CARTESIAN_POINT('',(-50.638656257341125,8.385718917846683,5.997268208405761));
#6569=TRIMMED_CURVE('',#6567,(PARAMETER_VALUE(0.0),#6564),(PARAMETER_VALUE(1.0),#6568),.T.,.PARAMETER.);
#6575=(BOUNDED_CURVE()CURVE()GEOMETRIC_REPRESENTATION_ITEM()REPRESENTATION_ITEM('')SURFACE_CURVE(#6569,(#6472),.CURVE_3D.));
#6576=COMPOSITE_CURVE_SEGMENT(.CONTINUOUS.,.T.,#6575);
#6577=OUTER_BOUNDARY_CURVE('',(#6485,#6498,#6511,#6524,#6537,#6550,#6563,#6576),.U.);
#6578=CURVE_BOUNDED_SURFACE('',#6472,(#6577),.F.);
#6579=STYLED_ITEM('',(#6580),#6578);
#6580=PRESENTATION_STYLE_ASSIGNMENT((#6581));
#6581=SURFACE_STYLE_USAGE(.POSITIVE.,#6582);
#6582=SURFACE_SIDE_STYLE('',(#6583));
#6583=SURFACE_STYLE_FILL_AREA(#6584);
#6584=FILL_AREA_STYLE('',(#6585));
#6585=FILL_AREA_STYLE_COLOUR('',#6586);
#6586=COLOUR_RGB('',0.0,0.0,1.0);
#6587=PRESENTATION_LAYER_ASSIGNMENT('7','',(#6578));
#6588=CARTESIAN_POINT('',(-52.586156257341123,12.485718917846684,3.372268208405761));
#6589=DIRECTION('',(0.0,1.0,0.0));
#6590=DIRECTION('',(0.0,0.0,1.0));
#6591=AXIS2_PLACEMENT_3D('',#6588,#6589,#6590);
#6592=PLANE('',#6591);
#6593=CARTESIAN_POINT('',(-49.488656257341120,12.485718917846684,3.497268208405761));
#6594=DIRECTION('',(-1.0,0.0,0.0));
#6595=VECTOR('',#6594,2.950000000000003);
#6596=LINE('',#6593,#6595);
#6597=CARTESIAN_POINT('',(-52.438656257341123,12.485718917846684,3.497268208405761));
#6598=TRIMMED_CURVE('',#6596,(PARAMETER_VALUE(0.0),#6593),(PARAMETER_VALUE(1.0),#6597),.T.,.PARAMETER.);
#6604=(BOUNDED_CURVE()CURVE()GEOMETRIC_REPRESENTATION_ITEM()REPRESENTATION_ITEM('')SURFACE_CURVE(#6598,(#6592),.CURVE_3D.));
#6605=COMPOSITE_CURVE_SEGMENT(.CONTINUOUS.,.T.,#6604);
#6606=CARTESIAN_POINT('',(-52.438656257341130,12.485718917846684,3.497268208405761));
#6607=DIRECTION('',(0.0,0.0,1.0));
#6608=VECTOR('',#6607,2.500000000000000);
#6609=LINE('',#6606,#6608);
#6610=CARTESIAN_POINT('',(-52.438656257341130,12.485718917846684,5.997268208405761));
#6611=TRIMMED_CURVE('',#6609,(PARAMETER_VALUE(0.0),#6606),(PARAMETER_VALUE(1.0),#6610),.T.,.PARAMETER.);
#6617=(BOUNDED_CURVE()CURVE()GEOMETRIC_REPRESENTATION_ITEM()REPRESENTATION_ITEM('')SURFACE_CURVE(#6611,(#6592),.CURVE_3D.));
#6618=COMPOSITE_CURVE_SEGMENT(.CONTINUOUS.,.T.,#6617);
#6619=CARTESIAN_POINT('',(-52.438656257341130,12.485718917846684,5.997268208405761));
#6620=DIRECTION('',(1.0,0.0,0.0));
#6621=VECTOR('',#6620,2.950000000000003);
#6622=LINE('',#6619,#6621);
#6623=CARTESIAN_POINT('',(-49.488656257341127,12.485718917846684,5.997268208405761));
#6624=TRIMMED_CURVE('',#6622,(PARAMETER_VALUE(0.0),#6619),(PARAMETER_VALUE(1.0),#6623),.T.,.PARAMETER.);
#6630=(BOUNDED_CURVE()CURVE()GEOMETRIC_REPRESENTATION_ITEM()REPRESENTATION_ITEM('')SURFACE_CURVE(#6624,(#6592),.CURVE_3D.));
#6631=COMPOSITE_CURVE_SEGMENT(.CONTINUOUS.,.T.,#6630);
#6632=CARTESIAN_POINT('',(-49.488656257341120,12.485718917846684,5.997268208405761));
#6633=DIRECTION('',(0.0,0.0,-1.0));
#6634=VECTOR('',#6633,2.500000000000000);
#6635=LINE('',#6632,#6634);
#6636=CARTESIAN_POINT('',(-49.488656257341120,12.485718917846684,3.497268208405761));
#6637=TRIMMED_CURVE('',#6635,(PARAMETER_VALUE(0.0),#6632),(PARAMETER_VALUE(1.0),#6636),.T.,.PARAMETER.);
#6643=(BOUNDED_CURVE()CURVE()GEOMETRIC_REPRESENTATION_ITEM()REPRESENTATION_ITEM('')SURFACE_CURVE(#6637,(#6592),.CURVE_3D.));
#6644=COMPOSITE_CURVE_SEGMENT(.CONTINUOUS.,.T.,#6643);
#6645=OUTER_BOUNDARY_CURVE('',(#6605,#6618,#6631,#6644),.U.);
#6646=CURVE_BOUNDED_SURFACE('',#6592,(#6645),.F.);
#6647=STYLED_ITEM('',(#6648),#6646);
#6648=PRESENTATION_STYLE_ASSIGNMENT((#6649));
#6649=SURFACE_STYLE_USAGE(.POSITIVE.,#6650);
#6650=SURFACE_SIDE_STYLE('',(#6651));
#6651=SURFACE_STYLE_FILL_AREA(#6652);
#6652=FILL_AREA_STYLE('',(#6653));
#6653=FILL_AREA_STYLE_COLOUR('',#6654);
#6654=COLOUR_RGB('',0.0,0.0,1.0);
#6655=PRESENTATION_LAYER_ASSIGNMENT('7','',(#6646));
#6656=CARTESIAN_POINT('',(-49.488656257341120,4.920718917846681,6.122268208405761));
#6657=DIRECTION('',(1.0,0.0,0.0));
#6658=DIRECTION('',(0.0,0.0,-1.0));
#6659=AXIS2_PLACEMENT_3D('',#6656,#6657,#6658);
#6660=PLANE('',#6659);
#6661=CARTESIAN_POINT('',(-49.488656257341120,8.385718917846683,5.997268208405761));
#6662=DIRECTION('',(0.0,-1.0,0.0));
#6663=VECTOR('',#6662,3.300000000000002);
#6664=LINE('',#6661,#6663);
#6665=CARTESIAN_POINT('',(-49.488656257341120,5.085718917846681,5.997268208405761));
#6666=TRIMMED_CURVE('',#6664,(PARAMETER_VALUE(0.0),#6661),(PARAMETER_VALUE(1.0),#6665),.T.,.PARAMETER.);
#6672=(BOUNDED_CURVE()CURVE()GEOMETRIC_REPRESENTATION_ITEM()REPRESENTATION_ITEM('')SURFACE_CURVE(#6666,(#6660),.CURVE_3D.));
#6673=COMPOSITE_CURVE_SEGMENT(.CONTINUOUS.,.T.,#6672);
#6674=CARTESIAN_POINT('',(-49.488656257341120,5.085718917846681,5.997268208405761));
#6675=DIRECTION('',(0.0,0.0,-1.0));
#6676=VECTOR('',#6675,2.500000000000000);
#6677=LINE('',#6674,#6676);
#6678=CARTESIAN_POINT('',(-49.488656257341120,5.085718917846681,3.497268208405761));
#6679=TRIMMED_CURVE('',#6677,(PARAMETER_VALUE(0.0),#6674),(PARAMETER_VALUE(1.0),#6678),.T.,.PARAMETER.);
#6685=(BOUNDED_CURVE()CURVE()GEOMETRIC_REPRESENTATION_ITEM()REPRESENTATION_ITEM('')SURFACE_CURVE(#6679,(#6660),.CURVE_3D.));
#6686=COMPOSITE_CURVE_SEGMENT(.CONTINUOUS.,.T.,#6685);
#6687=CARTESIAN_POINT('',(-49.488656257341120,5.085718917846681,3.497268208405761));
#6688=DIRECTION('',(0.0,1.0,0.0));
#6689=VECTOR('',#6688,3.300000000000002);
#6690=LINE('',#6687,#6689);
#6691=CARTESIAN_POINT('',(-49.488656257341120,8.385718917846683,3.497268208405761));
#6692=TRIMMED_CURVE('',#6690,(PARAMETER_VALUE(0.0),#6687),(PARAMETER_VALUE(1.0),#6691),.T.,.PARAMETER.);
#6698=(BOUNDED_CURVE()CURVE()GEOMETRIC_REPRESENTATION_ITEM()REPRESENTATION_ITEM('')SURFACE_CURVE(#6692,(#6660),.CURVE_3D.));
#6699=COMPOSITE_CURVE_SEGMENT(.CONTINUOUS.,.T.,#6698);
#6700=CARTESIAN_POINT('',(-49.488656257341120,8.385718917846683,3.497268208405761));
#6701=DIRECTION('',(0.0,0.0,1.0));
#6702=VECTOR('',#6701,2.500000000000000);
#6703=LINE('',#6700,#6702);
#6704=CARTESIAN_POINT('',(-49.488656257341120,8.385718917846683,5.997268208405761));
#6705=TRIMMED_CURVE('',#6703,(PARAMETER_VALUE(0.0),#6700),(PARAMETER_VALUE(1.0),#6704),.T.,.PARAMETER.);
#6711=(BOUNDED_CURVE()CURVE()GEOMETRIC_REPRESENTATION_ITEM()REPRESENTATION_ITEM('')SURFACE_CURVE(#6705,(#6660),.CURVE_3D.));
#6712=COMPOSITE_CURVE_SEGMENT(.CONTINUOUS.,.T.,#6711);
#6713=OUTER_BOUNDARY_CURVE('',(#6673,#6686,#6699,#6712),.U.);
#6714=CURVE_BOUNDED_SURFACE('',#6660,(#6713),.F.);
#6715=STYLED_ITEM('',(#6716),#6714);
#6716=PRESENTATION_STYLE_ASSIGNMENT((#6717));
#6717=SURFACE_STYLE_USAGE(.POSITIVE.,#6718);
#6718=SURFACE_SIDE_STYLE('',(#6719));
#6719=SURFACE_STYLE_FILL_AREA(#6720);
#6720=FILL_AREA_STYLE('',(#6721));
#6721=FILL_AREA_STYLE_COLOUR('',#6722);
#6722=COLOUR_RGB('',0.0,0.0,1.0);
#6723=PRESENTATION_LAYER_ASSIGNMENT('7','',(#6714));
#6724=CARTESIAN_POINT('',(-29.508656257341102,11.085718917846680,1.667268208405761));
#6725=DIRECTION('',(0.0,1.0,0.0));
#6726=DIRECTION('',(-1.0,0.0,0.0));
#6727=AXIS2_PLACEMENT_3D('',#6724,#6725,#6726);
#6728=PLANE('',#6727);
#6729=CARTESIAN_POINT('',(-35.388656257341111,11.085718917846680,4.747268208405761));
#6730=CARTESIAN_POINT('',(-35.388656257341111,11.085718917846680,7.547268208405762));
#6731=CARTESIAN_POINT('',(-32.588656257341107,11.085718917846680,7.547268208405763));
#6732=CARTESIAN_POINT('',(-29.788656257341103,11.085718917846680,7.547268208405762));
#6733=CARTESIAN_POINT('',(-29.788656257341103,11.085718917846680,4.747268208405761));
#6741=(BOUNDED_CURVE()B_SPLINE_CURVE(2,(#6729,#6730,#6731,#6732,#6733),.UNSPECIFIED.,.F.,.U.)B_SPLINE_CURVE_WITH_KNOTS((3,2,3),(0.0,0.500000000000000,1.0),.UNSPECIFIED.)CURVE()GEOMETRIC_REPRESENTATION_ITEM()RATIONAL_B_SPLINE_CURVE((1.0,0.707106781186548,1.0,0.707106781186548,1.0))REPRESENTATION_ITEM(''));
#6747=(BOUNDED_CURVE()CURVE()GEOMETRIC_REPRESENTATION_ITEM()REPRESENTATION_ITEM('')SURFACE_CURVE(#6741,(#6728),.CURVE_3D.));
#6748=COMPOSITE_CURVE_SEGMENT(.CONTINUOUS.,.T.,#6747);
#6749=CARTESIAN_POINT('',(-29.788656257341103,11.085718917846680,4.747268208405761));
#6750=CARTESIAN_POINT('',(-29.788656257341103,11.085718917846680,1.947268208405761));
#6751=CARTESIAN_POINT('',(-32.588656257341107,11.085718917846680,1.947268208405761));
#6752=CARTESIAN_POINT('',(-35.388656257341111,11.085718917846680,1.947268208405761));
#6753=CARTESIAN_POINT('',(-35.388656257341111,11.085718917846680,4.747268208405761));
#6761=(BOUNDED_CURVE()B_SPLINE_CURVE(2,(#6749,#6750,#6751,#6752,#6753),.UNSPECIFIED.,.F.,.U.)B_SPLINE_CURVE_WITH_KNOTS((3,2,3),(0.0,0.500000000000000,1.0),.UNSPECIFIED.)CURVE()GEOMETRIC_REPRESENTATION_ITEM()RATIONAL_B_SPLINE_CURVE((1.0,0.707106781186548,1.0,0.707106781186548,1.0))REPRESENTATION_ITEM(''));
#6767=(BOUNDED_CURVE()CURVE()GEOMETRIC_REPRESENTATION_ITEM()REPRESENTATION_ITEM('')SURFACE_CURVE(#6761,(#6728),.CURVE_3D.));
#6768=COMPOSITE_CURVE_SEGMENT(.CONTINUOUS.,.T.,#6767);
#6769=OUTER_BOUNDARY_CURVE('',(#6748,#6768),.U.);
#6770=CARTESIAN_POINT('',(-30.988656257341102,11.085718917846680,4.747268208405761));
#6771=CARTESIAN_POINT('',(-30.988656257341102,11.085718917846680,6.347268208405760));
#6772=CARTESIAN_POINT('',(-32.588656257341107,11.085718917846680,6.347268208405762));
#6773=CARTESIAN_POINT('',(-34.188656257341108,11.085718917846680,6.347268208405760));
#6774=CARTESIAN_POINT('',(-34.188656257341108,11.085718917846680,4.747268208405761));
#6782=(BOUNDED_CURVE()B_SPLINE_CURVE(2,(#6770,#6771,#6772,#6773,#6774),.UNSPECIFIED.,.F.,.U.)B_SPLINE_CURVE_WITH_KNOTS((3,2,3),(0.0,0.500000000000000,1.0),.UNSPECIFIED.)CURVE()GEOMETRIC_REPRESENTATION_ITEM()RATIONAL_B_SPLINE_CURVE((1.0,0.707106781186547,1.0,0.707106781186547,1.0))REPRESENTATION_ITEM(''));
#6788=(BOUNDED_CURVE()CURVE()GEOMETRIC_REPRESENTATION_ITEM()REPRESENTATION_ITEM('')SURFACE_CURVE(#6782,(#6728),.CURVE_3D.));
#6789=COMPOSITE_CURVE_SEGMENT(.CONTINUOUS.,.T.,#6788);
#6790=CARTESIAN_POINT('',(-34.188656257341108,11.085718917846680,4.747268208405761));
#6791=CARTESIAN_POINT('',(-34.188656257341108,11.085718917846680,3.147268208405762));
#6792=CARTESIAN_POINT('',(-32.588656257341107,11.085718917846680,3.147268208405762));
#6793=CARTESIAN_POINT('',(-30.988656257341102,11.085718917846680,3.147268208405762));
#6794=CARTESIAN_POINT('',(-30.988656257341102,11.085718917846680,4.747268208405761));
#6802=(BOUNDED_CURVE()B_SPLINE_CURVE(2,(#6790,#6791,#6792,#6793,#6794),.UNSPECIFIED.,.F.,.U.)B_SPLINE_CURVE_WITH_KNOTS((3,2,3),(0.0,0.500000000000000,1.0),.UNSPECIFIED.)CURVE()GEOMETRIC_REPRESENTATION_ITEM()RATIONAL_B_SPLINE_CURVE((1.0,0.707106781186547,1.0,0.707106781186547,1.0))REPRESENTATION_ITEM(''));
#6808=(BOUNDED_CURVE()CURVE()GEOMETRIC_REPRESENTATION_ITEM()REPRESENTATION_ITEM('')SURFACE_CURVE(#6802,(#6728),.CURVE_3D.));
#6809=COMPOSITE_CURVE_SEGMENT(.CONTINUOUS.,.T.,#6808);
#6810=BOUNDARY_CURVE('',(#6789,#6809),.U.);
#6811=CURVE_BOUNDED_SURFACE('',#6728,(#6769,#6810),.F.);
#6812=STYLED_ITEM('',(#6813),#6811);
#6813=PRESENTATION_STYLE_ASSIGNMENT((#6814));
#6814=SURFACE_STYLE_USAGE(.POSITIVE.,#6815);
#6815=SURFACE_SIDE_STYLE('',(#6816));
#6816=SURFACE_STYLE_FILL_AREA(#6817);
#6817=FILL_AREA_STYLE('',(#6818));
#6818=FILL_AREA_STYLE_COLOUR('',#6819);
#6819=COLOUR_RGB('',0.0,0.0,1.0);
#6820=PRESENTATION_LAYER_ASSIGNMENT('7','',(#6811));
#6821=CARTESIAN_POINT('',(-32.588656257341107,11.085718907846680,4.747268208405761));
#6822=DIRECTION('',(0.0,1.0,0.0));
#6823=DIRECTION('',(-1.0,0.0,0.0));
#6824=AXIS2_PLACEMENT_3D('',#6821,#6822,#6823);
#6825=CYLINDRICAL_SURFACE('',#6824,2.800000000000000);
#6826=CARTESIAN_POINT('',(-35.388656257341104,11.085718917846680,4.747268208405760));
#6827=DIRECTION('',(0.0,1.0,0.0));
#6828=VECTOR('',#6827,3.200000000000001);
#6829=LINE('',#6826,#6828);
#6830=CARTESIAN_POINT('',(-35.388656257341104,14.285718917846681,4.747268208405760));
#6831=TRIMMED_CURVE('',#6829,(PARAMETER_VALUE(0.0),#6826),(PARAMETER_VALUE(1.0),#6830),.T.,.PARAMETER.);
#6837=(BOUNDED_CURVE()CURVE()GEOMETRIC_REPRESENTATION_ITEM()REPRESENTATION_ITEM('')SURFACE_CURVE(#6831,(#6825),.CURVE_3D.));
#6838=COMPOSITE_CURVE_SEGMENT(.CONTINUOUS.,.T.,#6837);
#6839=CARTESIAN_POINT('',(-32.588656257341107,14.285718917846680,4.747268208405761));
#6840=DIRECTION('',(0.0,-1.0,0.0));
#6841=DIRECTION('',(-1.0,0.0,0.0));
#6842=AXIS2_PLACEMENT_3D('',#6839,#6840,#6841);
#6843=CIRCLE('',#6842,2.800000000000000);
#6844=CARTESIAN_POINT('',(-35.388656257341104,14.285718917846680,4.747268208405761));
#6845=CARTESIAN_POINT('',(-29.788656257344257,14.285718917846680,4.747272408405764));
#6846=TRIMMED_CURVE('',#6843,(PARAMETER_VALUE(0.0),#6844),(PARAMETER_VALUE(180.000085943669320),#6845),.T.,.PARAMETER.);
#6852=(BOUNDED_CURVE()CURVE()GEOMETRIC_REPRESENTATION_ITEM()REPRESENTATION_ITEM('')SURFACE_CURVE(#6846,(#6825),.CURVE_3D.));
#6853=COMPOSITE_CURVE_SEGMENT(.CONTINUOUS.,.T.,#6852);
#6854=CARTESIAN_POINT('',(-32.588656257341107,14.285718917846680,4.747268208405761));
#6855=DIRECTION('',(0.0,-1.0,0.0));
#6856=DIRECTION('',(-1.0,0.0,0.0));
#6857=AXIS2_PLACEMENT_3D('',#6854,#6855,#6856);
#6858=CIRCLE('',#6857,2.800000000000000);
#6859=CARTESIAN_POINT('',(-29.788656257341106,14.285718917846680,4.747268208405761));
#6860=CARTESIAN_POINT('',(-35.388656257341104,14.285718917846680,4.747268208405761));
#6861=TRIMMED_CURVE('',#6858,(PARAMETER_VALUE(180.0),#6859),(PARAMETER_VALUE(360.0),#6860),.T.,.PARAMETER.);
#6867=(BOUNDED_CURVE()CURVE()GEOMETRIC_REPRESENTATION_ITEM()REPRESENTATION_ITEM('')SURFACE_CURVE(#6861,(#6825),.CURVE_3D.));
#6868=COMPOSITE_CURVE_SEGMENT(.CONTINUOUS.,.T.,#6867);
#6869=CARTESIAN_POINT('',(-35.388656257341104,11.085718917846680,4.747268208405760));
#6870=DIRECTION('',(0.0,1.0,0.0));
#6871=VECTOR('',#6870,3.200000000000001);
#6872=LINE('',#6869,#6871);
#6873=CARTESIAN_POINT('',(-35.388656257341104,14.285718917846681,4.747268208405760));
#6874=TRIMMED_CURVE('',#6872,(PARAMETER_VALUE(0.0),#6869),(PARAMETER_VALUE(1.0),#6873),.T.,.PARAMETER.);
#6880=(BOUNDED_CURVE()CURVE()GEOMETRIC_REPRESENTATION_ITEM()REPRESENTATION_ITEM('')SURFACE_CURVE(#6874,(#6825),.CURVE_3D.));
#6881=COMPOSITE_CURVE_SEGMENT(.CONTINUOUS.,.F.,#6880);
#6882=CARTESIAN_POINT('',(-32.588656257341107,11.085718917846680,4.747268208405761));
#6883=DIRECTION('',(0.0,1.0,0.0));
#6884=DIRECTION('',(-1.0,0.0,0.0));
#6885=AXIS2_PLACEMENT_3D('',#6882,#6883,#6884);
#6886=CIRCLE('',#6885,2.800000000000000);
#6887=CARTESIAN_POINT('',(-35.388656257341104,11.085718917846680,4.747268208405761));
#6888=CARTESIAN_POINT('',(-29.788656257344257,11.085718917846680,4.747264008405760));
#6889=TRIMMED_CURVE('',#6886,(PARAMETER_VALUE(0.0),#6887),(PARAMETER_VALUE(180.000085943669290),#6888),.T.,.PARAMETER.);
#6895=(BOUNDED_CURVE()CURVE()GEOMETRIC_REPRESENTATION_ITEM()REPRESENTATION_ITEM('')SURFACE_CURVE(#6889,(#6825),.CURVE_3D.));
#6896=COMPOSITE_CURVE_SEGMENT(.CONTINUOUS.,.T.,#6895);
#6897=CARTESIAN_POINT('',(-32.588656257341107,11.085718917846680,4.747268208405761));
#6898=DIRECTION('',(0.0,1.0,0.0));
#6899=DIRECTION('',(-1.0,0.0,0.0));
#6900=AXIS2_PLACEMENT_3D('',#6897,#6898,#6899);
#6901=CIRCLE('',#6900,2.800000000000000);
#6902=CARTESIAN_POINT('',(-29.788656257341106,11.085718917846680,4.747268208405761));
#6903=CARTESIAN_POINT('',(-35.388656257341104,11.085718917846680,4.747268208405761));
#6904=TRIMMED_CURVE('',#6901,(PARAMETER_VALUE(180.0),#6902),(PARAMETER_VALUE(360.0),#6903),.T.,.PARAMETER.);
#6910=(BOUNDED_CURVE()CURVE()GEOMETRIC_REPRESENTATION_ITEM()REPRESENTATION_ITEM('')SURFACE_CURVE(#6904,(#6825),.CURVE_3D.));
#6911=COMPOSITE_CURVE_SEGMENT(.CONTINUOUS.,.T.,#6910);
#6912=OUTER_BOUNDARY_CURVE('',(#6838,#6853,#6868,#6881,#6896,#6911),.U.);
#6913=CURVE_BOUNDED_SURFACE('',#6825,(#6912),.F.);
#6914=STYLED_ITEM('',(#6915),#6913);
#6915=PRESENTATION_STYLE_ASSIGNMENT((#6916));
#6916=SURFACE_STYLE_USAGE(.POSITIVE.,#6917);
#6917=SURFACE_SIDE_STYLE('',(#6918));
#6918=SURFACE_STYLE_FILL_AREA(#6919);
#6919=FILL_AREA_STYLE('',(#6920));
#6920=FILL_AREA_STYLE_COLOUR('',#6921);
#6921=COLOUR_RGB('',0.0,0.0,1.0);
#6922=PRESENTATION_LAYER_ASSIGNMENT('7','',(#6913));
#6923=CARTESIAN_POINT('',(-32.588656257341107,9.785718907846682,4.747268208405761));
#6924=DIRECTION('',(0.0,1.0,0.0));
#6925=DIRECTION('',(1.0,0.0,0.0));
#6926=AXIS2_PLACEMENT_3D('',#6923,#6924,#6925);
#6927=CYLINDRICAL_SURFACE('',#6926,1.600000000000000);
#6928=CARTESIAN_POINT('',(-30.988656257341106,11.085718917846680,4.747268208405761));
#6929=DIRECTION('',(0.0,-1.0,0.0));
#6930=VECTOR('',#6929,1.299999999999999);
#6931=LINE('',#6928,#6930);
#6932=CARTESIAN_POINT('',(-30.988656257341106,9.785718917846682,4.747268208405761));
#6933=TRIMMED_CURVE('',#6931,(PARAMETER_VALUE(0.0),#6928),(PARAMETER_VALUE(1.0),#6932),.T.,.PARAMETER.);
#6939=(BOUNDED_CURVE()CURVE()GEOMETRIC_REPRESENTATION_ITEM()REPRESENTATION_ITEM('')SURFACE_CURVE(#6933,(#6927),.CURVE_3D.));
#6940=COMPOSITE_CURVE_SEGMENT(.CONTINUOUS.,.T.,#6939);
#6941=CARTESIAN_POINT('',(-32.588656257341107,9.785718917846683,4.747268208405761));
#6942=DIRECTION('',(0.0,1.0,0.0));
#6943=DIRECTION('',(1.0,0.0,0.0));
#6944=AXIS2_PLACEMENT_3D('',#6941,#6942,#6943);
#6945=CIRCLE('',#6944,1.600000000000000);
#6946=CARTESIAN_POINT('',(-30.988656257341106,9.785718917846683,4.747268208405761));
#6947=CARTESIAN_POINT('',(-34.188656257339304,9.785718917846683,4.747270608405759));
#6948=TRIMMED_CURVE('',#6945,(PARAMETER_VALUE(0.0),#6946),(PARAMETER_VALUE(180.000085943669210),#6947),.T.,.PARAMETER.);
#6954=(BOUNDED_CURVE()CURVE()GEOMETRIC_REPRESENTATION_ITEM()REPRESENTATION_ITEM('')SURFACE_CURVE(#6948,(#6927),.CURVE_3D.));
#6955=COMPOSITE_CURVE_SEGMENT(.CONTINUOUS.,.T.,#6954);
#6956=CARTESIAN_POINT('',(-32.588656257341107,9.785718917846683,4.747268208405761));
#6957=DIRECTION('',(0.0,1.0,0.0));
#6958=DIRECTION('',(1.0,0.0,0.0));
#6959=AXIS2_PLACEMENT_3D('',#6956,#6957,#6958);
#6960=CIRCLE('',#6959,1.600000000000000);
#6961=CARTESIAN_POINT('',(-34.188656257341108,9.785718917846683,4.747268208405761));
#6962=CARTESIAN_POINT('',(-30.988656257341106,9.785718917846683,4.747268208405761));
#6963=TRIMMED_CURVE('',#6960,(PARAMETER_VALUE(180.0),#6961),(PARAMETER_VALUE(360.0),#6962),.T.,.PARAMETER.);
#6969=(BOUNDED_CURVE()CURVE()GEOMETRIC_REPRESENTATION_ITEM()REPRESENTATION_ITEM('')SURFACE_CURVE(#6963,(#6927),.CURVE_3D.));
#6970=COMPOSITE_CURVE_SEGMENT(.CONTINUOUS.,.T.,#6969);
#6971=CARTESIAN_POINT('',(-30.988656257341106,11.085718917846680,4.747268208405761));
#6972=DIRECTION('',(0.0,-1.0,0.0));
#6973=VECTOR('',#6972,1.299999999999999);
#6974=LINE('',#6971,#6973);
#6975=CARTESIAN_POINT('',(-30.988656257341106,9.785718917846682,4.747268208405761));
#6976=TRIMMED_CURVE('',#6974,(PARAMETER_VALUE(0.0),#6971),(PARAMETER_VALUE(1.0),#6975),.T.,.PARAMETER.);
#6982=(BOUNDED_CURVE()CURVE()GEOMETRIC_REPRESENTATION_ITEM()REPRESENTATION_ITEM('')SURFACE_CURVE(#6976,(#6927),.CURVE_3D.));
#6983=COMPOSITE_CURVE_SEGMENT(.CONTINUOUS.,.F.,#6982);
#6984=CARTESIAN_POINT('',(-32.588656257341107,11.085718917846680,4.747268208405761));
#6985=DIRECTION('',(0.0,-1.0,0.0));
#6986=DIRECTION('',(1.0,0.0,0.0));
#6987=AXIS2_PLACEMENT_3D('',#6984,#6985,#6986);
#6988=CIRCLE('',#6987,1.600000000000000);
#6989=CARTESIAN_POINT('',(-30.988656257341106,11.085718917846680,4.747268208405761));
#6990=CARTESIAN_POINT('',(-34.188656257339304,11.085718917846680,4.747265808405760));
#6991=TRIMMED_CURVE('',#6988,(PARAMETER_VALUE(0.0),#6989),(PARAMETER_VALUE(180.000085943669320),#6990),.T.,.PARAMETER.);
#6997=(BOUNDED_CURVE()CURVE()GEOMETRIC_REPRESENTATION_ITEM()REPRESENTATION_ITEM('')SURFACE_CURVE(#6991,(#6927),.CURVE_3D.));
#6998=COMPOSITE_CURVE_SEGMENT(.CONTINUOUS.,.T.,#6997);
#6999=CARTESIAN_POINT('',(-32.588656257341107,11.085718917846680,4.747268208405761));
#7000=DIRECTION('',(0.0,-1.0,0.0));
#7001=DIRECTION('',(1.0,0.0,0.0));
#7002=AXIS2_PLACEMENT_3D('',#6999,#7000,#7001);
#7003=CIRCLE('',#7002,1.600000000000000);
#7004=CARTESIAN_POINT('',(-34.188656257341108,11.085718917846680,4.747268208405761));
#7005=CARTESIAN_POINT('',(-30.988656257341106,11.085718917846680,4.747268208405761));
#7006=TRIMMED_CURVE('',#7003,(PARAMETER_VALUE(180.0),#7004),(PARAMETER_VALUE(360.0),#7005),.T.,.PARAMETER.);
#7012=(BOUNDED_CURVE()CURVE()GEOMETRIC_REPRESENTATION_ITEM()REPRESENTATION_ITEM('')SURFACE_CURVE(#7006,(#6927),.CURVE_3D.));
#7013=COMPOSITE_CURVE_SEGMENT(.CONTINUOUS.,.T.,#7012);
#7014=OUTER_BOUNDARY_CURVE('',(#6940,#6955,#6970,#6983,#6998,#7013),.U.);
#7015=CURVE_BOUNDED_SURFACE('',#6927,(#7014),.F.);
#7016=STYLED_ITEM('',(#7017),#7015);
#7017=PRESENTATION_STYLE_ASSIGNMENT((#7018));
#7018=SURFACE_STYLE_USAGE(.POSITIVE.,#7019);
#7019=SURFACE_SIDE_STYLE('',(#7020));
#7020=SURFACE_STYLE_FILL_AREA(#7021);
#7021=FILL_AREA_STYLE('',(#7022));
#7022=FILL_AREA_STYLE_COLOUR('',#7023);
#7023=COLOUR_RGB('',0.0,0.0,1.0);
#7024=PRESENTATION_LAYER_ASSIGNMENT('7','',(#7015));
#7025=CARTESIAN_POINT('',(-24.953656257341109,1.049505714411081,8.634768208405763));
#7026=DIRECTION('',(0.923879532511287,-0.382683432365090,0.0));
#7027=DIRECTION('',(0.0,0.0,-1.0));
#7028=AXIS2_PLACEMENT_3D('',#7025,#7026,#7027);
#7029=PLANE('',#7028);
#7030=CARTESIAN_POINT('',(-24.938656257341108,1.085718917846679,8.372268208405764));
#7031=DIRECTION('',(0.382683432365089,0.923879532511287,0.0));
#7032=VECTOR('',#7031,0.783937778925821);
#7033=LINE('',#7030,#7032);
#7034=CARTESIAN_POINT('',(-24.638656257341111,1.809982986558604,8.372268208405764));
#7035=TRIMMED_CURVE('',#7033,(PARAMETER_VALUE(0.0),#7030),(PARAMETER_VALUE(1.0),#7034),.T.,.PARAMETER.);
#7041=(BOUNDED_CURVE()CURVE()GEOMETRIC_REPRESENTATION_ITEM()REPRESENTATION_ITEM('')SURFACE_CURVE(#7035,(#7029),.CURVE_3D.));
#7042=COMPOSITE_CURVE_SEGMENT(.CONTINUOUS.,.T.,#7041);
#7043=CARTESIAN_POINT('',(-24.638656257341111,1.809982986558601,8.372268208405764));
#7044=DIRECTION('',(0.0,0.0,1.0));
#7045=VECTOR('',#7044,0.250000000000000);
#7046=LINE('',#7043,#7045);
#7047=CARTESIAN_POINT('',(-24.638656257341111,1.809982986558601,8.622268208405764));
#7048=TRIMMED_CURVE('',#7046,(PARAMETER_VALUE(0.0),#7043),(PARAMETER_VALUE(1.0),#7047),.T.,.PARAMETER.);
#7054=(BOUNDED_CURVE()CURVE()GEOMETRIC_REPRESENTATION_ITEM()REPRESENTATION_ITEM('')SURFACE_CURVE(#7048,(#7029),.CURVE_3D.));
#7055=COMPOSITE_CURVE_SEGMENT(.CONTINUOUS.,.T.,#7054);
#7056=CARTESIAN_POINT('',(-24.638656257341111,1.809982986558601,8.622268208405764));
#7057=DIRECTION('',(-0.382683432365089,-0.923879532511287,0.0));
#7058=VECTOR('',#7057,0.783937778925821);
#7059=LINE('',#7056,#7058);
#7060=CARTESIAN_POINT('',(-24.938656257341108,1.085718917846677,8.622268208405764));
#7061=TRIMMED_CURVE('',#7059,(PARAMETER_VALUE(0.0),#7056),(PARAMETER_VALUE(1.0),#7060),.T.,.PARAMETER.);
#7067=(BOUNDED_CURVE()CURVE()GEOMETRIC_REPRESENTATION_ITEM()REPRESENTATION_ITEM('')SURFACE_CURVE(#7061,(#7029),.CURVE_3D.));
#7068=COMPOSITE_CURVE_SEGMENT(.CONTINUOUS.,.T.,#7067);
#7069=CARTESIAN_POINT('',(-24.938656257341108,1.085718917846679,8.622268208405764));
#7070=DIRECTION('',(0.0,0.0,-1.0));
#7071=VECTOR('',#7070,0.250000000000000);
#7072=LINE('',#7069,#7071);
#7073=CARTESIAN_POINT('',(-24.938656257341108,1.085718917846679,8.372268208405764));
#7074=TRIMMED_CURVE('',#7072,(PARAMETER_VALUE(0.0),#7069),(PARAMETER_VALUE(1.0),#7073),.T.,.PARAMETER.);
#7080=(BOUNDED_CURVE()CURVE()GEOMETRIC_REPRESENTATION_ITEM()REPRESENTATION_ITEM('')SURFACE_CURVE(#7074,(#7029),.CURVE_3D.));
#7081=COMPOSITE_CURVE_SEGMENT(.CONTINUOUS.,.T.,#7080);
#7082=OUTER_BOUNDARY_CURVE('',(#7042,#7055,#7068,#7081),.U.);
#7083=CURVE_BOUNDED_SURFACE('',#7029,(#7082),.F.);
#7084=STYLED_ITEM('',(#7085),#7083);
#7085=PRESENTATION_STYLE_ASSIGNMENT((#7086));
#7086=SURFACE_STYLE_USAGE(.POSITIVE.,#7087);
#7087=SURFACE_SIDE_STYLE('',(#7088));
#7088=SURFACE_STYLE_FILL_AREA(#7089);
#7089=FILL_AREA_STYLE('',(#7090));
#7090=FILL_AREA_STYLE_COLOUR('',#7091);
#7091=COLOUR_RGB('',0.705882352941176,0.470588235294118,0.470588235294118);
#7092=PRESENTATION_LAYER_ASSIGNMENT('7','',(#7083));
#7093=CARTESIAN_POINT('',(-25.358656257341117,1.085718917846680,8.359768208405765));
#7094=DIRECTION('',(0.0,1.0,0.0));
#7095=DIRECTION('',(0.0,0.0,1.0));
#7096=AXIS2_PLACEMENT_3D('',#7093,#7094,#7095);
#7097=PLANE('',#7096);
#7098=CARTESIAN_POINT('',(-24.938656257341115,1.085718917846680,8.372268208405764));
#7099=DIRECTION('',(-1.0,0.0,0.0));
#7100=VECTOR('',#7099,0.399999999999999);
#7101=LINE('',#7098,#7100);
#7102=CARTESIAN_POINT('',(-25.338656257341114,1.085718917846680,8.372268208405764));
#7103=TRIMMED_CURVE('',#7101,(PARAMETER_VALUE(0.0),#7098),(PARAMETER_VALUE(1.0),#7102),.T.,.PARAMETER.);
#7109=(BOUNDED_CURVE()CURVE()GEOMETRIC_REPRESENTATION_ITEM()REPRESENTATION_ITEM('')SURFACE_CURVE(#7103,(#7097),.CURVE_3D.));
#7110=COMPOSITE_CURVE_SEGMENT(.CONTINUOUS.,.T.,#7109);
#7111=CARTESIAN_POINT('',(-25.338656257341118,1.085718917846680,8.372268208405764));
#7112=DIRECTION('',(0.0,0.0,1.0));
#7113=VECTOR('',#7112,0.250000000000000);
#7114=LINE('',#7111,#7113);
#7115=CARTESIAN_POINT('',(-25.338656257341118,1.085718917846680,8.622268208405764));
#7116=TRIMMED_CURVE('',#7114,(PARAMETER_VALUE(0.0),#7111),(PARAMETER_VALUE(1.0),#7115),.T.,.PARAMETER.);
#7122=(BOUNDED_CURVE()CURVE()GEOMETRIC_REPRESENTATION_ITEM()REPRESENTATION_ITEM('')SURFACE_CURVE(#7116,(#7097),.CURVE_3D.));
#7123=COMPOSITE_CURVE_SEGMENT(.CONTINUOUS.,.T.,#7122);
#7124=CARTESIAN_POINT('',(-25.338656257341118,1.085718917846680,8.622268208405764));
#7125=DIRECTION('',(1.0,0.0,0.0));
#7126=VECTOR('',#7125,0.399999999999999);
#7127=LINE('',#7124,#7126);
#7128=CARTESIAN_POINT('',(-24.938656257341119,1.085718917846680,8.622268208405764));
#7129=TRIMMED_CURVE('',#7127,(PARAMETER_VALUE(0.0),#7124),(PARAMETER_VALUE(1.0),#7128),.T.,.PARAMETER.);
#7135=(BOUNDED_CURVE()CURVE()GEOMETRIC_REPRESENTATION_ITEM()REPRESENTATION_ITEM('')SURFACE_CURVE(#7129,(#7097),.CURVE_3D.));
#7136=COMPOSITE_CURVE_SEGMENT(.CONTINUOUS.,.T.,#7135);
#7137=CARTESIAN_POINT('',(-24.938656257341115,1.085718917846680,8.622268208405764));
#7138=DIRECTION('',(0.0,0.0,-1.0));
#7139=VECTOR('',#7138,0.250000000000000);
#7140=LINE('',#7137,#7139);
#7141=CARTESIAN_POINT('',(-24.938656257341115,1.085718917846680,8.372268208405764));
#7142=TRIMMED_CURVE('',#7140,(PARAMETER_VALUE(0.0),#7137),(PARAMETER_VALUE(1.0),#7141),.T.,.PARAMETER.);
#7148=(BOUNDED_CURVE()CURVE()GEOMETRIC_REPRESENTATION_ITEM()REPRESENTATION_ITEM('')SURFACE_CURVE(#7142,(#7097),.CURVE_3D.));
#7149=COMPOSITE_CURVE_SEGMENT(.CONTINUOUS.,.T.,#7148);
#7150=OUTER_BOUNDARY_CURVE('',(#7110,#7123,#7136,#7149),.U.);
#7151=CURVE_BOUNDED_SURFACE('',#7097,(#7150),.F.);
#7152=STYLED_ITEM('',(#7153),#7151);
#7153=PRESENTATION_STYLE_ASSIGNMENT((#7154));
#7154=SURFACE_STYLE_USAGE(.POSITIVE.,#7155);
#7155=SURFACE_SIDE_STYLE('',(#7156));
#7156=SURFACE_STYLE_FILL_AREA(#7157);
#7157=FILL_AREA_STYLE('',(#7158));
#7158=FILL_AREA_STYLE_COLOUR('',#7159);
#7159=COLOUR_RGB('',0.705882352941176,0.470588235294118,0.470588235294118);
#7160=PRESENTATION_LAYER_ASSIGNMENT('7','',(#7151));
#7161=CARTESIAN_POINT('',(-25.688656257341119,0.885718917846678,8.622268208405764));
#7162=DIRECTION('',(0.0,0.0,1.0));
#7163=DIRECTION('',(1.0,0.0,0.0));
#7164=AXIS2_PLACEMENT_3D('',#7161,#7162,#7163);
#7165=PLANE('',#7164);
#7166=CARTESIAN_POINT('',(-24.938656257341123,1.085718917846684,8.622268208405764));
#7167=DIRECTION('',(0.382683432365088,0.923879532511287,0.0));
#7168=VECTOR('',#7167,0.783937778925821);
#7169=LINE('',#7166,#7168);
#7170=CARTESIAN_POINT('',(-24.638656257341125,1.809982986558609,8.622268208405764));
#7171=TRIMMED_CURVE('',#7169,(PARAMETER_VALUE(0.0),#7166),(PARAMETER_VALUE(1.0),#7170),.T.,.PARAMETER.);
#7177=(BOUNDED_CURVE()CURVE()GEOMETRIC_REPRESENTATION_ITEM()REPRESENTATION_ITEM('')SURFACE_CURVE(#7171,(#7165),.CURVE_3D.));
#7178=COMPOSITE_CURVE_SEGMENT(.CONTINUOUS.,.T.,#7177);
#7179=CARTESIAN_POINT('',(-24.638656257341118,1.809982986558605,8.622268208405764));
#7180=DIRECTION('',(0.0,1.0,0.0));
#7181=VECTOR('',#7180,3.275735931288076);
#7182=LINE('',#7179,#7181);
#7183=CARTESIAN_POINT('',(-24.638656257341118,5.085718917846680,8.622268208405764));
#7184=TRIMMED_CURVE('',#7182,(PARAMETER_VALUE(0.0),#7179),(PARAMETER_VALUE(1.0),#7183),.T.,.PARAMETER.);
#7190=(BOUNDED_CURVE()CURVE()GEOMETRIC_REPRESENTATION_ITEM()REPRESENTATION_ITEM('')SURFACE_CURVE(#7184,(#7165),.CURVE_3D.));
#7191=COMPOSITE_CURVE_SEGMENT(.CONTINUOUS.,.T.,#7190);
#7192=CARTESIAN_POINT('',(-24.638656257341118,5.085718917846677,8.622268208405764));
#7193=DIRECTION('',(-1.0,0.0,0.0));
#7194=VECTOR('',#7193,1.0);
#7195=LINE('',#7192,#7194);
#7196=CARTESIAN_POINT('',(-25.638656257341118,5.085718917846677,8.622268208405764));
#7197=TRIMMED_CURVE('',#7195,(PARAMETER_VALUE(0.0),#7192),(PARAMETER_VALUE(1.0),#7196),.T.,.PARAMETER.);
#7203=(BOUNDED_CURVE()CURVE()GEOMETRIC_REPRESENTATION_ITEM()REPRESENTATION_ITEM('')SURFACE_CURVE(#7197,(#7165),.CURVE_3D.));
#7204=COMPOSITE_CURVE_SEGMENT(.CONTINUOUS.,.T.,#7203);
#7205=CARTESIAN_POINT('',(-25.638656257341118,5.085718917846681,8.622268208405764));
#7206=DIRECTION('',(0.0,-1.0,0.0));
#7207=VECTOR('',#7206,3.275735931288075);
#7208=LINE('',#7205,#7207);
#7209=CARTESIAN_POINT('',(-25.638656257341118,1.809982986558606,8.622268208405764));
#7210=TRIMMED_CURVE('',#7208,(PARAMETER_VALUE(0.0),#7205),(PARAMETER_VALUE(1.0),#7209),.T.,.PARAMETER.);
#7216=(BOUNDED_CURVE()CURVE()GEOMETRIC_REPRESENTATION_ITEM()REPRESENTATION_ITEM('')SURFACE_CURVE(#7210,(#7165),.CURVE_3D.));
#7217=COMPOSITE_CURVE_SEGMENT(.CONTINUOUS.,.T.,#7216);
#7218=CARTESIAN_POINT('',(-25.638656257341118,1.809982986558602,8.622268208405764));
#7219=DIRECTION('',(0.382683432365088,-0.923879532511287,0.0));
#7220=VECTOR('',#7219,0.783937778925821);
#7221=LINE('',#7218,#7220);
#7222=CARTESIAN_POINT('',(-25.338656257341121,1.085718917846678,8.622268208405764));
#7223=TRIMMED_CURVE('',#7221,(PARAMETER_VALUE(0.0),#7218),(PARAMETER_VALUE(1.0),#7222),.T.,.PARAMETER.);
#7229=(BOUNDED_CURVE()CURVE()GEOMETRIC_REPRESENTATION_ITEM()REPRESENTATION_ITEM('')SURFACE_CURVE(#7223,(#7165),.CURVE_3D.));
#7230=COMPOSITE_CURVE_SEGMENT(.CONTINUOUS.,.T.,#7229);
#7231=CARTESIAN_POINT('',(-25.338656257341118,1.085718917846680,8.622268208405764));
#7232=DIRECTION('',(1.0,0.0,0.0));
#7233=VECTOR('',#7232,0.399999999999999);
#7234=LINE('',#7231,#7233);
#7235=CARTESIAN_POINT('',(-24.938656257341119,1.085718917846680,8.622268208405764));
#7236=TRIMMED_CURVE('',#7234,(PARAMETER_VALUE(0.0),#7231),(PARAMETER_VALUE(1.0),#7235),.T.,.PARAMETER.);
#7242=(BOUNDED_CURVE()CURVE()GEOMETRIC_REPRESENTATION_ITEM()REPRESENTATION_ITEM('')SURFACE_CURVE(#7236,(#7165),.CURVE_3D.));
#7243=COMPOSITE_CURVE_SEGMENT(.CONTINUOUS.,.T.,#7242);
#7244=OUTER_BOUNDARY_CURVE('',(#7178,#7191,#7204,#7217,#7230,#7243),.U.);
#7245=CURVE_BOUNDED_SURFACE('',#7165,(#7244),.F.);
#7246=STYLED_ITEM('',(#7247),#7245);
#7247=PRESENTATION_STYLE_ASSIGNMENT((#7248));
#7248=SURFACE_STYLE_USAGE(.POSITIVE.,#7249);
#7249=SURFACE_SIDE_STYLE('',(#7250));
#7250=SURFACE_STYLE_FILL_AREA(#7251);
#7251=FILL_AREA_STYLE('',(#7252));
#7252=FILL_AREA_STYLE_COLOUR('',#7253);
#7253=COLOUR_RGB('',0.705882352941176,0.470588235294118,0.470588235294118);
#7254=PRESENTATION_LAYER_ASSIGNMENT('7','',(#7245));
#7255=CARTESIAN_POINT('',(-25.323656257341121,1.049505714411083,8.359768208405765));
#7256=DIRECTION('',(-0.923879532511287,-0.382683432365090,0.0));
#7257=DIRECTION('',(0.0,0.0,1.0));
#7258=AXIS2_PLACEMENT_3D('',#7255,#7256,#7257);
#7259=PLANE('',#7258);
#7260=CARTESIAN_POINT('',(-25.338656257341121,1.085718917846680,8.622268208405764));
#7261=DIRECTION('',(-0.382683432365089,0.923879532511287,0.0));
#7262=VECTOR('',#7261,0.783937778925821);
#7263=LINE('',#7260,#7262);
#7264=CARTESIAN_POINT('',(-25.638656257341118,1.809982986558604,8.622268208405764));
#7265=TRIMMED_CURVE('',#7263,(PARAMETER_VALUE(0.0),#7260),(PARAMETER_VALUE(1.0),#7264),.T.,.PARAMETER.);
#7271=(BOUNDED_CURVE()CURVE()GEOMETRIC_REPRESENTATION_ITEM()REPRESENTATION_ITEM('')SURFACE_CURVE(#7265,(#7259),.CURVE_3D.));
#7272=COMPOSITE_CURVE_SEGMENT(.CONTINUOUS.,.T.,#7271);
#7273=CARTESIAN_POINT('',(-25.638656257341118,1.809982986558604,8.622268208405764));
#7274=DIRECTION('',(0.0,0.0,-1.0));
#7275=VECTOR('',#7274,0.250000000000000);
#7276=LINE('',#7273,#7275);
#7277=CARTESIAN_POINT('',(-25.638656257341118,1.809982986558604,8.372268208405764));
#7278=TRIMMED_CURVE('',#7276,(PARAMETER_VALUE(0.0),#7273),(PARAMETER_VALUE(1.0),#7277),.T.,.PARAMETER.);
#7284=(BOUNDED_CURVE()CURVE()GEOMETRIC_REPRESENTATION_ITEM()REPRESENTATION_ITEM('')SURFACE_CURVE(#7278,(#7259),.CURVE_3D.));
#7285=COMPOSITE_CURVE_SEGMENT(.CONTINUOUS.,.T.,#7284);
#7286=CARTESIAN_POINT('',(-25.638656257341118,1.809982986558604,8.372268208405764));
#7287=DIRECTION('',(0.382683432365089,-0.923879532511287,0.0));
#7288=VECTOR('',#7287,0.783937778925821);
#7289=LINE('',#7286,#7288);
#7290=CARTESIAN_POINT('',(-25.338656257341121,1.085718917846680,8.372268208405764));
#7291=TRIMMED_CURVE('',#7289,(PARAMETER_VALUE(0.0),#7286),(PARAMETER_VALUE(1.0),#7290),.T.,.PARAMETER.);
#7297=(BOUNDED_CURVE()CURVE()GEOMETRIC_REPRESENTATION_ITEM()REPRESENTATION_ITEM('')SURFACE_CURVE(#7291,(#7259),.CURVE_3D.));
#7298=COMPOSITE_CURVE_SEGMENT(.CONTINUOUS.,.T.,#7297);
#7299=CARTESIAN_POINT('',(-25.338656257341121,1.085718917846679,8.372268208405764));
#7300=DIRECTION('',(0.0,0.0,1.0));
#7301=VECTOR('',#7300,0.250000000000000);
#7302=LINE('',#7299,#7301);
#7303=CARTESIAN_POINT('',(-25.338656257341121,1.085718917846679,8.622268208405764));
#7304=TRIMMED_CURVE('',#7302,(PARAMETER_VALUE(0.0),#7299),(PARAMETER_VALUE(1.0),#7303),.T.,.PARAMETER.);
#7310=(BOUNDED_CURVE()CURVE()GEOMETRIC_REPRESENTATION_ITEM()REPRESENTATION_ITEM('')SURFACE_CURVE(#7304,(#7259),.CURVE_3D.));
#7311=COMPOSITE_CURVE_SEGMENT(.CONTINUOUS.,.T.,#7310);
#7312=OUTER_BOUNDARY_CURVE('',(#7272,#7285,#7298,#7311),.U.);
#7313=CURVE_BOUNDED_SURFACE('',#7259,(#7312),.F.);
#7314=STYLED_ITEM('',(#7315),#7313);
#7315=PRESENTATION_STYLE_ASSIGNMENT((#7316));
#7316=SURFACE_STYLE_USAGE(.POSITIVE.,#7317);
#7317=SURFACE_SIDE_STYLE('',(#7318));
#7318=SURFACE_STYLE_FILL_AREA(#7319);
#7319=FILL_AREA_STYLE('',(#7320));
#7320=FILL_AREA_STYLE_COLOUR('',#7321);
#7321=COLOUR_RGB('',0.705882352941176,0.470588235294118,0.470588235294118);
#7322=PRESENTATION_LAYER_ASSIGNMENT('7','',(#7313));
#7323=CARTESIAN_POINT('',(-24.588656257341118,0.885718917846678,8.372268208405764));
#7324=DIRECTION('',(0.0,0.0,-1.0));
#7325=DIRECTION('',(-1.0,0.0,0.0));
#7326=AXIS2_PLACEMENT_3D('',#7323,#7324,#7325);
#7327=PLANE('',#7326);
#7328=CARTESIAN_POINT('',(-24.638656257341122,1.809982986558607,8.372268208405764));
#7329=DIRECTION('',(-0.382683432365087,-0.923879532511288,0.0));
#7330=VECTOR('',#7329,0.783937778925823);
#7331=LINE('',#7328,#7330);
#7332=CARTESIAN_POINT('',(-24.938656257341119,1.085718917846680,8.372268208405764));
#7333=TRIMMED_CURVE('',#7331,(PARAMETER_VALUE(0.0),#7328),(PARAMETER_VALUE(1.0),#7332),.T.,.PARAMETER.);
#7339=(BOUNDED_CURVE()CURVE()GEOMETRIC_REPRESENTATION_ITEM()REPRESENTATION_ITEM('')SURFACE_CURVE(#7333,(#7327),.CURVE_3D.));
#7340=COMPOSITE_CURVE_SEGMENT(.CONTINUOUS.,.T.,#7339);
#7341=CARTESIAN_POINT('',(-24.938656257341115,1.085718917846680,8.372268208405764));
#7342=DIRECTION('',(-1.0,0.0,0.0));
#7343=VECTOR('',#7342,0.399999999999999);
#7344=LINE('',#7341,#7343);
#7345=CARTESIAN_POINT('',(-25.338656257341114,1.085718917846680,8.372268208405764));
#7346=TRIMMED_CURVE('',#7344,(PARAMETER_VALUE(0.0),#7341),(PARAMETER_VALUE(1.0),#7345),.T.,.PARAMETER.);
#7352=(BOUNDED_CURVE()CURVE()GEOMETRIC_REPRESENTATION_ITEM()REPRESENTATION_ITEM('')SURFACE_CURVE(#7346,(#7327),.CURVE_3D.));
#7353=COMPOSITE_CURVE_SEGMENT(.CONTINUOUS.,.T.,#7352);
#7354=CARTESIAN_POINT('',(-25.338656257341121,1.085718917846679,8.372268208405764));
#7355=DIRECTION('',(-0.382683432365088,0.923879532511288,0.0));
#7356=VECTOR('',#7355,0.783937778925823);
#7357=LINE('',#7354,#7356);
#7358=CARTESIAN_POINT('',(-25.638656257341118,1.809982986558606,8.372268208405764));
#7359=TRIMMED_CURVE('',#7357,(PARAMETER_VALUE(0.0),#7354),(PARAMETER_VALUE(1.0),#7358),.T.,.PARAMETER.);
#7365=(BOUNDED_CURVE()CURVE()GEOMETRIC_REPRESENTATION_ITEM()REPRESENTATION_ITEM('')SURFACE_CURVE(#7359,(#7327),.CURVE_3D.));
#7366=COMPOSITE_CURVE_SEGMENT(.CONTINUOUS.,.T.,#7365);
#7367=CARTESIAN_POINT('',(-25.638656257341118,1.809982986558605,8.372268208405764));
#7368=DIRECTION('',(0.0,1.0,0.0));
#7369=VECTOR('',#7368,3.275735931288076);
#7370=LINE('',#7367,#7369);
#7371=CARTESIAN_POINT('',(-25.638656257341118,5.085718917846680,8.372268208405764));
#7372=TRIMMED_CURVE('',#7370,(PARAMETER_VALUE(0.0),#7367),(PARAMETER_VALUE(1.0),#7371),.T.,.PARAMETER.);
#7378=(BOUNDED_CURVE()CURVE()GEOMETRIC_REPRESENTATION_ITEM()REPRESENTATION_ITEM('')SURFACE_CURVE(#7372,(#7327),.CURVE_3D.));
#7379=COMPOSITE_CURVE_SEGMENT(.CONTINUOUS.,.T.,#7378);
#7380=CARTESIAN_POINT('',(-25.638656257341118,5.085718917846681,8.372268208405764));
#7381=DIRECTION('',(1.0,0.0,0.0));
#7382=VECTOR('',#7381,1.0);
#7383=LINE('',#7380,#7382);
#7384=CARTESIAN_POINT('',(-24.638656257341118,5.085718917846681,8.372268208405764));
#7385=TRIMMED_CURVE('',#7383,(PARAMETER_VALUE(0.0),#7380),(PARAMETER_VALUE(1.0),#7384),.T.,.PARAMETER.);
#7391=(BOUNDED_CURVE()CURVE()GEOMETRIC_REPRESENTATION_ITEM()REPRESENTATION_ITEM('')SURFACE_CURVE(#7385,(#7327),.CURVE_3D.));
#7392=COMPOSITE_CURVE_SEGMENT(.CONTINUOUS.,.T.,#7391);
#7393=CARTESIAN_POINT('',(-24.638656257341118,5.085718917846681,8.372268208405764));
#7394=DIRECTION('',(0.0,-1.0,0.0));
#7395=VECTOR('',#7394,3.275735931288075);
#7396=LINE('',#7393,#7395);
#7397=CARTESIAN_POINT('',(-24.638656257341118,1.809982986558606,8.372268208405764));
#7398=TRIMMED_CURVE('',#7396,(PARAMETER_VALUE(0.0),#7393),(PARAMETER_VALUE(1.0),#7397),.T.,.PARAMETER.);
#7404=(BOUNDED_CURVE()CURVE()GEOMETRIC_REPRESENTATION_ITEM()REPRESENTATION_ITEM('')SURFACE_CURVE(#7398,(#7327),.CURVE_3D.));
#7405=COMPOSITE_CURVE_SEGMENT(.CONTINUOUS.,.T.,#7404);
#7406=OUTER_BOUNDARY_CURVE('',(#7340,#7353,#7366,#7379,#7392,#7405),.U.);
#7407=CURVE_BOUNDED_SURFACE('',#7327,(#7406),.F.);
#7408=STYLED_ITEM('',(#7409),#7407);
#7409=PRESENTATION_STYLE_ASSIGNMENT((#7410));
#7410=SURFACE_STYLE_USAGE(.POSITIVE.,#7411);
#7411=SURFACE_SIDE_STYLE('',(#7412));
#7412=SURFACE_STYLE_FILL_AREA(#7413);
#7413=FILL_AREA_STYLE('',(#7414));
#7414=FILL_AREA_STYLE_COLOUR('',#7415);
#7415=COLOUR_RGB('',0.705882352941176,0.470588235294118,0.470588235294118);
#7416=PRESENTATION_LAYER_ASSIGNMENT('7','',(#7407));
#7417=CARTESIAN_POINT('',(-25.638656257341118,1.646196189994202,8.359768208405765));
#7418=DIRECTION('',(-1.0,0.0,0.0));
#7419=DIRECTION('',(0.0,0.0,1.0));
#7420=AXIS2_PLACEMENT_3D('',#7417,#7418,#7419);
#7421=PLANE('',#7420);
#7422=CARTESIAN_POINT('',(-25.638656257341118,1.809982986558605,8.372268208405764));
#7423=DIRECTION('',(0.0,0.0,1.0));
#7424=VECTOR('',#7423,0.250000000000000);
#7425=LINE('',#7422,#7424);
#7426=CARTESIAN_POINT('',(-25.638656257341118,1.809982986558605,8.622268208405764));
#7427=TRIMMED_CURVE('',#7425,(PARAMETER_VALUE(0.0),#7422),(PARAMETER_VALUE(1.0),#7426),.T.,.PARAMETER.);
#7433=(BOUNDED_CURVE()CURVE()GEOMETRIC_REPRESENTATION_ITEM()REPRESENTATION_ITEM('')SURFACE_CURVE(#7427,(#7421),.CURVE_3D.));
#7434=COMPOSITE_CURVE_SEGMENT(.CONTINUOUS.,.T.,#7433);
#7435=CARTESIAN_POINT('',(-25.638656257341118,1.809982986558605,8.622268208405764));
#7436=DIRECTION('',(0.0,1.0,0.0));
#7437=VECTOR('',#7436,3.275735931288076);
#7438=LINE('',#7435,#7437);
#7439=CARTESIAN_POINT('',(-25.638656257341118,5.085718917846680,8.622268208405764));
#7440=TRIMMED_CURVE('',#7438,(PARAMETER_VALUE(0.0),#7435),(PARAMETER_VALUE(1.0),#7439),.T.,.PARAMETER.);
#7446=(BOUNDED_CURVE()CURVE()GEOMETRIC_REPRESENTATION_ITEM()REPRESENTATION_ITEM('')SURFACE_CURVE(#7440,(#7421),.CURVE_3D.));
#7447=COMPOSITE_CURVE_SEGMENT(.CONTINUOUS.,.T.,#7446);
#7448=CARTESIAN_POINT('',(-25.638656257341118,5.085718917846681,8.622268208405764));
#7449=DIRECTION('',(0.0,0.0,-1.0));
#7450=VECTOR('',#7449,0.250000000000000);
#7451=LINE('',#7448,#7450);
#7452=CARTESIAN_POINT('',(-25.638656257341118,5.085718917846681,8.372268208405764));
#7453=TRIMMED_CURVE('',#7451,(PARAMETER_VALUE(0.0),#7448),(PARAMETER_VALUE(1.0),#7452),.T.,.PARAMETER.);
#7459=(BOUNDED_CURVE()CURVE()GEOMETRIC_REPRESENTATION_ITEM()REPRESENTATION_ITEM('')SURFACE_CURVE(#7453,(#7421),.CURVE_3D.));
#7460=COMPOSITE_CURVE_SEGMENT(.CONTINUOUS.,.T.,#7459);
#7461=CARTESIAN_POINT('',(-25.638656257341118,5.085718917846681,8.372268208405764));
#7462=DIRECTION('',(0.0,-1.0,0.0));
#7463=VECTOR('',#7462,3.275735931288075);
#7464=LINE('',#7461,#7463);
#7465=CARTESIAN_POINT('',(-25.638656257341118,1.809982986558606,8.372268208405764));
#7466=TRIMMED_CURVE('',#7464,(PARAMETER_VALUE(0.0),#7461),(PARAMETER_VALUE(1.0),#7465),.T.,.PARAMETER.);
#7472=(BOUNDED_CURVE()CURVE()GEOMETRIC_REPRESENTATION_ITEM()REPRESENTATION_ITEM('')SURFACE_CURVE(#7466,(#7421),.CURVE_3D.));
#7473=COMPOSITE_CURVE_SEGMENT(.CONTINUOUS.,.T.,#7472);
#7474=OUTER_BOUNDARY_CURVE('',(#7434,#7447,#7460,#7473),.U.);
#7475=CURVE_BOUNDED_SURFACE('',#7421,(#7474),.F.);
#7476=STYLED_ITEM('',(#7477),#7475);
#7477=PRESENTATION_STYLE_ASSIGNMENT((#7478));
#7478=SURFACE_STYLE_USAGE(.POSITIVE.,#7479);
#7479=SURFACE_SIDE_STYLE('',(#7480));
#7480=SURFACE_STYLE_FILL_AREA(#7481);
#7481=FILL_AREA_STYLE('',(#7482));
#7482=FILL_AREA_STYLE_COLOUR('',#7483);
#7483=COLOUR_RGB('',0.705882352941176,0.470588235294118,0.470588235294118);
#7484=PRESENTATION_LAYER_ASSIGNMENT('7','',(#7475));
#7485=CARTESIAN_POINT('',(-40.323656257341113,1.049505714411085,8.359768208405765));
#7486=DIRECTION('',(-0.923879532511287,-0.382683432365090,0.0));
#7487=DIRECTION('',(0.0,0.0,1.0));
#7488=AXIS2_PLACEMENT_3D('',#7485,#7486,#7487);
#7489=PLANE('',#7488);
#7490=CARTESIAN_POINT('',(-40.338656257341114,1.085718917846686,8.622268208405760));
#7491=DIRECTION('',(-0.382683432365088,0.923879532511288,0.0));
#7492=VECTOR('',#7491,0.783937778925823);
#7493=LINE('',#7490,#7492);
#7494=CARTESIAN_POINT('',(-40.638656257341111,1.809982986558613,8.622268208405760));
#7495=TRIMMED_CURVE('',#7493,(PARAMETER_VALUE(0.0),#7490),(PARAMETER_VALUE(1.0),#7494),.T.,.PARAMETER.);
#7501=(BOUNDED_CURVE()CURVE()GEOMETRIC_REPRESENTATION_ITEM()REPRESENTATION_ITEM('')SURFACE_CURVE(#7495,(#7489),.CURVE_3D.));
#7502=COMPOSITE_CURVE_SEGMENT(.CONTINUOUS.,.T.,#7501);
#7503=CARTESIAN_POINT('',(-40.638656257341111,1.809982986558609,8.622268208405760));
#7504=DIRECTION('',(0.0,0.0,-1.0));
#7505=VECTOR('',#7504,0.249999999999996);
#7506=LINE('',#7503,#7505);
#7507=CARTESIAN_POINT('',(-40.638656257341111,1.809982986558609,8.372268208405764));
#7508=TRIMMED_CURVE('',#7506,(PARAMETER_VALUE(0.0),#7503),(PARAMETER_VALUE(1.0),#7507),.T.,.PARAMETER.);
#7514=(BOUNDED_CURVE()CURVE()GEOMETRIC_REPRESENTATION_ITEM()REPRESENTATION_ITEM('')SURFACE_CURVE(#7508,(#7489),.CURVE_3D.));
#7515=COMPOSITE_CURVE_SEGMENT(.CONTINUOUS.,.T.,#7514);
#7516=CARTESIAN_POINT('',(-40.638656257341111,1.809982986558609,8.372268208405764));
#7517=DIRECTION('',(0.382683432365087,-0.923879532511288,0.0));
#7518=VECTOR('',#7517,0.783937778925823);
#7519=LINE('',#7516,#7518);
#7520=CARTESIAN_POINT('',(-40.338656257341114,1.085718917846682,8.372268208405764));
#7521=TRIMMED_CURVE('',#7519,(PARAMETER_VALUE(0.0),#7516),(PARAMETER_VALUE(1.0),#7520),.T.,.PARAMETER.);
#7527=(BOUNDED_CURVE()CURVE()GEOMETRIC_REPRESENTATION_ITEM()REPRESENTATION_ITEM('')SURFACE_CURVE(#7521,(#7489),.CURVE_3D.));
#7528=COMPOSITE_CURVE_SEGMENT(.CONTINUOUS.,.T.,#7527);
#7529=CARTESIAN_POINT('',(-40.338656257341114,1.085718917846686,8.372268208405764));
#7530=DIRECTION('',(0.0,0.0,1.0));
#7531=VECTOR('',#7530,0.249999999999996);
#7532=LINE('',#7529,#7531);
#7533=CARTESIAN_POINT('',(-40.338656257341114,1.085718917846686,8.622268208405760));
#7534=TRIMMED_CURVE('',#7532,(PARAMETER_VALUE(0.0),#7529),(PARAMETER_VALUE(1.0),#7533),.T.,.PARAMETER.);
#7540=(BOUNDED_CURVE()CURVE()GEOMETRIC_REPRESENTATION_ITEM()REPRESENTATION_ITEM('')SURFACE_CURVE(#7534,(#7489),.CURVE_3D.));
#7541=COMPOSITE_CURVE_SEGMENT(.CONTINUOUS.,.T.,#7540);
#7542=OUTER_BOUNDARY_CURVE('',(#7502,#7515,#7528,#7541),.U.);
#7543=CURVE_BOUNDED_SURFACE('',#7489,(#7542),.F.);
#7544=STYLED_ITEM('',(#7545),#7543);
#7545=PRESENTATION_STYLE_ASSIGNMENT((#7546));
#7546=SURFACE_STYLE_USAGE(.POSITIVE.,#7547);
#7547=SURFACE_SIDE_STYLE('',(#7548));
#7548=SURFACE_STYLE_FILL_AREA(#7549);
#7549=FILL_AREA_STYLE('',(#7550));
#7550=FILL_AREA_STYLE_COLOUR('',#7551);
#7551=COLOUR_RGB('',0.705882352941176,0.470588235294118,0.470588235294118);
#7552=PRESENTATION_LAYER_ASSIGNMENT('7','',(#7543));
#7553=CARTESIAN_POINT('',(-40.688656257341123,0.885718917846678,8.622268208405760));
#7554=DIRECTION('',(0.0,0.0,1.0));
#7555=DIRECTION('',(1.0,0.0,0.0));
#7556=AXIS2_PLACEMENT_3D('',#7553,#7554,#7555);
#7557=PLANE('',#7556);
#7558=CARTESIAN_POINT('',(-40.638656257341125,1.809982986558610,8.622268208405760));
#7559=DIRECTION('',(0.382683432365095,-0.923879532511285,0.0));
#7560=VECTOR('',#7559,0.783937778925827);
#7561=LINE('',#7558,#7560);
#7562=CARTESIAN_POINT('',(-40.338656257341121,1.085718917846682,8.622268208405760));
#7563=TRIMMED_CURVE('',#7561,(PARAMETER_VALUE(0.0),#7558),(PARAMETER_VALUE(1.0),#7562),.T.,.PARAMETER.);
#7569=(BOUNDED_CURVE()CURVE()GEOMETRIC_REPRESENTATION_ITEM()REPRESENTATION_ITEM('')SURFACE_CURVE(#7563,(#7557),.CURVE_3D.));
#7570=COMPOSITE_CURVE_SEGMENT(.CONTINUOUS.,.T.,#7569);
#7571=CARTESIAN_POINT('',(-40.338656257341121,1.085718917846680,8.622268208405760));
#7572=DIRECTION('',(1.0,0.0,0.0));
#7573=VECTOR('',#7572,0.399999999999999);
#7574=LINE('',#7571,#7573);
#7575=CARTESIAN_POINT('',(-39.938656257341123,1.085718917846680,8.622268208405760));
#7576=TRIMMED_CURVE('',#7574,(PARAMETER_VALUE(0.0),#7571),(PARAMETER_VALUE(1.0),#7575),.T.,.PARAMETER.);
#7582=(BOUNDED_CURVE()CURVE()GEOMETRIC_REPRESENTATION_ITEM()REPRESENTATION_ITEM('')SURFACE_CURVE(#7576,(#7557),.CURVE_3D.));
#7583=COMPOSITE_CURVE_SEGMENT(.CONTINUOUS.,.T.,#7582);
#7584=CARTESIAN_POINT('',(-39.938656257341123,1.085718917846679,8.622268208405760));
#7585=DIRECTION('',(0.382683432365094,0.923879532511285,0.0));
#7586=VECTOR('',#7585,0.783937778925829);
#7587=LINE('',#7584,#7586);
#7588=CARTESIAN_POINT('',(-39.638656257341118,1.809982986558609,8.622268208405760));
#7589=TRIMMED_CURVE('',#7587,(PARAMETER_VALUE(0.0),#7584),(PARAMETER_VALUE(1.0),#7588),.T.,.PARAMETER.);
#7595=(BOUNDED_CURVE()CURVE()GEOMETRIC_REPRESENTATION_ITEM()REPRESENTATION_ITEM('')SURFACE_CURVE(#7589,(#7557),.CURVE_3D.));
#7596=COMPOSITE_CURVE_SEGMENT(.CONTINUOUS.,.T.,#7595);
#7597=CARTESIAN_POINT('',(-39.638656257341118,1.809982986558610,8.622268208405760));
#7598=DIRECTION('',(0.0,1.0,0.0));
#7599=VECTOR('',#7598,3.275735931288072);
#7600=LINE('',#7597,#7599);
#7601=CARTESIAN_POINT('',(-39.638656257341118,5.085718917846681,8.622268208405760));
#7602=TRIMMED_CURVE('',#7600,(PARAMETER_VALUE(0.0),#7597),(PARAMETER_VALUE(1.0),#7601),.T.,.PARAMETER.);
#7608=(BOUNDED_CURVE()CURVE()GEOMETRIC_REPRESENTATION_ITEM()REPRESENTATION_ITEM('')SURFACE_CURVE(#7602,(#7557),.CURVE_3D.));
#7609=COMPOSITE_CURVE_SEGMENT(.CONTINUOUS.,.T.,#7608);
#7610=CARTESIAN_POINT('',(-39.638656257341118,5.085718917846681,8.622268208405760));
#7611=DIRECTION('',(-1.0,0.0,0.0));
#7612=VECTOR('',#7611,1.000000000000007);
#7613=LINE('',#7610,#7612);
#7614=CARTESIAN_POINT('',(-40.638656257341125,5.085718917846681,8.622268208405760));
#7615=TRIMMED_CURVE('',#7613,(PARAMETER_VALUE(0.0),#7610),(PARAMETER_VALUE(1.0),#7614),.T.,.PARAMETER.);
#7621=(BOUNDED_CURVE()CURVE()GEOMETRIC_REPRESENTATION_ITEM()REPRESENTATION_ITEM('')SURFACE_CURVE(#7615,(#7557),.CURVE_3D.));
#7622=COMPOSITE_CURVE_SEGMENT(.CONTINUOUS.,.T.,#7621);
#7623=CARTESIAN_POINT('',(-40.638656257341125,5.085718917846681,8.622268208405760));
#7624=DIRECTION('',(0.0,-1.0,0.0));
#7625=VECTOR('',#7624,3.275735931288072);
#7626=LINE('',#7623,#7625);
#7627=CARTESIAN_POINT('',(-40.638656257341125,1.809982986558610,8.622268208405760));
#7628=TRIMMED_CURVE('',#7626,(PARAMETER_VALUE(0.0),#7623),(PARAMETER_VALUE(1.0),#7627),.T.,.PARAMETER.);
#7634=(BOUNDED_CURVE()CURVE()GEOMETRIC_REPRESENTATION_ITEM()REPRESENTATION_ITEM('')SURFACE_CURVE(#7628,(#7557),.CURVE_3D.));
#7635=COMPOSITE_CURVE_SEGMENT(.CONTINUOUS.,.T.,#7634);
#7636=OUTER_BOUNDARY_CURVE('',(#7570,#7583,#7596,#7609,#7622,#7635),.U.);
#7637=CURVE_BOUNDED_SURFACE('',#7557,(#7636),.F.);
#7638=STYLED_ITEM('',(#7639),#7637);
#7639=PRESENTATION_STYLE_ASSIGNMENT((#7640));
#7640=SURFACE_STYLE_USAGE(.POSITIVE.,#7641);
#7641=SURFACE_SIDE_STYLE('',(#7642));
#7642=SURFACE_STYLE_FILL_AREA(#7643);
#7643=FILL_AREA_STYLE('',(#7644));
#7644=FILL_AREA_STYLE_COLOUR('',#7645);
#7645=COLOUR_RGB('',0.705882352941176,0.470588235294118,0.470588235294118);
#7646=PRESENTATION_LAYER_ASSIGNMENT('7','',(#7637));
#7647=CARTESIAN_POINT('',(-40.358656257341124,1.085718917846680,8.359768208405765));
#7648=DIRECTION('',(0.0,1.0,0.0));
#7649=DIRECTION('',(0.0,0.0,1.0));
#7650=AXIS2_PLACEMENT_3D('',#7647,#7648,#7649);
#7651=PLANE('',#7650);
#7652=CARTESIAN_POINT('',(-40.338656257341121,1.085718917846680,8.622268208405760));
#7653=DIRECTION('',(1.0,0.0,0.0));
#7654=VECTOR('',#7653,0.399999999999999);
#7655=LINE('',#7652,#7654);
#7656=CARTESIAN_POINT('',(-39.938656257341123,1.085718917846680,8.622268208405760));
#7657=TRIMMED_CURVE('',#7655,(PARAMETER_VALUE(0.0),#7652),(PARAMETER_VALUE(1.0),#7656),.T.,.PARAMETER.);
#7663=(BOUNDED_CURVE()CURVE()GEOMETRIC_REPRESENTATION_ITEM()REPRESENTATION_ITEM('')SURFACE_CURVE(#7657,(#7651),.CURVE_3D.));
#7664=COMPOSITE_CURVE_SEGMENT(.CONTINUOUS.,.T.,#7663);
#7665=CARTESIAN_POINT('',(-39.938656257341123,1.085718917846680,8.622268208405760));
#7666=DIRECTION('',(0.0,0.0,-1.0));
#7667=VECTOR('',#7666,0.249999999999996);
#7668=LINE('',#7665,#7667);
#7669=CARTESIAN_POINT('',(-39.938656257341123,1.085718917846680,8.372268208405764));
#7670=TRIMMED_CURVE('',#7668,(PARAMETER_VALUE(0.0),#7665),(PARAMETER_VALUE(1.0),#7669),.T.,.PARAMETER.);
#7676=(BOUNDED_CURVE()CURVE()GEOMETRIC_REPRESENTATION_ITEM()REPRESENTATION_ITEM('')SURFACE_CURVE(#7670,(#7651),.CURVE_3D.));
#7677=COMPOSITE_CURVE_SEGMENT(.CONTINUOUS.,.T.,#7676);
#7678=CARTESIAN_POINT('',(-39.938656257341123,1.085718917846680,8.372268208405764));
#7679=DIRECTION('',(-1.0,0.0,0.0));
#7680=VECTOR('',#7679,0.399999999999999);
#7681=LINE('',#7678,#7680);
#7682=CARTESIAN_POINT('',(-40.338656257341121,1.085718917846680,8.372268208405764));
#7683=TRIMMED_CURVE('',#7681,(PARAMETER_VALUE(0.0),#7678),(PARAMETER_VALUE(1.0),#7682),.T.,.PARAMETER.);
#7689=(BOUNDED_CURVE()CURVE()GEOMETRIC_REPRESENTATION_ITEM()REPRESENTATION_ITEM('')SURFACE_CURVE(#7683,(#7651),.CURVE_3D.));
#7690=COMPOSITE_CURVE_SEGMENT(.CONTINUOUS.,.T.,#7689);
#7691=CARTESIAN_POINT('',(-40.338656257341121,1.085718917846680,8.372268208405764));
#7692=DIRECTION('',(0.0,0.0,1.0));
#7693=VECTOR('',#7692,0.249999999999996);
#7694=LINE('',#7691,#7693);
#7695=CARTESIAN_POINT('',(-40.338656257341121,1.085718917846680,8.622268208405760));
#7696=TRIMMED_CURVE('',#7694,(PARAMETER_VALUE(0.0),#7691),(PARAMETER_VALUE(1.0),#7695),.T.,.PARAMETER.);
#7702=(BOUNDED_CURVE()CURVE()GEOMETRIC_REPRESENTATION_ITEM()REPRESENTATION_ITEM('')SURFACE_CURVE(#7696,(#7651),.CURVE_3D.));
#7703=COMPOSITE_CURVE_SEGMENT(.CONTINUOUS.,.T.,#7702);
#7704=OUTER_BOUNDARY_CURVE('',(#7664,#7677,#7690,#7703),.U.);
#7705=CURVE_BOUNDED_SURFACE('',#7651,(#7704),.F.);
#7706=STYLED_ITEM('',(#7707),#7705);
#7707=PRESENTATION_STYLE_ASSIGNMENT((#7708));
#7708=SURFACE_STYLE_USAGE(.POSITIVE.,#7709);
#7709=SURFACE_SIDE_STYLE('',(#7710));
#7710=SURFACE_STYLE_FILL_AREA(#7711);
#7711=FILL_AREA_STYLE('',(#7712));
#7712=FILL_AREA_STYLE_COLOUR('',#7713);
#7713=COLOUR_RGB('',0.705882352941176,0.470588235294118,0.470588235294118);
#7714=PRESENTATION_LAYER_ASSIGNMENT('7','',(#7705));
#7715=CARTESIAN_POINT('',(-39.953656257341123,1.049505714411083,8.634768208405760));
#7716=DIRECTION('',(0.923879532511287,-0.382683432365090,0.0));
#7717=DIRECTION('',(0.0,0.0,-1.0));
#7718=AXIS2_PLACEMENT_3D('',#7715,#7716,#7717);
#7719=PLANE('',#7718);
#7720=CARTESIAN_POINT('',(-39.938656257341123,1.085718917846680,8.372268208405764));
#7721=DIRECTION('',(0.382683432365087,0.923879532511288,0.0));
#7722=VECTOR('',#7721,0.783937778925823);
#7723=LINE('',#7720,#7722);
#7724=CARTESIAN_POINT('',(-39.638656257341125,1.809982986558607,8.372268208405764));
#7725=TRIMMED_CURVE('',#7723,(PARAMETER_VALUE(0.0),#7720),(PARAMETER_VALUE(1.0),#7724),.T.,.PARAMETER.);
#7731=(BOUNDED_CURVE()CURVE()GEOMETRIC_REPRESENTATION_ITEM()REPRESENTATION_ITEM('')SURFACE_CURVE(#7725,(#7719),.CURVE_3D.));
#7732=COMPOSITE_CURVE_SEGMENT(.CONTINUOUS.,.T.,#7731);
#7733=CARTESIAN_POINT('',(-39.638656257341118,1.809982986558612,8.372268208405764));
#7734=DIRECTION('',(0.0,0.0,1.0));
#7735=VECTOR('',#7734,0.249999999999996);
#7736=LINE('',#7733,#7735);
#7737=CARTESIAN_POINT('',(-39.638656257341118,1.809982986558612,8.622268208405760));
#7738=TRIMMED_CURVE('',#7736,(PARAMETER_VALUE(0.0),#7733),(PARAMETER_VALUE(1.0),#7737),.T.,.PARAMETER.);
#7744=(BOUNDED_CURVE()CURVE()GEOMETRIC_REPRESENTATION_ITEM()REPRESENTATION_ITEM('')SURFACE_CURVE(#7738,(#7719),.CURVE_3D.));
#7745=COMPOSITE_CURVE_SEGMENT(.CONTINUOUS.,.T.,#7744);
#7746=CARTESIAN_POINT('',(-39.638656257341118,1.809982986558612,8.622268208405760));
#7747=DIRECTION('',(-0.382683432365093,-0.923879532511285,0.0));
#7748=VECTOR('',#7747,0.783937778925830);
#7749=LINE('',#7746,#7748);
#7750=CARTESIAN_POINT('',(-39.938656257341123,1.085718917846682,8.622268208405760));
#7751=TRIMMED_CURVE('',#7749,(PARAMETER_VALUE(0.0),#7746),(PARAMETER_VALUE(1.0),#7750),.T.,.PARAMETER.);
#7757=(BOUNDED_CURVE()CURVE()GEOMETRIC_REPRESENTATION_ITEM()REPRESENTATION_ITEM('')SURFACE_CURVE(#7751,(#7719),.CURVE_3D.));
#7758=COMPOSITE_CURVE_SEGMENT(.CONTINUOUS.,.T.,#7757);
#7759=CARTESIAN_POINT('',(-39.938656257341123,1.085718917846680,8.622268208405760));
#7760=DIRECTION('',(0.0,0.0,-1.0));
#7761=VECTOR('',#7760,0.249999999999996);
#7762=LINE('',#7759,#7761);
#7763=CARTESIAN_POINT('',(-39.938656257341123,1.085718917846680,8.372268208405764));
#7764=TRIMMED_CURVE('',#7762,(PARAMETER_VALUE(0.0),#7759),(PARAMETER_VALUE(1.0),#7763),.T.,.PARAMETER.);
#7770=(BOUNDED_CURVE()CURVE()GEOMETRIC_REPRESENTATION_ITEM()REPRESENTATION_ITEM('')SURFACE_CURVE(#7764,(#7719),.CURVE_3D.));
#7771=COMPOSITE_CURVE_SEGMENT(.CONTINUOUS.,.T.,#7770);
#7772=OUTER_BOUNDARY_CURVE('',(#7732,#7745,#7758,#7771),.U.);
#7773=CURVE_BOUNDED_SURFACE('',#7719,(#7772),.F.);
#7774=STYLED_ITEM('',(#7775),#7773);
#7775=PRESENTATION_STYLE_ASSIGNMENT((#7776));
#7776=SURFACE_STYLE_USAGE(.POSITIVE.,#7777);
#7777=SURFACE_SIDE_STYLE('',(#7778));
#7778=SURFACE_STYLE_FILL_AREA(#7779);
#7779=FILL_AREA_STYLE('',(#7780));
#7780=FILL_AREA_STYLE_COLOUR('',#7781);
#7781=COLOUR_RGB('',0.705882352941176,0.470588235294118,0.470588235294118);
#7782=PRESENTATION_LAYER_ASSIGNMENT('7','',(#7773));
#7783=CARTESIAN_POINT('',(-44.953656257341116,1.049505714411083,8.634768208405760));
#7784=DIRECTION('',(0.923879532511287,-0.382683432365090,0.0));
#7785=DIRECTION('',(0.0,0.0,-1.0));
#7786=AXIS2_PLACEMENT_3D('',#7783,#7784,#7785);
#7787=PLANE('',#7786);
#7788=CARTESIAN_POINT('',(-44.938656257341115,1.085718917846676,8.372268208405764));
#7789=DIRECTION('',(0.382683432365087,0.923879532511288,0.0));
#7790=VECTOR('',#7789,0.783937778925823);
#7791=LINE('',#7788,#7790);
#7792=CARTESIAN_POINT('',(-44.638656257341118,1.809982986558603,8.372268208405764));
#7793=TRIMMED_CURVE('',#7791,(PARAMETER_VALUE(0.0),#7788),(PARAMETER_VALUE(1.0),#7792),.T.,.PARAMETER.);
#7799=(BOUNDED_CURVE()CURVE()GEOMETRIC_REPRESENTATION_ITEM()REPRESENTATION_ITEM('')SURFACE_CURVE(#7793,(#7787),.CURVE_3D.));
#7800=COMPOSITE_CURVE_SEGMENT(.CONTINUOUS.,.T.,#7799);
#7801=CARTESIAN_POINT('',(-44.638656257341118,1.809982986558601,8.372268208405764));
#7802=DIRECTION('',(0.0,0.0,1.0));
#7803=VECTOR('',#7802,0.249999999999996);
#7804=LINE('',#7801,#7803);
#7805=CARTESIAN_POINT('',(-44.638656257341118,1.809982986558601,8.622268208405760));
#7806=TRIMMED_CURVE('',#7804,(PARAMETER_VALUE(0.0),#7801),(PARAMETER_VALUE(1.0),#7805),.T.,.PARAMETER.);
#7812=(BOUNDED_CURVE()CURVE()GEOMETRIC_REPRESENTATION_ITEM()REPRESENTATION_ITEM('')SURFACE_CURVE(#7806,(#7787),.CURVE_3D.));
#7813=COMPOSITE_CURVE_SEGMENT(.CONTINUOUS.,.T.,#7812);
#7814=CARTESIAN_POINT('',(-44.638656257341118,1.809982986558601,8.622268208405760));
#7815=DIRECTION('',(-0.382683432365087,-0.923879532511288,0.0));
#7816=VECTOR('',#7815,0.783937778925823);
#7817=LINE('',#7814,#7816);
#7818=CARTESIAN_POINT('',(-44.938656257341115,1.085718917846674,8.622268208405760));
#7819=TRIMMED_CURVE('',#7817,(PARAMETER_VALUE(0.0),#7814),(PARAMETER_VALUE(1.0),#7818),.T.,.PARAMETER.);
#7825=(BOUNDED_CURVE()CURVE()GEOMETRIC_REPRESENTATION_ITEM()REPRESENTATION_ITEM('')SURFACE_CURVE(#7819,(#7787),.CURVE_3D.));
#7826=COMPOSITE_CURVE_SEGMENT(.CONTINUOUS.,.T.,#7825);
#7827=CARTESIAN_POINT('',(-44.938656257341115,1.085718917846676,8.622268208405760));
#7828=DIRECTION('',(0.0,0.0,-1.0));
#7829=VECTOR('',#7828,0.249999999999996);
#7830=LINE('',#7827,#7829);
#7831=CARTESIAN_POINT('',(-44.938656257341115,1.085718917846676,8.372268208405764));
#7832=TRIMMED_CURVE('',#7830,(PARAMETER_VALUE(0.0),#7827),(PARAMETER_VALUE(1.0),#7831),.T.,.PARAMETER.);
#7838=(BOUNDED_CURVE()CURVE()GEOMETRIC_REPRESENTATION_ITEM()REPRESENTATION_ITEM('')SURFACE_CURVE(#7832,(#7787),.CURVE_3D.));
#7839=COMPOSITE_CURVE_SEGMENT(.CONTINUOUS.,.T.,#7838);
#7840=OUTER_BOUNDARY_CURVE('',(#7800,#7813,#7826,#7839),.U.);
#7841=CURVE_BOUNDED_SURFACE('',#7787,(#7840),.F.);
#7842=STYLED_ITEM('',(#7843),#7841);
#7843=PRESENTATION_STYLE_ASSIGNMENT((#7844));
#7844=SURFACE_STYLE_USAGE(.POSITIVE.,#7845);
#7845=SURFACE_SIDE_STYLE('',(#7846));
#7846=SURFACE_STYLE_FILL_AREA(#7847);
#7847=FILL_AREA_STYLE('',(#7848));
#7848=FILL_AREA_STYLE_COLOUR('',#7849);
#7849=COLOUR_RGB('',0.705882352941176,0.470588235294118,0.470588235294118);
#7850=PRESENTATION_LAYER_ASSIGNMENT('7','',(#7841));
#7851=CARTESIAN_POINT('',(-45.358656257341117,1.085718917846680,8.359768208405765));
#7852=DIRECTION('',(0.0,1.0,0.0));
#7853=DIRECTION('',(0.0,0.0,1.0));
#7854=AXIS2_PLACEMENT_3D('',#7851,#7852,#7853);
#7855=PLANE('',#7854);
#7856=CARTESIAN_POINT('',(-44.938656257341123,1.085718917846680,8.372268208405764));
#7857=DIRECTION('',(-1.0,0.0,0.0));
#7858=VECTOR('',#7857,0.399999999999999);
#7859=LINE('',#7856,#7858);
#7860=CARTESIAN_POINT('',(-45.338656257341121,1.085718917846680,8.372268208405764));
#7861=TRIMMED_CURVE('',#7859,(PARAMETER_VALUE(0.0),#7856),(PARAMETER_VALUE(1.0),#7860),.T.,.PARAMETER.);
#7867=(BOUNDED_CURVE()CURVE()GEOMETRIC_REPRESENTATION_ITEM()REPRESENTATION_ITEM('')SURFACE_CURVE(#7861,(#7855),.CURVE_3D.));
#7868=COMPOSITE_CURVE_SEGMENT(.CONTINUOUS.,.T.,#7867);
#7869=CARTESIAN_POINT('',(-45.338656257341121,1.085718917846680,8.372268208405764));
#7870=DIRECTION('',(0.0,0.0,1.0));
#7871=VECTOR('',#7870,0.249999999999996);
#7872=LINE('',#7869,#7871);
#7873=CARTESIAN_POINT('',(-45.338656257341121,1.085718917846680,8.622268208405760));
#7874=TRIMMED_CURVE('',#7872,(PARAMETER_VALUE(0.0),#7869),(PARAMETER_VALUE(1.0),#7873),.T.,.PARAMETER.);
#7880=(BOUNDED_CURVE()CURVE()GEOMETRIC_REPRESENTATION_ITEM()REPRESENTATION_ITEM('')SURFACE_CURVE(#7874,(#7855),.CURVE_3D.));
#7881=COMPOSITE_CURVE_SEGMENT(.CONTINUOUS.,.T.,#7880);
#7882=CARTESIAN_POINT('',(-45.338656257341121,1.085718917846680,8.622268208405760));
#7883=DIRECTION('',(1.0,0.0,0.0));
#7884=VECTOR('',#7883,0.399999999999999);
#7885=LINE('',#7882,#7884);
#7886=CARTESIAN_POINT('',(-44.938656257341123,1.085718917846680,8.622268208405760));
#7887=TRIMMED_CURVE('',#7885,(PARAMETER_VALUE(0.0),#7882),(PARAMETER_VALUE(1.0),#7886),.T.,.PARAMETER.);
#7893=(BOUNDED_CURVE()CURVE()GEOMETRIC_REPRESENTATION_ITEM()REPRESENTATION_ITEM('')SURFACE_CURVE(#7887,(#7855),.CURVE_3D.));
#7894=COMPOSITE_CURVE_SEGMENT(.CONTINUOUS.,.T.,#7893);
#7895=CARTESIAN_POINT('',(-44.938656257341123,1.085718917846680,8.622268208405760));
#7896=DIRECTION('',(0.0,0.0,-1.0));
#7897=VECTOR('',#7896,0.249999999999996);
#7898=LINE('',#7895,#7897);
#7899=CARTESIAN_POINT('',(-44.938656257341123,1.085718917846680,8.372268208405764));
#7900=TRIMMED_CURVE('',#7898,(PARAMETER_VALUE(0.0),#7895),(PARAMETER_VALUE(1.0),#7899),.T.,.PARAMETER.);
#7906=(BOUNDED_CURVE()CURVE()GEOMETRIC_REPRESENTATION_ITEM()REPRESENTATION_ITEM('')SURFACE_CURVE(#7900,(#7855),.CURVE_3D.));
#7907=COMPOSITE_CURVE_SEGMENT(.CONTINUOUS.,.T.,#7906);
#7908=OUTER_BOUNDARY_CURVE('',(#7868,#7881,#7894,#7907),.U.);
#7909=CURVE_BOUNDED_SURFACE('',#7855,(#7908),.F.);
#7910=STYLED_ITEM('',(#7911),#7909);
#7911=PRESENTATION_STYLE_ASSIGNMENT((#7912));
#7912=SURFACE_STYLE_USAGE(.POSITIVE.,#7913);
#7913=SURFACE_SIDE_STYLE('',(#7914));
#7914=SURFACE_STYLE_FILL_AREA(#7915);
#7915=FILL_AREA_STYLE('',(#7916));
#7916=FILL_AREA_STYLE_COLOUR('',#7917);
#7917=COLOUR_RGB('',0.705882352941176,0.470588235294118,0.470588235294118);
#7918=PRESENTATION_LAYER_ASSIGNMENT('7','',(#7909));
#7919=CARTESIAN_POINT('',(-45.688656257341123,0.885718917846681,8.622268208405760));
#7920=DIRECTION('',(0.0,0.0,1.0));
#7921=DIRECTION('',(1.0,0.0,0.0));
#7922=AXIS2_PLACEMENT_3D('',#7919,#7920,#7921);
#7923=PLANE('',#7922);
#7924=CARTESIAN_POINT('',(-44.938656257341123,1.085718917846680,8.622268208405760));
#7925=DIRECTION('',(0.382683432365087,0.923879532511288,0.0));
#7926=VECTOR('',#7925,0.783937778925825);
#7927=LINE('',#7924,#7926);
#7928=CARTESIAN_POINT('',(-44.638656257341125,1.809982986558608,8.622268208405760));
#7929=TRIMMED_CURVE('',#7927,(PARAMETER_VALUE(0.0),#7924),(PARAMETER_VALUE(1.0),#7928),.T.,.PARAMETER.);
#7935=(BOUNDED_CURVE()CURVE()GEOMETRIC_REPRESENTATION_ITEM()REPRESENTATION_ITEM('')SURFACE_CURVE(#7929,(#7923),.CURVE_3D.));
#7936=COMPOSITE_CURVE_SEGMENT(.CONTINUOUS.,.T.,#7935);
#7937=CARTESIAN_POINT('',(-44.638656257341140,1.809982986558610,8.622268208405760));
#7938=DIRECTION('',(0.0,1.0,0.0));
#7939=VECTOR('',#7938,3.275735931288071);
#7940=LINE('',#7937,#7939);
#7941=CARTESIAN_POINT('',(-44.638656257341140,5.085718917846681,8.622268208405760));
#7942=TRIMMED_CURVE('',#7940,(PARAMETER_VALUE(0.0),#7937),(PARAMETER_VALUE(1.0),#7941),.T.,.PARAMETER.);
#7948=(BOUNDED_CURVE()CURVE()GEOMETRIC_REPRESENTATION_ITEM()REPRESENTATION_ITEM('')SURFACE_CURVE(#7942,(#7923),.CURVE_3D.));
#7949=COMPOSITE_CURVE_SEGMENT(.CONTINUOUS.,.T.,#7948);
#7950=CARTESIAN_POINT('',(-44.638656257341140,5.085718917846681,8.622268208405760));
#7951=DIRECTION('',(-1.0,0.0,0.0));
#7952=VECTOR('',#7951,1.0);
#7953=LINE('',#7950,#7952);
#7954=CARTESIAN_POINT('',(-45.638656257341140,5.085718917846681,8.622268208405760));
#7955=TRIMMED_CURVE('',#7953,(PARAMETER_VALUE(0.0),#7950),(PARAMETER_VALUE(1.0),#7954),.T.,.PARAMETER.);
#7961=(BOUNDED_CURVE()CURVE()GEOMETRIC_REPRESENTATION_ITEM()REPRESENTATION_ITEM('')SURFACE_CURVE(#7955,(#7923),.CURVE_3D.));
#7962=COMPOSITE_CURVE_SEGMENT(.CONTINUOUS.,.T.,#7961);
#7963=CARTESIAN_POINT('',(-45.638656257341140,5.085718917846681,8.622268208405760));
#7964=DIRECTION('',(0.0,-1.0,0.0));
#7965=VECTOR('',#7964,3.275735931288072);
#7966=LINE('',#7963,#7965);
#7967=CARTESIAN_POINT('',(-45.638656257341140,1.809982986558610,8.622268208405760));
#7968=TRIMMED_CURVE('',#7966,(PARAMETER_VALUE(0.0),#7963),(PARAMETER_VALUE(1.0),#7967),.T.,.PARAMETER.);
#7974=(BOUNDED_CURVE()CURVE()GEOMETRIC_REPRESENTATION_ITEM()REPRESENTATION_ITEM('')SURFACE_CURVE(#7968,(#7923),.CURVE_3D.));
#7975=COMPOSITE_CURVE_SEGMENT(.CONTINUOUS.,.T.,#7974);
#7976=CARTESIAN_POINT('',(-45.638656257341140,1.809982986558610,8.622268208405760));
#7977=DIRECTION('',(0.382683432365095,-0.923879532511285,0.0));
#7978=VECTOR('',#7977,0.783937778925827);
#7979=LINE('',#7976,#7978);
#7980=CARTESIAN_POINT('',(-45.338656257341135,1.085718917846682,8.622268208405760));
#7981=TRIMMED_CURVE('',#7979,(PARAMETER_VALUE(0.0),#7976),(PARAMETER_VALUE(1.0),#7980),.T.,.PARAMETER.);
#7987=(BOUNDED_CURVE()CURVE()GEOMETRIC_REPRESENTATION_ITEM()REPRESENTATION_ITEM('')SURFACE_CURVE(#7981,(#7923),.CURVE_3D.));
#7988=COMPOSITE_CURVE_SEGMENT(.CONTINUOUS.,.T.,#7987);
#7989=CARTESIAN_POINT('',(-45.338656257341121,1.085718917846680,8.622268208405760));
#7990=DIRECTION('',(1.0,0.0,0.0));
#7991=VECTOR('',#7990,0.399999999999999);
#7992=LINE('',#7989,#7991);
#7993=CARTESIAN_POINT('',(-44.938656257341123,1.085718917846680,8.622268208405760));
#7994=TRIMMED_CURVE('',#7992,(PARAMETER_VALUE(0.0),#7989),(PARAMETER_VALUE(1.0),#7993),.T.,.PARAMETER.);
#8000=(BOUNDED_CURVE()CURVE()GEOMETRIC_REPRESENTATION_ITEM()REPRESENTATION_ITEM('')SURFACE_CURVE(#7994,(#7923),.CURVE_3D.));
#8001=COMPOSITE_CURVE_SEGMENT(.CONTINUOUS.,.T.,#8000);
#8002=OUTER_BOUNDARY_CURVE('',(#7936,#7949,#7962,#7975,#7988,#8001),.U.);
#8003=CURVE_BOUNDED_SURFACE('',#7923,(#8002),.F.);
#8004=STYLED_ITEM('',(#8005),#8003);
#8005=PRESENTATION_STYLE_ASSIGNMENT((#8006));
#8006=SURFACE_STYLE_USAGE(.POSITIVE.,#8007);
#8007=SURFACE_SIDE_STYLE('',(#8008));
#8008=SURFACE_STYLE_FILL_AREA(#8009);
#8009=FILL_AREA_STYLE('',(#8010));
#8010=FILL_AREA_STYLE_COLOUR('',#8011);
#8011=COLOUR_RGB('',0.705882352941176,0.470588235294118,0.470588235294118);
#8012=PRESENTATION_LAYER_ASSIGNMENT('7','',(#8003));
#8013=CARTESIAN_POINT('',(-45.323656257341113,1.049505714411085,8.359768208405765));
#8014=DIRECTION('',(-0.923879532511287,-0.382683432365090,0.0));
#8015=DIRECTION('',(0.0,0.0,1.0));
#8016=AXIS2_PLACEMENT_3D('',#8013,#8014,#8015);
#8017=PLANE('',#8016);
#8018=CARTESIAN_POINT('',(-45.338656257341114,1.085718917846686,8.622268208405760));
#8019=DIRECTION('',(-0.382683432365095,0.923879532511285,0.0));
#8020=VECTOR('',#8019,0.783937778925826);
#8021=LINE('',#8018,#8020);
#8022=CARTESIAN_POINT('',(-45.638656257341118,1.809982986558613,8.622268208405760));
#8023=TRIMMED_CURVE('',#8021,(PARAMETER_VALUE(0.0),#8018),(PARAMETER_VALUE(1.0),#8022),.T.,.PARAMETER.);
#8029=(BOUNDED_CURVE()CURVE()GEOMETRIC_REPRESENTATION_ITEM()REPRESENTATION_ITEM('')SURFACE_CURVE(#8023,(#8017),.CURVE_3D.));
#8030=COMPOSITE_CURVE_SEGMENT(.CONTINUOUS.,.T.,#8029);
#8031=CARTESIAN_POINT('',(-45.638656257341118,1.809982986558614,8.622268208405760));
#8032=DIRECTION('',(0.0,0.0,-1.0));
#8033=VECTOR('',#8032,0.249999999999996);
#8034=LINE('',#8031,#8033);
#8035=CARTESIAN_POINT('',(-45.638656257341118,1.809982986558614,8.372268208405764));
#8036=TRIMMED_CURVE('',#8034,(PARAMETER_VALUE(0.0),#8031),(PARAMETER_VALUE(1.0),#8035),.T.,.PARAMETER.);
#8042=(BOUNDED_CURVE()CURVE()GEOMETRIC_REPRESENTATION_ITEM()REPRESENTATION_ITEM('')SURFACE_CURVE(#8036,(#8017),.CURVE_3D.));
#8043=COMPOSITE_CURVE_SEGMENT(.CONTINUOUS.,.T.,#8042);
#8044=CARTESIAN_POINT('',(-45.638656257341118,1.809982986558614,8.372268208405764));
#8045=DIRECTION('',(0.382683432365095,-0.923879532511285,0.0));
#8046=VECTOR('',#8045,0.783937778925826);
#8047=LINE('',#8044,#8046);
#8048=CARTESIAN_POINT('',(-45.338656257341114,1.085718917846687,8.372268208405764));
#8049=TRIMMED_CURVE('',#8047,(PARAMETER_VALUE(0.0),#8044),(PARAMETER_VALUE(1.0),#8048),.T.,.PARAMETER.);
#8055=(BOUNDED_CURVE()CURVE()GEOMETRIC_REPRESENTATION_ITEM()REPRESENTATION_ITEM('')SURFACE_CURVE(#8049,(#8017),.CURVE_3D.));
#8056=COMPOSITE_CURVE_SEGMENT(.CONTINUOUS.,.T.,#8055);
#8057=CARTESIAN_POINT('',(-45.338656257341114,1.085718917846686,8.372268208405764));
#8058=DIRECTION('',(0.0,0.0,1.0));
#8059=VECTOR('',#8058,0.249999999999996);
#8060=LINE('',#8057,#8059);
#8061=CARTESIAN_POINT('',(-45.338656257341114,1.085718917846686,8.622268208405760));
#8062=TRIMMED_CURVE('',#8060,(PARAMETER_VALUE(0.0),#8057),(PARAMETER_VALUE(1.0),#8061),.T.,.PARAMETER.);
#8068=(BOUNDED_CURVE()CURVE()GEOMETRIC_REPRESENTATION_ITEM()REPRESENTATION_ITEM('')SURFACE_CURVE(#8062,(#8017),.CURVE_3D.));
#8069=COMPOSITE_CURVE_SEGMENT(.CONTINUOUS.,.T.,#8068);
#8070=OUTER_BOUNDARY_CURVE('',(#8030,#8043,#8056,#8069),.U.);
#8071=CURVE_BOUNDED_SURFACE('',#8017,(#8070),.F.);
#8072=STYLED_ITEM('',(#8073),#8071);
#8073=PRESENTATION_STYLE_ASSIGNMENT((#8074));
#8074=SURFACE_STYLE_USAGE(.POSITIVE.,#8075);
#8075=SURFACE_SIDE_STYLE('',(#8076));
#8076=SURFACE_STYLE_FILL_AREA(#8077);
#8077=FILL_AREA_STYLE('',(#8078));
#8078=FILL_AREA_STYLE_COLOUR('',#8079);
#8079=COLOUR_RGB('',0.705882352941176,0.470588235294118,0.470588235294118);
#8080=PRESENTATION_LAYER_ASSIGNMENT('7','',(#8071));
#8081=CARTESIAN_POINT('',(-44.588656257341121,0.885718917846681,8.372268208405764));
#8082=DIRECTION('',(0.0,0.0,-1.0));
#8083=DIRECTION('',(-1.0,0.0,0.0));
#8084=AXIS2_PLACEMENT_3D('',#8081,#8082,#8083);
#8085=PLANE('',#8084);
#8086=CARTESIAN_POINT('',(-44.638656257341118,1.809982986558610,8.372268208405764));
#8087=DIRECTION('',(-0.382683432365095,-0.923879532511285,0.0));
#8088=VECTOR('',#8087,0.783937778925827);
#8089=LINE('',#8086,#8088);
#8090=CARTESIAN_POINT('',(-44.938656257341123,1.085718917846682,8.372268208405764));
#8091=TRIMMED_CURVE('',#8089,(PARAMETER_VALUE(0.0),#8086),(PARAMETER_VALUE(1.0),#8090),.T.,.PARAMETER.);
#8097=(BOUNDED_CURVE()CURVE()GEOMETRIC_REPRESENTATION_ITEM()REPRESENTATION_ITEM('')SURFACE_CURVE(#8091,(#8085),.CURVE_3D.));
#8098=COMPOSITE_CURVE_SEGMENT(.CONTINUOUS.,.T.,#8097);
#8099=CARTESIAN_POINT('',(-44.938656257341123,1.085718917846680,8.372268208405764));
#8100=DIRECTION('',(-1.0,0.0,0.0));
#8101=VECTOR('',#8100,0.399999999999999);
#8102=LINE('',#8099,#8101);
#8103=CARTESIAN_POINT('',(-45.338656257341121,1.085718917846680,8.372268208405764));
#8104=TRIMMED_CURVE('',#8102,(PARAMETER_VALUE(0.0),#8099),(PARAMETER_VALUE(1.0),#8103),.T.,.PARAMETER.);
#8110=(BOUNDED_CURVE()CURVE()GEOMETRIC_REPRESENTATION_ITEM()REPRESENTATION_ITEM('')SURFACE_CURVE(#8104,(#8085),.CURVE_3D.));
#8111=COMPOSITE_CURVE_SEGMENT(.CONTINUOUS.,.T.,#8110);
#8112=CARTESIAN_POINT('',(-45.338656257341121,1.085718917846680,8.372268208405764));
#8113=DIRECTION('',(-0.382683432365095,0.923879532511285,0.0));
#8114=VECTOR('',#8113,0.783937778925827);
#8115=LINE('',#8112,#8114);
#8116=CARTESIAN_POINT('',(-45.638656257341125,1.809982986558608,8.372268208405764));
#8117=TRIMMED_CURVE('',#8115,(PARAMETER_VALUE(0.0),#8112),(PARAMETER_VALUE(1.0),#8116),.T.,.PARAMETER.);
#8123=(BOUNDED_CURVE()CURVE()GEOMETRIC_REPRESENTATION_ITEM()REPRESENTATION_ITEM('')SURFACE_CURVE(#8117,(#8085),.CURVE_3D.));
#8124=COMPOSITE_CURVE_SEGMENT(.CONTINUOUS.,.T.,#8123);
#8125=CARTESIAN_POINT('',(-45.638656257341140,1.809982986558610,8.372268208405764));
#8126=DIRECTION('',(0.0,1.0,0.0));
#8127=VECTOR('',#8126,3.275735931288071);
#8128=LINE('',#8125,#8127);
#8129=CARTESIAN_POINT('',(-45.638656257341140,5.085718917846681,8.372268208405764));
#8130=TRIMMED_CURVE('',#8128,(PARAMETER_VALUE(0.0),#8125),(PARAMETER_VALUE(1.0),#8129),.T.,.PARAMETER.);
#8136=(BOUNDED_CURVE()CURVE()GEOMETRIC_REPRESENTATION_ITEM()REPRESENTATION_ITEM('')SURFACE_CURVE(#8130,(#8085),.CURVE_3D.));
#8137=COMPOSITE_CURVE_SEGMENT(.CONTINUOUS.,.T.,#8136);
#8138=CARTESIAN_POINT('',(-45.638656257341140,5.085718917846681,8.372268208405764));
#8139=DIRECTION('',(1.0,0.0,0.0));
#8140=VECTOR('',#8139,1.0);
#8141=LINE('',#8138,#8140);
#8142=CARTESIAN_POINT('',(-44.638656257341140,5.085718917846681,8.372268208405764));
#8143=TRIMMED_CURVE('',#8141,(PARAMETER_VALUE(0.0),#8138),(PARAMETER_VALUE(1.0),#8142),.T.,.PARAMETER.);
#8149=(BOUNDED_CURVE()CURVE()GEOMETRIC_REPRESENTATION_ITEM()REPRESENTATION_ITEM('')SURFACE_CURVE(#8143,(#8085),.CURVE_3D.));
#8150=COMPOSITE_CURVE_SEGMENT(.CONTINUOUS.,.T.,#8149);
#8151=CARTESIAN_POINT('',(-44.638656257341140,5.085718917846681,8.372268208405764));
#8152=DIRECTION('',(0.0,-1.0,0.0));
#8153=VECTOR('',#8152,3.275735931288072);
#8154=LINE('',#8151,#8153);
#8155=CARTESIAN_POINT('',(-44.638656257341140,1.809982986558610,8.372268208405764));
#8156=TRIMMED_CURVE('',#8154,(PARAMETER_VALUE(0.0),#8151),(PARAMETER_VALUE(1.0),#8155),.T.,.PARAMETER.);
#8162=(BOUNDED_CURVE()CURVE()GEOMETRIC_REPRESENTATION_ITEM()REPRESENTATION_ITEM('')SURFACE_CURVE(#8156,(#8085),.CURVE_3D.));
#8163=COMPOSITE_CURVE_SEGMENT(.CONTINUOUS.,.T.,#8162);
#8164=OUTER_BOUNDARY_CURVE('',(#8098,#8111,#8124,#8137,#8150,#8163),.U.);
#8165=CURVE_BOUNDED_SURFACE('',#8085,(#8164),.F.);
#8166=STYLED_ITEM('',(#8167),#8165);
#8167=PRESENTATION_STYLE_ASSIGNMENT((#8168));
#8168=SURFACE_STYLE_USAGE(.POSITIVE.,#8169);
#8169=SURFACE_SIDE_STYLE('',(#8170));
#8170=SURFACE_STYLE_FILL_AREA(#8171);
#8171=FILL_AREA_STYLE('',(#8172));
#8172=FILL_AREA_STYLE_COLOUR('',#8173);
#8173=COLOUR_RGB('',0.705882352941176,0.470588235294118,0.470588235294118);
#8174=PRESENTATION_LAYER_ASSIGNMENT('7','',(#8165));
#8175=CARTESIAN_POINT('',(-45.638656257341118,1.646196189994205,8.359768208405765));
#8176=DIRECTION('',(-1.0,0.0,0.0));
#8177=DIRECTION('',(0.0,0.0,1.0));
#8178=AXIS2_PLACEMENT_3D('',#8175,#8176,#8177);
#8179=PLANE('',#8178);
#8180=CARTESIAN_POINT('',(-45.638656257341118,1.809982986558610,8.372268208405764));
#8181=DIRECTION('',(0.0,0.0,1.0));
#8182=VECTOR('',#8181,0.249999999999996);
#8183=LINE('',#8180,#8182);
#8184=CARTESIAN_POINT('',(-45.638656257341118,1.809982986558610,8.622268208405760));
#8185=TRIMMED_CURVE('',#8183,(PARAMETER_VALUE(0.0),#8180),(PARAMETER_VALUE(1.0),#8184),.T.,.PARAMETER.);
#8191=(BOUNDED_CURVE()CURVE()GEOMETRIC_REPRESENTATION_ITEM()REPRESENTATION_ITEM('')SURFACE_CURVE(#8185,(#8179),.CURVE_3D.));
#8192=COMPOSITE_CURVE_SEGMENT(.CONTINUOUS.,.T.,#8191);
#8193=CARTESIAN_POINT('',(-45.638656257341118,1.809982986558610,8.622268208405760));
#8194=DIRECTION('',(0.0,1.0,0.0));
#8195=VECTOR('',#8194,3.275735931288073);
#8196=LINE('',#8193,#8195);
#8197=CARTESIAN_POINT('',(-45.638656257341118,5.085718917846682,8.622268208405760));
#8198=TRIMMED_CURVE('',#8196,(PARAMETER_VALUE(0.0),#8193),(PARAMETER_VALUE(1.0),#8197),.T.,.PARAMETER.);
#8204=(BOUNDED_CURVE()CURVE()GEOMETRIC_REPRESENTATION_ITEM()REPRESENTATION_ITEM('')SURFACE_CURVE(#8198,(#8179),.CURVE_3D.));
#8205=COMPOSITE_CURVE_SEGMENT(.CONTINUOUS.,.T.,#8204);
#8206=CARTESIAN_POINT('',(-45.638656257341118,5.085718917846681,8.622268208405760));
#8207=DIRECTION('',(0.0,0.0,-1.0));
#8208=VECTOR('',#8207,0.249999999999996);
#8209=LINE('',#8206,#8208);
#8210=CARTESIAN_POINT('',(-45.638656257341118,5.085718917846681,8.372268208405764));
#8211=TRIMMED_CURVE('',#8209,(PARAMETER_VALUE(0.0),#8206),(PARAMETER_VALUE(1.0),#8210),.T.,.PARAMETER.);
#8217=(BOUNDED_CURVE()CURVE()GEOMETRIC_REPRESENTATION_ITEM()REPRESENTATION_ITEM('')SURFACE_CURVE(#8211,(#8179),.CURVE_3D.));
#8218=COMPOSITE_CURVE_SEGMENT(.CONTINUOUS.,.T.,#8217);
#8219=CARTESIAN_POINT('',(-45.638656257341118,5.085718917846681,8.372268208405764));
#8220=DIRECTION('',(0.0,-1.0,0.0));
#8221=VECTOR('',#8220,3.275735931288072);
#8222=LINE('',#8219,#8221);
#8223=CARTESIAN_POINT('',(-45.638656257341118,1.809982986558610,8.372268208405764));
#8224=TRIMMED_CURVE('',#8222,(PARAMETER_VALUE(0.0),#8219),(PARAMETER_VALUE(1.0),#8223),.T.,.PARAMETER.);
#8230=(BOUNDED_CURVE()CURVE()GEOMETRIC_REPRESENTATION_ITEM()REPRESENTATION_ITEM('')SURFACE_CURVE(#8224,(#8179),.CURVE_3D.));
#8231=COMPOSITE_CURVE_SEGMENT(.CONTINUOUS.,.T.,#8230);
#8232=OUTER_BOUNDARY_CURVE('',(#8192,#8205,#8218,#8231),.U.);
#8233=CURVE_BOUNDED_SURFACE('',#8179,(#8232),.F.);
#8234=STYLED_ITEM('',(#8235),#8233);
#8235=PRESENTATION_STYLE_ASSIGNMENT((#8236));
#8236=SURFACE_STYLE_USAGE(.POSITIVE.,#8237);
#8237=SURFACE_SIDE_STYLE('',(#8238));
#8238=SURFACE_STYLE_FILL_AREA(#8239);
#8239=FILL_AREA_STYLE('',(#8240));
#8240=FILL_AREA_STYLE_COLOUR('',#8241);
#8241=COLOUR_RGB('',0.705882352941176,0.470588235294118,0.470588235294118);
#8242=PRESENTATION_LAYER_ASSIGNMENT('7','',(#8233));
#8243=CARTESIAN_POINT('',(-49.953656257341116,1.049505714411083,8.634768208405760));
#8244=DIRECTION('',(0.923879532511287,-0.382683432365090,0.0));
#8245=DIRECTION('',(0.0,0.0,-1.0));
#8246=AXIS2_PLACEMENT_3D('',#8243,#8244,#8245);
#8247=PLANE('',#8246);
#8248=CARTESIAN_POINT('',(-49.938656257341115,1.085718917846676,8.372268208405764));
#8249=DIRECTION('',(0.382683432365088,0.923879532511287,0.0));
#8250=VECTOR('',#8249,0.783937778925822);
#8251=LINE('',#8248,#8250);
#8252=CARTESIAN_POINT('',(-49.638656257341118,1.809982986558601,8.372268208405764));
#8253=TRIMMED_CURVE('',#8251,(PARAMETER_VALUE(0.0),#8248),(PARAMETER_VALUE(1.0),#8252),.T.,.PARAMETER.);
#8259=(BOUNDED_CURVE()CURVE()GEOMETRIC_REPRESENTATION_ITEM()REPRESENTATION_ITEM('')SURFACE_CURVE(#8253,(#8247),.CURVE_3D.));
#8260=COMPOSITE_CURVE_SEGMENT(.CONTINUOUS.,.T.,#8259);
#8261=CARTESIAN_POINT('',(-49.638656257341118,1.809982986558601,8.372268208405764));
#8262=DIRECTION('',(0.0,0.0,1.0));
#8263=VECTOR('',#8262,0.249999999999996);
#8264=LINE('',#8261,#8263);
#8265=CARTESIAN_POINT('',(-49.638656257341118,1.809982986558601,8.622268208405760));
#8266=TRIMMED_CURVE('',#8264,(PARAMETER_VALUE(0.0),#8261),(PARAMETER_VALUE(1.0),#8265),.T.,.PARAMETER.);
#8272=(BOUNDED_CURVE()CURVE()GEOMETRIC_REPRESENTATION_ITEM()REPRESENTATION_ITEM('')SURFACE_CURVE(#8266,(#8247),.CURVE_3D.));
#8273=COMPOSITE_CURVE_SEGMENT(.CONTINUOUS.,.T.,#8272);
#8274=CARTESIAN_POINT('',(-49.638656257341118,1.809982986558601,8.622268208405760));
#8275=DIRECTION('',(-0.382683432365087,-0.923879532511288,0.0));
#8276=VECTOR('',#8275,0.783937778925823);
#8277=LINE('',#8274,#8276);
#8278=CARTESIAN_POINT('',(-49.938656257341115,1.085718917846674,8.622268208405760));
#8279=TRIMMED_CURVE('',#8277,(PARAMETER_VALUE(0.0),#8274),(PARAMETER_VALUE(1.0),#8278),.T.,.PARAMETER.);
#8285=(BOUNDED_CURVE()CURVE()GEOMETRIC_REPRESENTATION_ITEM()REPRESENTATION_ITEM('')SURFACE_CURVE(#8279,(#8247),.CURVE_3D.));
#8286=COMPOSITE_CURVE_SEGMENT(.CONTINUOUS.,.T.,#8285);
#8287=CARTESIAN_POINT('',(-49.938656257341115,1.085718917846676,8.622268208405760));
#8288=DIRECTION('',(0.0,0.0,-1.0));
#8289=VECTOR('',#8288,0.249999999999996);
#8290=LINE('',#8287,#8289);
#8291=CARTESIAN_POINT('',(-49.938656257341115,1.085718917846676,8.372268208405764));
#8292=TRIMMED_CURVE('',#8290,(PARAMETER_VALUE(0.0),#8287),(PARAMETER_VALUE(1.0),#8291),.T.,.PARAMETER.);
#8298=(BOUNDED_CURVE()CURVE()GEOMETRIC_REPRESENTATION_ITEM()REPRESENTATION_ITEM('')SURFACE_CURVE(#8292,(#8247),.CURVE_3D.));
#8299=COMPOSITE_CURVE_SEGMENT(.CONTINUOUS.,.T.,#8298);
#8300=OUTER_BOUNDARY_CURVE('',(#8260,#8273,#8286,#8299),.U.);
#8301=CURVE_BOUNDED_SURFACE('',#8247,(#8300),.F.);
#8302=STYLED_ITEM('',(#8303),#8301);
#8303=PRESENTATION_STYLE_ASSIGNMENT((#8304));
#8304=SURFACE_STYLE_USAGE(.POSITIVE.,#8305);
#8305=SURFACE_SIDE_STYLE('',(#8306));
#8306=SURFACE_STYLE_FILL_AREA(#8307);
#8307=FILL_AREA_STYLE('',(#8308));
#8308=FILL_AREA_STYLE_COLOUR('',#8309);
#8309=COLOUR_RGB('',0.705882352941176,0.470588235294118,0.470588235294118);
#8310=PRESENTATION_LAYER_ASSIGNMENT('7','',(#8301));
#8311=CARTESIAN_POINT('',(-50.358656257341117,1.085718917846680,8.359768208405765));
#8312=DIRECTION('',(0.0,1.0,0.0));
#8313=DIRECTION('',(0.0,0.0,1.0));
#8314=AXIS2_PLACEMENT_3D('',#8311,#8312,#8313);
#8315=PLANE('',#8314);
#8316=CARTESIAN_POINT('',(-49.938656257341123,1.085718917846680,8.372268208405764));
#8317=DIRECTION('',(-1.0,0.0,0.0));
#8318=VECTOR('',#8317,0.399999999999999);
#8319=LINE('',#8316,#8318);
#8320=CARTESIAN_POINT('',(-50.338656257341121,1.085718917846680,8.372268208405764));
#8321=TRIMMED_CURVE('',#8319,(PARAMETER_VALUE(0.0),#8316),(PARAMETER_VALUE(1.0),#8320),.T.,.PARAMETER.);
#8327=(BOUNDED_CURVE()CURVE()GEOMETRIC_REPRESENTATION_ITEM()REPRESENTATION_ITEM('')SURFACE_CURVE(#8321,(#8315),.CURVE_3D.));
#8328=COMPOSITE_CURVE_SEGMENT(.CONTINUOUS.,.T.,#8327);
#8329=CARTESIAN_POINT('',(-50.338656257341121,1.085718917846680,8.372268208405764));
#8330=DIRECTION('',(0.0,0.0,1.0));
#8331=VECTOR('',#8330,0.249999999999996);
#8332=LINE('',#8329,#8331);
#8333=CARTESIAN_POINT('',(-50.338656257341121,1.085718917846680,8.622268208405760));
#8334=TRIMMED_CURVE('',#8332,(PARAMETER_VALUE(0.0),#8329),(PARAMETER_VALUE(1.0),#8333),.T.,.PARAMETER.);
#8340=(BOUNDED_CURVE()CURVE()GEOMETRIC_REPRESENTATION_ITEM()REPRESENTATION_ITEM('')SURFACE_CURVE(#8334,(#8315),.CURVE_3D.));
#8341=COMPOSITE_CURVE_SEGMENT(.CONTINUOUS.,.T.,#8340);
#8342=CARTESIAN_POINT('',(-50.338656257341121,1.085718917846680,8.622268208405760));
#8343=DIRECTION('',(1.0,0.0,0.0));
#8344=VECTOR('',#8343,0.399999999999999);
#8345=LINE('',#8342,#8344);
#8346=CARTESIAN_POINT('',(-49.938656257341123,1.085718917846680,8.622268208405760));
#8347=TRIMMED_CURVE('',#8345,(PARAMETER_VALUE(0.0),#8342),(PARAMETER_VALUE(1.0),#8346),.T.,.PARAMETER.);
#8353=(BOUNDED_CURVE()CURVE()GEOMETRIC_REPRESENTATION_ITEM()REPRESENTATION_ITEM('')SURFACE_CURVE(#8347,(#8315),.CURVE_3D.));
#8354=COMPOSITE_CURVE_SEGMENT(.CONTINUOUS.,.T.,#8353);
#8355=CARTESIAN_POINT('',(-49.938656257341123,1.085718917846680,8.622268208405760));
#8356=DIRECTION('',(0.0,0.0,-1.0));
#8357=VECTOR('',#8356,0.249999999999996);
#8358=LINE('',#8355,#8357);
#8359=CARTESIAN_POINT('',(-49.938656257341123,1.085718917846680,8.372268208405764));
#8360=TRIMMED_CURVE('',#8358,(PARAMETER_VALUE(0.0),#8355),(PARAMETER_VALUE(1.0),#8359),.T.,.PARAMETER.);
#8366=(BOUNDED_CURVE()CURVE()GEOMETRIC_REPRESENTATION_ITEM()REPRESENTATION_ITEM('')SURFACE_CURVE(#8360,(#8315),.CURVE_3D.));
#8367=COMPOSITE_CURVE_SEGMENT(.CONTINUOUS.,.T.,#8366);
#8368=OUTER_BOUNDARY_CURVE('',(#8328,#8341,#8354,#8367),.U.);
#8369=CURVE_BOUNDED_SURFACE('',#8315,(#8368),.F.);
#8370=STYLED_ITEM('',(#8371),#8369);
#8371=PRESENTATION_STYLE_ASSIGNMENT((#8372));
#8372=SURFACE_STYLE_USAGE(.POSITIVE.,#8373);
#8373=SURFACE_SIDE_STYLE('',(#8374));
#8374=SURFACE_STYLE_FILL_AREA(#8375);
#8375=FILL_AREA_STYLE('',(#8376));
#8376=FILL_AREA_STYLE_COLOUR('',#8377);
#8377=COLOUR_RGB('',0.705882352941176,0.470588235294118,0.470588235294118);
#8378=PRESENTATION_LAYER_ASSIGNMENT('7','',(#8369));
#8379=CARTESIAN_POINT('',(-50.688656257341123,0.885718917846681,8.622268208405760));
#8380=DIRECTION('',(0.0,0.0,1.0));
#8381=DIRECTION('',(1.0,0.0,0.0));
#8382=AXIS2_PLACEMENT_3D('',#8379,#8380,#8381);
#8383=PLANE('',#8382);
#8384=CARTESIAN_POINT('',(-49.938656257341123,1.085718917846680,8.622268208405760));
#8385=DIRECTION('',(0.382683432365087,0.923879532511288,0.0));
#8386=VECTOR('',#8385,0.783937778925825);
#8387=LINE('',#8384,#8386);
#8388=CARTESIAN_POINT('',(-49.638656257341125,1.809982986558608,8.622268208405760));
#8389=TRIMMED_CURVE('',#8387,(PARAMETER_VALUE(0.0),#8384),(PARAMETER_VALUE(1.0),#8388),.T.,.PARAMETER.);
#8395=(BOUNDED_CURVE()CURVE()GEOMETRIC_REPRESENTATION_ITEM()REPRESENTATION_ITEM('')SURFACE_CURVE(#8389,(#8383),.CURVE_3D.));
#8396=COMPOSITE_CURVE_SEGMENT(.CONTINUOUS.,.T.,#8395);
#8397=CARTESIAN_POINT('',(-49.638656257341140,1.809982986558610,8.622268208405760));
#8398=DIRECTION('',(0.0,1.0,0.0));
#8399=VECTOR('',#8398,3.275735931288071);
#8400=LINE('',#8397,#8399);
#8401=CARTESIAN_POINT('',(-49.638656257341140,5.085718917846681,8.622268208405760));
#8402=TRIMMED_CURVE('',#8400,(PARAMETER_VALUE(0.0),#8397),(PARAMETER_VALUE(1.0),#8401),.T.,.PARAMETER.);
#8408=(BOUNDED_CURVE()CURVE()GEOMETRIC_REPRESENTATION_ITEM()REPRESENTATION_ITEM('')SURFACE_CURVE(#8402,(#8383),.CURVE_3D.));
#8409=COMPOSITE_CURVE_SEGMENT(.CONTINUOUS.,.T.,#8408);
#8410=CARTESIAN_POINT('',(-49.638656257341140,5.085718917846681,8.622268208405760));
#8411=DIRECTION('',(-1.0,0.0,0.0));
#8412=VECTOR('',#8411,1.0);
#8413=LINE('',#8410,#8412);
#8414=CARTESIAN_POINT('',(-50.638656257341140,5.085718917846681,8.622268208405760));
#8415=TRIMMED_CURVE('',#8413,(PARAMETER_VALUE(0.0),#8410),(PARAMETER_VALUE(1.0),#8414),.T.,.PARAMETER.);
#8421=(BOUNDED_CURVE()CURVE()GEOMETRIC_REPRESENTATION_ITEM()REPRESENTATION_ITEM('')SURFACE_CURVE(#8415,(#8383),.CURVE_3D.));
#8422=COMPOSITE_CURVE_SEGMENT(.CONTINUOUS.,.T.,#8421);
#8423=CARTESIAN_POINT('',(-50.638656257341140,5.085718917846681,8.622268208405760));
#8424=DIRECTION('',(0.0,-1.0,0.0));
#8425=VECTOR('',#8424,3.275735931288072);
#8426=LINE('',#8423,#8425);
#8427=CARTESIAN_POINT('',(-50.638656257341140,1.809982986558610,8.622268208405760));
#8428=TRIMMED_CURVE('',#8426,(PARAMETER_VALUE(0.0),#8423),(PARAMETER_VALUE(1.0),#8427),.T.,.PARAMETER.);
#8434=(BOUNDED_CURVE()CURVE()GEOMETRIC_REPRESENTATION_ITEM()REPRESENTATION_ITEM('')SURFACE_CURVE(#8428,(#8383),.CURVE_3D.));
#8435=COMPOSITE_CURVE_SEGMENT(.CONTINUOUS.,.T.,#8434);
#8436=CARTESIAN_POINT('',(-50.638656257341118,1.809982986558610,8.622268208405760));
#8437=DIRECTION('',(0.382683432365087,-0.923879532511288,0.0));
#8438=VECTOR('',#8437,0.783937778925825);
#8439=LINE('',#8436,#8438);
#8440=CARTESIAN_POINT('',(-50.338656257341121,1.085718917846681,8.622268208405760));
#8441=TRIMMED_CURVE('',#8439,(PARAMETER_VALUE(0.0),#8436),(PARAMETER_VALUE(1.0),#8440),.T.,.PARAMETER.);
#8447=(BOUNDED_CURVE()CURVE()GEOMETRIC_REPRESENTATION_ITEM()REPRESENTATION_ITEM('')SURFACE_CURVE(#8441,(#8383),.CURVE_3D.));
#8448=COMPOSITE_CURVE_SEGMENT(.CONTINUOUS.,.T.,#8447);
#8449=CARTESIAN_POINT('',(-50.338656257341121,1.085718917846680,8.622268208405760));
#8450=DIRECTION('',(1.0,0.0,0.0));
#8451=VECTOR('',#8450,0.399999999999999);
#8452=LINE('',#8449,#8451);
#8453=CARTESIAN_POINT('',(-49.938656257341123,1.085718917846680,8.622268208405760));
#8454=TRIMMED_CURVE('',#8452,(PARAMETER_VALUE(0.0),#8449),(PARAMETER_VALUE(1.0),#8453),.T.,.PARAMETER.);
#8460=(BOUNDED_CURVE()CURVE()GEOMETRIC_REPRESENTATION_ITEM()REPRESENTATION_ITEM('')SURFACE_CURVE(#8454,(#8383),.CURVE_3D.));
#8461=COMPOSITE_CURVE_SEGMENT(.CONTINUOUS.,.T.,#8460);
#8462=OUTER_BOUNDARY_CURVE('',(#8396,#8409,#8422,#8435,#8448,#8461),.U.);
#8463=CURVE_BOUNDED_SURFACE('',#8383,(#8462),.F.);
#8464=STYLED_ITEM('',(#8465),#8463);
#8465=PRESENTATION_STYLE_ASSIGNMENT((#8466));
#8466=SURFACE_STYLE_USAGE(.POSITIVE.,#8467);
#8467=SURFACE_SIDE_STYLE('',(#8468));
#8468=SURFACE_STYLE_FILL_AREA(#8469);
#8469=FILL_AREA_STYLE('',(#8470));
#8470=FILL_AREA_STYLE_COLOUR('',#8471);
#8471=COLOUR_RGB('',0.705882352941176,0.470588235294118,0.470588235294118);
#8472=PRESENTATION_LAYER_ASSIGNMENT('7','',(#8463));
#8473=CARTESIAN_POINT('',(-50.323656257341113,1.049505714411083,8.359768208405765));
#8474=DIRECTION('',(-0.923879532511287,-0.382683432365090,0.0));
#8475=DIRECTION('',(0.0,0.0,1.0));
#8476=AXIS2_PLACEMENT_3D('',#8473,#8474,#8475);
#8477=PLANE('',#8476);
#8478=CARTESIAN_POINT('',(-50.338656257341114,1.085718917846685,8.622268208405760));
#8479=DIRECTION('',(-0.382683432365095,0.923879532511285,0.0));
#8480=VECTOR('',#8479,0.783937778925826);
#8481=LINE('',#8478,#8480);
#8482=CARTESIAN_POINT('',(-50.638656257341118,1.809982986558612,8.622268208405760));
#8483=TRIMMED_CURVE('',#8481,(PARAMETER_VALUE(0.0),#8478),(PARAMETER_VALUE(1.0),#8482),.T.,.PARAMETER.);
#8489=(BOUNDED_CURVE()CURVE()GEOMETRIC_REPRESENTATION_ITEM()REPRESENTATION_ITEM('')SURFACE_CURVE(#8483,(#8477),.CURVE_3D.));
#8490=COMPOSITE_CURVE_SEGMENT(.CONTINUOUS.,.T.,#8489);
#8491=CARTESIAN_POINT('',(-50.638656257341118,1.809982986558612,8.622268208405760));
#8492=DIRECTION('',(0.0,0.0,-1.0));
#8493=VECTOR('',#8492,0.249999999999996);
#8494=LINE('',#8491,#8493);
#8495=CARTESIAN_POINT('',(-50.638656257341118,1.809982986558612,8.372268208405764));
#8496=TRIMMED_CURVE('',#8494,(PARAMETER_VALUE(0.0),#8491),(PARAMETER_VALUE(1.0),#8495),.T.,.PARAMETER.);
#8502=(BOUNDED_CURVE()CURVE()GEOMETRIC_REPRESENTATION_ITEM()REPRESENTATION_ITEM('')SURFACE_CURVE(#8496,(#8477),.CURVE_3D.));
#8503=COMPOSITE_CURVE_SEGMENT(.CONTINUOUS.,.T.,#8502);
#8504=CARTESIAN_POINT('',(-50.638656257341118,1.809982986558612,8.372268208405764));
#8505=DIRECTION('',(0.382683432365094,-0.923879532511285,0.0));
#8506=VECTOR('',#8505,0.783937778925829);
#8507=LINE('',#8504,#8506);
#8508=CARTESIAN_POINT('',(-50.338656257341114,1.085718917846683,8.372268208405764));
#8509=TRIMMED_CURVE('',#8507,(PARAMETER_VALUE(0.0),#8504),(PARAMETER_VALUE(1.0),#8508),.T.,.PARAMETER.);
#8515=(BOUNDED_CURVE()CURVE()GEOMETRIC_REPRESENTATION_ITEM()REPRESENTATION_ITEM('')SURFACE_CURVE(#8509,(#8477),.CURVE_3D.));
#8516=COMPOSITE_CURVE_SEGMENT(.CONTINUOUS.,.T.,#8515);
#8517=CARTESIAN_POINT('',(-50.338656257341114,1.085718917846686,8.372268208405764));
#8518=DIRECTION('',(0.0,0.0,1.0));
#8519=VECTOR('',#8518,0.249999999999996);
#8520=LINE('',#8517,#8519);
#8521=CARTESIAN_POINT('',(-50.338656257341114,1.085718917846686,8.622268208405760));
#8522=TRIMMED_CURVE('',#8520,(PARAMETER_VALUE(0.0),#8517),(PARAMETER_VALUE(1.0),#8521),.T.,.PARAMETER.);
#8528=(BOUNDED_CURVE()CURVE()GEOMETRIC_REPRESENTATION_ITEM()REPRESENTATION_ITEM('')SURFACE_CURVE(#8522,(#8477),.CURVE_3D.));
#8529=COMPOSITE_CURVE_SEGMENT(.CONTINUOUS.,.T.,#8528);
#8530=OUTER_BOUNDARY_CURVE('',(#8490,#8503,#8516,#8529),.U.);
#8531=CURVE_BOUNDED_SURFACE('',#8477,(#8530),.F.);
#8532=STYLED_ITEM('',(#8533),#8531);
#8533=PRESENTATION_STYLE_ASSIGNMENT((#8534));
#8534=SURFACE_STYLE_USAGE(.POSITIVE.,#8535);
#8535=SURFACE_SIDE_STYLE('',(#8536));
#8536=SURFACE_STYLE_FILL_AREA(#8537);
#8537=FILL_AREA_STYLE('',(#8538));
#8538=FILL_AREA_STYLE_COLOUR('',#8539);
#8539=COLOUR_RGB('',0.705882352941176,0.470588235294118,0.470588235294118);
#8540=PRESENTATION_LAYER_ASSIGNMENT('7','',(#8531));
#8541=CARTESIAN_POINT('',(-49.588656257341121,0.885718917846681,8.372268208405764));
#8542=DIRECTION('',(0.0,0.0,-1.0));
#8543=DIRECTION('',(-1.0,0.0,0.0));
#8544=AXIS2_PLACEMENT_3D('',#8541,#8542,#8543);
#8545=PLANE('',#8544);
#8546=CARTESIAN_POINT('',(-49.638656257341140,1.809982986558610,8.372268208405764));
#8547=DIRECTION('',(-0.382683432365088,-0.923879532511288,0.0));
#8548=VECTOR('',#8547,0.783937778925823);
#8549=LINE('',#8546,#8548);
#8550=CARTESIAN_POINT('',(-49.938656257341137,1.085718917846684,8.372268208405764));
#8551=TRIMMED_CURVE('',#8549,(PARAMETER_VALUE(0.0),#8546),(PARAMETER_VALUE(1.0),#8550),.T.,.PARAMETER.);
#8557=(BOUNDED_CURVE()CURVE()GEOMETRIC_REPRESENTATION_ITEM()REPRESENTATION_ITEM('')SURFACE_CURVE(#8551,(#8545),.CURVE_3D.));
#8558=COMPOSITE_CURVE_SEGMENT(.CONTINUOUS.,.T.,#8557);
#8559=CARTESIAN_POINT('',(-49.938656257341123,1.085718917846680,8.372268208405764));
#8560=DIRECTION('',(-1.0,0.0,0.0));
#8561=VECTOR('',#8560,0.399999999999999);
#8562=LINE('',#8559,#8561);
#8563=CARTESIAN_POINT('',(-50.338656257341121,1.085718917846680,8.372268208405764));
#8564=TRIMMED_CURVE('',#8562,(PARAMETER_VALUE(0.0),#8559),(PARAMETER_VALUE(1.0),#8563),.T.,.PARAMETER.);
#8570=(BOUNDED_CURVE()CURVE()GEOMETRIC_REPRESENTATION_ITEM()REPRESENTATION_ITEM('')SURFACE_CURVE(#8564,(#8545),.CURVE_3D.));
#8571=COMPOSITE_CURVE_SEGMENT(.CONTINUOUS.,.T.,#8570);
#8572=CARTESIAN_POINT('',(-50.338656257341121,1.085718917846680,8.372268208405764));
#8573=DIRECTION('',(-0.382683432365087,0.923879532511288,0.0));
#8574=VECTOR('',#8573,0.783937778925825);
#8575=LINE('',#8572,#8574);
#8576=CARTESIAN_POINT('',(-50.638656257341118,1.809982986558608,8.372268208405764));
#8577=TRIMMED_CURVE('',#8575,(PARAMETER_VALUE(0.0),#8572),(PARAMETER_VALUE(1.0),#8576),.T.,.PARAMETER.);
#8583=(BOUNDED_CURVE()CURVE()GEOMETRIC_REPRESENTATION_ITEM()REPRESENTATION_ITEM('')SURFACE_CURVE(#8577,(#8545),.CURVE_3D.));
#8584=COMPOSITE_CURVE_SEGMENT(.CONTINUOUS.,.T.,#8583);
#8585=CARTESIAN_POINT('',(-50.638656257341118,1.809982986558610,8.372268208405764));
#8586=DIRECTION('',(0.0,1.0,0.0));
#8587=VECTOR('',#8586,3.275735931288071);
#8588=LINE('',#8585,#8587);
#8589=CARTESIAN_POINT('',(-50.638656257341118,5.085718917846681,8.372268208405764));
#8590=TRIMMED_CURVE('',#8588,(PARAMETER_VALUE(0.0),#8585),(PARAMETER_VALUE(1.0),#8589),.T.,.PARAMETER.);
#8596=(BOUNDED_CURVE()CURVE()GEOMETRIC_REPRESENTATION_ITEM()REPRESENTATION_ITEM('')SURFACE_CURVE(#8590,(#8545),.CURVE_3D.));
#8597=COMPOSITE_CURVE_SEGMENT(.CONTINUOUS.,.T.,#8596);
#8598=CARTESIAN_POINT('',(-50.638656257341118,5.085718917846681,8.372268208405764));
#8599=DIRECTION('',(1.0,0.0,0.0));
#8600=VECTOR('',#8599,1.0);
#8601=LINE('',#8598,#8600);
#8602=CARTESIAN_POINT('',(-49.638656257341118,5.085718917846681,8.372268208405764));
#8603=TRIMMED_CURVE('',#8601,(PARAMETER_VALUE(0.0),#8598),(PARAMETER_VALUE(1.0),#8602),.T.,.PARAMETER.);
#8609=(BOUNDED_CURVE()CURVE()GEOMETRIC_REPRESENTATION_ITEM()REPRESENTATION_ITEM('')SURFACE_CURVE(#8603,(#8545),.CURVE_3D.));
#8610=COMPOSITE_CURVE_SEGMENT(.CONTINUOUS.,.T.,#8609);
#8611=CARTESIAN_POINT('',(-49.638656257341118,5.085718917846681,8.372268208405764));
#8612=DIRECTION('',(0.0,-1.0,0.0));
#8613=VECTOR('',#8612,3.275735931288072);
#8614=LINE('',#8611,#8613);
#8615=CARTESIAN_POINT('',(-49.638656257341118,1.809982986558610,8.372268208405764));
#8616=TRIMMED_CURVE('',#8614,(PARAMETER_VALUE(0.0),#8611),(PARAMETER_VALUE(1.0),#8615),.T.,.PARAMETER.);
#8622=(BOUNDED_CURVE()CURVE()GEOMETRIC_REPRESENTATION_ITEM()REPRESENTATION_ITEM('')SURFACE_CURVE(#8616,(#8545),.CURVE_3D.));
#8623=COMPOSITE_CURVE_SEGMENT(.CONTINUOUS.,.T.,#8622);
#8624=OUTER_BOUNDARY_CURVE('',(#8558,#8571,#8584,#8597,#8610,#8623),.U.);
#8625=CURVE_BOUNDED_SURFACE('',#8545,(#8624),.F.);
#8626=STYLED_ITEM('',(#8627),#8625);
#8627=PRESENTATION_STYLE_ASSIGNMENT((#8628));
#8628=SURFACE_STYLE_USAGE(.POSITIVE.,#8629);
#8629=SURFACE_SIDE_STYLE('',(#8630));
#8630=SURFACE_STYLE_FILL_AREA(#8631);
#8631=FILL_AREA_STYLE('',(#8632));
#8632=FILL_AREA_STYLE_COLOUR('',#8633);
#8633=COLOUR_RGB('',0.705882352941176,0.470588235294118,0.470588235294118);
#8634=PRESENTATION_LAYER_ASSIGNMENT('7','',(#8625));
#8635=CARTESIAN_POINT('',(-50.638656257341118,1.646196189994205,8.359768208405765));
#8636=DIRECTION('',(-1.0,0.0,0.0));
#8637=DIRECTION('',(0.0,0.0,1.0));
#8638=AXIS2_PLACEMENT_3D('',#8635,#8636,#8637);
#8639=PLANE('',#8638);
#8640=CARTESIAN_POINT('',(-50.638656257341118,1.809982986558610,8.372268208405764));
#8641=DIRECTION('',(0.0,0.0,1.0));
#8642=VECTOR('',#8641,0.249999999999996);
#8643=LINE('',#8640,#8642);
#8644=CARTESIAN_POINT('',(-50.638656257341118,1.809982986558610,8.622268208405760));
#8645=TRIMMED_CURVE('',#8643,(PARAMETER_VALUE(0.0),#8640),(PARAMETER_VALUE(1.0),#8644),.T.,.PARAMETER.);
#8651=(BOUNDED_CURVE()CURVE()GEOMETRIC_REPRESENTATION_ITEM()REPRESENTATION_ITEM('')SURFACE_CURVE(#8645,(#8639),.CURVE_3D.));
#8652=COMPOSITE_CURVE_SEGMENT(.CONTINUOUS.,.T.,#8651);
#8653=CARTESIAN_POINT('',(-50.638656257341118,1.809982986558610,8.622268208405760));
#8654=DIRECTION('',(0.0,1.0,0.0));
#8655=VECTOR('',#8654,3.275735931288073);
#8656=LINE('',#8653,#8655);
#8657=CARTESIAN_POINT('',(-50.638656257341118,5.085718917846682,8.622268208405760));
#8658=TRIMMED_CURVE('',#8656,(PARAMETER_VALUE(0.0),#8653),(PARAMETER_VALUE(1.0),#8657),.T.,.PARAMETER.);
#8664=(BOUNDED_CURVE()CURVE()GEOMETRIC_REPRESENTATION_ITEM()REPRESENTATION_ITEM('')SURFACE_CURVE(#8658,(#8639),.CURVE_3D.));
#8665=COMPOSITE_CURVE_SEGMENT(.CONTINUOUS.,.T.,#8664);
#8666=CARTESIAN_POINT('',(-50.638656257341118,5.085718917846681,8.622268208405760));
#8667=DIRECTION('',(0.0,0.0,-1.0));
#8668=VECTOR('',#8667,0.249999999999996);
#8669=LINE('',#8666,#8668);
#8670=CARTESIAN_POINT('',(-50.638656257341118,5.085718917846681,8.372268208405764));
#8671=TRIMMED_CURVE('',#8669,(PARAMETER_VALUE(0.0),#8666),(PARAMETER_VALUE(1.0),#8670),.T.,.PARAMETER.);
#8677=(BOUNDED_CURVE()CURVE()GEOMETRIC_REPRESENTATION_ITEM()REPRESENTATION_ITEM('')SURFACE_CURVE(#8671,(#8639),.CURVE_3D.));
#8678=COMPOSITE_CURVE_SEGMENT(.CONTINUOUS.,.T.,#8677);
#8679=CARTESIAN_POINT('',(-50.638656257341118,5.085718917846681,8.372268208405764));
#8680=DIRECTION('',(0.0,-1.0,0.0));
#8681=VECTOR('',#8680,3.275735931288072);
#8682=LINE('',#8679,#8681);
#8683=CARTESIAN_POINT('',(-50.638656257341118,1.809982986558610,8.372268208405764));
#8684=TRIMMED_CURVE('',#8682,(PARAMETER_VALUE(0.0),#8679),(PARAMETER_VALUE(1.0),#8683),.T.,.PARAMETER.);
#8690=(BOUNDED_CURVE()CURVE()GEOMETRIC_REPRESENTATION_ITEM()REPRESENTATION_ITEM('')SURFACE_CURVE(#8684,(#8639),.CURVE_3D.));
#8691=COMPOSITE_CURVE_SEGMENT(.CONTINUOUS.,.T.,#8690);
#8692=OUTER_BOUNDARY_CURVE('',(#8652,#8665,#8678,#8691),.U.);
#8693=CURVE_BOUNDED_SURFACE('',#8639,(#8692),.F.);
#8694=STYLED_ITEM('',(#8695),#8693);
#8695=PRESENTATION_STYLE_ASSIGNMENT((#8696));
#8696=SURFACE_STYLE_USAGE(.POSITIVE.,#8697);
#8697=SURFACE_SIDE_STYLE('',(#8698));
#8698=SURFACE_STYLE_FILL_AREA(#8699);
#8699=FILL_AREA_STYLE('',(#8700));
#8700=FILL_AREA_STYLE_COLOUR('',#8701);
#8701=COLOUR_RGB('',0.705882352941176,0.470588235294118,0.470588235294118);
#8702=PRESENTATION_LAYER_ASSIGNMENT('7','',(#8693));
#8703=CARTESIAN_POINT('',(-49.953656257341116,1.049505714411083,1.134768208405760));
#8704=DIRECTION('',(0.923879532511287,-0.382683432365090,0.0));
#8705=DIRECTION('',(0.0,0.0,-1.0));
#8706=AXIS2_PLACEMENT_3D('',#8703,#8704,#8705);
#8707=PLANE('',#8706);
#8708=CARTESIAN_POINT('',(-49.938656257341115,1.085718917846676,0.872268208405760));
#8709=DIRECTION('',(0.382683432365087,0.923879532511288,0.0));
#8710=VECTOR('',#8709,0.783937778925823);
#8711=LINE('',#8708,#8710);
#8712=CARTESIAN_POINT('',(-49.638656257341118,1.809982986558603,0.872268208405760));
#8713=TRIMMED_CURVE('',#8711,(PARAMETER_VALUE(0.0),#8708),(PARAMETER_VALUE(1.0),#8712),.T.,.PARAMETER.);
#8719=(BOUNDED_CURVE()CURVE()GEOMETRIC_REPRESENTATION_ITEM()REPRESENTATION_ITEM('')SURFACE_CURVE(#8713,(#8707),.CURVE_3D.));
#8720=COMPOSITE_CURVE_SEGMENT(.CONTINUOUS.,.T.,#8719);
#8721=CARTESIAN_POINT('',(-49.638656257341118,1.809982986558601,0.872268208405760));
#8722=DIRECTION('',(0.0,0.0,1.0));
#8723=VECTOR('',#8722,0.250000000000000);
#8724=LINE('',#8721,#8723);
#8725=CARTESIAN_POINT('',(-49.638656257341118,1.809982986558601,1.122268208405760));
#8726=TRIMMED_CURVE('',#8724,(PARAMETER_VALUE(0.0),#8721),(PARAMETER_VALUE(1.0),#8725),.T.,.PARAMETER.);
#8732=(BOUNDED_CURVE()CURVE()GEOMETRIC_REPRESENTATION_ITEM()REPRESENTATION_ITEM('')SURFACE_CURVE(#8726,(#8707),.CURVE_3D.));
#8733=COMPOSITE_CURVE_SEGMENT(.CONTINUOUS.,.T.,#8732);
#8734=CARTESIAN_POINT('',(-49.638656257341118,1.809982986558601,1.122268208405760));
#8735=DIRECTION('',(-0.382683432365087,-0.923879532511288,0.0));
#8736=VECTOR('',#8735,0.783937778925823);
#8737=LINE('',#8734,#8736);
#8738=CARTESIAN_POINT('',(-49.938656257341115,1.085718917846674,1.122268208405760));
#8739=TRIMMED_CURVE('',#8737,(PARAMETER_VALUE(0.0),#8734),(PARAMETER_VALUE(1.0),#8738),.T.,.PARAMETER.);
#8745=(BOUNDED_CURVE()CURVE()GEOMETRIC_REPRESENTATION_ITEM()REPRESENTATION_ITEM('')SURFACE_CURVE(#8739,(#8707),.CURVE_3D.));
#8746=COMPOSITE_CURVE_SEGMENT(.CONTINUOUS.,.T.,#8745);
#8747=CARTESIAN_POINT('',(-49.938656257341115,1.085718917846676,1.122268208405760));
#8748=DIRECTION('',(0.0,0.0,-1.0));
#8749=VECTOR('',#8748,0.250000000000000);
#8750=LINE('',#8747,#8749);
#8751=CARTESIAN_POINT('',(-49.938656257341115,1.085718917846676,0.872268208405760));
#8752=TRIMMED_CURVE('',#8750,(PARAMETER_VALUE(0.0),#8747),(PARAMETER_VALUE(1.0),#8751),.T.,.PARAMETER.);
#8758=(BOUNDED_CURVE()CURVE()GEOMETRIC_REPRESENTATION_ITEM()REPRESENTATION_ITEM('')SURFACE_CURVE(#8752,(#8707),.CURVE_3D.));
#8759=COMPOSITE_CURVE_SEGMENT(.CONTINUOUS.,.T.,#8758);
#8760=OUTER_BOUNDARY_CURVE('',(#8720,#8733,#8746,#8759),.U.);
#8761=CURVE_BOUNDED_SURFACE('',#8707,(#8760),.F.);
#8762=STYLED_ITEM('',(#8763),#8761);
#8763=PRESENTATION_STYLE_ASSIGNMENT((#8764));
#8764=SURFACE_STYLE_USAGE(.POSITIVE.,#8765);
#8765=SURFACE_SIDE_STYLE('',(#8766));
#8766=SURFACE_STYLE_FILL_AREA(#8767);
#8767=FILL_AREA_STYLE('',(#8768));
#8768=FILL_AREA_STYLE_COLOUR('',#8769);
#8769=COLOUR_RGB('',0.705882352941176,0.470588235294118,0.470588235294118);
#8770=PRESENTATION_LAYER_ASSIGNMENT('7','',(#8761));
#8771=CARTESIAN_POINT('',(-49.588656257341121,0.885718917846681,0.872268208405760));
#8772=DIRECTION('',(0.0,0.0,-1.0));
#8773=DIRECTION('',(-1.0,0.0,0.0));
#8774=AXIS2_PLACEMENT_3D('',#8771,#8772,#8773);
#8775=PLANE('',#8774);
#8776=CARTESIAN_POINT('',(-49.638656257341118,1.809982986558610,0.872268208405760));
#8777=DIRECTION('',(-0.382683432365095,-0.923879532511285,0.0));
#8778=VECTOR('',#8777,0.783937778925827);
#8779=LINE('',#8776,#8778);
#8780=CARTESIAN_POINT('',(-49.938656257341123,1.085718917846682,0.872268208405760));
#8781=TRIMMED_CURVE('',#8779,(PARAMETER_VALUE(0.0),#8776),(PARAMETER_VALUE(1.0),#8780),.T.,.PARAMETER.);
#8787=(BOUNDED_CURVE()CURVE()GEOMETRIC_REPRESENTATION_ITEM()REPRESENTATION_ITEM('')SURFACE_CURVE(#8781,(#8775),.CURVE_3D.));
#8788=COMPOSITE_CURVE_SEGMENT(.CONTINUOUS.,.T.,#8787);
#8789=CARTESIAN_POINT('',(-49.938656257341123,1.085718917846680,0.872268208405760));
#8790=DIRECTION('',(-1.0,0.0,0.0));
#8791=VECTOR('',#8790,0.399999999999999);
#8792=LINE('',#8789,#8791);
#8793=CARTESIAN_POINT('',(-50.338656257341121,1.085718917846680,0.872268208405760));
#8794=TRIMMED_CURVE('',#8792,(PARAMETER_VALUE(0.0),#8789),(PARAMETER_VALUE(1.0),#8793),.T.,.PARAMETER.);
#8800=(BOUNDED_CURVE()CURVE()GEOMETRIC_REPRESENTATION_ITEM()REPRESENTATION_ITEM('')SURFACE_CURVE(#8794,(#8775),.CURVE_3D.));
#8801=COMPOSITE_CURVE_SEGMENT(.CONTINUOUS.,.T.,#8800);
#8802=CARTESIAN_POINT('',(-50.338656257341121,1.085718917846680,0.872268208405760));
#8803=DIRECTION('',(-0.382683432365095,0.923879532511285,0.0));
#8804=VECTOR('',#8803,0.783937778925827);
#8805=LINE('',#8802,#8804);
#8806=CARTESIAN_POINT('',(-50.638656257341125,1.809982986558608,0.872268208405760));
#8807=TRIMMED_CURVE('',#8805,(PARAMETER_VALUE(0.0),#8802),(PARAMETER_VALUE(1.0),#8806),.T.,.PARAMETER.);
#8813=(BOUNDED_CURVE()CURVE()GEOMETRIC_REPRESENTATION_ITEM()REPRESENTATION_ITEM('')SURFACE_CURVE(#8807,(#8775),.CURVE_3D.));
#8814=COMPOSITE_CURVE_SEGMENT(.CONTINUOUS.,.T.,#8813);
#8815=CARTESIAN_POINT('',(-50.638656257341140,1.809982986558610,0.872268208405760));
#8816=DIRECTION('',(0.0,1.0,0.0));
#8817=VECTOR('',#8816,3.275735931288071);
#8818=LINE('',#8815,#8817);
#8819=CARTESIAN_POINT('',(-50.638656257341140,5.085718917846681,0.872268208405760));
#8820=TRIMMED_CURVE('',#8818,(PARAMETER_VALUE(0.0),#8815),(PARAMETER_VALUE(1.0),#8819),.T.,.PARAMETER.);
#8826=(BOUNDED_CURVE()CURVE()GEOMETRIC_REPRESENTATION_ITEM()REPRESENTATION_ITEM('')SURFACE_CURVE(#8820,(#8775),.CURVE_3D.));
#8827=COMPOSITE_CURVE_SEGMENT(.CONTINUOUS.,.T.,#8826);
#8828=CARTESIAN_POINT('',(-50.638656257341140,5.085718917846681,0.872268208405760));
#8829=DIRECTION('',(1.0,0.0,0.0));
#8830=VECTOR('',#8829,1.0);
#8831=LINE('',#8828,#8830);
#8832=CARTESIAN_POINT('',(-49.638656257341140,5.085718917846681,0.872268208405760));
#8833=TRIMMED_CURVE('',#8831,(PARAMETER_VALUE(0.0),#8828),(PARAMETER_VALUE(1.0),#8832),.T.,.PARAMETER.);
#8839=(BOUNDED_CURVE()CURVE()GEOMETRIC_REPRESENTATION_ITEM()REPRESENTATION_ITEM('')SURFACE_CURVE(#8833,(#8775),.CURVE_3D.));
#8840=COMPOSITE_CURVE_SEGMENT(.CONTINUOUS.,.T.,#8839);
#8841=CARTESIAN_POINT('',(-49.638656257341140,5.085718917846681,0.872268208405760));
#8842=DIRECTION('',(0.0,-1.0,0.0));
#8843=VECTOR('',#8842,3.275735931288072);
#8844=LINE('',#8841,#8843);
#8845=CARTESIAN_POINT('',(-49.638656257341140,1.809982986558610,0.872268208405760));
#8846=TRIMMED_CURVE('',#8844,(PARAMETER_VALUE(0.0),#8841),(PARAMETER_VALUE(1.0),#8845),.T.,.PARAMETER.);
#8852=(BOUNDED_CURVE()CURVE()GEOMETRIC_REPRESENTATION_ITEM()REPRESENTATION_ITEM('')SURFACE_CURVE(#8846,(#8775),.CURVE_3D.));
#8853=COMPOSITE_CURVE_SEGMENT(.CONTINUOUS.,.T.,#8852);
#8854=OUTER_BOUNDARY_CURVE('',(#8788,#8801,#8814,#8827,#8840,#8853),.U.);
#8855=CURVE_BOUNDED_SURFACE('',#8775,(#8854),.F.);
#8856=STYLED_ITEM('',(#8857),#8855);
#8857=PRESENTATION_STYLE_ASSIGNMENT((#8858));
#8858=SURFACE_STYLE_USAGE(.POSITIVE.,#8859);
#8859=SURFACE_SIDE_STYLE('',(#8860));
#8860=SURFACE_STYLE_FILL_AREA(#8861);
#8861=FILL_AREA_STYLE('',(#8862));
#8862=FILL_AREA_STYLE_COLOUR('',#8863);
#8863=COLOUR_RGB('',0.705882352941176,0.470588235294118,0.470588235294118);
#8864=PRESENTATION_LAYER_ASSIGNMENT('7','',(#8855));
#8865=CARTESIAN_POINT('',(-50.358656257341117,1.085718917846680,0.859768208405760));
#8866=DIRECTION('',(0.0,1.0,0.0));
#8867=DIRECTION('',(0.0,0.0,1.0));
#8868=AXIS2_PLACEMENT_3D('',#8865,#8866,#8867);
#8869=PLANE('',#8868);
#8870=CARTESIAN_POINT('',(-49.938656257341123,1.085718917846680,0.872268208405760));
#8871=DIRECTION('',(-1.0,0.0,0.0));
#8872=VECTOR('',#8871,0.399999999999999);
#8873=LINE('',#8870,#8872);
#8874=CARTESIAN_POINT('',(-50.338656257341121,1.085718917846680,0.872268208405760));
#8875=TRIMMED_CURVE('',#8873,(PARAMETER_VALUE(0.0),#8870),(PARAMETER_VALUE(1.0),#8874),.T.,.PARAMETER.);
#8881=(BOUNDED_CURVE()CURVE()GEOMETRIC_REPRESENTATION_ITEM()REPRESENTATION_ITEM('')SURFACE_CURVE(#8875,(#8869),.CURVE_3D.));
#8882=COMPOSITE_CURVE_SEGMENT(.CONTINUOUS.,.T.,#8881);
#8883=CARTESIAN_POINT('',(-50.338656257341121,1.085718917846680,0.872268208405760));
#8884=DIRECTION('',(0.0,0.0,1.0));
#8885=VECTOR('',#8884,0.250000000000000);
#8886=LINE('',#8883,#8885);
#8887=CARTESIAN_POINT('',(-50.338656257341121,1.085718917846680,1.122268208405760));
#8888=TRIMMED_CURVE('',#8886,(PARAMETER_VALUE(0.0),#8883),(PARAMETER_VALUE(1.0),#8887),.T.,.PARAMETER.);
#8894=(BOUNDED_CURVE()CURVE()GEOMETRIC_REPRESENTATION_ITEM()REPRESENTATION_ITEM('')SURFACE_CURVE(#8888,(#8869),.CURVE_3D.));
#8895=COMPOSITE_CURVE_SEGMENT(.CONTINUOUS.,.T.,#8894);
#8896=CARTESIAN_POINT('',(-50.338656257341121,1.085718917846680,1.122268208405760));
#8897=DIRECTION('',(1.0,0.0,0.0));
#8898=VECTOR('',#8897,0.399999999999999);
#8899=LINE('',#8896,#8898);
#8900=CARTESIAN_POINT('',(-49.938656257341123,1.085718917846680,1.122268208405760));
#8901=TRIMMED_CURVE('',#8899,(PARAMETER_VALUE(0.0),#8896),(PARAMETER_VALUE(1.0),#8900),.T.,.PARAMETER.);
#8907=(BOUNDED_CURVE()CURVE()GEOMETRIC_REPRESENTATION_ITEM()REPRESENTATION_ITEM('')SURFACE_CURVE(#8901,(#8869),.CURVE_3D.));
#8908=COMPOSITE_CURVE_SEGMENT(.CONTINUOUS.,.T.,#8907);
#8909=CARTESIAN_POINT('',(-49.938656257341123,1.085718917846680,1.122268208405760));
#8910=DIRECTION('',(0.0,0.0,-1.0));
#8911=VECTOR('',#8910,0.250000000000000);
#8912=LINE('',#8909,#8911);
#8913=CARTESIAN_POINT('',(-49.938656257341123,1.085718917846680,0.872268208405760));
#8914=TRIMMED_CURVE('',#8912,(PARAMETER_VALUE(0.0),#8909),(PARAMETER_VALUE(1.0),#8913),.T.,.PARAMETER.);
#8920=(BOUNDED_CURVE()CURVE()GEOMETRIC_REPRESENTATION_ITEM()REPRESENTATION_ITEM('')SURFACE_CURVE(#8914,(#8869),.CURVE_3D.));
#8921=COMPOSITE_CURVE_SEGMENT(.CONTINUOUS.,.T.,#8920);
#8922=OUTER_BOUNDARY_CURVE('',(#8882,#8895,#8908,#8921),.U.);
#8923=CURVE_BOUNDED_SURFACE('',#8869,(#8922),.F.);
#8924=STYLED_ITEM('',(#8925),#8923);
#8925=PRESENTATION_STYLE_ASSIGNMENT((#8926));
#8926=SURFACE_STYLE_USAGE(.POSITIVE.,#8927);
#8927=SURFACE_SIDE_STYLE('',(#8928));
#8928=SURFACE_STYLE_FILL_AREA(#8929);
#8929=FILL_AREA_STYLE('',(#8930));
#8930=FILL_AREA_STYLE_COLOUR('',#8931);
#8931=COLOUR_RGB('',0.705882352941176,0.470588235294118,0.470588235294118);
#8932=PRESENTATION_LAYER_ASSIGNMENT('7','',(#8923));
#8933=CARTESIAN_POINT('',(-50.323656257341113,1.049505714411085,0.859768208405760));
#8934=DIRECTION('',(-0.923879532511287,-0.382683432365090,0.0));
#8935=DIRECTION('',(0.0,0.0,1.0));
#8936=AXIS2_PLACEMENT_3D('',#8933,#8934,#8935);
#8937=PLANE('',#8936);
#8938=CARTESIAN_POINT('',(-50.338656257341114,1.085718917846686,1.122268208405760));
#8939=DIRECTION('',(-0.382683432365095,0.923879532511285,0.0));
#8940=VECTOR('',#8939,0.783937778925826);
#8941=LINE('',#8938,#8940);
#8942=CARTESIAN_POINT('',(-50.638656257341118,1.809982986558613,1.122268208405760));
#8943=TRIMMED_CURVE('',#8941,(PARAMETER_VALUE(0.0),#8938),(PARAMETER_VALUE(1.0),#8942),.T.,.PARAMETER.);
#8949=(BOUNDED_CURVE()CURVE()GEOMETRIC_REPRESENTATION_ITEM()REPRESENTATION_ITEM('')SURFACE_CURVE(#8943,(#8937),.CURVE_3D.));
#8950=COMPOSITE_CURVE_SEGMENT(.CONTINUOUS.,.T.,#8949);
#8951=CARTESIAN_POINT('',(-50.638656257341111,1.809982986558613,1.122268208405760));
#8952=DIRECTION('',(0.0,0.0,-1.0));
#8953=VECTOR('',#8952,0.250000000000000);
#8954=LINE('',#8951,#8953);
#8955=CARTESIAN_POINT('',(-50.638656257341111,1.809982986558613,0.872268208405760));
#8956=TRIMMED_CURVE('',#8954,(PARAMETER_VALUE(0.0),#8951),(PARAMETER_VALUE(1.0),#8955),.T.,.PARAMETER.);
#8962=(BOUNDED_CURVE()CURVE()GEOMETRIC_REPRESENTATION_ITEM()REPRESENTATION_ITEM('')SURFACE_CURVE(#8956,(#8937),.CURVE_3D.));
#8963=COMPOSITE_CURVE_SEGMENT(.CONTINUOUS.,.T.,#8962);
#8964=CARTESIAN_POINT('',(-50.638656257341118,1.809982986558614,0.872268208405760));
#8965=DIRECTION('',(0.382683432365095,-0.923879532511285,0.0));
#8966=VECTOR('',#8965,0.783937778925826);
#8967=LINE('',#8964,#8966);
#8968=CARTESIAN_POINT('',(-50.338656257341114,1.085718917846687,0.872268208405760));
#8969=TRIMMED_CURVE('',#8967,(PARAMETER_VALUE(0.0),#8964),(PARAMETER_VALUE(1.0),#8968),.T.,.PARAMETER.);
#8975=(BOUNDED_CURVE()CURVE()GEOMETRIC_REPRESENTATION_ITEM()REPRESENTATION_ITEM('')SURFACE_CURVE(#8969,(#8937),.CURVE_3D.));
#8976=COMPOSITE_CURVE_SEGMENT(.CONTINUOUS.,.T.,#8975);
#8977=CARTESIAN_POINT('',(-50.338656257341114,1.085718917846686,0.872268208405760));
#8978=DIRECTION('',(0.0,0.0,1.0));
#8979=VECTOR('',#8978,0.250000000000000);
#8980=LINE('',#8977,#8979);
#8981=CARTESIAN_POINT('',(-50.338656257341114,1.085718917846686,1.122268208405760));
#8982=TRIMMED_CURVE('',#8980,(PARAMETER_VALUE(0.0),#8977),(PARAMETER_VALUE(1.0),#8981),.T.,.PARAMETER.);
#8988=(BOUNDED_CURVE()CURVE()GEOMETRIC_REPRESENTATION_ITEM()REPRESENTATION_ITEM('')SURFACE_CURVE(#8982,(#8937),.CURVE_3D.));
#8989=COMPOSITE_CURVE_SEGMENT(.CONTINUOUS.,.T.,#8988);
#8990=OUTER_BOUNDARY_CURVE('',(#8950,#8963,#8976,#8989),.U.);
#8991=CURVE_BOUNDED_SURFACE('',#8937,(#8990),.F.);
#8992=STYLED_ITEM('',(#8993),#8991);
#8993=PRESENTATION_STYLE_ASSIGNMENT((#8994));
#8994=SURFACE_STYLE_USAGE(.POSITIVE.,#8995);
#8995=SURFACE_SIDE_STYLE('',(#8996));
#8996=SURFACE_STYLE_FILL_AREA(#8997);
#8997=FILL_AREA_STYLE('',(#8998));
#8998=FILL_AREA_STYLE_COLOUR('',#8999);
#8999=COLOUR_RGB('',0.705882352941176,0.470588235294118,0.470588235294118);
#9000=PRESENTATION_LAYER_ASSIGNMENT('7','',(#8991));
#9001=CARTESIAN_POINT('',(-44.953656257341116,1.049505714411083,1.134768208405761));
#9002=DIRECTION('',(0.923879532511287,-0.382683432365090,0.0));
#9003=DIRECTION('',(0.0,0.0,-1.0));
#9004=AXIS2_PLACEMENT_3D('',#9001,#9002,#9003);
#9005=PLANE('',#9004);
#9006=CARTESIAN_POINT('',(-44.938656257341115,1.085718917846676,0.872268208405761));
#9007=DIRECTION('',(0.382683432365087,0.923879532511288,0.0));
#9008=VECTOR('',#9007,0.783937778925823);
#9009=LINE('',#9006,#9008);
#9010=CARTESIAN_POINT('',(-44.638656257341118,1.809982986558603,0.872268208405761));
#9011=TRIMMED_CURVE('',#9009,(PARAMETER_VALUE(0.0),#9006),(PARAMETER_VALUE(1.0),#9010),.T.,.PARAMETER.);
#9017=(BOUNDED_CURVE()CURVE()GEOMETRIC_REPRESENTATION_ITEM()REPRESENTATION_ITEM('')SURFACE_CURVE(#9011,(#9005),.CURVE_3D.));
#9018=COMPOSITE_CURVE_SEGMENT(.CONTINUOUS.,.T.,#9017);
#9019=CARTESIAN_POINT('',(-44.638656257341118,1.809982986558601,0.872268208405761));
#9020=DIRECTION('',(0.0,0.0,1.0));
#9021=VECTOR('',#9020,0.250000000000000);
#9022=LINE('',#9019,#9021);
#9023=CARTESIAN_POINT('',(-44.638656257341118,1.809982986558601,1.122268208405761));
#9024=TRIMMED_CURVE('',#9022,(PARAMETER_VALUE(0.0),#9019),(PARAMETER_VALUE(1.0),#9023),.T.,.PARAMETER.);
#9030=(BOUNDED_CURVE()CURVE()GEOMETRIC_REPRESENTATION_ITEM()REPRESENTATION_ITEM('')SURFACE_CURVE(#9024,(#9005),.CURVE_3D.));
#9031=COMPOSITE_CURVE_SEGMENT(.CONTINUOUS.,.T.,#9030);
#9032=CARTESIAN_POINT('',(-44.638656257341118,1.809982986558601,1.122268208405761));
#9033=DIRECTION('',(-0.382683432365087,-0.923879532511288,0.0));
#9034=VECTOR('',#9033,0.783937778925823);
#9035=LINE('',#9032,#9034);
#9036=CARTESIAN_POINT('',(-44.938656257341115,1.085718917846674,1.122268208405761));
#9037=TRIMMED_CURVE('',#9035,(PARAMETER_VALUE(0.0),#9032),(PARAMETER_VALUE(1.0),#9036),.T.,.PARAMETER.);
#9043=(BOUNDED_CURVE()CURVE()GEOMETRIC_REPRESENTATION_ITEM()REPRESENTATION_ITEM('')SURFACE_CURVE(#9037,(#9005),.CURVE_3D.));
#9044=COMPOSITE_CURVE_SEGMENT(.CONTINUOUS.,.T.,#9043);
#9045=CARTESIAN_POINT('',(-44.938656257341115,1.085718917846676,1.122268208405761));
#9046=DIRECTION('',(0.0,0.0,-1.0));
#9047=VECTOR('',#9046,0.250000000000000);
#9048=LINE('',#9045,#9047);
#9049=CARTESIAN_POINT('',(-44.938656257341115,1.085718917846676,0.872268208405761));
#9050=TRIMMED_CURVE('',#9048,(PARAMETER_VALUE(0.0),#9045),(PARAMETER_VALUE(1.0),#9049),.T.,.PARAMETER.);
#9056=(BOUNDED_CURVE()CURVE()GEOMETRIC_REPRESENTATION_ITEM()REPRESENTATION_ITEM('')SURFACE_CURVE(#9050,(#9005),.CURVE_3D.));
#9057=COMPOSITE_CURVE_SEGMENT(.CONTINUOUS.,.T.,#9056);
#9058=OUTER_BOUNDARY_CURVE('',(#9018,#9031,#9044,#9057),.U.);
#9059=CURVE_BOUNDED_SURFACE('',#9005,(#9058),.F.);
#9060=STYLED_ITEM('',(#9061),#9059);
#9061=PRESENTATION_STYLE_ASSIGNMENT((#9062));
#9062=SURFACE_STYLE_USAGE(.POSITIVE.,#9063);
#9063=SURFACE_SIDE_STYLE('',(#9064));
#9064=SURFACE_STYLE_FILL_AREA(#9065);
#9065=FILL_AREA_STYLE('',(#9066));
#9066=FILL_AREA_STYLE_COLOUR('',#9067);
#9067=COLOUR_RGB('',0.705882352941176,0.470588235294118,0.470588235294118);
#9068=PRESENTATION_LAYER_ASSIGNMENT('7','',(#9059));
#9069=CARTESIAN_POINT('',(-44.588656257341121,0.885718917846681,0.872268208405761));
#9070=DIRECTION('',(0.0,0.0,-1.0));
#9071=DIRECTION('',(-1.0,0.0,0.0));
#9072=AXIS2_PLACEMENT_3D('',#9069,#9070,#9071);
#9073=PLANE('',#9072);
#9074=CARTESIAN_POINT('',(-44.638656257341118,1.809982986558610,0.872268208405761));
#9075=DIRECTION('',(-0.382683432365095,-0.923879532511285,0.0));
#9076=VECTOR('',#9075,0.783937778925827);
#9077=LINE('',#9074,#9076);
#9078=CARTESIAN_POINT('',(-44.938656257341123,1.085718917846682,0.872268208405761));
#9079=TRIMMED_CURVE('',#9077,(PARAMETER_VALUE(0.0),#9074),(PARAMETER_VALUE(1.0),#9078),.T.,.PARAMETER.);
#9085=(BOUNDED_CURVE()CURVE()GEOMETRIC_REPRESENTATION_ITEM()REPRESENTATION_ITEM('')SURFACE_CURVE(#9079,(#9073),.CURVE_3D.));
#9086=COMPOSITE_CURVE_SEGMENT(.CONTINUOUS.,.T.,#9085);
#9087=CARTESIAN_POINT('',(-44.938656257341123,1.085718917846680,0.872268208405761));
#9088=DIRECTION('',(-1.0,0.0,0.0));
#9089=VECTOR('',#9088,0.399999999999999);
#9090=LINE('',#9087,#9089);
#9091=CARTESIAN_POINT('',(-45.338656257341121,1.085718917846680,0.872268208405761));
#9092=TRIMMED_CURVE('',#9090,(PARAMETER_VALUE(0.0),#9087),(PARAMETER_VALUE(1.0),#9091),.T.,.PARAMETER.);
#9098=(BOUNDED_CURVE()CURVE()GEOMETRIC_REPRESENTATION_ITEM()REPRESENTATION_ITEM('')SURFACE_CURVE(#9092,(#9073),.CURVE_3D.));
#9099=COMPOSITE_CURVE_SEGMENT(.CONTINUOUS.,.T.,#9098);
#9100=CARTESIAN_POINT('',(-45.338656257341121,1.085718917846680,0.872268208405761));
#9101=DIRECTION('',(-0.382683432365087,0.923879532511288,0.0));
#9102=VECTOR('',#9101,0.783937778925825);
#9103=LINE('',#9100,#9102);
#9104=CARTESIAN_POINT('',(-45.638656257341118,1.809982986558608,0.872268208405761));
#9105=TRIMMED_CURVE('',#9103,(PARAMETER_VALUE(0.0),#9100),(PARAMETER_VALUE(1.0),#9104),.T.,.PARAMETER.);
#9111=(BOUNDED_CURVE()CURVE()GEOMETRIC_REPRESENTATION_ITEM()REPRESENTATION_ITEM('')SURFACE_CURVE(#9105,(#9073),.CURVE_3D.));
#9112=COMPOSITE_CURVE_SEGMENT(.CONTINUOUS.,.T.,#9111);
#9113=CARTESIAN_POINT('',(-45.638656257341118,1.809982986558610,0.872268208405761));
#9114=DIRECTION('',(0.0,1.0,0.0));
#9115=VECTOR('',#9114,3.275735931288071);
#9116=LINE('',#9113,#9115);
#9117=CARTESIAN_POINT('',(-45.638656257341118,5.085718917846681,0.872268208405761));
#9118=TRIMMED_CURVE('',#9116,(PARAMETER_VALUE(0.0),#9113),(PARAMETER_VALUE(1.0),#9117),.T.,.PARAMETER.);
#9124=(BOUNDED_CURVE()CURVE()GEOMETRIC_REPRESENTATION_ITEM()REPRESENTATION_ITEM('')SURFACE_CURVE(#9118,(#9073),.CURVE_3D.));
#9125=COMPOSITE_CURVE_SEGMENT(.CONTINUOUS.,.T.,#9124);
#9126=CARTESIAN_POINT('',(-45.638656257341118,5.085718917846681,0.872268208405761));
#9127=DIRECTION('',(1.0,0.0,0.0));
#9128=VECTOR('',#9127,1.0);
#9129=LINE('',#9126,#9128);
#9130=CARTESIAN_POINT('',(-44.638656257341118,5.085718917846681,0.872268208405761));
#9131=TRIMMED_CURVE('',#9129,(PARAMETER_VALUE(0.0),#9126),(PARAMETER_VALUE(1.0),#9130),.T.,.PARAMETER.);
#9137=(BOUNDED_CURVE()CURVE()GEOMETRIC_REPRESENTATION_ITEM()REPRESENTATION_ITEM('')SURFACE_CURVE(#9131,(#9073),.CURVE_3D.));
#9138=COMPOSITE_CURVE_SEGMENT(.CONTINUOUS.,.T.,#9137);
#9139=CARTESIAN_POINT('',(-44.638656257341118,5.085718917846681,0.872268208405761));
#9140=DIRECTION('',(0.0,-1.0,0.0));
#9141=VECTOR('',#9140,3.275735931288072);
#9142=LINE('',#9139,#9141);
#9143=CARTESIAN_POINT('',(-44.638656257341118,1.809982986558610,0.872268208405761));
#9144=TRIMMED_CURVE('',#9142,(PARAMETER_VALUE(0.0),#9139),(PARAMETER_VALUE(1.0),#9143),.T.,.PARAMETER.);
#9150=(BOUNDED_CURVE()CURVE()GEOMETRIC_REPRESENTATION_ITEM()REPRESENTATION_ITEM('')SURFACE_CURVE(#9144,(#9073),.CURVE_3D.));
#9151=COMPOSITE_CURVE_SEGMENT(.CONTINUOUS.,.T.,#9150);
#9152=OUTER_BOUNDARY_CURVE('',(#9086,#9099,#9112,#9125,#9138,#9151),.U.);
#9153=CURVE_BOUNDED_SURFACE('',#9073,(#9152),.F.);
#9154=STYLED_ITEM('',(#9155),#9153);
#9155=PRESENTATION_STYLE_ASSIGNMENT((#9156));
#9156=SURFACE_STYLE_USAGE(.POSITIVE.,#9157);
#9157=SURFACE_SIDE_STYLE('',(#9158));
#9158=SURFACE_STYLE_FILL_AREA(#9159);
#9159=FILL_AREA_STYLE('',(#9160));
#9160=FILL_AREA_STYLE_COLOUR('',#9161);
#9161=COLOUR_RGB('',0.705882352941176,0.470588235294118,0.470588235294118);
#9162=PRESENTATION_LAYER_ASSIGNMENT('7','',(#9153));
#9163=CARTESIAN_POINT('',(-45.358656257341117,1.085718917846680,0.859768208405761));
#9164=DIRECTION('',(0.0,1.0,0.0));
#9165=DIRECTION('',(0.0,0.0,1.0));
#9166=AXIS2_PLACEMENT_3D('',#9163,#9164,#9165);
#9167=PLANE('',#9166);
#9168=CARTESIAN_POINT('',(-44.938656257341123,1.085718917846680,0.872268208405761));
#9169=DIRECTION('',(-1.0,0.0,0.0));
#9170=VECTOR('',#9169,0.399999999999999);
#9171=LINE('',#9168,#9170);
#9172=CARTESIAN_POINT('',(-45.338656257341121,1.085718917846680,0.872268208405761));
#9173=TRIMMED_CURVE('',#9171,(PARAMETER_VALUE(0.0),#9168),(PARAMETER_VALUE(1.0),#9172),.T.,.PARAMETER.);
#9179=(BOUNDED_CURVE()CURVE()GEOMETRIC_REPRESENTATION_ITEM()REPRESENTATION_ITEM('')SURFACE_CURVE(#9173,(#9167),.CURVE_3D.));
#9180=COMPOSITE_CURVE_SEGMENT(.CONTINUOUS.,.T.,#9179);
#9181=CARTESIAN_POINT('',(-45.338656257341121,1.085718917846680,0.872268208405761));
#9182=DIRECTION('',(0.0,0.0,1.0));
#9183=VECTOR('',#9182,0.250000000000000);
#9184=LINE('',#9181,#9183);
#9185=CARTESIAN_POINT('',(-45.338656257341121,1.085718917846680,1.122268208405761));
#9186=TRIMMED_CURVE('',#9184,(PARAMETER_VALUE(0.0),#9181),(PARAMETER_VALUE(1.0),#9185),.T.,.PARAMETER.);
#9192=(BOUNDED_CURVE()CURVE()GEOMETRIC_REPRESENTATION_ITEM()REPRESENTATION_ITEM('')SURFACE_CURVE(#9186,(#9167),.CURVE_3D.));
#9193=COMPOSITE_CURVE_SEGMENT(.CONTINUOUS.,.T.,#9192);
#9194=CARTESIAN_POINT('',(-45.338656257341121,1.085718917846680,1.122268208405761));
#9195=DIRECTION('',(1.0,0.0,0.0));
#9196=VECTOR('',#9195,0.399999999999999);
#9197=LINE('',#9194,#9196);
#9198=CARTESIAN_POINT('',(-44.938656257341123,1.085718917846680,1.122268208405761));
#9199=TRIMMED_CURVE('',#9197,(PARAMETER_VALUE(0.0),#9194),(PARAMETER_VALUE(1.0),#9198),.T.,.PARAMETER.);
#9205=(BOUNDED_CURVE()CURVE()GEOMETRIC_REPRESENTATION_ITEM()REPRESENTATION_ITEM('')SURFACE_CURVE(#9199,(#9167),.CURVE_3D.));
#9206=COMPOSITE_CURVE_SEGMENT(.CONTINUOUS.,.T.,#9205);
#9207=CARTESIAN_POINT('',(-44.938656257341123,1.085718917846680,1.122268208405761));
#9208=DIRECTION('',(0.0,0.0,-1.0));
#9209=VECTOR('',#9208,0.250000000000000);
#9210=LINE('',#9207,#9209);
#9211=CARTESIAN_POINT('',(-44.938656257341123,1.085718917846680,0.872268208405761));
#9212=TRIMMED_CURVE('',#9210,(PARAMETER_VALUE(0.0),#9207),(PARAMETER_VALUE(1.0),#9211),.T.,.PARAMETER.);
#9218=(BOUNDED_CURVE()CURVE()GEOMETRIC_REPRESENTATION_ITEM()REPRESENTATION_ITEM('')SURFACE_CURVE(#9212,(#9167),.CURVE_3D.));
#9219=COMPOSITE_CURVE_SEGMENT(.CONTINUOUS.,.T.,#9218);
#9220=OUTER_BOUNDARY_CURVE('',(#9180,#9193,#9206,#9219),.U.);
#9221=CURVE_BOUNDED_SURFACE('',#9167,(#9220),.F.);
#9222=STYLED_ITEM('',(#9223),#9221);
#9223=PRESENTATION_STYLE_ASSIGNMENT((#9224));
#9224=SURFACE_STYLE_USAGE(.POSITIVE.,#9225);
#9225=SURFACE_SIDE_STYLE('',(#9226));
#9226=SURFACE_STYLE_FILL_AREA(#9227);
#9227=FILL_AREA_STYLE('',(#9228));
#9228=FILL_AREA_STYLE_COLOUR('',#9229);
#9229=COLOUR_RGB('',0.705882352941176,0.470588235294118,0.470588235294118);
#9230=PRESENTATION_LAYER_ASSIGNMENT('7','',(#9221));
#9231=CARTESIAN_POINT('',(-45.323656257341113,1.049505714411085,0.859768208405761));
#9232=DIRECTION('',(-0.923879532511287,-0.382683432365090,0.0));
#9233=DIRECTION('',(0.0,0.0,1.0));
#9234=AXIS2_PLACEMENT_3D('',#9231,#9232,#9233);
#9235=PLANE('',#9234);
#9236=CARTESIAN_POINT('',(-45.338656257341114,1.085718917846686,1.122268208405761));
#9237=DIRECTION('',(-0.382683432365095,0.923879532511285,0.0));
#9238=VECTOR('',#9237,0.783937778925826);
#9239=LINE('',#9236,#9238);
#9240=CARTESIAN_POINT('',(-45.638656257341118,1.809982986558613,1.122268208405761));
#9241=TRIMMED_CURVE('',#9239,(PARAMETER_VALUE(0.0),#9236),(PARAMETER_VALUE(1.0),#9240),.T.,.PARAMETER.);
#9247=(BOUNDED_CURVE()CURVE()GEOMETRIC_REPRESENTATION_ITEM()REPRESENTATION_ITEM('')SURFACE_CURVE(#9241,(#9235),.CURVE_3D.));
#9248=COMPOSITE_CURVE_SEGMENT(.CONTINUOUS.,.T.,#9247);
#9249=CARTESIAN_POINT('',(-45.638656257341118,1.809982986558614,1.122268208405761));
#9250=DIRECTION('',(0.0,0.0,-1.0));
#9251=VECTOR('',#9250,0.250000000000000);
#9252=LINE('',#9249,#9251);
#9253=CARTESIAN_POINT('',(-45.638656257341118,1.809982986558614,0.872268208405761));
#9254=TRIMMED_CURVE('',#9252,(PARAMETER_VALUE(0.0),#9249),(PARAMETER_VALUE(1.0),#9253),.T.,.PARAMETER.);
#9260=(BOUNDED_CURVE()CURVE()GEOMETRIC_REPRESENTATION_ITEM()REPRESENTATION_ITEM('')SURFACE_CURVE(#9254,(#9235),.CURVE_3D.));
#9261=COMPOSITE_CURVE_SEGMENT(.CONTINUOUS.,.T.,#9260);
#9262=CARTESIAN_POINT('',(-45.638656257341118,1.809982986558614,0.872268208405761));
#9263=DIRECTION('',(0.382683432365095,-0.923879532511285,0.0));
#9264=VECTOR('',#9263,0.783937778925826);
#9265=LINE('',#9262,#9264);
#9266=CARTESIAN_POINT('',(-45.338656257341114,1.085718917846687,0.872268208405761));
#9267=TRIMMED_CURVE('',#9265,(PARAMETER_VALUE(0.0),#9262),(PARAMETER_VALUE(1.0),#9266),.T.,.PARAMETER.);
#9273=(BOUNDED_CURVE()CURVE()GEOMETRIC_REPRESENTATION_ITEM()REPRESENTATION_ITEM('')SURFACE_CURVE(#9267,(#9235),.CURVE_3D.));
#9274=COMPOSITE_CURVE_SEGMENT(.CONTINUOUS.,.T.,#9273);
#9275=CARTESIAN_POINT('',(-45.338656257341114,1.085718917846686,0.872268208405761));
#9276=DIRECTION('',(0.0,0.0,1.0));
#9277=VECTOR('',#9276,0.250000000000000);
#9278=LINE('',#9275,#9277);
#9279=CARTESIAN_POINT('',(-45.338656257341114,1.085718917846686,1.122268208405761));
#9280=TRIMMED_CURVE('',#9278,(PARAMETER_VALUE(0.0),#9275),(PARAMETER_VALUE(1.0),#9279),.T.,.PARAMETER.);
#9286=(BOUNDED_CURVE()CURVE()GEOMETRIC_REPRESENTATION_ITEM()REPRESENTATION_ITEM('')SURFACE_CURVE(#9280,(#9235),.CURVE_3D.));
#9287=COMPOSITE_CURVE_SEGMENT(.CONTINUOUS.,.T.,#9286);
#9288=OUTER_BOUNDARY_CURVE('',(#9248,#9261,#9274,#9287),.U.);
#9289=CURVE_BOUNDED_SURFACE('',#9235,(#9288),.F.);
#9290=STYLED_ITEM('',(#9291),#9289);
#9291=PRESENTATION_STYLE_ASSIGNMENT((#9292));
#9292=SURFACE_STYLE_USAGE(.POSITIVE.,#9293);
#9293=SURFACE_SIDE_STYLE('',(#9294));
#9294=SURFACE_STYLE_FILL_AREA(#9295);
#9295=FILL_AREA_STYLE('',(#9296));
#9296=FILL_AREA_STYLE_COLOUR('',#9297);
#9297=COLOUR_RGB('',0.705882352941176,0.470588235294118,0.470588235294118);
#9298=PRESENTATION_LAYER_ASSIGNMENT('7','',(#9289));
#9299=CARTESIAN_POINT('',(-40.323656257341121,1.049505714411085,0.859768208405760));
#9300=DIRECTION('',(-0.923879532511288,-0.382683432365088,0.0));
#9301=DIRECTION('',(0.0,0.0,1.0));
#9302=AXIS2_PLACEMENT_3D('',#9299,#9300,#9301);
#9303=PLANE('',#9302);
#9304=CARTESIAN_POINT('',(-40.338656257341121,1.085718917846681,1.122268208405760));
#9305=DIRECTION('',(-0.382683432365087,0.923879532511288,0.0));
#9306=VECTOR('',#9305,0.783937778925825);
#9307=LINE('',#9304,#9306);
#9308=CARTESIAN_POINT('',(-40.638656257341118,1.809982986558610,1.122268208405760));
#9309=TRIMMED_CURVE('',#9307,(PARAMETER_VALUE(0.0),#9304),(PARAMETER_VALUE(1.0),#9308),.T.,.PARAMETER.);
#9315=(BOUNDED_CURVE()CURVE()GEOMETRIC_REPRESENTATION_ITEM()REPRESENTATION_ITEM('')SURFACE_CURVE(#9309,(#9303),.CURVE_3D.));
#9316=COMPOSITE_CURVE_SEGMENT(.CONTINUOUS.,.T.,#9315);
#9317=CARTESIAN_POINT('',(-40.638656257341118,1.809982986558609,1.122268208405760));
#9318=DIRECTION('',(0.0,0.0,-1.0));
#9319=VECTOR('',#9318,0.250000000000000);
#9320=LINE('',#9317,#9319);
#9321=CARTESIAN_POINT('',(-40.638656257341118,1.809982986558609,0.872268208405760));
#9322=TRIMMED_CURVE('',#9320,(PARAMETER_VALUE(0.0),#9317),(PARAMETER_VALUE(1.0),#9321),.T.,.PARAMETER.);
#9328=(BOUNDED_CURVE()CURVE()GEOMETRIC_REPRESENTATION_ITEM()REPRESENTATION_ITEM('')SURFACE_CURVE(#9322,(#9303),.CURVE_3D.));
#9329=COMPOSITE_CURVE_SEGMENT(.CONTINUOUS.,.T.,#9328);
#9330=CARTESIAN_POINT('',(-40.638656257341118,1.809982986558610,0.872268208405760));
#9331=DIRECTION('',(0.382683432365086,-0.923879532511288,0.0));
#9332=VECTOR('',#9331,0.783937778925826);
#9333=LINE('',#9330,#9332);
#9334=CARTESIAN_POINT('',(-40.338656257341121,1.085718917846680,0.872268208405760));
#9335=TRIMMED_CURVE('',#9333,(PARAMETER_VALUE(0.0),#9330),(PARAMETER_VALUE(1.0),#9334),.T.,.PARAMETER.);
#9341=(BOUNDED_CURVE()CURVE()GEOMETRIC_REPRESENTATION_ITEM()REPRESENTATION_ITEM('')SURFACE_CURVE(#9335,(#9303),.CURVE_3D.));
#9342=COMPOSITE_CURVE_SEGMENT(.CONTINUOUS.,.T.,#9341);
#9343=CARTESIAN_POINT('',(-40.338656257341121,1.085718917846681,0.872268208405760));
#9344=DIRECTION('',(0.0,0.0,1.0));
#9345=VECTOR('',#9344,0.250000000000000);
#9346=LINE('',#9343,#9345);
#9347=CARTESIAN_POINT('',(-40.338656257341121,1.085718917846681,1.122268208405760));
#9348=TRIMMED_CURVE('',#9346,(PARAMETER_VALUE(0.0),#9343),(PARAMETER_VALUE(1.0),#9347),.T.,.PARAMETER.);
#9354=(BOUNDED_CURVE()CURVE()GEOMETRIC_REPRESENTATION_ITEM()REPRESENTATION_ITEM('')SURFACE_CURVE(#9348,(#9303),.CURVE_3D.));
#9355=COMPOSITE_CURVE_SEGMENT(.CONTINUOUS.,.T.,#9354);
#9356=OUTER_BOUNDARY_CURVE('',(#9316,#9329,#9342,#9355),.U.);
#9357=CURVE_BOUNDED_SURFACE('',#9303,(#9356),.F.);
#9358=STYLED_ITEM('',(#9359),#9357);
#9359=PRESENTATION_STYLE_ASSIGNMENT((#9360));
#9360=SURFACE_STYLE_USAGE(.POSITIVE.,#9361);
#9361=SURFACE_SIDE_STYLE('',(#9362));
#9362=SURFACE_STYLE_FILL_AREA(#9363);
#9363=FILL_AREA_STYLE('',(#9364));
#9364=FILL_AREA_STYLE_COLOUR('',#9365);
#9365=COLOUR_RGB('',0.705882352941176,0.470588235294118,0.470588235294118);
#9366=PRESENTATION_LAYER_ASSIGNMENT('7','',(#9357));
#9367=CARTESIAN_POINT('',(-40.358656257341124,1.085718917846680,0.859768208405760));
#9368=DIRECTION('',(0.0,1.0,0.0));
#9369=DIRECTION('',(0.0,0.0,1.0));
#9370=AXIS2_PLACEMENT_3D('',#9367,#9368,#9369);
#9371=PLANE('',#9370);
#9372=CARTESIAN_POINT('',(-40.338656257341128,1.085718917846680,1.122268208405760));
#9373=DIRECTION('',(1.0,0.0,0.0));
#9374=VECTOR('',#9373,0.400000000000006);
#9375=LINE('',#9372,#9374);
#9376=CARTESIAN_POINT('',(-39.938656257341123,1.085718917846680,1.122268208405760));
#9377=TRIMMED_CURVE('',#9375,(PARAMETER_VALUE(0.0),#9372),(PARAMETER_VALUE(1.0),#9376),.T.,.PARAMETER.);
#9383=(BOUNDED_CURVE()CURVE()GEOMETRIC_REPRESENTATION_ITEM()REPRESENTATION_ITEM('')SURFACE_CURVE(#9377,(#9371),.CURVE_3D.));
#9384=COMPOSITE_CURVE_SEGMENT(.CONTINUOUS.,.T.,#9383);
#9385=CARTESIAN_POINT('',(-39.938656257341123,1.085718917846680,1.122268208405760));
#9386=DIRECTION('',(0.0,0.0,-1.0));
#9387=VECTOR('',#9386,0.250000000000000);
#9388=LINE('',#9385,#9387);
#9389=CARTESIAN_POINT('',(-39.938656257341123,1.085718917846680,0.872268208405760));
#9390=TRIMMED_CURVE('',#9388,(PARAMETER_VALUE(0.0),#9385),(PARAMETER_VALUE(1.0),#9389),.T.,.PARAMETER.);
#9396=(BOUNDED_CURVE()CURVE()GEOMETRIC_REPRESENTATION_ITEM()REPRESENTATION_ITEM('')SURFACE_CURVE(#9390,(#9371),.CURVE_3D.));
#9397=COMPOSITE_CURVE_SEGMENT(.CONTINUOUS.,.T.,#9396);
#9398=CARTESIAN_POINT('',(-39.938656257341123,1.085718917846680,0.872268208405760));
#9399=DIRECTION('',(-1.0,0.0,0.0));
#9400=VECTOR('',#9399,0.400000000000006);
#9401=LINE('',#9398,#9400);
#9402=CARTESIAN_POINT('',(-40.338656257341128,1.085718917846680,0.872268208405760));
#9403=TRIMMED_CURVE('',#9401,(PARAMETER_VALUE(0.0),#9398),(PARAMETER_VALUE(1.0),#9402),.T.,.PARAMETER.);
#9409=(BOUNDED_CURVE()CURVE()GEOMETRIC_REPRESENTATION_ITEM()REPRESENTATION_ITEM('')SURFACE_CURVE(#9403,(#9371),.CURVE_3D.));
#9410=COMPOSITE_CURVE_SEGMENT(.CONTINUOUS.,.T.,#9409);
#9411=CARTESIAN_POINT('',(-40.338656257341128,1.085718917846680,0.872268208405760));
#9412=DIRECTION('',(0.0,0.0,1.0));
#9413=VECTOR('',#9412,0.250000000000000);
#9414=LINE('',#9411,#9413);
#9415=CARTESIAN_POINT('',(-40.338656257341128,1.085718917846680,1.122268208405760));
#9416=TRIMMED_CURVE('',#9414,(PARAMETER_VALUE(0.0),#9411),(PARAMETER_VALUE(1.0),#9415),.T.,.PARAMETER.);
#9422=(BOUNDED_CURVE()CURVE()GEOMETRIC_REPRESENTATION_ITEM()REPRESENTATION_ITEM('')SURFACE_CURVE(#9416,(#9371),.CURVE_3D.));
#9423=COMPOSITE_CURVE_SEGMENT(.CONTINUOUS.,.T.,#9422);
#9424=OUTER_BOUNDARY_CURVE('',(#9384,#9397,#9410,#9423),.U.);
#9425=CURVE_BOUNDED_SURFACE('',#9371,(#9424),.F.);
#9426=STYLED_ITEM('',(#9427),#9425);
#9427=PRESENTATION_STYLE_ASSIGNMENT((#9428));
#9428=SURFACE_STYLE_USAGE(.POSITIVE.,#9429);
#9429=SURFACE_SIDE_STYLE('',(#9430));
#9430=SURFACE_STYLE_FILL_AREA(#9431);
#9431=FILL_AREA_STYLE('',(#9432));
#9432=FILL_AREA_STYLE_COLOUR('',#9433);
#9433=COLOUR_RGB('',0.705882352941176,0.470588235294118,0.470588235294118);
#9434=PRESENTATION_LAYER_ASSIGNMENT('7','',(#9425));
#9435=CARTESIAN_POINT('',(-39.588656257341121,0.885718917846681,0.872268208405760));
#9436=DIRECTION('',(0.0,0.0,-1.0));
#9437=DIRECTION('',(-1.0,0.0,0.0));
#9438=AXIS2_PLACEMENT_3D('',#9435,#9436,#9437);
#9439=PLANE('',#9438);
#9440=CARTESIAN_POINT('',(-40.338656257341121,1.085718917846680,0.872268208405760));
#9441=DIRECTION('',(-0.382683432365086,0.923879532511288,0.0));
#9442=VECTOR('',#9441,0.783937778925826);
#9443=LINE('',#9440,#9442);
#9444=CARTESIAN_POINT('',(-40.638656257341118,1.809982986558610,0.872268208405760));
#9445=TRIMMED_CURVE('',#9443,(PARAMETER_VALUE(0.0),#9440),(PARAMETER_VALUE(1.0),#9444),.T.,.PARAMETER.);
#9451=(BOUNDED_CURVE()CURVE()GEOMETRIC_REPRESENTATION_ITEM()REPRESENTATION_ITEM('')SURFACE_CURVE(#9445,(#9439),.CURVE_3D.));
#9452=COMPOSITE_CURVE_SEGMENT(.CONTINUOUS.,.T.,#9451);
#9453=CARTESIAN_POINT('',(-40.638656257341118,1.809982986558610,0.872268208405760));
#9454=DIRECTION('',(0.0,1.0,0.0));
#9455=VECTOR('',#9454,3.275735931288071);
#9456=LINE('',#9453,#9455);
#9457=CARTESIAN_POINT('',(-40.638656257341118,5.085718917846681,0.872268208405760));
#9458=TRIMMED_CURVE('',#9456,(PARAMETER_VALUE(0.0),#9453),(PARAMETER_VALUE(1.0),#9457),.T.,.PARAMETER.);
#9464=(BOUNDED_CURVE()CURVE()GEOMETRIC_REPRESENTATION_ITEM()REPRESENTATION_ITEM('')SURFACE_CURVE(#9458,(#9439),.CURVE_3D.));
#9465=COMPOSITE_CURVE_SEGMENT(.CONTINUOUS.,.T.,#9464);
#9466=CARTESIAN_POINT('',(-40.638656257341118,5.085718917846681,0.872268208405760));
#9467=DIRECTION('',(1.0,0.0,0.0));
#9468=VECTOR('',#9467,1.000000000000007);
#9469=LINE('',#9466,#9468);
#9470=CARTESIAN_POINT('',(-39.638656257341111,5.085718917846681,0.872268208405760));
#9471=TRIMMED_CURVE('',#9469,(PARAMETER_VALUE(0.0),#9466),(PARAMETER_VALUE(1.0),#9470),.T.,.PARAMETER.);
#9477=(BOUNDED_CURVE()CURVE()GEOMETRIC_REPRESENTATION_ITEM()REPRESENTATION_ITEM('')SURFACE_CURVE(#9471,(#9439),.CURVE_3D.));
#9478=COMPOSITE_CURVE_SEGMENT(.CONTINUOUS.,.T.,#9477);
#9479=CARTESIAN_POINT('',(-39.638656257341111,5.085718917846681,0.872268208405760));
#9480=DIRECTION('',(0.0,-1.0,0.0));
#9481=VECTOR('',#9480,3.275735931288072);
#9482=LINE('',#9479,#9481);
#9483=CARTESIAN_POINT('',(-39.638656257341111,1.809982986558610,0.872268208405760));
#9484=TRIMMED_CURVE('',#9482,(PARAMETER_VALUE(0.0),#9479),(PARAMETER_VALUE(1.0),#9483),.T.,.PARAMETER.);
#9490=(BOUNDED_CURVE()CURVE()GEOMETRIC_REPRESENTATION_ITEM()REPRESENTATION_ITEM('')SURFACE_CURVE(#9484,(#9439),.CURVE_3D.));
#9491=COMPOSITE_CURVE_SEGMENT(.CONTINUOUS.,.T.,#9490);
#9492=CARTESIAN_POINT('',(-39.638656257341118,1.809982986558611,0.872268208405760));
#9493=DIRECTION('',(-0.382683432365094,-0.923879532511285,0.0));
#9494=VECTOR('',#9493,0.783937778925829);
#9495=LINE('',#9492,#9494);
#9496=CARTESIAN_POINT('',(-39.938656257341123,1.085718917846681,0.872268208405760));
#9497=TRIMMED_CURVE('',#9495,(PARAMETER_VALUE(0.0),#9492),(PARAMETER_VALUE(1.0),#9496),.T.,.PARAMETER.);
#9503=(BOUNDED_CURVE()CURVE()GEOMETRIC_REPRESENTATION_ITEM()REPRESENTATION_ITEM('')SURFACE_CURVE(#9497,(#9439),.CURVE_3D.));
#9504=COMPOSITE_CURVE_SEGMENT(.CONTINUOUS.,.T.,#9503);
#9505=CARTESIAN_POINT('',(-39.938656257341123,1.085718917846680,0.872268208405760));
#9506=DIRECTION('',(-1.0,0.0,0.0));
#9507=VECTOR('',#9506,0.399999999999999);
#9508=LINE('',#9505,#9507);
#9509=CARTESIAN_POINT('',(-40.338656257341121,1.085718917846680,0.872268208405760));
#9510=TRIMMED_CURVE('',#9508,(PARAMETER_VALUE(0.0),#9505),(PARAMETER_VALUE(1.0),#9509),.T.,.PARAMETER.);
#9516=(BOUNDED_CURVE()CURVE()GEOMETRIC_REPRESENTATION_ITEM()REPRESENTATION_ITEM('')SURFACE_CURVE(#9510,(#9439),.CURVE_3D.));
#9517=COMPOSITE_CURVE_SEGMENT(.CONTINUOUS.,.T.,#9516);
#9518=OUTER_BOUNDARY_CURVE('',(#9452,#9465,#9478,#9491,#9504,#9517),.U.);
#9519=CURVE_BOUNDED_SURFACE('',#9439,(#9518),.F.);
#9520=STYLED_ITEM('',(#9521),#9519);
#9521=PRESENTATION_STYLE_ASSIGNMENT((#9522));
#9522=SURFACE_STYLE_USAGE(.POSITIVE.,#9523);
#9523=SURFACE_SIDE_STYLE('',(#9524));
#9524=SURFACE_STYLE_FILL_AREA(#9525);
#9525=FILL_AREA_STYLE('',(#9526));
#9526=FILL_AREA_STYLE_COLOUR('',#9527);
#9527=COLOUR_RGB('',0.705882352941176,0.470588235294118,0.470588235294118);
#9528=PRESENTATION_LAYER_ASSIGNMENT('7','',(#9519));
#9529=CARTESIAN_POINT('',(-39.953656257341123,1.049505714411085,1.134768208405760));
#9530=DIRECTION('',(0.923879532511286,-0.382683432365093,0.0));
#9531=DIRECTION('',(0.0,0.0,-1.0));
#9532=AXIS2_PLACEMENT_3D('',#9529,#9530,#9531);
#9533=PLANE('',#9532);
#9534=CARTESIAN_POINT('',(-39.938656257341123,1.085718917846680,0.872268208405760));
#9535=DIRECTION('',(0.382683432365094,0.923879532511285,0.0));
#9536=VECTOR('',#9535,0.783937778925829);
#9537=LINE('',#9534,#9536);
#9538=CARTESIAN_POINT('',(-39.638656257341118,1.809982986558611,0.872268208405760));
#9539=TRIMMED_CURVE('',#9537,(PARAMETER_VALUE(0.0),#9534),(PARAMETER_VALUE(1.0),#9538),.T.,.PARAMETER.);
#9545=(BOUNDED_CURVE()CURVE()GEOMETRIC_REPRESENTATION_ITEM()REPRESENTATION_ITEM('')SURFACE_CURVE(#9539,(#9533),.CURVE_3D.));
#9546=COMPOSITE_CURVE_SEGMENT(.CONTINUOUS.,.T.,#9545);
#9547=CARTESIAN_POINT('',(-39.638656257341118,1.809982986558612,0.872268208405760));
#9548=DIRECTION('',(0.0,0.0,1.0));
#9549=VECTOR('',#9548,0.250000000000000);
#9550=LINE('',#9547,#9549);
#9551=CARTESIAN_POINT('',(-39.638656257341118,1.809982986558612,1.122268208405760));
#9552=TRIMMED_CURVE('',#9550,(PARAMETER_VALUE(0.0),#9547),(PARAMETER_VALUE(1.0),#9551),.T.,.PARAMETER.);
#9558=(BOUNDED_CURVE()CURVE()GEOMETRIC_REPRESENTATION_ITEM()REPRESENTATION_ITEM('')SURFACE_CURVE(#9552,(#9533),.CURVE_3D.));
#9559=COMPOSITE_CURVE_SEGMENT(.CONTINUOUS.,.T.,#9558);
#9560=CARTESIAN_POINT('',(-39.638656257341118,1.809982986558611,1.122268208405760));
#9561=DIRECTION('',(-0.382683432365094,-0.923879532511285,0.0));
#9562=VECTOR('',#9561,0.783937778925828);
#9563=LINE('',#9560,#9562);
#9564=CARTESIAN_POINT('',(-39.938656257341123,1.085718917846682,1.122268208405760));
#9565=TRIMMED_CURVE('',#9563,(PARAMETER_VALUE(0.0),#9560),(PARAMETER_VALUE(1.0),#9564),.T.,.PARAMETER.);
#9571=(BOUNDED_CURVE()CURVE()GEOMETRIC_REPRESENTATION_ITEM()REPRESENTATION_ITEM('')SURFACE_CURVE(#9565,(#9533),.CURVE_3D.));
#9572=COMPOSITE_CURVE_SEGMENT(.CONTINUOUS.,.T.,#9571);
#9573=CARTESIAN_POINT('',(-39.938656257341123,1.085718917846680,1.122268208405760));
#9574=DIRECTION('',(0.0,0.0,-1.0));
#9575=VECTOR('',#9574,0.250000000000000);
#9576=LINE('',#9573,#9575);
#9577=CARTESIAN_POINT('',(-39.938656257341123,1.085718917846680,0.872268208405760));
#9578=TRIMMED_CURVE('',#9576,(PARAMETER_VALUE(0.0),#9573),(PARAMETER_VALUE(1.0),#9577),.T.,.PARAMETER.);
#9584=(BOUNDED_CURVE()CURVE()GEOMETRIC_REPRESENTATION_ITEM()REPRESENTATION_ITEM('')SURFACE_CURVE(#9578,(#9533),.CURVE_3D.));
#9585=COMPOSITE_CURVE_SEGMENT(.CONTINUOUS.,.T.,#9584);
#9586=OUTER_BOUNDARY_CURVE('',(#9546,#9559,#9572,#9585),.U.);
#9587=CURVE_BOUNDED_SURFACE('',#9533,(#9586),.F.);
#9588=STYLED_ITEM('',(#9589),#9587);
#9589=PRESENTATION_STYLE_ASSIGNMENT((#9590));
#9590=SURFACE_STYLE_USAGE(.POSITIVE.,#9591);
#9591=SURFACE_SIDE_STYLE('',(#9592));
#9592=SURFACE_STYLE_FILL_AREA(#9593);
#9593=FILL_AREA_STYLE('',(#9594));
#9594=FILL_AREA_STYLE_COLOUR('',#9595);
#9595=COLOUR_RGB('',0.705882352941176,0.470588235294118,0.470588235294118);
#9596=PRESENTATION_LAYER_ASSIGNMENT('7','',(#9587));
#9597=CARTESIAN_POINT('',(-40.688656257341123,0.885718917846681,1.122268208405760));
#9598=DIRECTION('',(0.0,0.0,1.0));
#9599=DIRECTION('',(1.0,0.0,0.0));
#9600=AXIS2_PLACEMENT_3D('',#9597,#9598,#9599);
#9601=PLANE('',#9600);
#9602=CARTESIAN_POINT('',(-40.638656257341125,1.809982986558610,1.122268208405760));
#9603=DIRECTION('',(0.382683432365095,-0.923879532511285,0.0));
#9604=VECTOR('',#9603,0.783937778925827);
#9605=LINE('',#9602,#9604);
#9606=CARTESIAN_POINT('',(-40.338656257341121,1.085718917846682,1.122268208405760));
#9607=TRIMMED_CURVE('',#9605,(PARAMETER_VALUE(0.0),#9602),(PARAMETER_VALUE(1.0),#9606),.T.,.PARAMETER.);
#9613=(BOUNDED_CURVE()CURVE()GEOMETRIC_REPRESENTATION_ITEM()REPRESENTATION_ITEM('')SURFACE_CURVE(#9607,(#9601),.CURVE_3D.));
#9614=COMPOSITE_CURVE_SEGMENT(.CONTINUOUS.,.T.,#9613);
#9615=CARTESIAN_POINT('',(-40.338656257341121,1.085718917846680,1.122268208405760));
#9616=DIRECTION('',(1.0,0.0,0.0));
#9617=VECTOR('',#9616,0.399999999999999);
#9618=LINE('',#9615,#9617);
#9619=CARTESIAN_POINT('',(-39.938656257341123,1.085718917846680,1.122268208405760));
#9620=TRIMMED_CURVE('',#9618,(PARAMETER_VALUE(0.0),#9615),(PARAMETER_VALUE(1.0),#9619),.T.,.PARAMETER.);
#9626=(BOUNDED_CURVE()CURVE()GEOMETRIC_REPRESENTATION_ITEM()REPRESENTATION_ITEM('')SURFACE_CURVE(#9620,(#9601),.CURVE_3D.));
#9627=COMPOSITE_CURVE_SEGMENT(.CONTINUOUS.,.T.,#9626);
#9628=CARTESIAN_POINT('',(-39.938656257341123,1.085718917846680,1.122268208405760));
#9629=DIRECTION('',(0.382683432365095,0.923879532511285,0.0));
#9630=VECTOR('',#9629,0.783937778925827);
#9631=LINE('',#9628,#9630);
#9632=CARTESIAN_POINT('',(-39.638656257341118,1.809982986558608,1.122268208405760));
#9633=TRIMMED_CURVE('',#9631,(PARAMETER_VALUE(0.0),#9628),(PARAMETER_VALUE(1.0),#9632),.T.,.PARAMETER.);
#9639=(BOUNDED_CURVE()CURVE()GEOMETRIC_REPRESENTATION_ITEM()REPRESENTATION_ITEM('')SURFACE_CURVE(#9633,(#9601),.CURVE_3D.));
#9640=COMPOSITE_CURVE_SEGMENT(.CONTINUOUS.,.T.,#9639);
#9641=CARTESIAN_POINT('',(-39.638656257341118,1.809982986558610,1.122268208405760));
#9642=DIRECTION('',(0.0,1.0,0.0));
#9643=VECTOR('',#9642,3.275735931288071);
#9644=LINE('',#9641,#9643);
#9645=CARTESIAN_POINT('',(-39.638656257341118,5.085718917846681,1.122268208405760));
#9646=TRIMMED_CURVE('',#9644,(PARAMETER_VALUE(0.0),#9641),(PARAMETER_VALUE(1.0),#9645),.T.,.PARAMETER.);
#9652=(BOUNDED_CURVE()CURVE()GEOMETRIC_REPRESENTATION_ITEM()REPRESENTATION_ITEM('')SURFACE_CURVE(#9646,(#9601),.CURVE_3D.));
#9653=COMPOSITE_CURVE_SEGMENT(.CONTINUOUS.,.T.,#9652);
#9654=CARTESIAN_POINT('',(-39.638656257341118,5.085718917846681,1.122268208405760));
#9655=DIRECTION('',(-1.0,0.0,0.0));
#9656=VECTOR('',#9655,1.000000000000007);
#9657=LINE('',#9654,#9656);
#9658=CARTESIAN_POINT('',(-40.638656257341125,5.085718917846681,1.122268208405760));
#9659=TRIMMED_CURVE('',#9657,(PARAMETER_VALUE(0.0),#9654),(PARAMETER_VALUE(1.0),#9658),.T.,.PARAMETER.);
#9665=(BOUNDED_CURVE()CURVE()GEOMETRIC_REPRESENTATION_ITEM()REPRESENTATION_ITEM('')SURFACE_CURVE(#9659,(#9601),.CURVE_3D.));
#9666=COMPOSITE_CURVE_SEGMENT(.CONTINUOUS.,.T.,#9665);
#9667=CARTESIAN_POINT('',(-40.638656257341125,5.085718917846681,1.122268208405760));
#9668=DIRECTION('',(0.0,-1.0,0.0));
#9669=VECTOR('',#9668,3.275735931288072);
#9670=LINE('',#9667,#9669);
#9671=CARTESIAN_POINT('',(-40.638656257341125,1.809982986558610,1.122268208405760));
#9672=TRIMMED_CURVE('',#9670,(PARAMETER_VALUE(0.0),#9667),(PARAMETER_VALUE(1.0),#9671),.T.,.PARAMETER.);
#9678=(BOUNDED_CURVE()CURVE()GEOMETRIC_REPRESENTATION_ITEM()REPRESENTATION_ITEM('')SURFACE_CURVE(#9672,(#9601),.CURVE_3D.));
#9679=COMPOSITE_CURVE_SEGMENT(.CONTINUOUS.,.T.,#9678);
#9680=OUTER_BOUNDARY_CURVE('',(#9614,#9627,#9640,#9653,#9666,#9679),.U.);
#9681=CURVE_BOUNDED_SURFACE('',#9601,(#9680),.F.);
#9682=STYLED_ITEM('',(#9683),#9681);
#9683=PRESENTATION_STYLE_ASSIGNMENT((#9684));
#9684=SURFACE_STYLE_USAGE(.POSITIVE.,#9685);
#9685=SURFACE_SIDE_STYLE('',(#9686));
#9686=SURFACE_STYLE_FILL_AREA(#9687);
#9687=FILL_AREA_STYLE('',(#9688));
#9688=FILL_AREA_STYLE_COLOUR('',#9689);
#9689=COLOUR_RGB('',0.705882352941176,0.470588235294118,0.470588235294118);
#9690=PRESENTATION_LAYER_ASSIGNMENT('7','',(#9681));
#9691=CARTESIAN_POINT('',(-39.638656257341118,1.646196189994205,1.134768208405760));
#9692=DIRECTION('',(1.0,0.0,0.0));
#9693=DIRECTION('',(0.0,0.0,-1.0));
#9694=AXIS2_PLACEMENT_3D('',#9691,#9692,#9693);
#9695=PLANE('',#9694);
#9696=CARTESIAN_POINT('',(-39.638656257341118,1.809982986558610,1.122268208405760));
#9697=DIRECTION('',(0.0,0.0,-1.0));
#9698=VECTOR('',#9697,0.250000000000000);
#9699=LINE('',#9696,#9698);
#9700=CARTESIAN_POINT('',(-39.638656257341118,1.809982986558610,0.872268208405760));
#9701=TRIMMED_CURVE('',#9699,(PARAMETER_VALUE(0.0),#9696),(PARAMETER_VALUE(1.0),#9700),.T.,.PARAMETER.);
#9707=(BOUNDED_CURVE()CURVE()GEOMETRIC_REPRESENTATION_ITEM()REPRESENTATION_ITEM('')SURFACE_CURVE(#9701,(#9695),.CURVE_3D.));
#9708=COMPOSITE_CURVE_SEGMENT(.CONTINUOUS.,.T.,#9707);
#9709=CARTESIAN_POINT('',(-39.638656257341118,1.809982986558610,0.872268208405760));
#9710=DIRECTION('',(0.0,1.0,0.0));
#9711=VECTOR('',#9710,3.275735931288073);
#9712=LINE('',#9709,#9711);
#9713=CARTESIAN_POINT('',(-39.638656257341118,5.085718917846682,0.872268208405760));
#9714=TRIMMED_CURVE('',#9712,(PARAMETER_VALUE(0.0),#9709),(PARAMETER_VALUE(1.0),#9713),.T.,.PARAMETER.);
#9720=(BOUNDED_CURVE()CURVE()GEOMETRIC_REPRESENTATION_ITEM()REPRESENTATION_ITEM('')SURFACE_CURVE(#9714,(#9695),.CURVE_3D.));
#9721=COMPOSITE_CURVE_SEGMENT(.CONTINUOUS.,.T.,#9720);
#9722=CARTESIAN_POINT('',(-39.638656257341118,5.085718917846681,0.872268208405760));
#9723=DIRECTION('',(0.0,0.0,1.0));
#9724=VECTOR('',#9723,0.250000000000000);
#9725=LINE('',#9722,#9724);
#9726=CARTESIAN_POINT('',(-39.638656257341118,5.085718917846681,1.122268208405760));
#9727=TRIMMED_CURVE('',#9725,(PARAMETER_VALUE(0.0),#9722),(PARAMETER_VALUE(1.0),#9726),.T.,.PARAMETER.);
#9733=(BOUNDED_CURVE()CURVE()GEOMETRIC_REPRESENTATION_ITEM()REPRESENTATION_ITEM('')SURFACE_CURVE(#9727,(#9695),.CURVE_3D.));
#9734=COMPOSITE_CURVE_SEGMENT(.CONTINUOUS.,.T.,#9733);
#9735=CARTESIAN_POINT('',(-39.638656257341118,5.085718917846681,1.122268208405760));
#9736=DIRECTION('',(0.0,-1.0,0.0));
#9737=VECTOR('',#9736,3.275735931288072);
#9738=LINE('',#9735,#9737);
#9739=CARTESIAN_POINT('',(-39.638656257341118,1.809982986558610,1.122268208405760));
#9740=TRIMMED_CURVE('',#9738,(PARAMETER_VALUE(0.0),#9735),(PARAMETER_VALUE(1.0),#9739),.T.,.PARAMETER.);
#9746=(BOUNDED_CURVE()CURVE()GEOMETRIC_REPRESENTATION_ITEM()REPRESENTATION_ITEM('')SURFACE_CURVE(#9740,(#9695),.CURVE_3D.));
#9747=COMPOSITE_CURVE_SEGMENT(.CONTINUOUS.,.T.,#9746);
#9748=OUTER_BOUNDARY_CURVE('',(#9708,#9721,#9734,#9747),.U.);
#9749=CURVE_BOUNDED_SURFACE('',#9695,(#9748),.F.);
#9750=STYLED_ITEM('',(#9751),#9749);
#9751=PRESENTATION_STYLE_ASSIGNMENT((#9752));
#9752=SURFACE_STYLE_USAGE(.POSITIVE.,#9753);
#9753=SURFACE_SIDE_STYLE('',(#9754));
#9754=SURFACE_STYLE_FILL_AREA(#9755);
#9755=FILL_AREA_STYLE('',(#9756));
#9756=FILL_AREA_STYLE_COLOUR('',#9757);
#9757=COLOUR_RGB('',0.705882352941176,0.470588235294118,0.470588235294118);
#9758=PRESENTATION_LAYER_ASSIGNMENT('7','',(#9749));
#9759=CARTESIAN_POINT('',(-24.953656257341123,1.049505714411083,1.134768208405760));
#9760=DIRECTION('',(0.923879532511287,-0.382683432365090,0.0));
#9761=DIRECTION('',(0.0,0.0,-1.0));
#9762=AXIS2_PLACEMENT_3D('',#9759,#9760,#9761);
#9763=PLANE('',#9762);
#9764=CARTESIAN_POINT('',(-24.938656257341123,1.085718917846680,0.872268208405760));
#9765=DIRECTION('',(0.382683432365088,0.923879532511287,0.0));
#9766=VECTOR('',#9765,0.783937778925821);
#9767=LINE('',#9764,#9766);
#9768=CARTESIAN_POINT('',(-24.638656257341125,1.809982986558605,0.872268208405760));
#9769=TRIMMED_CURVE('',#9767,(PARAMETER_VALUE(0.0),#9764),(PARAMETER_VALUE(1.0),#9768),.T.,.PARAMETER.);
#9775=(BOUNDED_CURVE()CURVE()GEOMETRIC_REPRESENTATION_ITEM()REPRESENTATION_ITEM('')SURFACE_CURVE(#9769,(#9763),.CURVE_3D.));
#9776=COMPOSITE_CURVE_SEGMENT(.CONTINUOUS.,.T.,#9775);
#9777=CARTESIAN_POINT('',(-24.638656257341122,1.809982986558608,0.872268208405760));
#9778=DIRECTION('',(0.0,0.0,1.0));
#9779=VECTOR('',#9778,0.250000000000000);
#9780=LINE('',#9777,#9779);
#9781=CARTESIAN_POINT('',(-24.638656257341122,1.809982986558608,1.122268208405760));
#9782=TRIMMED_CURVE('',#9780,(PARAMETER_VALUE(0.0),#9777),(PARAMETER_VALUE(1.0),#9781),.T.,.PARAMETER.);
#9788=(BOUNDED_CURVE()CURVE()GEOMETRIC_REPRESENTATION_ITEM()REPRESENTATION_ITEM('')SURFACE_CURVE(#9782,(#9763),.CURVE_3D.));
#9789=COMPOSITE_CURVE_SEGMENT(.CONTINUOUS.,.T.,#9788);
#9790=CARTESIAN_POINT('',(-24.638656257341122,1.809982986558608,1.122268208405760));
#9791=DIRECTION('',(-0.382683432365092,-0.923879532511286,0.0));
#9792=VECTOR('',#9791,0.783937778925824);
#9793=LINE('',#9790,#9792);
#9794=CARTESIAN_POINT('',(-24.938656257341123,1.085718917846682,1.122268208405760));
#9795=TRIMMED_CURVE('',#9793,(PARAMETER_VALUE(0.0),#9790),(PARAMETER_VALUE(1.0),#9794),.T.,.PARAMETER.);
#9801=(BOUNDED_CURVE()CURVE()GEOMETRIC_REPRESENTATION_ITEM()REPRESENTATION_ITEM('')SURFACE_CURVE(#9795,(#9763),.CURVE_3D.));
#9802=COMPOSITE_CURVE_SEGMENT(.CONTINUOUS.,.T.,#9801);
#9803=CARTESIAN_POINT('',(-24.938656257341123,1.085718917846680,1.122268208405760));
#9804=DIRECTION('',(0.0,0.0,-1.0));
#9805=VECTOR('',#9804,0.250000000000000);
#9806=LINE('',#9803,#9805);
#9807=CARTESIAN_POINT('',(-24.938656257341123,1.085718917846680,0.872268208405760));
#9808=TRIMMED_CURVE('',#9806,(PARAMETER_VALUE(0.0),#9803),(PARAMETER_VALUE(1.0),#9807),.T.,.PARAMETER.);
#9814=(BOUNDED_CURVE()CURVE()GEOMETRIC_REPRESENTATION_ITEM()REPRESENTATION_ITEM('')SURFACE_CURVE(#9808,(#9763),.CURVE_3D.));
#9815=COMPOSITE_CURVE_SEGMENT(.CONTINUOUS.,.T.,#9814);
#9816=OUTER_BOUNDARY_CURVE('',(#9776,#9789,#9802,#9815),.U.);
#9817=CURVE_BOUNDED_SURFACE('',#9763,(#9816),.F.);
#9818=STYLED_ITEM('',(#9819),#9817);
#9819=PRESENTATION_STYLE_ASSIGNMENT((#9820));
#9820=SURFACE_STYLE_USAGE(.POSITIVE.,#9821);
#9821=SURFACE_SIDE_STYLE('',(#9822));
#9822=SURFACE_STYLE_FILL_AREA(#9823);
#9823=FILL_AREA_STYLE('',(#9824));
#9824=FILL_AREA_STYLE_COLOUR('',#9825);
#9825=COLOUR_RGB('',0.705882352941176,0.470588235294118,0.470588235294118);
#9826=PRESENTATION_LAYER_ASSIGNMENT('7','',(#9817));
#9827=CARTESIAN_POINT('',(-25.358656257341121,1.085718917846680,0.859768208405760));
#9828=DIRECTION('',(0.0,1.0,0.0));
#9829=DIRECTION('',(0.0,0.0,1.0));
#9830=AXIS2_PLACEMENT_3D('',#9827,#9828,#9829);
#9831=PLANE('',#9830);
#9832=CARTESIAN_POINT('',(-24.938656257341123,1.085718917846680,0.872268208405760));
#9833=DIRECTION('',(-1.0,0.0,0.0));
#9834=VECTOR('',#9833,0.399999999999999);
#9835=LINE('',#9832,#9834);
#9836=CARTESIAN_POINT('',(-25.338656257341121,1.085718917846680,0.872268208405760));
#9837=TRIMMED_CURVE('',#9835,(PARAMETER_VALUE(0.0),#9832),(PARAMETER_VALUE(1.0),#9836),.T.,.PARAMETER.);
#9843=(BOUNDED_CURVE()CURVE()GEOMETRIC_REPRESENTATION_ITEM()REPRESENTATION_ITEM('')SURFACE_CURVE(#9837,(#9831),.CURVE_3D.));
#9844=COMPOSITE_CURVE_SEGMENT(.CONTINUOUS.,.T.,#9843);
#9845=CARTESIAN_POINT('',(-25.338656257341121,1.085718917846680,0.872268208405760));
#9846=DIRECTION('',(0.0,0.0,1.0));
#9847=VECTOR('',#9846,0.250000000000000);
#9848=LINE('',#9845,#9847);
#9849=CARTESIAN_POINT('',(-25.338656257341121,1.085718917846680,1.122268208405760));
#9850=TRIMMED_CURVE('',#9848,(PARAMETER_VALUE(0.0),#9845),(PARAMETER_VALUE(1.0),#9849),.T.,.PARAMETER.);
#9856=(BOUNDED_CURVE()CURVE()GEOMETRIC_REPRESENTATION_ITEM()REPRESENTATION_ITEM('')SURFACE_CURVE(#9850,(#9831),.CURVE_3D.));
#9857=COMPOSITE_CURVE_SEGMENT(.CONTINUOUS.,.T.,#9856);
#9858=CARTESIAN_POINT('',(-25.338656257341121,1.085718917846680,1.122268208405760));
#9859=DIRECTION('',(1.0,0.0,0.0));
#9860=VECTOR('',#9859,0.399999999999999);
#9861=LINE('',#9858,#9860);
#9862=CARTESIAN_POINT('',(-24.938656257341123,1.085718917846680,1.122268208405760));
#9863=TRIMMED_CURVE('',#9861,(PARAMETER_VALUE(0.0),#9858),(PARAMETER_VALUE(1.0),#9862),.T.,.PARAMETER.);
#9869=(BOUNDED_CURVE()CURVE()GEOMETRIC_REPRESENTATION_ITEM()REPRESENTATION_ITEM('')SURFACE_CURVE(#9863,(#9831),.CURVE_3D.));
#9870=COMPOSITE_CURVE_SEGMENT(.CONTINUOUS.,.T.,#9869);
#9871=CARTESIAN_POINT('',(-24.938656257341123,1.085718917846680,1.122268208405760));
#9872=DIRECTION('',(0.0,0.0,-1.0));
#9873=VECTOR('',#9872,0.250000000000000);
#9874=LINE('',#9871,#9873);
#9875=CARTESIAN_POINT('',(-24.938656257341123,1.085718917846680,0.872268208405760));
#9876=TRIMMED_CURVE('',#9874,(PARAMETER_VALUE(0.0),#9871),(PARAMETER_VALUE(1.0),#9875),.T.,.PARAMETER.);
#9882=(BOUNDED_CURVE()CURVE()GEOMETRIC_REPRESENTATION_ITEM()REPRESENTATION_ITEM('')SURFACE_CURVE(#9876,(#9831),.CURVE_3D.));
#9883=COMPOSITE_CURVE_SEGMENT(.CONTINUOUS.,.T.,#9882);
#9884=OUTER_BOUNDARY_CURVE('',(#9844,#9857,#9870,#9883),.U.);
#9885=CURVE_BOUNDED_SURFACE('',#9831,(#9884),.F.);
#9886=STYLED_ITEM('',(#9887),#9885);
#9887=PRESENTATION_STYLE_ASSIGNMENT((#9888));
#9888=SURFACE_STYLE_USAGE(.POSITIVE.,#9889);
#9889=SURFACE_SIDE_STYLE('',(#9890));
#9890=SURFACE_STYLE_FILL_AREA(#9891);
#9891=FILL_AREA_STYLE('',(#9892));
#9892=FILL_AREA_STYLE_COLOUR('',#9893);
#9893=COLOUR_RGB('',0.705882352941176,0.470588235294118,0.470588235294118);
#9894=PRESENTATION_LAYER_ASSIGNMENT('7','',(#9885));
#9895=CARTESIAN_POINT('',(-25.688656257341119,0.885718917846678,1.122268208405760));
#9896=DIRECTION('',(0.0,0.0,1.0));
#9897=DIRECTION('',(1.0,0.0,0.0));
#9898=AXIS2_PLACEMENT_3D('',#9895,#9896,#9897);
#9899=PLANE('',#9898);
#9900=CARTESIAN_POINT('',(-24.938656257341123,1.085718917846679,1.122268208405760));
#9901=DIRECTION('',(0.382683432365088,0.923879532511288,0.0));
#9902=VECTOR('',#9901,0.783937778925823);
#9903=LINE('',#9900,#9902);
#9904=CARTESIAN_POINT('',(-24.638656257341125,1.809982986558606,1.122268208405760));
#9905=TRIMMED_CURVE('',#9903,(PARAMETER_VALUE(0.0),#9900),(PARAMETER_VALUE(1.0),#9904),.T.,.PARAMETER.);
#9911=(BOUNDED_CURVE()CURVE()GEOMETRIC_REPRESENTATION_ITEM()REPRESENTATION_ITEM('')SURFACE_CURVE(#9905,(#9899),.CURVE_3D.));
#9912=COMPOSITE_CURVE_SEGMENT(.CONTINUOUS.,.T.,#9911);
#9913=CARTESIAN_POINT('',(-24.638656257341122,1.809982986558605,1.122268208405760));
#9914=DIRECTION('',(0.0,1.0,0.0));
#9915=VECTOR('',#9914,3.275735931288076);
#9916=LINE('',#9913,#9915);
#9917=CARTESIAN_POINT('',(-24.638656257341122,5.085718917846680,1.122268208405760));
#9918=TRIMMED_CURVE('',#9916,(PARAMETER_VALUE(0.0),#9913),(PARAMETER_VALUE(1.0),#9917),.T.,.PARAMETER.);
#9924=(BOUNDED_CURVE()CURVE()GEOMETRIC_REPRESENTATION_ITEM()REPRESENTATION_ITEM('')SURFACE_CURVE(#9918,(#9899),.CURVE_3D.));
#9925=COMPOSITE_CURVE_SEGMENT(.CONTINUOUS.,.T.,#9924);
#9926=CARTESIAN_POINT('',(-24.638656257341122,5.085718917846679,1.122268208405760));
#9927=DIRECTION('',(-1.0,0.0,0.0));
#9928=VECTOR('',#9927,1.0);
#9929=LINE('',#9926,#9928);
#9930=CARTESIAN_POINT('',(-25.638656257341122,5.085718917846679,1.122268208405760));
#9931=TRIMMED_CURVE('',#9929,(PARAMETER_VALUE(0.0),#9926),(PARAMETER_VALUE(1.0),#9930),.T.,.PARAMETER.);
#9937=(BOUNDED_CURVE()CURVE()GEOMETRIC_REPRESENTATION_ITEM()REPRESENTATION_ITEM('')SURFACE_CURVE(#9931,(#9899),.CURVE_3D.));
#9938=COMPOSITE_CURVE_SEGMENT(.CONTINUOUS.,.T.,#9937);
#9939=CARTESIAN_POINT('',(-25.638656257341118,5.085718917846681,1.122268208405760));
#9940=DIRECTION('',(0.0,-1.0,0.0));
#9941=VECTOR('',#9940,3.275735931288075);
#9942=LINE('',#9939,#9941);
#9943=CARTESIAN_POINT('',(-25.638656257341118,1.809982986558606,1.122268208405760));
#9944=TRIMMED_CURVE('',#9942,(PARAMETER_VALUE(0.0),#9939),(PARAMETER_VALUE(1.0),#9943),.T.,.PARAMETER.);
#9950=(BOUNDED_CURVE()CURVE()GEOMETRIC_REPRESENTATION_ITEM()REPRESENTATION_ITEM('')SURFACE_CURVE(#9944,(#9899),.CURVE_3D.));
#9951=COMPOSITE_CURVE_SEGMENT(.CONTINUOUS.,.T.,#9950);
#9952=CARTESIAN_POINT('',(-25.638656257341118,1.809982986558607,1.122268208405760));
#9953=DIRECTION('',(0.382683432365087,-0.923879532511288,0.0));
#9954=VECTOR('',#9953,0.783937778925823);
#9955=LINE('',#9952,#9954);
#9956=CARTESIAN_POINT('',(-25.338656257341121,1.085718917846680,1.122268208405760));
#9957=TRIMMED_CURVE('',#9955,(PARAMETER_VALUE(0.0),#9952),(PARAMETER_VALUE(1.0),#9956),.T.,.PARAMETER.);
#9963=(BOUNDED_CURVE()CURVE()GEOMETRIC_REPRESENTATION_ITEM()REPRESENTATION_ITEM('')SURFACE_CURVE(#9957,(#9899),.CURVE_3D.));
#9964=COMPOSITE_CURVE_SEGMENT(.CONTINUOUS.,.T.,#9963);
#9965=CARTESIAN_POINT('',(-25.338656257341121,1.085718917846680,1.122268208405760));
#9966=DIRECTION('',(1.0,0.0,0.0));
#9967=VECTOR('',#9966,0.399999999999999);
#9968=LINE('',#9965,#9967);
#9969=CARTESIAN_POINT('',(-24.938656257341123,1.085718917846680,1.122268208405760));
#9970=TRIMMED_CURVE('',#9968,(PARAMETER_VALUE(0.0),#9965),(PARAMETER_VALUE(1.0),#9969),.T.,.PARAMETER.);
#9976=(BOUNDED_CURVE()CURVE()GEOMETRIC_REPRESENTATION_ITEM()REPRESENTATION_ITEM('')SURFACE_CURVE(#9970,(#9899),.CURVE_3D.));
#9977=COMPOSITE_CURVE_SEGMENT(.CONTINUOUS.,.T.,#9976);
#9978=OUTER_BOUNDARY_CURVE('',(#9912,#9925,#9938,#9951,#9964,#9977),.U.);
#9979=CURVE_BOUNDED_SURFACE('',#9899,(#9978),.F.);
#9980=STYLED_ITEM('',(#9981),#9979);
#9981=PRESENTATION_STYLE_ASSIGNMENT((#9982));
#9982=SURFACE_STYLE_USAGE(.POSITIVE.,#9983);
#9983=SURFACE_SIDE_STYLE('',(#9984));
#9984=SURFACE_STYLE_FILL_AREA(#9985);
#9985=FILL_AREA_STYLE('',(#9986));
#9986=FILL_AREA_STYLE_COLOUR('',#9987);
#9987=COLOUR_RGB('',0.705882352941176,0.470588235294118,0.470588235294118);
#9988=PRESENTATION_LAYER_ASSIGNMENT('7','',(#9979));
#9989=CARTESIAN_POINT('',(-25.323656257341121,1.049505714411087,0.859768208405760));
#9990=DIRECTION('',(-0.923879532511287,-0.382683432365090,0.0));
#9991=DIRECTION('',(0.0,0.0,1.0));
#9992=AXIS2_PLACEMENT_3D('',#9989,#9990,#9991);
#9993=PLANE('',#9992);
#9994=CARTESIAN_POINT('',(-25.338656257341121,1.085718917846684,1.122268208405760));
#9995=DIRECTION('',(-0.382683432365089,0.923879532511287,0.0));
#9996=VECTOR('',#9995,0.783937778925821);
#9997=LINE('',#9994,#9996);
#9998=CARTESIAN_POINT('',(-25.638656257341118,1.809982986558608,1.122268208405760));
#9999=TRIMMED_CURVE('',#9997,(PARAMETER_VALUE(0.0),#9994),(PARAMETER_VALUE(1.0),#9998),.T.,.PARAMETER.);
#10005=(BOUNDED_CURVE()CURVE()GEOMETRIC_REPRESENTATION_ITEM()REPRESENTATION_ITEM('')SURFACE_CURVE(#9999,(#9993),.CURVE_3D.));
#10006=COMPOSITE_CURVE_SEGMENT(.CONTINUOUS.,.T.,#10005);
#10007=CARTESIAN_POINT('',(-25.638656257341118,1.809982986558609,1.122268208405760));
#10008=DIRECTION('',(0.0,0.0,-1.0));
#10009=VECTOR('',#10008,0.250000000000000);
#10010=LINE('',#10007,#10009);
#10011=CARTESIAN_POINT('',(-25.638656257341118,1.809982986558609,0.872268208405760));
#10012=TRIMMED_CURVE('',#10010,(PARAMETER_VALUE(0.0),#10007),(PARAMETER_VALUE(1.0),#10011),.T.,.PARAMETER.);
#10018=(BOUNDED_CURVE()CURVE()GEOMETRIC_REPRESENTATION_ITEM()REPRESENTATION_ITEM('')SURFACE_CURVE(#10012,(#9993),.CURVE_3D.));
#10019=COMPOSITE_CURVE_SEGMENT(.CONTINUOUS.,.T.,#10018);
#10020=CARTESIAN_POINT('',(-25.638656257341118,1.809982986558608,0.872268208405760));
#10021=DIRECTION('',(0.382683432365089,-0.923879532511287,0.0));
#10022=VECTOR('',#10021,0.783937778925820);
#10023=LINE('',#10020,#10022);
#10024=CARTESIAN_POINT('',(-25.338656257341121,1.085718917846684,0.872268208405760));
#10025=TRIMMED_CURVE('',#10023,(PARAMETER_VALUE(0.0),#10020),(PARAMETER_VALUE(1.0),#10024),.T.,.PARAMETER.);
#10031=(BOUNDED_CURVE()CURVE()GEOMETRIC_REPRESENTATION_ITEM()REPRESENTATION_ITEM('')SURFACE_CURVE(#10025,(#9993),.CURVE_3D.));
#10032=COMPOSITE_CURVE_SEGMENT(.CONTINUOUS.,.T.,#10031);
#10033=CARTESIAN_POINT('',(-25.338656257341121,1.085718917846684,0.872268208405760));
#10034=DIRECTION('',(0.0,0.0,1.0));
#10035=VECTOR('',#10034,0.250000000000000);
#10036=LINE('',#10033,#10035);
#10037=CARTESIAN_POINT('',(-25.338656257341121,1.085718917846684,1.122268208405760));
#10038=TRIMMED_CURVE('',#10036,(PARAMETER_VALUE(0.0),#10033),(PARAMETER_VALUE(1.0),#10037),.T.,.PARAMETER.);
#10044=(BOUNDED_CURVE()CURVE()GEOMETRIC_REPRESENTATION_ITEM()REPRESENTATION_ITEM('')SURFACE_CURVE(#10038,(#9993),.CURVE_3D.));
#10045=COMPOSITE_CURVE_SEGMENT(.CONTINUOUS.,.T.,#10044);
#10046=OUTER_BOUNDARY_CURVE('',(#10006,#10019,#10032,#10045),.U.);
#10047=CURVE_BOUNDED_SURFACE('',#9993,(#10046),.F.);
#10048=STYLED_ITEM('',(#10049),#10047);
#10049=PRESENTATION_STYLE_ASSIGNMENT((#10050));
#10050=SURFACE_STYLE_USAGE(.POSITIVE.,#10051);
#10051=SURFACE_SIDE_STYLE('',(#10052));
#10052=SURFACE_STYLE_FILL_AREA(#10053);
#10053=FILL_AREA_STYLE('',(#10054));
#10054=FILL_AREA_STYLE_COLOUR('',#10055);
#10055=COLOUR_RGB('',0.705882352941176,0.470588235294118,0.470588235294118);
#10056=PRESENTATION_LAYER_ASSIGNMENT('7','',(#10047));
#10057=CARTESIAN_POINT('',(-24.588656257341121,0.885718917846681,0.872268208405760));
#10058=DIRECTION('',(0.0,0.0,-1.0));
#10059=DIRECTION('',(-1.0,0.0,0.0));
#10060=AXIS2_PLACEMENT_3D('',#10057,#10058,#10059);
#10061=PLANE('',#10060);
#10062=CARTESIAN_POINT('',(-24.638656257341122,1.809982986558607,0.872268208405760));
#10063=DIRECTION('',(-0.382683432365088,-0.923879532511288,0.0));
#10064=VECTOR('',#10063,0.783937778925823);
#10065=LINE('',#10062,#10064);
#10066=CARTESIAN_POINT('',(-24.938656257341119,1.085718917846680,0.872268208405760));
#10067=TRIMMED_CURVE('',#10065,(PARAMETER_VALUE(0.0),#10062),(PARAMETER_VALUE(1.0),#10066),.T.,.PARAMETER.);
#10073=(BOUNDED_CURVE()CURVE()GEOMETRIC_REPRESENTATION_ITEM()REPRESENTATION_ITEM('')SURFACE_CURVE(#10067,(#10061),.CURVE_3D.));
#10074=COMPOSITE_CURVE_SEGMENT(.CONTINUOUS.,.T.,#10073);
#10075=CARTESIAN_POINT('',(-24.938656257341123,1.085718917846680,0.872268208405760));
#10076=DIRECTION('',(-1.0,0.0,0.0));
#10077=VECTOR('',#10076,0.399999999999999);
#10078=LINE('',#10075,#10077);
#10079=CARTESIAN_POINT('',(-25.338656257341121,1.085718917846680,0.872268208405760));
#10080=TRIMMED_CURVE('',#10078,(PARAMETER_VALUE(0.0),#10075),(PARAMETER_VALUE(1.0),#10079),.T.,.PARAMETER.);
#10086=(BOUNDED_CURVE()CURVE()GEOMETRIC_REPRESENTATION_ITEM()REPRESENTATION_ITEM('')SURFACE_CURVE(#10080,(#10061),.CURVE_3D.));
#10087=COMPOSITE_CURVE_SEGMENT(.CONTINUOUS.,.T.,#10086);
#10088=CARTESIAN_POINT('',(-25.338656257341121,1.085718917846684,0.872268208405760));
#10089=DIRECTION('',(-0.382683432365088,0.923879532511287,0.0));
#10090=VECTOR('',#10089,0.783937778925821);
#10091=LINE('',#10088,#10090);
#10092=CARTESIAN_POINT('',(-25.638656257341118,1.809982986558609,0.872268208405760));
#10093=TRIMMED_CURVE('',#10091,(PARAMETER_VALUE(0.0),#10088),(PARAMETER_VALUE(1.0),#10092),.T.,.PARAMETER.);
#10099=(BOUNDED_CURVE()CURVE()GEOMETRIC_REPRESENTATION_ITEM()REPRESENTATION_ITEM('')SURFACE_CURVE(#10093,(#10061),.CURVE_3D.));
#10100=COMPOSITE_CURVE_SEGMENT(.CONTINUOUS.,.T.,#10099);
#10101=CARTESIAN_POINT('',(-25.638656257341118,1.809982986558605,0.872268208405760));
#10102=DIRECTION('',(0.0,1.0,0.0));
#10103=VECTOR('',#10102,3.275735931288076);
#10104=LINE('',#10101,#10103);
#10105=CARTESIAN_POINT('',(-25.638656257341118,5.085718917846680,0.872268208405760));
#10106=TRIMMED_CURVE('',#10104,(PARAMETER_VALUE(0.0),#10101),(PARAMETER_VALUE(1.0),#10105),.T.,.PARAMETER.);
#10112=(BOUNDED_CURVE()CURVE()GEOMETRIC_REPRESENTATION_ITEM()REPRESENTATION_ITEM('')SURFACE_CURVE(#10106,(#10061),.CURVE_3D.));
#10113=COMPOSITE_CURVE_SEGMENT(.CONTINUOUS.,.T.,#10112);
#10114=CARTESIAN_POINT('',(-25.638656257341118,5.085718917846681,0.872268208405760));
#10115=DIRECTION('',(1.0,0.0,0.0));
#10116=VECTOR('',#10115,1.0);
#10117=LINE('',#10114,#10116);
#10118=CARTESIAN_POINT('',(-24.638656257341118,5.085718917846681,0.872268208405760));
#10119=TRIMMED_CURVE('',#10117,(PARAMETER_VALUE(0.0),#10114),(PARAMETER_VALUE(1.0),#10118),.T.,.PARAMETER.);
#10125=(BOUNDED_CURVE()CURVE()GEOMETRIC_REPRESENTATION_ITEM()REPRESENTATION_ITEM('')SURFACE_CURVE(#10119,(#10061),.CURVE_3D.));
#10126=COMPOSITE_CURVE_SEGMENT(.CONTINUOUS.,.T.,#10125);
#10127=CARTESIAN_POINT('',(-24.638656257341122,5.085718917846681,0.872268208405760));
#10128=DIRECTION('',(0.0,-1.0,0.0));
#10129=VECTOR('',#10128,3.275735931288075);
#10130=LINE('',#10127,#10129);
#10131=CARTESIAN_POINT('',(-24.638656257341122,1.809982986558606,0.872268208405760));
#10132=TRIMMED_CURVE('',#10130,(PARAMETER_VALUE(0.0),#10127),(PARAMETER_VALUE(1.0),#10131),.T.,.PARAMETER.);
#10138=(BOUNDED_CURVE()CURVE()GEOMETRIC_REPRESENTATION_ITEM()REPRESENTATION_ITEM('')SURFACE_CURVE(#10132,(#10061),.CURVE_3D.));
#10139=COMPOSITE_CURVE_SEGMENT(.CONTINUOUS.,.T.,#10138);
#10140=OUTER_BOUNDARY_CURVE('',(#10074,#10087,#10100,#10113,#10126,#10139),.U.);
#10141=CURVE_BOUNDED_SURFACE('',#10061,(#10140),.F.);
#10142=STYLED_ITEM('',(#10143),#10141);
#10143=PRESENTATION_STYLE_ASSIGNMENT((#10144));
#10144=SURFACE_STYLE_USAGE(.POSITIVE.,#10145);
#10145=SURFACE_SIDE_STYLE('',(#10146));
#10146=SURFACE_STYLE_FILL_AREA(#10147);
#10147=FILL_AREA_STYLE('',(#10148));
#10148=FILL_AREA_STYLE_COLOUR('',#10149);
#10149=COLOUR_RGB('',0.705882352941176,0.470588235294118,0.470588235294118);
#10150=PRESENTATION_LAYER_ASSIGNMENT('7','',(#10141));
#10151=CARTESIAN_POINT('',(-25.638656257341118,1.646196189994202,0.859768208405760));
#10152=DIRECTION('',(-1.0,0.0,0.0));
#10153=DIRECTION('',(0.0,0.0,1.0));
#10154=AXIS2_PLACEMENT_3D('',#10151,#10152,#10153);
#10155=PLANE('',#10154);
#10156=CARTESIAN_POINT('',(-25.638656257341118,1.809982986558605,0.872268208405760));
#10157=DIRECTION('',(0.0,0.0,1.0));
#10158=VECTOR('',#10157,0.250000000000000);
#10159=LINE('',#10156,#10158);
#10160=CARTESIAN_POINT('',(-25.638656257341118,1.809982986558605,1.122268208405760));
#10161=TRIMMED_CURVE('',#10159,(PARAMETER_VALUE(0.0),#10156),(PARAMETER_VALUE(1.0),#10160),.T.,.PARAMETER.);
#10167=(BOUNDED_CURVE()CURVE()GEOMETRIC_REPRESENTATION_ITEM()REPRESENTATION_ITEM('')SURFACE_CURVE(#10161,(#10155),.CURVE_3D.));
#10168=COMPOSITE_CURVE_SEGMENT(.CONTINUOUS.,.T.,#10167);
#10169=CARTESIAN_POINT('',(-25.638656257341118,1.809982986558605,1.122268208405760));
#10170=DIRECTION('',(0.0,1.0,0.0));
#10171=VECTOR('',#10170,3.275735931288076);
#10172=LINE('',#10169,#10171);
#10173=CARTESIAN_POINT('',(-25.638656257341118,5.085718917846680,1.122268208405760));
#10174=TRIMMED_CURVE('',#10172,(PARAMETER_VALUE(0.0),#10169),(PARAMETER_VALUE(1.0),#10173),.T.,.PARAMETER.);
#10180=(BOUNDED_CURVE()CURVE()GEOMETRIC_REPRESENTATION_ITEM()REPRESENTATION_ITEM('')SURFACE_CURVE(#10174,(#10155),.CURVE_3D.));
#10181=COMPOSITE_CURVE_SEGMENT(.CONTINUOUS.,.T.,#10180);
#10182=CARTESIAN_POINT('',(-25.638656257341118,5.085718917846681,1.122268208405760));
#10183=DIRECTION('',(0.0,0.0,-1.0));
#10184=VECTOR('',#10183,0.250000000000000);
#10185=LINE('',#10182,#10184);
#10186=CARTESIAN_POINT('',(-25.638656257341118,5.085718917846681,0.872268208405760));
#10187=TRIMMED_CURVE('',#10185,(PARAMETER_VALUE(0.0),#10182),(PARAMETER_VALUE(1.0),#10186),.T.,.PARAMETER.);
#10193=(BOUNDED_CURVE()CURVE()GEOMETRIC_REPRESENTATION_ITEM()REPRESENTATION_ITEM('')SURFACE_CURVE(#10187,(#10155),.CURVE_3D.));
#10194=COMPOSITE_CURVE_SEGMENT(.CONTINUOUS.,.T.,#10193);
#10195=CARTESIAN_POINT('',(-25.638656257341118,5.085718917846681,0.872268208405760));
#10196=DIRECTION('',(0.0,-1.0,0.0));
#10197=VECTOR('',#10196,3.275735931288075);
#10198=LINE('',#10195,#10197);
#10199=CARTESIAN_POINT('',(-25.638656257341118,1.809982986558606,0.872268208405760));
#10200=TRIMMED_CURVE('',#10198,(PARAMETER_VALUE(0.0),#10195),(PARAMETER_VALUE(1.0),#10199),.T.,.PARAMETER.);
#10206=(BOUNDED_CURVE()CURVE()GEOMETRIC_REPRESENTATION_ITEM()REPRESENTATION_ITEM('')SURFACE_CURVE(#10200,(#10155),.CURVE_3D.));
#10207=COMPOSITE_CURVE_SEGMENT(.CONTINUOUS.,.T.,#10206);
#10208=OUTER_BOUNDARY_CURVE('',(#10168,#10181,#10194,#10207),.U.);
#10209=CURVE_BOUNDED_SURFACE('',#10155,(#10208),.F.);
#10210=STYLED_ITEM('',(#10211),#10209);
#10211=PRESENTATION_STYLE_ASSIGNMENT((#10212));
#10212=SURFACE_STYLE_USAGE(.POSITIVE.,#10213);
#10213=SURFACE_SIDE_STYLE('',(#10214));
#10214=SURFACE_STYLE_FILL_AREA(#10215);
#10215=FILL_AREA_STYLE('',(#10216));
#10216=FILL_AREA_STYLE_COLOUR('',#10217);
#10217=COLOUR_RGB('',0.705882352941176,0.470588235294118,0.470588235294118);
#10218=PRESENTATION_LAYER_ASSIGNMENT('7','',(#10209));
#10219=CARTESIAN_POINT('',(-24.638656257341122,1.646196189994202,1.134768208405760));
#10220=DIRECTION('',(1.0,0.0,0.0));
#10221=DIRECTION('',(0.0,0.0,-1.0));
#10222=AXIS2_PLACEMENT_3D('',#10219,#10220,#10221);
#10223=PLANE('',#10222);
#10224=CARTESIAN_POINT('',(-24.638656257341122,1.809982986558605,1.122268208405760));
#10225=DIRECTION('',(0.0,0.0,-1.0));
#10226=VECTOR('',#10225,0.250000000000000);
#10227=LINE('',#10224,#10226);
#10228=CARTESIAN_POINT('',(-24.638656257341122,1.809982986558605,0.872268208405760));
#10229=TRIMMED_CURVE('',#10227,(PARAMETER_VALUE(0.0),#10224),(PARAMETER_VALUE(1.0),#10228),.T.,.PARAMETER.);
#10235=(BOUNDED_CURVE()CURVE()GEOMETRIC_REPRESENTATION_ITEM()REPRESENTATION_ITEM('')SURFACE_CURVE(#10229,(#10223),.CURVE_3D.));
#10236=COMPOSITE_CURVE_SEGMENT(.CONTINUOUS.,.T.,#10235);
#10237=CARTESIAN_POINT('',(-24.638656257341122,1.809982986558605,0.872268208405760));
#10238=DIRECTION('',(0.0,1.0,0.0));
#10239=VECTOR('',#10238,3.275735931288076);
#10240=LINE('',#10237,#10239);
#10241=CARTESIAN_POINT('',(-24.638656257341122,5.085718917846680,0.872268208405760));
#10242=TRIMMED_CURVE('',#10240,(PARAMETER_VALUE(0.0),#10237),(PARAMETER_VALUE(1.0),#10241),.T.,.PARAMETER.);
#10248=(BOUNDED_CURVE()CURVE()GEOMETRIC_REPRESENTATION_ITEM()REPRESENTATION_ITEM('')SURFACE_CURVE(#10242,(#10223),.CURVE_3D.));
#10249=COMPOSITE_CURVE_SEGMENT(.CONTINUOUS.,.T.,#10248);
#10250=CARTESIAN_POINT('',(-24.638656257341122,5.085718917846681,0.872268208405760));
#10251=DIRECTION('',(0.0,0.0,1.0));
#10252=VECTOR('',#10251,0.250000000000000);
#10253=LINE('',#10250,#10252);
#10254=CARTESIAN_POINT('',(-24.638656257341122,5.085718917846681,1.122268208405760));
#10255=TRIMMED_CURVE('',#10253,(PARAMETER_VALUE(0.0),#10250),(PARAMETER_VALUE(1.0),#10254),.T.,.PARAMETER.);
#10261=(BOUNDED_CURVE()CURVE()GEOMETRIC_REPRESENTATION_ITEM()REPRESENTATION_ITEM('')SURFACE_CURVE(#10255,(#10223),.CURVE_3D.));
#10262=COMPOSITE_CURVE_SEGMENT(.CONTINUOUS.,.T.,#10261);
#10263=CARTESIAN_POINT('',(-24.638656257341122,5.085718917846681,1.122268208405760));
#10264=DIRECTION('',(0.0,-1.0,0.0));
#10265=VECTOR('',#10264,3.275735931288075);
#10266=LINE('',#10263,#10265);
#10267=CARTESIAN_POINT('',(-24.638656257341122,1.809982986558606,1.122268208405760));
#10268=TRIMMED_CURVE('',#10266,(PARAMETER_VALUE(0.0),#10263),(PARAMETER_VALUE(1.0),#10267),.T.,.PARAMETER.);
#10274=(BOUNDED_CURVE()CURVE()GEOMETRIC_REPRESENTATION_ITEM()REPRESENTATION_ITEM('')SURFACE_CURVE(#10268,(#10223),.CURVE_3D.));
#10275=COMPOSITE_CURVE_SEGMENT(.CONTINUOUS.,.T.,#10274);
#10276=OUTER_BOUNDARY_CURVE('',(#10236,#10249,#10262,#10275),.U.);
#10277=CURVE_BOUNDED_SURFACE('',#10223,(#10276),.F.);
#10278=STYLED_ITEM('',(#10279),#10277);
#10279=PRESENTATION_STYLE_ASSIGNMENT((#10280));
#10280=SURFACE_STYLE_USAGE(.POSITIVE.,#10281);
#10281=SURFACE_SIDE_STYLE('',(#10282));
#10282=SURFACE_STYLE_FILL_AREA(#10283);
#10283=FILL_AREA_STYLE('',(#10284));
#10284=FILL_AREA_STYLE_COLOUR('',#10285);
#10285=COLOUR_RGB('',0.705882352941176,0.470588235294118,0.470588235294118);
#10286=PRESENTATION_LAYER_ASSIGNMENT('7','',(#10277));
#10287=CARTESIAN_POINT('',(-24.638656257341118,1.646196189994202,8.634768208405763));
#10288=DIRECTION('',(1.0,0.0,0.0));
#10289=DIRECTION('',(0.0,0.0,-1.0));
#10290=AXIS2_PLACEMENT_3D('',#10287,#10288,#10289);
#10291=PLANE('',#10290);
#10292=CARTESIAN_POINT('',(-24.638656257341118,1.809982986558605,8.622268208405764));
#10293=DIRECTION('',(0.0,0.0,-1.0));
#10294=VECTOR('',#10293,0.250000000000000);
#10295=LINE('',#10292,#10294);
#10296=CARTESIAN_POINT('',(-24.638656257341118,1.809982986558605,8.372268208405764));
#10297=TRIMMED_CURVE('',#10295,(PARAMETER_VALUE(0.0),#10292),(PARAMETER_VALUE(1.0),#10296),.T.,.PARAMETER.);
#10303=(BOUNDED_CURVE()CURVE()GEOMETRIC_REPRESENTATION_ITEM()REPRESENTATION_ITEM('')SURFACE_CURVE(#10297,(#10291),.CURVE_3D.));
#10304=COMPOSITE_CURVE_SEGMENT(.CONTINUOUS.,.T.,#10303);
#10305=CARTESIAN_POINT('',(-24.638656257341118,1.809982986558605,8.372268208405764));
#10306=DIRECTION('',(0.0,1.0,0.0));
#10307=VECTOR('',#10306,3.275735931288076);
#10308=LINE('',#10305,#10307);
#10309=CARTESIAN_POINT('',(-24.638656257341118,5.085718917846680,8.372268208405764));
#10310=TRIMMED_CURVE('',#10308,(PARAMETER_VALUE(0.0),#10305),(PARAMETER_VALUE(1.0),#10309),.T.,.PARAMETER.);
#10316=(BOUNDED_CURVE()CURVE()GEOMETRIC_REPRESENTATION_ITEM()REPRESENTATION_ITEM('')SURFACE_CURVE(#10310,(#10291),.CURVE_3D.));
#10317=COMPOSITE_CURVE_SEGMENT(.CONTINUOUS.,.T.,#10316);
#10318=CARTESIAN_POINT('',(-24.638656257341118,5.085718917846681,8.372268208405764));
#10319=DIRECTION('',(0.0,0.0,1.0));
#10320=VECTOR('',#10319,0.250000000000000);
#10321=LINE('',#10318,#10320);
#10322=CARTESIAN_POINT('',(-24.638656257341118,5.085718917846681,8.622268208405764));
#10323=TRIMMED_CURVE('',#10321,(PARAMETER_VALUE(0.0),#10318),(PARAMETER_VALUE(1.0),#10322),.T.,.PARAMETER.);
#10329=(BOUNDED_CURVE()CURVE()GEOMETRIC_REPRESENTATION_ITEM()REPRESENTATION_ITEM('')SURFACE_CURVE(#10323,(#10291),.CURVE_3D.));
#10330=COMPOSITE_CURVE_SEGMENT(.CONTINUOUS.,.T.,#10329);
#10331=CARTESIAN_POINT('',(-24.638656257341118,5.085718917846681,8.622268208405764));
#10332=DIRECTION('',(0.0,-1.0,0.0));
#10333=VECTOR('',#10332,3.275735931288075);
#10334=LINE('',#10331,#10333);
#10335=CARTESIAN_POINT('',(-24.638656257341118,1.809982986558606,8.622268208405764));
#10336=TRIMMED_CURVE('',#10334,(PARAMETER_VALUE(0.0),#10331),(PARAMETER_VALUE(1.0),#10335),.T.,.PARAMETER.);
#10342=(BOUNDED_CURVE()CURVE()GEOMETRIC_REPRESENTATION_ITEM()REPRESENTATION_ITEM('')SURFACE_CURVE(#10336,(#10291),.CURVE_3D.));
#10343=COMPOSITE_CURVE_SEGMENT(.CONTINUOUS.,.T.,#10342);
#10344=OUTER_BOUNDARY_CURVE('',(#10304,#10317,#10330,#10343),.U.);
#10345=CURVE_BOUNDED_SURFACE('',#10291,(#10344),.F.);
#10346=STYLED_ITEM('',(#10347),#10345);
#10347=PRESENTATION_STYLE_ASSIGNMENT((#10348));
#10348=SURFACE_STYLE_USAGE(.POSITIVE.,#10349);
#10349=SURFACE_SIDE_STYLE('',(#10350));
#10350=SURFACE_STYLE_FILL_AREA(#10351);
#10351=FILL_AREA_STYLE('',(#10352));
#10352=FILL_AREA_STYLE_COLOUR('',#10353);
#10353=COLOUR_RGB('',0.705882352941176,0.470588235294118,0.470588235294118);
#10354=PRESENTATION_LAYER_ASSIGNMENT('7','',(#10345));
#10355=CARTESIAN_POINT('',(-49.638656257341118,1.646196189994205,8.634768208405760));
#10356=DIRECTION('',(1.0,0.0,0.0));
#10357=DIRECTION('',(0.0,0.0,-1.0));
#10358=AXIS2_PLACEMENT_3D('',#10355,#10356,#10357);
#10359=PLANE('',#10358);
#10360=CARTESIAN_POINT('',(-49.638656257341118,1.809982986558610,8.622268208405760));
#10361=DIRECTION('',(0.0,0.0,-1.0));
#10362=VECTOR('',#10361,0.249999999999996);
#10363=LINE('',#10360,#10362);
#10364=CARTESIAN_POINT('',(-49.638656257341118,1.809982986558610,8.372268208405764));
#10365=TRIMMED_CURVE('',#10363,(PARAMETER_VALUE(0.0),#10360),(PARAMETER_VALUE(1.0),#10364),.T.,.PARAMETER.);
#10371=(BOUNDED_CURVE()CURVE()GEOMETRIC_REPRESENTATION_ITEM()REPRESENTATION_ITEM('')SURFACE_CURVE(#10365,(#10359),.CURVE_3D.));
#10372=COMPOSITE_CURVE_SEGMENT(.CONTINUOUS.,.T.,#10371);
#10373=CARTESIAN_POINT('',(-49.638656257341118,1.809982986558610,8.372268208405764));
#10374=DIRECTION('',(0.0,1.0,0.0));
#10375=VECTOR('',#10374,3.275735931288073);
#10376=LINE('',#10373,#10375);
#10377=CARTESIAN_POINT('',(-49.638656257341118,5.085718917846682,8.372268208405764));
#10378=TRIMMED_CURVE('',#10376,(PARAMETER_VALUE(0.0),#10373),(PARAMETER_VALUE(1.0),#10377),.T.,.PARAMETER.);
#10384=(BOUNDED_CURVE()CURVE()GEOMETRIC_REPRESENTATION_ITEM()REPRESENTATION_ITEM('')SURFACE_CURVE(#10378,(#10359),.CURVE_3D.));
#10385=COMPOSITE_CURVE_SEGMENT(.CONTINUOUS.,.T.,#10384);
#10386=CARTESIAN_POINT('',(-49.638656257341118,5.085718917846681,8.372268208405764));
#10387=DIRECTION('',(0.0,0.0,1.0));
#10388=VECTOR('',#10387,0.249999999999996);
#10389=LINE('',#10386,#10388);
#10390=CARTESIAN_POINT('',(-49.638656257341118,5.085718917846681,8.622268208405760));
#10391=TRIMMED_CURVE('',#10389,(PARAMETER_VALUE(0.0),#10386),(PARAMETER_VALUE(1.0),#10390),.T.,.PARAMETER.);
#10397=(BOUNDED_CURVE()CURVE()GEOMETRIC_REPRESENTATION_ITEM()REPRESENTATION_ITEM('')SURFACE_CURVE(#10391,(#10359),.CURVE_3D.));
#10398=COMPOSITE_CURVE_SEGMENT(.CONTINUOUS.,.T.,#10397);
#10399=CARTESIAN_POINT('',(-49.638656257341118,5.085718917846681,8.622268208405760));
#10400=DIRECTION('',(0.0,-1.0,0.0));
#10401=VECTOR('',#10400,3.275735931288072);
#10402=LINE('',#10399,#10401);
#10403=CARTESIAN_POINT('',(-49.638656257341118,1.809982986558610,8.622268208405760));
#10404=TRIMMED_CURVE('',#10402,(PARAMETER_VALUE(0.0),#10399),(PARAMETER_VALUE(1.0),#10403),.T.,.PARAMETER.);
#10410=(BOUNDED_CURVE()CURVE()GEOMETRIC_REPRESENTATION_ITEM()REPRESENTATION_ITEM('')SURFACE_CURVE(#10404,(#10359),.CURVE_3D.));
#10411=COMPOSITE_CURVE_SEGMENT(.CONTINUOUS.,.T.,#10410);
#10412=OUTER_BOUNDARY_CURVE('',(#10372,#10385,#10398,#10411),.U.);
#10413=CURVE_BOUNDED_SURFACE('',#10359,(#10412),.F.);
#10414=STYLED_ITEM('',(#10415),#10413);
#10415=PRESENTATION_STYLE_ASSIGNMENT((#10416));
#10416=SURFACE_STYLE_USAGE(.POSITIVE.,#10417);
#10417=SURFACE_SIDE_STYLE('',(#10418));
#10418=SURFACE_STYLE_FILL_AREA(#10419);
#10419=FILL_AREA_STYLE('',(#10420));
#10420=FILL_AREA_STYLE_COLOUR('',#10421);
#10421=COLOUR_RGB('',0.705882352941176,0.470588235294118,0.470588235294118);
#10422=PRESENTATION_LAYER_ASSIGNMENT('7','',(#10413));
#10423=CARTESIAN_POINT('',(-44.638656257341118,1.646196189994205,8.634768208405760));
#10424=DIRECTION('',(1.0,0.0,0.0));
#10425=DIRECTION('',(0.0,0.0,-1.0));
#10426=AXIS2_PLACEMENT_3D('',#10423,#10424,#10425);
#10427=PLANE('',#10426);
#10428=CARTESIAN_POINT('',(-44.638656257341118,1.809982986558610,8.622268208405760));
#10429=DIRECTION('',(0.0,0.0,-1.0));
#10430=VECTOR('',#10429,0.249999999999996);
#10431=LINE('',#10428,#10430);
#10432=CARTESIAN_POINT('',(-44.638656257341118,1.809982986558610,8.372268208405764));
#10433=TRIMMED_CURVE('',#10431,(PARAMETER_VALUE(0.0),#10428),(PARAMETER_VALUE(1.0),#10432),.T.,.PARAMETER.);
#10439=(BOUNDED_CURVE()CURVE()GEOMETRIC_REPRESENTATION_ITEM()REPRESENTATION_ITEM('')SURFACE_CURVE(#10433,(#10427),.CURVE_3D.));
#10440=COMPOSITE_CURVE_SEGMENT(.CONTINUOUS.,.T.,#10439);
#10441=CARTESIAN_POINT('',(-44.638656257341118,1.809982986558610,8.372268208405764));
#10442=DIRECTION('',(0.0,1.0,0.0));
#10443=VECTOR('',#10442,3.275735931288073);
#10444=LINE('',#10441,#10443);
#10445=CARTESIAN_POINT('',(-44.638656257341118,5.085718917846682,8.372268208405764));
#10446=TRIMMED_CURVE('',#10444,(PARAMETER_VALUE(0.0),#10441),(PARAMETER_VALUE(1.0),#10445),.T.,.PARAMETER.);
#10452=(BOUNDED_CURVE()CURVE()GEOMETRIC_REPRESENTATION_ITEM()REPRESENTATION_ITEM('')SURFACE_CURVE(#10446,(#10427),.CURVE_3D.));
#10453=COMPOSITE_CURVE_SEGMENT(.CONTINUOUS.,.T.,#10452);
#10454=CARTESIAN_POINT('',(-44.638656257341118,5.085718917846681,8.372268208405764));
#10455=DIRECTION('',(0.0,0.0,1.0));
#10456=VECTOR('',#10455,0.249999999999996);
#10457=LINE('',#10454,#10456);
#10458=CARTESIAN_POINT('',(-44.638656257341118,5.085718917846681,8.622268208405760));
#10459=TRIMMED_CURVE('',#10457,(PARAMETER_VALUE(0.0),#10454),(PARAMETER_VALUE(1.0),#10458),.T.,.PARAMETER.);
#10465=(BOUNDED_CURVE()CURVE()GEOMETRIC_REPRESENTATION_ITEM()REPRESENTATION_ITEM('')SURFACE_CURVE(#10459,(#10427),.CURVE_3D.));
#10466=COMPOSITE_CURVE_SEGMENT(.CONTINUOUS.,.T.,#10465);
#10467=CARTESIAN_POINT('',(-44.638656257341118,5.085718917846681,8.622268208405760));
#10468=DIRECTION('',(0.0,-1.0,0.0));
#10469=VECTOR('',#10468,3.275735931288072);
#10470=LINE('',#10467,#10469);
#10471=CARTESIAN_POINT('',(-44.638656257341118,1.809982986558610,8.622268208405760));
#10472=TRIMMED_CURVE('',#10470,(PARAMETER_VALUE(0.0),#10467),(PARAMETER_VALUE(1.0),#10471),.T.,.PARAMETER.);
#10478=(BOUNDED_CURVE()CURVE()GEOMETRIC_REPRESENTATION_ITEM()REPRESENTATION_ITEM('')SURFACE_CURVE(#10472,(#10427),.CURVE_3D.));
#10479=COMPOSITE_CURVE_SEGMENT(.CONTINUOUS.,.T.,#10478);
#10480=OUTER_BOUNDARY_CURVE('',(#10440,#10453,#10466,#10479),.U.);
#10481=CURVE_BOUNDED_SURFACE('',#10427,(#10480),.F.);
#10482=STYLED_ITEM('',(#10483),#10481);
#10483=PRESENTATION_STYLE_ASSIGNMENT((#10484));
#10484=SURFACE_STYLE_USAGE(.POSITIVE.,#10485);
#10485=SURFACE_SIDE_STYLE('',(#10486));
#10486=SURFACE_STYLE_FILL_AREA(#10487);
#10487=FILL_AREA_STYLE('',(#10488));
#10488=FILL_AREA_STYLE_COLOUR('',#10489);
#10489=COLOUR_RGB('',0.705882352941176,0.470588235294118,0.470588235294118);
#10490=PRESENTATION_LAYER_ASSIGNMENT('7','',(#10481));
#10491=CARTESIAN_POINT('',(-40.638656257341118,1.646196189994205,8.359768208405765));
#10492=DIRECTION('',(-1.0,0.0,0.0));
#10493=DIRECTION('',(0.0,0.0,1.0));
#10494=AXIS2_PLACEMENT_3D('',#10491,#10492,#10493);
#10495=PLANE('',#10494);
#10496=CARTESIAN_POINT('',(-40.638656257341118,1.809982986558610,8.372268208405764));
#10497=DIRECTION('',(0.0,0.0,1.0));
#10498=VECTOR('',#10497,0.249999999999996);
#10499=LINE('',#10496,#10498);
#10500=CARTESIAN_POINT('',(-40.638656257341118,1.809982986558610,8.622268208405760));
#10501=TRIMMED_CURVE('',#10499,(PARAMETER_VALUE(0.0),#10496),(PARAMETER_VALUE(1.0),#10500),.T.,.PARAMETER.);
#10507=(BOUNDED_CURVE()CURVE()GEOMETRIC_REPRESENTATION_ITEM()REPRESENTATION_ITEM('')SURFACE_CURVE(#10501,(#10495),.CURVE_3D.));
#10508=COMPOSITE_CURVE_SEGMENT(.CONTINUOUS.,.T.,#10507);
#10509=CARTESIAN_POINT('',(-40.638656257341118,1.809982986558610,8.622268208405760));
#10510=DIRECTION('',(0.0,1.0,0.0));
#10511=VECTOR('',#10510,3.275735931288073);
#10512=LINE('',#10509,#10511);
#10513=CARTESIAN_POINT('',(-40.638656257341118,5.085718917846682,8.622268208405760));
#10514=TRIMMED_CURVE('',#10512,(PARAMETER_VALUE(0.0),#10509),(PARAMETER_VALUE(1.0),#10513),.T.,.PARAMETER.);
#10520=(BOUNDED_CURVE()CURVE()GEOMETRIC_REPRESENTATION_ITEM()REPRESENTATION_ITEM('')SURFACE_CURVE(#10514,(#10495),.CURVE_3D.));
#10521=COMPOSITE_CURVE_SEGMENT(.CONTINUOUS.,.T.,#10520);
#10522=CARTESIAN_POINT('',(-40.638656257341118,5.085718917846681,8.622268208405760));
#10523=DIRECTION('',(0.0,0.0,-1.0));
#10524=VECTOR('',#10523,0.249999999999996);
#10525=LINE('',#10522,#10524);
#10526=CARTESIAN_POINT('',(-40.638656257341118,5.085718917846681,8.372268208405764));
#10527=TRIMMED_CURVE('',#10525,(PARAMETER_VALUE(0.0),#10522),(PARAMETER_VALUE(1.0),#10526),.T.,.PARAMETER.);
#10533=(BOUNDED_CURVE()CURVE()GEOMETRIC_REPRESENTATION_ITEM()REPRESENTATION_ITEM('')SURFACE_CURVE(#10527,(#10495),.CURVE_3D.));
#10534=COMPOSITE_CURVE_SEGMENT(.CONTINUOUS.,.T.,#10533);
#10535=CARTESIAN_POINT('',(-40.638656257341118,5.085718917846681,8.372268208405764));
#10536=DIRECTION('',(0.0,-1.0,0.0));
#10537=VECTOR('',#10536,3.275735931288072);
#10538=LINE('',#10535,#10537);
#10539=CARTESIAN_POINT('',(-40.638656257341118,1.809982986558610,8.372268208405764));
#10540=TRIMMED_CURVE('',#10538,(PARAMETER_VALUE(0.0),#10535),(PARAMETER_VALUE(1.0),#10539),.T.,.PARAMETER.);
#10546=(BOUNDED_CURVE()CURVE()GEOMETRIC_REPRESENTATION_ITEM()REPRESENTATION_ITEM('')SURFACE_CURVE(#10540,(#10495),.CURVE_3D.));
#10547=COMPOSITE_CURVE_SEGMENT(.CONTINUOUS.,.T.,#10546);
#10548=OUTER_BOUNDARY_CURVE('',(#10508,#10521,#10534,#10547),.U.);
#10549=CURVE_BOUNDED_SURFACE('',#10495,(#10548),.F.);
#10550=STYLED_ITEM('',(#10551),#10549);
#10551=PRESENTATION_STYLE_ASSIGNMENT((#10552));
#10552=SURFACE_STYLE_USAGE(.POSITIVE.,#10553);
#10553=SURFACE_SIDE_STYLE('',(#10554));
#10554=SURFACE_STYLE_FILL_AREA(#10555);
#10555=FILL_AREA_STYLE('',(#10556));
#10556=FILL_AREA_STYLE_COLOUR('',#10557);
#10557=COLOUR_RGB('',0.705882352941176,0.470588235294118,0.470588235294118);
#10558=PRESENTATION_LAYER_ASSIGNMENT('7','',(#10549));
#10559=CARTESIAN_POINT('',(-39.638656257341118,1.646196189994205,8.634768208405760));
#10560=DIRECTION('',(1.0,0.0,0.0));
#10561=DIRECTION('',(0.0,0.0,-1.0));
#10562=AXIS2_PLACEMENT_3D('',#10559,#10560,#10561);
#10563=PLANE('',#10562);
#10564=CARTESIAN_POINT('',(-39.638656257341118,1.809982986558610,8.622268208405760));
#10565=DIRECTION('',(0.0,0.0,-1.0));
#10566=VECTOR('',#10565,0.249999999999996);
#10567=LINE('',#10564,#10566);
#10568=CARTESIAN_POINT('',(-39.638656257341118,1.809982986558610,8.372268208405764));
#10569=TRIMMED_CURVE('',#10567,(PARAMETER_VALUE(0.0),#10564),(PARAMETER_VALUE(1.0),#10568),.T.,.PARAMETER.);
#10575=(BOUNDED_CURVE()CURVE()GEOMETRIC_REPRESENTATION_ITEM()REPRESENTATION_ITEM('')SURFACE_CURVE(#10569,(#10563),.CURVE_3D.));
#10576=COMPOSITE_CURVE_SEGMENT(.CONTINUOUS.,.T.,#10575);
#10577=CARTESIAN_POINT('',(-39.638656257341118,1.809982986558610,8.372268208405764));
#10578=DIRECTION('',(0.0,1.0,0.0));
#10579=VECTOR('',#10578,3.275735931288073);
#10580=LINE('',#10577,#10579);
#10581=CARTESIAN_POINT('',(-39.638656257341118,5.085718917846682,8.372268208405764));
#10582=TRIMMED_CURVE('',#10580,(PARAMETER_VALUE(0.0),#10577),(PARAMETER_VALUE(1.0),#10581),.T.,.PARAMETER.);
#10588=(BOUNDED_CURVE()CURVE()GEOMETRIC_REPRESENTATION_ITEM()REPRESENTATION_ITEM('')SURFACE_CURVE(#10582,(#10563),.CURVE_3D.));
#10589=COMPOSITE_CURVE_SEGMENT(.CONTINUOUS.,.T.,#10588);
#10590=CARTESIAN_POINT('',(-39.638656257341118,5.085718917846681,8.372268208405764));
#10591=DIRECTION('',(0.0,0.0,1.0));
#10592=VECTOR('',#10591,0.249999999999996);
#10593=LINE('',#10590,#10592);
#10594=CARTESIAN_POINT('',(-39.638656257341118,5.085718917846681,8.622268208405760));
#10595=TRIMMED_CURVE('',#10593,(PARAMETER_VALUE(0.0),#10590),(PARAMETER_VALUE(1.0),#10594),.T.,.PARAMETER.);
#10601=(BOUNDED_CURVE()CURVE()GEOMETRIC_REPRESENTATION_ITEM()REPRESENTATION_ITEM('')SURFACE_CURVE(#10595,(#10563),.CURVE_3D.));
#10602=COMPOSITE_CURVE_SEGMENT(.CONTINUOUS.,.T.,#10601);
#10603=CARTESIAN_POINT('',(-39.638656257341118,5.085718917846681,8.622268208405760));
#10604=DIRECTION('',(0.0,-1.0,0.0));
#10605=VECTOR('',#10604,3.275735931288072);
#10606=LINE('',#10603,#10605);
#10607=CARTESIAN_POINT('',(-39.638656257341118,1.809982986558610,8.622268208405760));
#10608=TRIMMED_CURVE('',#10606,(PARAMETER_VALUE(0.0),#10603),(PARAMETER_VALUE(1.0),#10607),.T.,.PARAMETER.);
#10614=(BOUNDED_CURVE()CURVE()GEOMETRIC_REPRESENTATION_ITEM()REPRESENTATION_ITEM('')SURFACE_CURVE(#10608,(#10563),.CURVE_3D.));
#10615=COMPOSITE_CURVE_SEGMENT(.CONTINUOUS.,.T.,#10614);
#10616=OUTER_BOUNDARY_CURVE('',(#10576,#10589,#10602,#10615),.U.);
#10617=CURVE_BOUNDED_SURFACE('',#10563,(#10616),.F.);
#10618=STYLED_ITEM('',(#10619),#10617);
#10619=PRESENTATION_STYLE_ASSIGNMENT((#10620));
#10620=SURFACE_STYLE_USAGE(.POSITIVE.,#10621);
#10621=SURFACE_SIDE_STYLE('',(#10622));
#10622=SURFACE_STYLE_FILL_AREA(#10623);
#10623=FILL_AREA_STYLE('',(#10624));
#10624=FILL_AREA_STYLE_COLOUR('',#10625);
#10625=COLOUR_RGB('',0.705882352941176,0.470588235294118,0.470588235294118);
#10626=PRESENTATION_LAYER_ASSIGNMENT('7','',(#10617));
#10627=CARTESIAN_POINT('',(-39.588656257341121,0.885718917846681,8.372268208405764));
#10628=DIRECTION('',(0.0,0.0,-1.0));
#10629=DIRECTION('',(-1.0,0.0,0.0));
#10630=AXIS2_PLACEMENT_3D('',#10627,#10628,#10629);
#10631=PLANE('',#10630);
#10632=CARTESIAN_POINT('',(-40.338656257341121,1.085718917846680,8.372268208405764));
#10633=DIRECTION('',(-0.382683432365095,0.923879532511285,0.0));
#10634=VECTOR('',#10633,0.783937778925827);
#10635=LINE('',#10632,#10634);
#10636=CARTESIAN_POINT('',(-40.638656257341125,1.809982986558608,8.372268208405764));
#10637=TRIMMED_CURVE('',#10635,(PARAMETER_VALUE(0.0),#10632),(PARAMETER_VALUE(1.0),#10636),.T.,.PARAMETER.);
#10643=(BOUNDED_CURVE()CURVE()GEOMETRIC_REPRESENTATION_ITEM()REPRESENTATION_ITEM('')SURFACE_CURVE(#10637,(#10631),.CURVE_3D.));
#10644=COMPOSITE_CURVE_SEGMENT(.CONTINUOUS.,.T.,#10643);
#10645=CARTESIAN_POINT('',(-40.638656257341118,1.809982986558610,8.372268208405764));
#10646=DIRECTION('',(0.0,1.0,0.0));
#10647=VECTOR('',#10646,3.275735931288071);
#10648=LINE('',#10645,#10647);
#10649=CARTESIAN_POINT('',(-40.638656257341118,5.085718917846681,8.372268208405764));
#10650=TRIMMED_CURVE('',#10648,(PARAMETER_VALUE(0.0),#10645),(PARAMETER_VALUE(1.0),#10649),.T.,.PARAMETER.);
#10656=(BOUNDED_CURVE()CURVE()GEOMETRIC_REPRESENTATION_ITEM()REPRESENTATION_ITEM('')SURFACE_CURVE(#10650,(#10631),.CURVE_3D.));
#10657=COMPOSITE_CURVE_SEGMENT(.CONTINUOUS.,.T.,#10656);
#10658=CARTESIAN_POINT('',(-40.638656257341118,5.085718917846681,8.372268208405764));
#10659=DIRECTION('',(1.0,0.0,0.0));
#10660=VECTOR('',#10659,1.000000000000007);
#10661=LINE('',#10658,#10660);
#10662=CARTESIAN_POINT('',(-39.638656257341111,5.085718917846681,8.372268208405764));
#10663=TRIMMED_CURVE('',#10661,(PARAMETER_VALUE(0.0),#10658),(PARAMETER_VALUE(1.0),#10662),.T.,.PARAMETER.);
#10669=(BOUNDED_CURVE()CURVE()GEOMETRIC_REPRESENTATION_ITEM()REPRESENTATION_ITEM('')SURFACE_CURVE(#10663,(#10631),.CURVE_3D.));
#10670=COMPOSITE_CURVE_SEGMENT(.CONTINUOUS.,.T.,#10669);
#10671=CARTESIAN_POINT('',(-39.638656257341111,5.085718917846681,8.372268208405764));
#10672=DIRECTION('',(0.0,-1.0,0.0));
#10673=VECTOR('',#10672,3.275735931288072);
#10674=LINE('',#10671,#10673);
#10675=CARTESIAN_POINT('',(-39.638656257341111,1.809982986558610,8.372268208405764));
#10676=TRIMMED_CURVE('',#10674,(PARAMETER_VALUE(0.0),#10671),(PARAMETER_VALUE(1.0),#10675),.T.,.PARAMETER.);
#10682=(BOUNDED_CURVE()CURVE()GEOMETRIC_REPRESENTATION_ITEM()REPRESENTATION_ITEM('')SURFACE_CURVE(#10676,(#10631),.CURVE_3D.));
#10683=COMPOSITE_CURVE_SEGMENT(.CONTINUOUS.,.T.,#10682);
#10684=CARTESIAN_POINT('',(-39.638656257341118,1.809982986558610,8.372268208405764));
#10685=DIRECTION('',(-0.382683432365087,-0.923879532511288,0.0));
#10686=VECTOR('',#10685,0.783937778925825);
#10687=LINE('',#10684,#10686);
#10688=CARTESIAN_POINT('',(-39.938656257341115,1.085718917846681,8.372268208405764));
#10689=TRIMMED_CURVE('',#10687,(PARAMETER_VALUE(0.0),#10684),(PARAMETER_VALUE(1.0),#10688),.T.,.PARAMETER.);
#10695=(BOUNDED_CURVE()CURVE()GEOMETRIC_REPRESENTATION_ITEM()REPRESENTATION_ITEM('')SURFACE_CURVE(#10689,(#10631),.CURVE_3D.));
#10696=COMPOSITE_CURVE_SEGMENT(.CONTINUOUS.,.T.,#10695);
#10697=CARTESIAN_POINT('',(-39.938656257341123,1.085718917846680,8.372268208405764));
#10698=DIRECTION('',(-1.0,0.0,0.0));
#10699=VECTOR('',#10698,0.399999999999999);
#10700=LINE('',#10697,#10699);
#10701=CARTESIAN_POINT('',(-40.338656257341121,1.085718917846680,8.372268208405764));
#10702=TRIMMED_CURVE('',#10700,(PARAMETER_VALUE(0.0),#10697),(PARAMETER_VALUE(1.0),#10701),.T.,.PARAMETER.);
#10708=(BOUNDED_CURVE()CURVE()GEOMETRIC_REPRESENTATION_ITEM()REPRESENTATION_ITEM('')SURFACE_CURVE(#10702,(#10631),.CURVE_3D.));
#10709=COMPOSITE_CURVE_SEGMENT(.CONTINUOUS.,.T.,#10708);
#10710=OUTER_BOUNDARY_CURVE('',(#10644,#10657,#10670,#10683,#10696,#10709),.U.);
#10711=CURVE_BOUNDED_SURFACE('',#10631,(#10710),.F.);
#10712=STYLED_ITEM('',(#10713),#10711);
#10713=PRESENTATION_STYLE_ASSIGNMENT((#10714));
#10714=SURFACE_STYLE_USAGE(.POSITIVE.,#10715);
#10715=SURFACE_SIDE_STYLE('',(#10716));
#10716=SURFACE_STYLE_FILL_AREA(#10717);
#10717=FILL_AREA_STYLE('',(#10718));
#10718=FILL_AREA_STYLE_COLOUR('',#10719);
#10719=COLOUR_RGB('',0.705882352941176,0.470588235294118,0.470588235294118);
#10720=PRESENTATION_LAYER_ASSIGNMENT('7','',(#10711));
#10721=CARTESIAN_POINT('',(-40.638656257341125,1.646196189994205,0.859768208405760));
#10722=DIRECTION('',(-1.0,0.0,0.0));
#10723=DIRECTION('',(0.0,0.0,1.0));
#10724=AXIS2_PLACEMENT_3D('',#10721,#10722,#10723);
#10725=PLANE('',#10724);
#10726=CARTESIAN_POINT('',(-40.638656257341125,1.809982986558610,0.872268208405760));
#10727=DIRECTION('',(0.0,0.0,1.0));
#10728=VECTOR('',#10727,0.250000000000000);
#10729=LINE('',#10726,#10728);
#10730=CARTESIAN_POINT('',(-40.638656257341125,1.809982986558610,1.122268208405760));
#10731=TRIMMED_CURVE('',#10729,(PARAMETER_VALUE(0.0),#10726),(PARAMETER_VALUE(1.0),#10730),.T.,.PARAMETER.);
#10737=(BOUNDED_CURVE()CURVE()GEOMETRIC_REPRESENTATION_ITEM()REPRESENTATION_ITEM('')SURFACE_CURVE(#10731,(#10725),.CURVE_3D.));
#10738=COMPOSITE_CURVE_SEGMENT(.CONTINUOUS.,.T.,#10737);
#10739=CARTESIAN_POINT('',(-40.638656257341125,1.809982986558610,1.122268208405760));
#10740=DIRECTION('',(0.0,1.0,0.0));
#10741=VECTOR('',#10740,3.275735931288073);
#10742=LINE('',#10739,#10741);
#10743=CARTESIAN_POINT('',(-40.638656257341125,5.085718917846682,1.122268208405760));
#10744=TRIMMED_CURVE('',#10742,(PARAMETER_VALUE(0.0),#10739),(PARAMETER_VALUE(1.0),#10743),.T.,.PARAMETER.);
#10750=(BOUNDED_CURVE()CURVE()GEOMETRIC_REPRESENTATION_ITEM()REPRESENTATION_ITEM('')SURFACE_CURVE(#10744,(#10725),.CURVE_3D.));
#10751=COMPOSITE_CURVE_SEGMENT(.CONTINUOUS.,.T.,#10750);
#10752=CARTESIAN_POINT('',(-40.638656257341125,5.085718917846681,1.122268208405760));
#10753=DIRECTION('',(0.0,0.0,-1.0));
#10754=VECTOR('',#10753,0.250000000000000);
#10755=LINE('',#10752,#10754);
#10756=CARTESIAN_POINT('',(-40.638656257341125,5.085718917846681,0.872268208405760));
#10757=TRIMMED_CURVE('',#10755,(PARAMETER_VALUE(0.0),#10752),(PARAMETER_VALUE(1.0),#10756),.T.,.PARAMETER.);
#10763=(BOUNDED_CURVE()CURVE()GEOMETRIC_REPRESENTATION_ITEM()REPRESENTATION_ITEM('')SURFACE_CURVE(#10757,(#10725),.CURVE_3D.));
#10764=COMPOSITE_CURVE_SEGMENT(.CONTINUOUS.,.T.,#10763);
#10765=CARTESIAN_POINT('',(-40.638656257341125,5.085718917846681,0.872268208405760));
#10766=DIRECTION('',(0.0,-1.0,0.0));
#10767=VECTOR('',#10766,3.275735931288072);
#10768=LINE('',#10765,#10767);
#10769=CARTESIAN_POINT('',(-40.638656257341125,1.809982986558610,0.872268208405760));
#10770=TRIMMED_CURVE('',#10768,(PARAMETER_VALUE(0.0),#10765),(PARAMETER_VALUE(1.0),#10769),.T.,.PARAMETER.);
#10776=(BOUNDED_CURVE()CURVE()GEOMETRIC_REPRESENTATION_ITEM()REPRESENTATION_ITEM('')SURFACE_CURVE(#10770,(#10725),.CURVE_3D.));
#10777=COMPOSITE_CURVE_SEGMENT(.CONTINUOUS.,.T.,#10776);
#10778=OUTER_BOUNDARY_CURVE('',(#10738,#10751,#10764,#10777),.U.);
#10779=CURVE_BOUNDED_SURFACE('',#10725,(#10778),.F.);
#10780=STYLED_ITEM('',(#10781),#10779);
#10781=PRESENTATION_STYLE_ASSIGNMENT((#10782));
#10782=SURFACE_STYLE_USAGE(.POSITIVE.,#10783);
#10783=SURFACE_SIDE_STYLE('',(#10784));
#10784=SURFACE_STYLE_FILL_AREA(#10785);
#10785=FILL_AREA_STYLE('',(#10786));
#10786=FILL_AREA_STYLE_COLOUR('',#10787);
#10787=COLOUR_RGB('',0.705882352941176,0.470588235294118,0.470588235294118);
#10788=PRESENTATION_LAYER_ASSIGNMENT('7','',(#10779));
#10789=CARTESIAN_POINT('',(-44.638656257341118,1.646196189994205,1.134768208405761));
#10790=DIRECTION('',(1.0,0.0,0.0));
#10791=DIRECTION('',(0.0,0.0,-1.0));
#10792=AXIS2_PLACEMENT_3D('',#10789,#10790,#10791);
#10793=PLANE('',#10792);
#10794=CARTESIAN_POINT('',(-44.638656257341118,1.809982986558610,1.122268208405761));
#10795=DIRECTION('',(0.0,0.0,-1.0));
#10796=VECTOR('',#10795,0.250000000000000);
#10797=LINE('',#10794,#10796);
#10798=CARTESIAN_POINT('',(-44.638656257341118,1.809982986558610,0.872268208405761));
#10799=TRIMMED_CURVE('',#10797,(PARAMETER_VALUE(0.0),#10794),(PARAMETER_VALUE(1.0),#10798),.T.,.PARAMETER.);
#10805=(BOUNDED_CURVE()CURVE()GEOMETRIC_REPRESENTATION_ITEM()REPRESENTATION_ITEM('')SURFACE_CURVE(#10799,(#10793),.CURVE_3D.));
#10806=COMPOSITE_CURVE_SEGMENT(.CONTINUOUS.,.T.,#10805);
#10807=CARTESIAN_POINT('',(-44.638656257341118,1.809982986558610,0.872268208405761));
#10808=DIRECTION('',(0.0,1.0,0.0));
#10809=VECTOR('',#10808,3.275735931288073);
#10810=LINE('',#10807,#10809);
#10811=CARTESIAN_POINT('',(-44.638656257341118,5.085718917846682,0.872268208405761));
#10812=TRIMMED_CURVE('',#10810,(PARAMETER_VALUE(0.0),#10807),(PARAMETER_VALUE(1.0),#10811),.T.,.PARAMETER.);
#10818=(BOUNDED_CURVE()CURVE()GEOMETRIC_REPRESENTATION_ITEM()REPRESENTATION_ITEM('')SURFACE_CURVE(#10812,(#10793),.CURVE_3D.));
#10819=COMPOSITE_CURVE_SEGMENT(.CONTINUOUS.,.T.,#10818);
#10820=CARTESIAN_POINT('',(-44.638656257341118,5.085718917846681,0.872268208405761));
#10821=DIRECTION('',(0.0,0.0,1.0));
#10822=VECTOR('',#10821,0.250000000000000);
#10823=LINE('',#10820,#10822);
#10824=CARTESIAN_POINT('',(-44.638656257341118,5.085718917846681,1.122268208405761));
#10825=TRIMMED_CURVE('',#10823,(PARAMETER_VALUE(0.0),#10820),(PARAMETER_VALUE(1.0),#10824),.T.,.PARAMETER.);
#10831=(BOUNDED_CURVE()CURVE()GEOMETRIC_REPRESENTATION_ITEM()REPRESENTATION_ITEM('')SURFACE_CURVE(#10825,(#10793),.CURVE_3D.));
#10832=COMPOSITE_CURVE_SEGMENT(.CONTINUOUS.,.T.,#10831);
#10833=CARTESIAN_POINT('',(-44.638656257341118,5.085718917846681,1.122268208405761));
#10834=DIRECTION('',(0.0,-1.0,0.0));
#10835=VECTOR('',#10834,3.275735931288072);
#10836=LINE('',#10833,#10835);
#10837=CARTESIAN_POINT('',(-44.638656257341118,1.809982986558610,1.122268208405761));
#10838=TRIMMED_CURVE('',#10836,(PARAMETER_VALUE(0.0),#10833),(PARAMETER_VALUE(1.0),#10837),.T.,.PARAMETER.);
#10844=(BOUNDED_CURVE()CURVE()GEOMETRIC_REPRESENTATION_ITEM()REPRESENTATION_ITEM('')SURFACE_CURVE(#10838,(#10793),.CURVE_3D.));
#10845=COMPOSITE_CURVE_SEGMENT(.CONTINUOUS.,.T.,#10844);
#10846=OUTER_BOUNDARY_CURVE('',(#10806,#10819,#10832,#10845),.U.);
#10847=CURVE_BOUNDED_SURFACE('',#10793,(#10846),.F.);
#10848=STYLED_ITEM('',(#10849),#10847);
#10849=PRESENTATION_STYLE_ASSIGNMENT((#10850));
#10850=SURFACE_STYLE_USAGE(.POSITIVE.,#10851);
#10851=SURFACE_SIDE_STYLE('',(#10852));
#10852=SURFACE_STYLE_FILL_AREA(#10853);
#10853=FILL_AREA_STYLE('',(#10854));
#10854=FILL_AREA_STYLE_COLOUR('',#10855);
#10855=COLOUR_RGB('',0.705882352941176,0.470588235294118,0.470588235294118);
#10856=PRESENTATION_LAYER_ASSIGNMENT('7','',(#10847));
#10857=CARTESIAN_POINT('',(-45.638656257341118,1.646196189994205,0.859768208405761));
#10858=DIRECTION('',(-1.0,0.0,0.0));
#10859=DIRECTION('',(0.0,0.0,1.0));
#10860=AXIS2_PLACEMENT_3D('',#10857,#10858,#10859);
#10861=PLANE('',#10860);
#10862=CARTESIAN_POINT('',(-45.638656257341118,1.809982986558610,0.872268208405761));
#10863=DIRECTION('',(0.0,0.0,1.0));
#10864=VECTOR('',#10863,0.250000000000000);
#10865=LINE('',#10862,#10864);
#10866=CARTESIAN_POINT('',(-45.638656257341118,1.809982986558610,1.122268208405761));
#10867=TRIMMED_CURVE('',#10865,(PARAMETER_VALUE(0.0),#10862),(PARAMETER_VALUE(1.0),#10866),.T.,.PARAMETER.);
#10873=(BOUNDED_CURVE()CURVE()GEOMETRIC_REPRESENTATION_ITEM()REPRESENTATION_ITEM('')SURFACE_CURVE(#10867,(#10861),.CURVE_3D.));
#10874=COMPOSITE_CURVE_SEGMENT(.CONTINUOUS.,.T.,#10873);
#10875=CARTESIAN_POINT('',(-45.638656257341118,1.809982986558610,1.122268208405761));
#10876=DIRECTION('',(0.0,1.0,0.0));
#10877=VECTOR('',#10876,3.275735931288073);
#10878=LINE('',#10875,#10877);
#10879=CARTESIAN_POINT('',(-45.638656257341118,5.085718917846682,1.122268208405761));
#10880=TRIMMED_CURVE('',#10878,(PARAMETER_VALUE(0.0),#10875),(PARAMETER_VALUE(1.0),#10879),.T.,.PARAMETER.);
#10886=(BOUNDED_CURVE()CURVE()GEOMETRIC_REPRESENTATION_ITEM()REPRESENTATION_ITEM('')SURFACE_CURVE(#10880,(#10861),.CURVE_3D.));
#10887=COMPOSITE_CURVE_SEGMENT(.CONTINUOUS.,.T.,#10886);
#10888=CARTESIAN_POINT('',(-45.638656257341118,5.085718917846681,1.122268208405761));
#10889=DIRECTION('',(0.0,0.0,-1.0));
#10890=VECTOR('',#10889,0.250000000000000);
#10891=LINE('',#10888,#10890);
#10892=CARTESIAN_POINT('',(-45.638656257341118,5.085718917846681,0.872268208405761));
#10893=TRIMMED_CURVE('',#10891,(PARAMETER_VALUE(0.0),#10888),(PARAMETER_VALUE(1.0),#10892),.T.,.PARAMETER.);
#10899=(BOUNDED_CURVE()CURVE()GEOMETRIC_REPRESENTATION_ITEM()REPRESENTATION_ITEM('')SURFACE_CURVE(#10893,(#10861),.CURVE_3D.));
#10900=COMPOSITE_CURVE_SEGMENT(.CONTINUOUS.,.T.,#10899);
#10901=CARTESIAN_POINT('',(-45.638656257341118,5.085718917846681,0.872268208405761));
#10902=DIRECTION('',(0.0,-1.0,0.0));
#10903=VECTOR('',#10902,3.275735931288072);
#10904=LINE('',#10901,#10903);
#10905=CARTESIAN_POINT('',(-45.638656257341118,1.809982986558610,0.872268208405761));
#10906=TRIMMED_CURVE('',#10904,(PARAMETER_VALUE(0.0),#10901),(PARAMETER_VALUE(1.0),#10905),.T.,.PARAMETER.);
#10912=(BOUNDED_CURVE()CURVE()GEOMETRIC_REPRESENTATION_ITEM()REPRESENTATION_ITEM('')SURFACE_CURVE(#10906,(#10861),.CURVE_3D.));
#10913=COMPOSITE_CURVE_SEGMENT(.CONTINUOUS.,.T.,#10912);
#10914=OUTER_BOUNDARY_CURVE('',(#10874,#10887,#10900,#10913),.U.);
#10915=CURVE_BOUNDED_SURFACE('',#10861,(#10914),.F.);
#10916=STYLED_ITEM('',(#10917),#10915);
#10917=PRESENTATION_STYLE_ASSIGNMENT((#10918));
#10918=SURFACE_STYLE_USAGE(.POSITIVE.,#10919);
#10919=SURFACE_SIDE_STYLE('',(#10920));
#10920=SURFACE_STYLE_FILL_AREA(#10921);
#10921=FILL_AREA_STYLE('',(#10922));
#10922=FILL_AREA_STYLE_COLOUR('',#10923);
#10923=COLOUR_RGB('',0.705882352941176,0.470588235294118,0.470588235294118);
#10924=PRESENTATION_LAYER_ASSIGNMENT('7','',(#10915));
#10925=CARTESIAN_POINT('',(-45.688656257341123,0.885718917846681,1.122268208405761));
#10926=DIRECTION('',(0.0,0.0,1.0));
#10927=DIRECTION('',(1.0,0.0,0.0));
#10928=AXIS2_PLACEMENT_3D('',#10925,#10926,#10927);
#10929=PLANE('',#10928);
#10930=CARTESIAN_POINT('',(-44.938656257341123,1.085718917846680,1.122268208405761));
#10931=DIRECTION('',(0.382683432365087,0.923879532511288,0.0));
#10932=VECTOR('',#10931,0.783937778925825);
#10933=LINE('',#10930,#10932);
#10934=CARTESIAN_POINT('',(-44.638656257341125,1.809982986558608,1.122268208405761));
#10935=TRIMMED_CURVE('',#10933,(PARAMETER_VALUE(0.0),#10930),(PARAMETER_VALUE(1.0),#10934),.T.,.PARAMETER.);
#10941=(BOUNDED_CURVE()CURVE()GEOMETRIC_REPRESENTATION_ITEM()REPRESENTATION_ITEM('')SURFACE_CURVE(#10935,(#10929),.CURVE_3D.));
#10942=COMPOSITE_CURVE_SEGMENT(.CONTINUOUS.,.T.,#10941);
#10943=CARTESIAN_POINT('',(-44.638656257341140,1.809982986558610,1.122268208405761));
#10944=DIRECTION('',(0.0,1.0,0.0));
#10945=VECTOR('',#10944,3.275735931288071);
#10946=LINE('',#10943,#10945);
#10947=CARTESIAN_POINT('',(-44.638656257341140,5.085718917846681,1.122268208405761));
#10948=TRIMMED_CURVE('',#10946,(PARAMETER_VALUE(0.0),#10943),(PARAMETER_VALUE(1.0),#10947),.T.,.PARAMETER.);
#10954=(BOUNDED_CURVE()CURVE()GEOMETRIC_REPRESENTATION_ITEM()REPRESENTATION_ITEM('')SURFACE_CURVE(#10948,(#10929),.CURVE_3D.));
#10955=COMPOSITE_CURVE_SEGMENT(.CONTINUOUS.,.T.,#10954);
#10956=CARTESIAN_POINT('',(-44.638656257341140,5.085718917846681,1.122268208405761));
#10957=DIRECTION('',(-1.0,0.0,0.0));
#10958=VECTOR('',#10957,1.0);
#10959=LINE('',#10956,#10958);
#10960=CARTESIAN_POINT('',(-45.638656257341140,5.085718917846681,1.122268208405761));
#10961=TRIMMED_CURVE('',#10959,(PARAMETER_VALUE(0.0),#10956),(PARAMETER_VALUE(1.0),#10960),.T.,.PARAMETER.);
#10967=(BOUNDED_CURVE()CURVE()GEOMETRIC_REPRESENTATION_ITEM()REPRESENTATION_ITEM('')SURFACE_CURVE(#10961,(#10929),.CURVE_3D.));
#10968=COMPOSITE_CURVE_SEGMENT(.CONTINUOUS.,.T.,#10967);
#10969=CARTESIAN_POINT('',(-45.638656257341140,5.085718917846681,1.122268208405761));
#10970=DIRECTION('',(0.0,-1.0,0.0));
#10971=VECTOR('',#10970,3.275735931288072);
#10972=LINE('',#10969,#10971);
#10973=CARTESIAN_POINT('',(-45.638656257341140,1.809982986558610,1.122268208405761));
#10974=TRIMMED_CURVE('',#10972,(PARAMETER_VALUE(0.0),#10969),(PARAMETER_VALUE(1.0),#10973),.T.,.PARAMETER.);
#10980=(BOUNDED_CURVE()CURVE()GEOMETRIC_REPRESENTATION_ITEM()REPRESENTATION_ITEM('')SURFACE_CURVE(#10974,(#10929),.CURVE_3D.));
#10981=COMPOSITE_CURVE_SEGMENT(.CONTINUOUS.,.T.,#10980);
#10982=CARTESIAN_POINT('',(-45.638656257341140,1.809982986558610,1.122268208405761));
#10983=DIRECTION('',(0.382683432365095,-0.923879532511285,0.0));
#10984=VECTOR('',#10983,0.783937778925827);
#10985=LINE('',#10982,#10984);
#10986=CARTESIAN_POINT('',(-45.338656257341135,1.085718917846682,1.122268208405761));
#10987=TRIMMED_CURVE('',#10985,(PARAMETER_VALUE(0.0),#10982),(PARAMETER_VALUE(1.0),#10986),.T.,.PARAMETER.);
#10993=(BOUNDED_CURVE()CURVE()GEOMETRIC_REPRESENTATION_ITEM()REPRESENTATION_ITEM('')SURFACE_CURVE(#10987,(#10929),.CURVE_3D.));
#10994=COMPOSITE_CURVE_SEGMENT(.CONTINUOUS.,.T.,#10993);
#10995=CARTESIAN_POINT('',(-45.338656257341121,1.085718917846680,1.122268208405761));
#10996=DIRECTION('',(1.0,0.0,0.0));
#10997=VECTOR('',#10996,0.399999999999999);
#10998=LINE('',#10995,#10997);
#10999=CARTESIAN_POINT('',(-44.938656257341123,1.085718917846680,1.122268208405761));
#11000=TRIMMED_CURVE('',#10998,(PARAMETER_VALUE(0.0),#10995),(PARAMETER_VALUE(1.0),#10999),.T.,.PARAMETER.);
#11006=(BOUNDED_CURVE()CURVE()GEOMETRIC_REPRESENTATION_ITEM()REPRESENTATION_ITEM('')SURFACE_CURVE(#11000,(#10929),.CURVE_3D.));
#11007=COMPOSITE_CURVE_SEGMENT(.CONTINUOUS.,.T.,#11006);
#11008=OUTER_BOUNDARY_CURVE('',(#10942,#10955,#10968,#10981,#10994,#11007),.U.);
#11009=CURVE_BOUNDED_SURFACE('',#10929,(#11008),.F.);
#11010=STYLED_ITEM('',(#11011),#11009);
#11011=PRESENTATION_STYLE_ASSIGNMENT((#11012));
#11012=SURFACE_STYLE_USAGE(.POSITIVE.,#11013);
#11013=SURFACE_SIDE_STYLE('',(#11014));
#11014=SURFACE_STYLE_FILL_AREA(#11015);
#11015=FILL_AREA_STYLE('',(#11016));
#11016=FILL_AREA_STYLE_COLOUR('',#11017);
#11017=COLOUR_RGB('',0.705882352941176,0.470588235294118,0.470588235294118);
#11018=PRESENTATION_LAYER_ASSIGNMENT('7','',(#11009));
#11019=CARTESIAN_POINT('',(-49.638656257341118,1.646196189994205,1.134768208405760));
#11020=DIRECTION('',(1.0,0.0,0.0));
#11021=DIRECTION('',(0.0,0.0,-1.0));
#11022=AXIS2_PLACEMENT_3D('',#11019,#11020,#11021);
#11023=PLANE('',#11022);
#11024=CARTESIAN_POINT('',(-49.638656257341118,1.809982986558610,1.122268208405760));
#11025=DIRECTION('',(0.0,0.0,-1.0));
#11026=VECTOR('',#11025,0.250000000000000);
#11027=LINE('',#11024,#11026);
#11028=CARTESIAN_POINT('',(-49.638656257341118,1.809982986558610,0.872268208405760));
#11029=TRIMMED_CURVE('',#11027,(PARAMETER_VALUE(0.0),#11024),(PARAMETER_VALUE(1.0),#11028),.T.,.PARAMETER.);
#11035=(BOUNDED_CURVE()CURVE()GEOMETRIC_REPRESENTATION_ITEM()REPRESENTATION_ITEM('')SURFACE_CURVE(#11029,(#11023),.CURVE_3D.));
#11036=COMPOSITE_CURVE_SEGMENT(.CONTINUOUS.,.T.,#11035);
#11037=CARTESIAN_POINT('',(-49.638656257341118,1.809982986558610,0.872268208405760));
#11038=DIRECTION('',(0.0,1.0,0.0));
#11039=VECTOR('',#11038,3.275735931288073);
#11040=LINE('',#11037,#11039);
#11041=CARTESIAN_POINT('',(-49.638656257341118,5.085718917846682,0.872268208405760));
#11042=TRIMMED_CURVE('',#11040,(PARAMETER_VALUE(0.0),#11037),(PARAMETER_VALUE(1.0),#11041),.T.,.PARAMETER.);
#11048=(BOUNDED_CURVE()CURVE()GEOMETRIC_REPRESENTATION_ITEM()REPRESENTATION_ITEM('')SURFACE_CURVE(#11042,(#11023),.CURVE_3D.));
#11049=COMPOSITE_CURVE_SEGMENT(.CONTINUOUS.,.T.,#11048);
#11050=CARTESIAN_POINT('',(-49.638656257341118,5.085718917846681,0.872268208405760));
#11051=DIRECTION('',(0.0,0.0,1.0));
#11052=VECTOR('',#11051,0.250000000000000);
#11053=LINE('',#11050,#11052);
#11054=CARTESIAN_POINT('',(-49.638656257341118,5.085718917846681,1.122268208405760));
#11055=TRIMMED_CURVE('',#11053,(PARAMETER_VALUE(0.0),#11050),(PARAMETER_VALUE(1.0),#11054),.T.,.PARAMETER.);
#11061=(BOUNDED_CURVE()CURVE()GEOMETRIC_REPRESENTATION_ITEM()REPRESENTATION_ITEM('')SURFACE_CURVE(#11055,(#11023),.CURVE_3D.));
#11062=COMPOSITE_CURVE_SEGMENT(.CONTINUOUS.,.T.,#11061);
#11063=CARTESIAN_POINT('',(-49.638656257341118,5.085718917846681,1.122268208405760));
#11064=DIRECTION('',(0.0,-1.0,0.0));
#11065=VECTOR('',#11064,3.275735931288072);
#11066=LINE('',#11063,#11065);
#11067=CARTESIAN_POINT('',(-49.638656257341118,1.809982986558610,1.122268208405760));
#11068=TRIMMED_CURVE('',#11066,(PARAMETER_VALUE(0.0),#11063),(PARAMETER_VALUE(1.0),#11067),.T.,.PARAMETER.);
#11074=(BOUNDED_CURVE()CURVE()GEOMETRIC_REPRESENTATION_ITEM()REPRESENTATION_ITEM('')SURFACE_CURVE(#11068,(#11023),.CURVE_3D.));
#11075=COMPOSITE_CURVE_SEGMENT(.CONTINUOUS.,.T.,#11074);
#11076=OUTER_BOUNDARY_CURVE('',(#11036,#11049,#11062,#11075),.U.);
#11077=CURVE_BOUNDED_SURFACE('',#11023,(#11076),.F.);
#11078=STYLED_ITEM('',(#11079),#11077);
#11079=PRESENTATION_STYLE_ASSIGNMENT((#11080));
#11080=SURFACE_STYLE_USAGE(.POSITIVE.,#11081);
#11081=SURFACE_SIDE_STYLE('',(#11082));
#11082=SURFACE_STYLE_FILL_AREA(#11083);
#11083=FILL_AREA_STYLE('',(#11084));
#11084=FILL_AREA_STYLE_COLOUR('',#11085);
#11085=COLOUR_RGB('',0.705882352941176,0.470588235294118,0.470588235294118);
#11086=PRESENTATION_LAYER_ASSIGNMENT('7','',(#11077));
#11087=CARTESIAN_POINT('',(-50.638656257341118,1.646196189994205,0.859768208405760));
#11088=DIRECTION('',(-1.0,0.0,0.0));
#11089=DIRECTION('',(0.0,0.0,1.0));
#11090=AXIS2_PLACEMENT_3D('',#11087,#11088,#11089);
#11091=PLANE('',#11090);
#11092=CARTESIAN_POINT('',(-50.638656257341118,1.809982986558610,0.872268208405760));
#11093=DIRECTION('',(0.0,0.0,1.0));
#11094=VECTOR('',#11093,0.250000000000000);
#11095=LINE('',#11092,#11094);
#11096=CARTESIAN_POINT('',(-50.638656257341118,1.809982986558610,1.122268208405760));
#11097=TRIMMED_CURVE('',#11095,(PARAMETER_VALUE(0.0),#11092),(PARAMETER_VALUE(1.0),#11096),.T.,.PARAMETER.);
#11103=(BOUNDED_CURVE()CURVE()GEOMETRIC_REPRESENTATION_ITEM()REPRESENTATION_ITEM('')SURFACE_CURVE(#11097,(#11091),.CURVE_3D.));
#11104=COMPOSITE_CURVE_SEGMENT(.CONTINUOUS.,.T.,#11103);
#11105=CARTESIAN_POINT('',(-50.638656257341118,1.809982986558610,1.122268208405760));
#11106=DIRECTION('',(0.0,1.0,0.0));
#11107=VECTOR('',#11106,3.275735931288073);
#11108=LINE('',#11105,#11107);
#11109=CARTESIAN_POINT('',(-50.638656257341118,5.085718917846682,1.122268208405760));
#11110=TRIMMED_CURVE('',#11108,(PARAMETER_VALUE(0.0),#11105),(PARAMETER_VALUE(1.0),#11109),.T.,.PARAMETER.);
#11116=(BOUNDED_CURVE()CURVE()GEOMETRIC_REPRESENTATION_ITEM()REPRESENTATION_ITEM('')SURFACE_CURVE(#11110,(#11091),.CURVE_3D.));
#11117=COMPOSITE_CURVE_SEGMENT(.CONTINUOUS.,.T.,#11116);
#11118=CARTESIAN_POINT('',(-50.638656257341118,5.085718917846681,1.122268208405760));
#11119=DIRECTION('',(0.0,0.0,-1.0));
#11120=VECTOR('',#11119,0.250000000000000);
#11121=LINE('',#11118,#11120);
#11122=CARTESIAN_POINT('',(-50.638656257341118,5.085718917846681,0.872268208405760));
#11123=TRIMMED_CURVE('',#11121,(PARAMETER_VALUE(0.0),#11118),(PARAMETER_VALUE(1.0),#11122),.T.,.PARAMETER.);
#11129=(BOUNDED_CURVE()CURVE()GEOMETRIC_REPRESENTATION_ITEM()REPRESENTATION_ITEM('')SURFACE_CURVE(#11123,(#11091),.CURVE_3D.));
#11130=COMPOSITE_CURVE_SEGMENT(.CONTINUOUS.,.T.,#11129);
#11131=CARTESIAN_POINT('',(-50.638656257341118,5.085718917846681,0.872268208405760));
#11132=DIRECTION('',(0.0,-1.0,0.0));
#11133=VECTOR('',#11132,3.275735931288072);
#11134=LINE('',#11131,#11133);
#11135=CARTESIAN_POINT('',(-50.638656257341118,1.809982986558610,0.872268208405760));
#11136=TRIMMED_CURVE('',#11134,(PARAMETER_VALUE(0.0),#11131),(PARAMETER_VALUE(1.0),#11135),.T.,.PARAMETER.);
#11142=(BOUNDED_CURVE()CURVE()GEOMETRIC_REPRESENTATION_ITEM()REPRESENTATION_ITEM('')SURFACE_CURVE(#11136,(#11091),.CURVE_3D.));
#11143=COMPOSITE_CURVE_SEGMENT(.CONTINUOUS.,.T.,#11142);
#11144=OUTER_BOUNDARY_CURVE('',(#11104,#11117,#11130,#11143),.U.);
#11145=CURVE_BOUNDED_SURFACE('',#11091,(#11144),.F.);
#11146=STYLED_ITEM('',(#11147),#11145);
#11147=PRESENTATION_STYLE_ASSIGNMENT((#11148));
#11148=SURFACE_STYLE_USAGE(.POSITIVE.,#11149);
#11149=SURFACE_SIDE_STYLE('',(#11150));
#11150=SURFACE_STYLE_FILL_AREA(#11151);
#11151=FILL_AREA_STYLE('',(#11152));
#11152=FILL_AREA_STYLE_COLOUR('',#11153);
#11153=COLOUR_RGB('',0.705882352941176,0.470588235294118,0.470588235294118);
#11154=PRESENTATION_LAYER_ASSIGNMENT('7','',(#11145));
#11155=CARTESIAN_POINT('',(-50.688656257341123,0.885718917846681,1.122268208405760));
#11156=DIRECTION('',(0.0,0.0,1.0));
#11157=DIRECTION('',(1.0,0.0,0.0));
#11158=AXIS2_PLACEMENT_3D('',#11155,#11156,#11157);
#11159=PLANE('',#11158);
#11160=CARTESIAN_POINT('',(-49.938656257341123,1.085718917846680,1.122268208405760));
#11161=DIRECTION('',(0.382683432365095,0.923879532511285,0.0));
#11162=VECTOR('',#11161,0.783937778925827);
#11163=LINE('',#11160,#11162);
#11164=CARTESIAN_POINT('',(-49.638656257341118,1.809982986558608,1.122268208405760));
#11165=TRIMMED_CURVE('',#11163,(PARAMETER_VALUE(0.0),#11160),(PARAMETER_VALUE(1.0),#11164),.T.,.PARAMETER.);
#11171=(BOUNDED_CURVE()CURVE()GEOMETRIC_REPRESENTATION_ITEM()REPRESENTATION_ITEM('')SURFACE_CURVE(#11165,(#11159),.CURVE_3D.));
#11172=COMPOSITE_CURVE_SEGMENT(.CONTINUOUS.,.T.,#11171);
#11173=CARTESIAN_POINT('',(-49.638656257341118,1.809982986558610,1.122268208405760));
#11174=DIRECTION('',(0.0,1.0,0.0));
#11175=VECTOR('',#11174,3.275735931288071);
#11176=LINE('',#11173,#11175);
#11177=CARTESIAN_POINT('',(-49.638656257341118,5.085718917846681,1.122268208405760));
#11178=TRIMMED_CURVE('',#11176,(PARAMETER_VALUE(0.0),#11173),(PARAMETER_VALUE(1.0),#11177),.T.,.PARAMETER.);
#11184=(BOUNDED_CURVE()CURVE()GEOMETRIC_REPRESENTATION_ITEM()REPRESENTATION_ITEM('')SURFACE_CURVE(#11178,(#11159),.CURVE_3D.));
#11185=COMPOSITE_CURVE_SEGMENT(.CONTINUOUS.,.T.,#11184);
#11186=CARTESIAN_POINT('',(-49.638656257341118,5.085718917846681,1.122268208405760));
#11187=DIRECTION('',(-1.0,0.0,0.0));
#11188=VECTOR('',#11187,1.0);
#11189=LINE('',#11186,#11188);
#11190=CARTESIAN_POINT('',(-50.638656257341118,5.085718917846681,1.122268208405760));
#11191=TRIMMED_CURVE('',#11189,(PARAMETER_VALUE(0.0),#11186),(PARAMETER_VALUE(1.0),#11190),.T.,.PARAMETER.);
#11197=(BOUNDED_CURVE()CURVE()GEOMETRIC_REPRESENTATION_ITEM()REPRESENTATION_ITEM('')SURFACE_CURVE(#11191,(#11159),.CURVE_3D.));
#11198=COMPOSITE_CURVE_SEGMENT(.CONTINUOUS.,.T.,#11197);
#11199=CARTESIAN_POINT('',(-50.638656257341118,5.085718917846681,1.122268208405760));
#11200=DIRECTION('',(0.0,-1.0,0.0));
#11201=VECTOR('',#11200,3.275735931288072);
#11202=LINE('',#11199,#11201);
#11203=CARTESIAN_POINT('',(-50.638656257341118,1.809982986558610,1.122268208405760));
#11204=TRIMMED_CURVE('',#11202,(PARAMETER_VALUE(0.0),#11199),(PARAMETER_VALUE(1.0),#11203),.T.,.PARAMETER.);
#11210=(BOUNDED_CURVE()CURVE()GEOMETRIC_REPRESENTATION_ITEM()REPRESENTATION_ITEM('')SURFACE_CURVE(#11204,(#11159),.CURVE_3D.));
#11211=COMPOSITE_CURVE_SEGMENT(.CONTINUOUS.,.T.,#11210);
#11212=CARTESIAN_POINT('',(-50.638656257341140,1.809982986558610,1.122268208405760));
#11213=DIRECTION('',(0.382683432365095,-0.923879532511285,0.0));
#11214=VECTOR('',#11213,0.783937778925827);
#11215=LINE('',#11212,#11214);
#11216=CARTESIAN_POINT('',(-50.338656257341135,1.085718917846682,1.122268208405760));
#11217=TRIMMED_CURVE('',#11215,(PARAMETER_VALUE(0.0),#11212),(PARAMETER_VALUE(1.0),#11216),.T.,.PARAMETER.);
#11223=(BOUNDED_CURVE()CURVE()GEOMETRIC_REPRESENTATION_ITEM()REPRESENTATION_ITEM('')SURFACE_CURVE(#11217,(#11159),.CURVE_3D.));
#11224=COMPOSITE_CURVE_SEGMENT(.CONTINUOUS.,.T.,#11223);
#11225=CARTESIAN_POINT('',(-50.338656257341121,1.085718917846680,1.122268208405760));
#11226=DIRECTION('',(1.0,0.0,0.0));
#11227=VECTOR('',#11226,0.399999999999999);
#11228=LINE('',#11225,#11227);
#11229=CARTESIAN_POINT('',(-49.938656257341123,1.085718917846680,1.122268208405760));
#11230=TRIMMED_CURVE('',#11228,(PARAMETER_VALUE(0.0),#11225),(PARAMETER_VALUE(1.0),#11229),.T.,.PARAMETER.);
#11236=(BOUNDED_CURVE()CURVE()GEOMETRIC_REPRESENTATION_ITEM()REPRESENTATION_ITEM('')SURFACE_CURVE(#11230,(#11159),.CURVE_3D.));
#11237=COMPOSITE_CURVE_SEGMENT(.CONTINUOUS.,.T.,#11236);
#11238=OUTER_BOUNDARY_CURVE('',(#11172,#11185,#11198,#11211,#11224,#11237),.U.);
#11239=CURVE_BOUNDED_SURFACE('',#11159,(#11238),.F.);
#11240=STYLED_ITEM('',(#11241),#11239);
#11241=PRESENTATION_STYLE_ASSIGNMENT((#11242));
#11242=SURFACE_STYLE_USAGE(.POSITIVE.,#11243);
#11243=SURFACE_SIDE_STYLE('',(#11244));
#11244=SURFACE_STYLE_FILL_AREA(#11245);
#11245=FILL_AREA_STYLE('',(#11246));
#11246=FILL_AREA_STYLE_COLOUR('',#11247);
#11247=COLOUR_RGB('',0.705882352941176,0.470588235294118,0.470588235294118);
#11248=PRESENTATION_LAYER_ASSIGNMENT('7','',(#11239));
#11249=CARTESIAN_POINT('',(-46.588656257341121,4.770718917846677,-0.752731791594239));
#11250=DIRECTION('',(0.0,0.0,-1.0));
#11251=DIRECTION('',(-1.0,0.0,0.0));
#11252=AXIS2_PLACEMENT_3D('',#11249,#11250,#11251);
#11253=PLANE('',#11252);
#11254=CARTESIAN_POINT('',(-46.638656257341118,4.785718917846682,-0.752731791594239));
#11255=DIRECTION('',(-1.0,0.0,0.0));
#11256=VECTOR('',#11255,1.0);
#11257=LINE('',#11254,#11256);
#11258=CARTESIAN_POINT('',(-47.638656257341118,4.785718917846682,-0.752731791594239));
#11259=TRIMMED_CURVE('',#11257,(PARAMETER_VALUE(0.0),#11254),(PARAMETER_VALUE(1.0),#11258),.T.,.PARAMETER.);
#11265=(BOUNDED_CURVE()CURVE()GEOMETRIC_REPRESENTATION_ITEM()REPRESENTATION_ITEM('')SURFACE_CURVE(#11259,(#11253),.CURVE_3D.));
#11266=COMPOSITE_CURVE_SEGMENT(.CONTINUOUS.,.T.,#11265);
#11267=CARTESIAN_POINT('',(-47.638656257341118,4.785718917846682,-0.752731791594239));
#11268=DIRECTION('',(0.0,1.0,0.0));
#11269=VECTOR('',#11268,0.300000000000001);
#11270=LINE('',#11267,#11269);
#11271=CARTESIAN_POINT('',(-47.638656257341118,5.085718917846682,-0.752731791594239));
#11272=TRIMMED_CURVE('',#11270,(PARAMETER_VALUE(0.0),#11267),(PARAMETER_VALUE(1.0),#11271),.T.,.PARAMETER.);
#11278=(BOUNDED_CURVE()CURVE()GEOMETRIC_REPRESENTATION_ITEM()REPRESENTATION_ITEM('')SURFACE_CURVE(#11272,(#11253),.CURVE_3D.));
#11279=COMPOSITE_CURVE_SEGMENT(.CONTINUOUS.,.T.,#11278);
#11280=CARTESIAN_POINT('',(-47.638656257341118,5.085718917846681,-0.752731791594239));
#11281=DIRECTION('',(1.0,0.0,0.0));
#11282=VECTOR('',#11281,1.0);
#11283=LINE('',#11280,#11282);
#11284=CARTESIAN_POINT('',(-46.638656257341118,5.085718917846681,-0.752731791594239));
#11285=TRIMMED_CURVE('',#11283,(PARAMETER_VALUE(0.0),#11280),(PARAMETER_VALUE(1.0),#11284),.T.,.PARAMETER.);
#11291=(BOUNDED_CURVE()CURVE()GEOMETRIC_REPRESENTATION_ITEM()REPRESENTATION_ITEM('')SURFACE_CURVE(#11285,(#11253),.CURVE_3D.));
#11292=COMPOSITE_CURVE_SEGMENT(.CONTINUOUS.,.T.,#11291);
#11293=CARTESIAN_POINT('',(-46.638656257341118,5.085718917846681,-0.752731791594239));
#11294=DIRECTION('',(0.0,-1.0,0.0));
#11295=VECTOR('',#11294,0.300000000000001);
#11296=LINE('',#11293,#11295);
#11297=CARTESIAN_POINT('',(-46.638656257341118,4.785718917846681,-0.752731791594239));
#11298=TRIMMED_CURVE('',#11296,(PARAMETER_VALUE(0.0),#11293),(PARAMETER_VALUE(1.0),#11297),.T.,.PARAMETER.);
#11304=(BOUNDED_CURVE()CURVE()GEOMETRIC_REPRESENTATION_ITEM()REPRESENTATION_ITEM('')SURFACE_CURVE(#11298,(#11253),.CURVE_3D.));
#11305=COMPOSITE_CURVE_SEGMENT(.CONTINUOUS.,.T.,#11304);
#11306=OUTER_BOUNDARY_CURVE('',(#11266,#11279,#11292,#11305),.U.);
#11307=CURVE_BOUNDED_SURFACE('',#11253,(#11306),.F.);
#11308=STYLED_ITEM('',(#11309),#11307);
#11309=PRESENTATION_STYLE_ASSIGNMENT((#11310));
#11310=SURFACE_STYLE_USAGE(.POSITIVE.,#11311);
#11311=SURFACE_SIDE_STYLE('',(#11312));
#11312=SURFACE_STYLE_FILL_AREA(#11313);
#11313=FILL_AREA_STYLE('',(#11314));
#11314=FILL_AREA_STYLE_COLOUR('',#11315);
#11315=COLOUR_RGB('',0.0,0.0,1.0);
#11316=PRESENTATION_LAYER_ASSIGNMENT('7','',(#11307));
#11317=CARTESIAN_POINT('',(-47.688656257341123,4.770718917846677,10.247268208405762));
#11318=DIRECTION('',(0.0,0.0,1.0));
#11319=DIRECTION('',(1.0,0.0,0.0));
#11320=AXIS2_PLACEMENT_3D('',#11317,#11318,#11319);
#11321=PLANE('',#11320);
#11322=CARTESIAN_POINT('',(-46.638656257341118,5.085718917846681,10.247268208405762));
#11323=DIRECTION('',(-1.0,0.0,0.0));
#11324=VECTOR('',#11323,1.000000000000007);
#11325=LINE('',#11322,#11324);
#11326=CARTESIAN_POINT('',(-47.638656257341125,5.085718917846681,10.247268208405762));
#11327=TRIMMED_CURVE('',#11325,(PARAMETER_VALUE(0.0),#11322),(PARAMETER_VALUE(1.0),#11326),.T.,.PARAMETER.);
#11333=(BOUNDED_CURVE()CURVE()GEOMETRIC_REPRESENTATION_ITEM()REPRESENTATION_ITEM('')SURFACE_CURVE(#11327,(#11321),.CURVE_3D.));
#11334=COMPOSITE_CURVE_SEGMENT(.CONTINUOUS.,.T.,#11333);
#11335=CARTESIAN_POINT('',(-47.638656257341118,5.085718917846681,10.247268208405762));
#11336=DIRECTION('',(0.0,-1.0,0.0));
#11337=VECTOR('',#11336,0.300000000000001);
#11338=LINE('',#11335,#11337);
#11339=CARTESIAN_POINT('',(-47.638656257341118,4.785718917846681,10.247268208405762));
#11340=TRIMMED_CURVE('',#11338,(PARAMETER_VALUE(0.0),#11335),(PARAMETER_VALUE(1.0),#11339),.T.,.PARAMETER.);
#11346=(BOUNDED_CURVE()CURVE()GEOMETRIC_REPRESENTATION_ITEM()REPRESENTATION_ITEM('')SURFACE_CURVE(#11340,(#11321),.CURVE_3D.));
#11347=COMPOSITE_CURVE_SEGMENT(.CONTINUOUS.,.T.,#11346);
#11348=CARTESIAN_POINT('',(-47.638656257341140,4.785718917846682,10.247268208405762));
#11349=DIRECTION('',(1.0,0.0,0.0));
#11350=VECTOR('',#11349,1.000000000000007);
#11351=LINE('',#11348,#11350);
#11352=CARTESIAN_POINT('',(-46.638656257341133,4.785718917846682,10.247268208405762));
#11353=TRIMMED_CURVE('',#11351,(PARAMETER_VALUE(0.0),#11348),(PARAMETER_VALUE(1.0),#11352),.T.,.PARAMETER.);
#11359=(BOUNDED_CURVE()CURVE()GEOMETRIC_REPRESENTATION_ITEM()REPRESENTATION_ITEM('')SURFACE_CURVE(#11353,(#11321),.CURVE_3D.));
#11360=COMPOSITE_CURVE_SEGMENT(.CONTINUOUS.,.T.,#11359);
#11361=CARTESIAN_POINT('',(-46.638656257341118,4.785718917846682,10.247268208405762));
#11362=DIRECTION('',(0.0,1.0,0.0));
#11363=VECTOR('',#11362,0.300000000000001);
#11364=LINE('',#11361,#11363);
#11365=CARTESIAN_POINT('',(-46.638656257341118,5.085718917846682,10.247268208405762));
#11366=TRIMMED_CURVE('',#11364,(PARAMETER_VALUE(0.0),#11361),(PARAMETER_VALUE(1.0),#11365),.T.,.PARAMETER.);
#11372=(BOUNDED_CURVE()CURVE()GEOMETRIC_REPRESENTATION_ITEM()REPRESENTATION_ITEM('')SURFACE_CURVE(#11366,(#11321),.CURVE_3D.));
#11373=COMPOSITE_CURVE_SEGMENT(.CONTINUOUS.,.T.,#11372);
#11374=OUTER_BOUNDARY_CURVE('',(#11334,#11347,#11360,#11373),.U.);
#11375=CURVE_BOUNDED_SURFACE('',#11321,(#11374),.F.);
#11376=STYLED_ITEM('',(#11377),#11375);
#11377=PRESENTATION_STYLE_ASSIGNMENT((#11378));
#11378=SURFACE_STYLE_USAGE(.POSITIVE.,#11379);
#11379=SURFACE_SIDE_STYLE('',(#11380));
#11380=SURFACE_STYLE_FILL_AREA(#11381);
#11381=FILL_AREA_STYLE('',(#11382));
#11382=FILL_AREA_STYLE_COLOUR('',#11383);
#11383=COLOUR_RGB('',0.0,0.0,1.0);
#11384=PRESENTATION_LAYER_ASSIGNMENT('7','',(#11375));
#11385=CARTESIAN_POINT('',(-27.688656257341115,4.770718917846677,10.247268208405762));
#11386=DIRECTION('',(0.0,0.0,1.0));
#11387=DIRECTION('',(1.0,0.0,0.0));
#11388=AXIS2_PLACEMENT_3D('',#11385,#11386,#11387);
#11389=PLANE('',#11388);
#11390=CARTESIAN_POINT('',(-27.638656257341115,4.785718917846683,10.247268208405762));
#11391=DIRECTION('',(1.0,0.0,0.0));
#11392=VECTOR('',#11391,1.000000000000004);
#11393=LINE('',#11390,#11392);
#11394=CARTESIAN_POINT('',(-26.638656257341111,4.785718917846683,10.247268208405762));
#11395=TRIMMED_CURVE('',#11393,(PARAMETER_VALUE(0.0),#11390),(PARAMETER_VALUE(1.0),#11394),.T.,.PARAMETER.);
#11401=(BOUNDED_CURVE()CURVE()GEOMETRIC_REPRESENTATION_ITEM()REPRESENTATION_ITEM('')SURFACE_CURVE(#11395,(#11389),.CURVE_3D.));
#11402=COMPOSITE_CURVE_SEGMENT(.CONTINUOUS.,.T.,#11401);
#11403=CARTESIAN_POINT('',(-26.638656257341115,4.785718917846682,10.247268208405762));
#11404=DIRECTION('',(0.0,1.0,0.0));
#11405=VECTOR('',#11404,0.300000000000001);
#11406=LINE('',#11403,#11405);
#11407=CARTESIAN_POINT('',(-26.638656257341115,5.085718917846682,10.247268208405762));
#11408=TRIMMED_CURVE('',#11406,(PARAMETER_VALUE(0.0),#11403),(PARAMETER_VALUE(1.0),#11407),.T.,.PARAMETER.);
#11414=(BOUNDED_CURVE()CURVE()GEOMETRIC_REPRESENTATION_ITEM()REPRESENTATION_ITEM('')SURFACE_CURVE(#11408,(#11389),.CURVE_3D.));
#11415=COMPOSITE_CURVE_SEGMENT(.CONTINUOUS.,.T.,#11414);
#11416=CARTESIAN_POINT('',(-26.638656257341115,5.085718917846681,10.247268208405762));
#11417=DIRECTION('',(-1.0,0.0,0.0));
#11418=VECTOR('',#11417,1.000000000000004);
#11419=LINE('',#11416,#11418);
#11420=CARTESIAN_POINT('',(-27.638656257341118,5.085718917846681,10.247268208405762));
#11421=TRIMMED_CURVE('',#11419,(PARAMETER_VALUE(0.0),#11416),(PARAMETER_VALUE(1.0),#11420),.T.,.PARAMETER.);
#11427=(BOUNDED_CURVE()CURVE()GEOMETRIC_REPRESENTATION_ITEM()REPRESENTATION_ITEM('')SURFACE_CURVE(#11421,(#11389),.CURVE_3D.));
#11428=COMPOSITE_CURVE_SEGMENT(.CONTINUOUS.,.T.,#11427);
#11429=CARTESIAN_POINT('',(-27.638656257341115,5.085718917846681,10.247268208405762));
#11430=DIRECTION('',(0.0,-1.0,0.0));
#11431=VECTOR('',#11430,0.299999999999997);
#11432=LINE('',#11429,#11431);
#11433=CARTESIAN_POINT('',(-27.638656257341115,4.785718917846684,10.247268208405762));
#11434=TRIMMED_CURVE('',#11432,(PARAMETER_VALUE(0.0),#11429),(PARAMETER_VALUE(1.0),#11433),.T.,.PARAMETER.);
#11440=(BOUNDED_CURVE()CURVE()GEOMETRIC_REPRESENTATION_ITEM()REPRESENTATION_ITEM('')SURFACE_CURVE(#11434,(#11389),.CURVE_3D.));
#11441=COMPOSITE_CURVE_SEGMENT(.CONTINUOUS.,.T.,#11440);
#11442=OUTER_BOUNDARY_CURVE('',(#11402,#11415,#11428,#11441),.U.);
#11443=CURVE_BOUNDED_SURFACE('',#11389,(#11442),.F.);
#11444=STYLED_ITEM('',(#11445),#11443);
#11445=PRESENTATION_STYLE_ASSIGNMENT((#11446));
#11446=SURFACE_STYLE_USAGE(.POSITIVE.,#11447);
#11447=SURFACE_SIDE_STYLE('',(#11448));
#11448=SURFACE_STYLE_FILL_AREA(#11449);
#11449=FILL_AREA_STYLE('',(#11450));
#11450=FILL_AREA_STYLE_COLOUR('',#11451);
#11451=COLOUR_RGB('',0.0,0.0,1.0);
#11452=PRESENTATION_LAYER_ASSIGNMENT('7','',(#11443));
#11453=CARTESIAN_POINT('',(-26.588656257341114,4.770718917846677,-0.752731791594239));
#11454=DIRECTION('',(0.0,0.0,-1.0));
#11455=DIRECTION('',(-1.0,0.0,0.0));
#11456=AXIS2_PLACEMENT_3D('',#11453,#11454,#11455);
#11457=PLANE('',#11456);
#11458=CARTESIAN_POINT('',(-27.638656257341115,5.085718917846681,-0.752731791594239));
#11459=DIRECTION('',(1.0,0.0,0.0));
#11460=VECTOR('',#11459,1.000000000000004);
#11461=LINE('',#11458,#11460);
#11462=CARTESIAN_POINT('',(-26.638656257341111,5.085718917846681,-0.752731791594239));
#11463=TRIMMED_CURVE('',#11461,(PARAMETER_VALUE(0.0),#11458),(PARAMETER_VALUE(1.0),#11462),.T.,.PARAMETER.);
#11469=(BOUNDED_CURVE()CURVE()GEOMETRIC_REPRESENTATION_ITEM()REPRESENTATION_ITEM('')SURFACE_CURVE(#11463,(#11457),.CURVE_3D.));
#11470=COMPOSITE_CURVE_SEGMENT(.CONTINUOUS.,.T.,#11469);
#11471=CARTESIAN_POINT('',(-26.638656257341115,5.085718917846681,-0.752731791594239));
#11472=DIRECTION('',(0.0,-1.0,0.0));
#11473=VECTOR('',#11472,0.300000000000001);
#11474=LINE('',#11471,#11473);
#11475=CARTESIAN_POINT('',(-26.638656257341115,4.785718917846681,-0.752731791594239));
#11476=TRIMMED_CURVE('',#11474,(PARAMETER_VALUE(0.0),#11471),(PARAMETER_VALUE(1.0),#11475),.T.,.PARAMETER.);
#11482=(BOUNDED_CURVE()CURVE()GEOMETRIC_REPRESENTATION_ITEM()REPRESENTATION_ITEM('')SURFACE_CURVE(#11476,(#11457),.CURVE_3D.));
#11483=COMPOSITE_CURVE_SEGMENT(.CONTINUOUS.,.T.,#11482);
#11484=CARTESIAN_POINT('',(-26.638656257341115,4.785718917846683,-0.752731791594239));
#11485=DIRECTION('',(-1.0,0.0,0.0));
#11486=VECTOR('',#11485,1.000000000000004);
#11487=LINE('',#11484,#11486);
#11488=CARTESIAN_POINT('',(-27.638656257341118,4.785718917846683,-0.752731791594239));
#11489=TRIMMED_CURVE('',#11487,(PARAMETER_VALUE(0.0),#11484),(PARAMETER_VALUE(1.0),#11488),.T.,.PARAMETER.);
#11495=(BOUNDED_CURVE()CURVE()GEOMETRIC_REPRESENTATION_ITEM()REPRESENTATION_ITEM('')SURFACE_CURVE(#11489,(#11457),.CURVE_3D.));
#11496=COMPOSITE_CURVE_SEGMENT(.CONTINUOUS.,.T.,#11495);
#11497=CARTESIAN_POINT('',(-27.638656257341115,4.785718917846683,-0.752731791594239));
#11498=DIRECTION('',(0.0,1.0,0.0));
#11499=VECTOR('',#11498,0.299999999999997);
#11500=LINE('',#11497,#11499);
#11501=CARTESIAN_POINT('',(-27.638656257341115,5.085718917846680,-0.752731791594239));
#11502=TRIMMED_CURVE('',#11500,(PARAMETER_VALUE(0.0),#11497),(PARAMETER_VALUE(1.0),#11501),.T.,.PARAMETER.);
#11508=(BOUNDED_CURVE()CURVE()GEOMETRIC_REPRESENTATION_ITEM()REPRESENTATION_ITEM('')SURFACE_CURVE(#11502,(#11457),.CURVE_3D.));
#11509=COMPOSITE_CURVE_SEGMENT(.CONTINUOUS.,.T.,#11508);
#11510=OUTER_BOUNDARY_CURVE('',(#11470,#11483,#11496,#11509),.U.);
#11511=CURVE_BOUNDED_SURFACE('',#11457,(#11510),.F.);
#11512=STYLED_ITEM('',(#11513),#11511);
#11513=PRESENTATION_STYLE_ASSIGNMENT((#11514));
#11514=SURFACE_STYLE_USAGE(.POSITIVE.,#11515);
#11515=SURFACE_SIDE_STYLE('',(#11516));
#11516=SURFACE_STYLE_FILL_AREA(#11517);
#11517=FILL_AREA_STYLE('',(#11518));
#11518=FILL_AREA_STYLE_COLOUR('',#11519);
#11519=COLOUR_RGB('',0.0,0.0,1.0);
#11520=PRESENTATION_LAYER_ASSIGNMENT('7','',(#11511));
#11521=CARTESIAN_POINT('',(-27.688656257341115,4.785718917846683,-0.702731791594239));
#11522=DIRECTION('',(0.0,-1.0,0.0));
#11523=DIRECTION('',(0.0,0.0,-1.0));
#11524=AXIS2_PLACEMENT_3D('',#11521,#11522,#11523);
#11525=PLANE('',#11524);
#11526=CARTESIAN_POINT('',(-26.638656257341115,4.785718917846683,-0.752731791594239));
#11527=DIRECTION('',(-1.0,0.0,0.0));
#11528=VECTOR('',#11527,1.000000000000004);
#11529=LINE('',#11526,#11528);
#11530=CARTESIAN_POINT('',(-27.638656257341118,4.785718917846683,-0.752731791594239));
#11531=TRIMMED_CURVE('',#11529,(PARAMETER_VALUE(0.0),#11526),(PARAMETER_VALUE(1.0),#11530),.T.,.PARAMETER.);
#11537=(BOUNDED_CURVE()CURVE()GEOMETRIC_REPRESENTATION_ITEM()REPRESENTATION_ITEM('')SURFACE_CURVE(#11531,(#11525),.CURVE_3D.));
#11538=COMPOSITE_CURVE_SEGMENT(.CONTINUOUS.,.T.,#11537);
#11539=CARTESIAN_POINT('',(-27.638656257341115,4.785718917846683,-0.752731791594239));
#11540=DIRECTION('',(0.0,0.0,-1.0));
#11541=VECTOR('',#11540,1.0);
#11542=LINE('',#11539,#11541);
#11543=CARTESIAN_POINT('',(-27.638656257341115,4.785718917846683,-1.752731791594239));
#11544=TRIMMED_CURVE('',#11542,(PARAMETER_VALUE(0.0),#11539),(PARAMETER_VALUE(1.0),#11543),.T.,.PARAMETER.);
#11550=(BOUNDED_CURVE()CURVE()GEOMETRIC_REPRESENTATION_ITEM()REPRESENTATION_ITEM('')SURFACE_CURVE(#11544,(#11525),.CURVE_3D.));
#11551=COMPOSITE_CURVE_SEGMENT(.CONTINUOUS.,.T.,#11550);
#11552=CARTESIAN_POINT('',(-27.638656257341115,4.785718917846683,-1.752731791594239));
#11553=DIRECTION('',(1.0,0.0,0.0));
#11554=VECTOR('',#11553,1.000000000000004);
#11555=LINE('',#11552,#11554);
#11556=CARTESIAN_POINT('',(-26.638656257341111,4.785718917846683,-1.752731791594239));
#11557=TRIMMED_CURVE('',#11555,(PARAMETER_VALUE(0.0),#11552),(PARAMETER_VALUE(1.0),#11556),.T.,.PARAMETER.);
#11563=(BOUNDED_CURVE()CURVE()GEOMETRIC_REPRESENTATION_ITEM()REPRESENTATION_ITEM('')SURFACE_CURVE(#11557,(#11525),.CURVE_3D.));
#11564=COMPOSITE_CURVE_SEGMENT(.CONTINUOUS.,.T.,#11563);
#11565=CARTESIAN_POINT('',(-26.638656257341115,4.785718917846683,-1.752731791594239));
#11566=DIRECTION('',(0.0,0.0,1.0));
#11567=VECTOR('',#11566,1.0);
#11568=LINE('',#11565,#11567);
#11569=CARTESIAN_POINT('',(-26.638656257341115,4.785718917846683,-0.752731791594239));
#11570=TRIMMED_CURVE('',#11568,(PARAMETER_VALUE(0.0),#11565),(PARAMETER_VALUE(1.0),#11569),.T.,.PARAMETER.);
#11576=(BOUNDED_CURVE()CURVE()GEOMETRIC_REPRESENTATION_ITEM()REPRESENTATION_ITEM('')SURFACE_CURVE(#11570,(#11525),.CURVE_3D.));
#11577=COMPOSITE_CURVE_SEGMENT(.CONTINUOUS.,.T.,#11576);
#11578=OUTER_BOUNDARY_CURVE('',(#11538,#11551,#11564,#11577),.U.);
#11579=CURVE_BOUNDED_SURFACE('',#11525,(#11578),.F.);
#11580=STYLED_ITEM('',(#11581),#11579);
#11581=PRESENTATION_STYLE_ASSIGNMENT((#11582));
#11582=SURFACE_STYLE_USAGE(.POSITIVE.,#11583);
#11583=SURFACE_SIDE_STYLE('',(#11584));
#11584=SURFACE_STYLE_FILL_AREA(#11585);
#11585=FILL_AREA_STYLE('',(#11586));
#11586=FILL_AREA_STYLE_COLOUR('',#11587);
#11587=COLOUR_RGB('',0.0,0.0,1.0);
#11588=PRESENTATION_LAYER_ASSIGNMENT('7','',(#11579));
#11589=CARTESIAN_POINT('',(-27.688656257341115,4.785718917846683,11.297268208405759));
#11590=DIRECTION('',(0.0,-1.0,0.0));
#11591=DIRECTION('',(0.0,0.0,-1.0));
#11592=AXIS2_PLACEMENT_3D('',#11589,#11590,#11591);
#11593=PLANE('',#11592);
#11594=CARTESIAN_POINT('',(-27.638656257341115,4.785718917846683,10.247268208405762));
#11595=DIRECTION('',(1.0,0.0,0.0));
#11596=VECTOR('',#11595,1.000000000000004);
#11597=LINE('',#11594,#11596);
#11598=CARTESIAN_POINT('',(-26.638656257341111,4.785718917846683,10.247268208405762));
#11599=TRIMMED_CURVE('',#11597,(PARAMETER_VALUE(0.0),#11594),(PARAMETER_VALUE(1.0),#11598),.T.,.PARAMETER.);
#11605=(BOUNDED_CURVE()CURVE()GEOMETRIC_REPRESENTATION_ITEM()REPRESENTATION_ITEM('')SURFACE_CURVE(#11599,(#11593),.CURVE_3D.));
#11606=COMPOSITE_CURVE_SEGMENT(.CONTINUOUS.,.T.,#11605);
#11607=CARTESIAN_POINT('',(-26.638656257341115,4.785718917846683,10.247268208405762));
#11608=DIRECTION('',(0.0,0.0,1.0));
#11609=VECTOR('',#11608,0.999999999999996);
#11610=LINE('',#11607,#11609);
#11611=CARTESIAN_POINT('',(-26.638656257341115,4.785718917846683,11.247268208405758));
#11612=TRIMMED_CURVE('',#11610,(PARAMETER_VALUE(0.0),#11607),(PARAMETER_VALUE(1.0),#11611),.T.,.PARAMETER.);
#11618=(BOUNDED_CURVE()CURVE()GEOMETRIC_REPRESENTATION_ITEM()REPRESENTATION_ITEM('')SURFACE_CURVE(#11612,(#11593),.CURVE_3D.));
#11619=COMPOSITE_CURVE_SEGMENT(.CONTINUOUS.,.T.,#11618);
#11620=CARTESIAN_POINT('',(-26.638656257341115,4.785718917846683,11.247268208405760));
#11621=DIRECTION('',(-1.0,0.0,0.0));
#11622=VECTOR('',#11621,1.000000000000004);
#11623=LINE('',#11620,#11622);
#11624=CARTESIAN_POINT('',(-27.638656257341118,4.785718917846683,11.247268208405760));
#11625=TRIMMED_CURVE('',#11623,(PARAMETER_VALUE(0.0),#11620),(PARAMETER_VALUE(1.0),#11624),.T.,.PARAMETER.);
#11631=(BOUNDED_CURVE()CURVE()GEOMETRIC_REPRESENTATION_ITEM()REPRESENTATION_ITEM('')SURFACE_CURVE(#11625,(#11593),.CURVE_3D.));
#11632=COMPOSITE_CURVE_SEGMENT(.CONTINUOUS.,.T.,#11631);
#11633=CARTESIAN_POINT('',(-27.638656257341115,4.785718917846683,11.247268208405760));
#11634=DIRECTION('',(0.0,0.0,-1.0));
#11635=VECTOR('',#11634,0.999999999999996);
#11636=LINE('',#11633,#11635);
#11637=CARTESIAN_POINT('',(-27.638656257341115,4.785718917846683,10.247268208405764));
#11638=TRIMMED_CURVE('',#11636,(PARAMETER_VALUE(0.0),#11633),(PARAMETER_VALUE(1.0),#11637),.T.,.PARAMETER.);
#11644=(BOUNDED_CURVE()CURVE()GEOMETRIC_REPRESENTATION_ITEM()REPRESENTATION_ITEM('')SURFACE_CURVE(#11638,(#11593),.CURVE_3D.));
#11645=COMPOSITE_CURVE_SEGMENT(.CONTINUOUS.,.T.,#11644);
#11646=OUTER_BOUNDARY_CURVE('',(#11606,#11619,#11632,#11645),.U.);
#11647=CURVE_BOUNDED_SURFACE('',#11593,(#11646),.F.);
#11648=STYLED_ITEM('',(#11649),#11647);
#11649=PRESENTATION_STYLE_ASSIGNMENT((#11650));
#11650=SURFACE_STYLE_USAGE(.POSITIVE.,#11651);
#11651=SURFACE_SIDE_STYLE('',(#11652));
#11652=SURFACE_STYLE_FILL_AREA(#11653);
#11653=FILL_AREA_STYLE('',(#11654));
#11654=FILL_AREA_STYLE_COLOUR('',#11655);
#11655=COLOUR_RGB('',0.0,0.0,1.0);
#11656=PRESENTATION_LAYER_ASSIGNMENT('7','',(#11647));
#11657=CARTESIAN_POINT('',(-26.638656257341115,4.770718917846677,-0.702731791594239));
#11658=DIRECTION('',(1.0,0.0,0.0));
#11659=DIRECTION('',(0.0,0.0,-1.0));
#11660=AXIS2_PLACEMENT_3D('',#11657,#11658,#11659);
#11661=PLANE('',#11660);
#11662=CARTESIAN_POINT('',(-26.638656257341115,5.085718917846681,-0.752731791594239));
#11663=DIRECTION('',(0.0,-1.0,0.0));
#11664=VECTOR('',#11663,0.300000000000001);
#11665=LINE('',#11662,#11664);
#11666=CARTESIAN_POINT('',(-26.638656257341115,4.785718917846681,-0.752731791594239));
#11667=TRIMMED_CURVE('',#11665,(PARAMETER_VALUE(0.0),#11662),(PARAMETER_VALUE(1.0),#11666),.T.,.PARAMETER.);
#11673=(BOUNDED_CURVE()CURVE()GEOMETRIC_REPRESENTATION_ITEM()REPRESENTATION_ITEM('')SURFACE_CURVE(#11667,(#11661),.CURVE_3D.));
#11674=COMPOSITE_CURVE_SEGMENT(.CONTINUOUS.,.T.,#11673);
#11675=CARTESIAN_POINT('',(-26.638656257341115,4.785718917846683,-0.752731791594239));
#11676=DIRECTION('',(0.0,0.0,-1.0));
#11677=VECTOR('',#11676,1.0);
#11678=LINE('',#11675,#11677);
#11679=CARTESIAN_POINT('',(-26.638656257341115,4.785718917846683,-1.752731791594239));
#11680=TRIMMED_CURVE('',#11678,(PARAMETER_VALUE(0.0),#11675),(PARAMETER_VALUE(1.0),#11679),.T.,.PARAMETER.);
#11686=(BOUNDED_CURVE()CURVE()GEOMETRIC_REPRESENTATION_ITEM()REPRESENTATION_ITEM('')SURFACE_CURVE(#11680,(#11661),.CURVE_3D.));
#11687=COMPOSITE_CURVE_SEGMENT(.CONTINUOUS.,.T.,#11686);
#11688=CARTESIAN_POINT('',(-26.638656257341115,4.785718917846683,-1.752731791594239));
#11689=DIRECTION('',(0.0,1.0,0.0));
#11690=VECTOR('',#11689,0.299999999999994);
#11691=LINE('',#11688,#11690);
#11692=CARTESIAN_POINT('',(-26.638656257341115,5.085718917846677,-1.752731791594239));
#11693=TRIMMED_CURVE('',#11691,(PARAMETER_VALUE(0.0),#11688),(PARAMETER_VALUE(1.0),#11692),.T.,.PARAMETER.);
#11699=(BOUNDED_CURVE()CURVE()GEOMETRIC_REPRESENTATION_ITEM()REPRESENTATION_ITEM('')SURFACE_CURVE(#11693,(#11661),.CURVE_3D.));
#11700=COMPOSITE_CURVE_SEGMENT(.CONTINUOUS.,.T.,#11699);
#11701=CARTESIAN_POINT('',(-26.638656257341115,5.085718917846677,-1.752731791594239));
#11702=DIRECTION('',(0.0,0.0,1.0));
#11703=VECTOR('',#11702,1.0);
#11704=LINE('',#11701,#11703);
#11705=CARTESIAN_POINT('',(-26.638656257341115,5.085718917846677,-0.752731791594239));
#11706=TRIMMED_CURVE('',#11704,(PARAMETER_VALUE(0.0),#11701),(PARAMETER_VALUE(1.0),#11705),.T.,.PARAMETER.);
#11712=(BOUNDED_CURVE()CURVE()GEOMETRIC_REPRESENTATION_ITEM()REPRESENTATION_ITEM('')SURFACE_CURVE(#11706,(#11661),.CURVE_3D.));
#11713=COMPOSITE_CURVE_SEGMENT(.CONTINUOUS.,.T.,#11712);
#11714=OUTER_BOUNDARY_CURVE('',(#11674,#11687,#11700,#11713),.U.);
#11715=CURVE_BOUNDED_SURFACE('',#11661,(#11714),.F.);
#11716=STYLED_ITEM('',(#11717),#11715);
#11717=PRESENTATION_STYLE_ASSIGNMENT((#11718));
#11718=SURFACE_STYLE_USAGE(.POSITIVE.,#11719);
#11719=SURFACE_SIDE_STYLE('',(#11720));
#11720=SURFACE_STYLE_FILL_AREA(#11721);
#11721=FILL_AREA_STYLE('',(#11722));
#11722=FILL_AREA_STYLE_COLOUR('',#11723);
#11723=COLOUR_RGB('',0.0,0.0,1.0);
#11724=PRESENTATION_LAYER_ASSIGNMENT('7','',(#11715));
#11725=CARTESIAN_POINT('',(-26.638656257341115,4.770718917846677,11.297268208405759));
#11726=DIRECTION('',(1.0,0.0,0.0));
#11727=DIRECTION('',(0.0,0.0,-1.0));
#11728=AXIS2_PLACEMENT_3D('',#11725,#11726,#11727);
#11729=PLANE('',#11728);
#11730=CARTESIAN_POINT('',(-26.638656257341115,4.785718917846682,10.247268208405762));
#11731=DIRECTION('',(0.0,1.0,0.0));
#11732=VECTOR('',#11731,0.300000000000001);
#11733=LINE('',#11730,#11732);
#11734=CARTESIAN_POINT('',(-26.638656257341115,5.085718917846682,10.247268208405762));
#11735=TRIMMED_CURVE('',#11733,(PARAMETER_VALUE(0.0),#11730),(PARAMETER_VALUE(1.0),#11734),.T.,.PARAMETER.);
#11741=(BOUNDED_CURVE()CURVE()GEOMETRIC_REPRESENTATION_ITEM()REPRESENTATION_ITEM('')SURFACE_CURVE(#11735,(#11729),.CURVE_3D.));
#11742=COMPOSITE_CURVE_SEGMENT(.CONTINUOUS.,.T.,#11741);
#11743=CARTESIAN_POINT('',(-26.638656257341115,5.085718917846677,10.247268208405762));
#11744=DIRECTION('',(0.0,0.0,1.0));
#11745=VECTOR('',#11744,0.999999999999996);
#11746=LINE('',#11743,#11745);
#11747=CARTESIAN_POINT('',(-26.638656257341115,5.085718917846677,11.247268208405758));
#11748=TRIMMED_CURVE('',#11746,(PARAMETER_VALUE(0.0),#11743),(PARAMETER_VALUE(1.0),#11747),.T.,.PARAMETER.);
#11754=(BOUNDED_CURVE()CURVE()GEOMETRIC_REPRESENTATION_ITEM()REPRESENTATION_ITEM('')SURFACE_CURVE(#11748,(#11729),.CURVE_3D.));
#11755=COMPOSITE_CURVE_SEGMENT(.CONTINUOUS.,.T.,#11754);
#11756=CARTESIAN_POINT('',(-26.638656257341115,5.085718917846677,11.247268208405760));
#11757=DIRECTION('',(0.0,-1.0,0.0));
#11758=VECTOR('',#11757,0.299999999999994);
#11759=LINE('',#11756,#11758);
#11760=CARTESIAN_POINT('',(-26.638656257341115,4.785718917846683,11.247268208405760));
#11761=TRIMMED_CURVE('',#11759,(PARAMETER_VALUE(0.0),#11756),(PARAMETER_VALUE(1.0),#11760),.T.,.PARAMETER.);
#11767=(BOUNDED_CURVE()CURVE()GEOMETRIC_REPRESENTATION_ITEM()REPRESENTATION_ITEM('')SURFACE_CURVE(#11761,(#11729),.CURVE_3D.));
#11768=COMPOSITE_CURVE_SEGMENT(.CONTINUOUS.,.T.,#11767);
#11769=CARTESIAN_POINT('',(-26.638656257341115,4.785718917846683,11.247268208405760));
#11770=DIRECTION('',(0.0,0.0,-1.0));
#11771=VECTOR('',#11770,0.999999999999996);
#11772=LINE('',#11769,#11771);
#11773=CARTESIAN_POINT('',(-26.638656257341115,4.785718917846683,10.247268208405764));
#11774=TRIMMED_CURVE('',#11772,(PARAMETER_VALUE(0.0),#11769),(PARAMETER_VALUE(1.0),#11773),.T.,.PARAMETER.);
#11780=(BOUNDED_CURVE()CURVE()GEOMETRIC_REPRESENTATION_ITEM()REPRESENTATION_ITEM('')SURFACE_CURVE(#11774,(#11729),.CURVE_3D.));
#11781=COMPOSITE_CURVE_SEGMENT(.CONTINUOUS.,.T.,#11780);
#11782=OUTER_BOUNDARY_CURVE('',(#11742,#11755,#11768,#11781),.U.);
#11783=CURVE_BOUNDED_SURFACE('',#11729,(#11782),.F.);
#11784=STYLED_ITEM('',(#11785),#11783);
#11785=PRESENTATION_STYLE_ASSIGNMENT((#11786));
#11786=SURFACE_STYLE_USAGE(.POSITIVE.,#11787);
#11787=SURFACE_SIDE_STYLE('',(#11788));
#11788=SURFACE_STYLE_FILL_AREA(#11789);
#11789=FILL_AREA_STYLE('',(#11790));
#11790=FILL_AREA_STYLE_COLOUR('',#11791);
#11791=COLOUR_RGB('',0.0,0.0,1.0);
#11792=PRESENTATION_LAYER_ASSIGNMENT('7','',(#11783));
#11793=CARTESIAN_POINT('',(-47.638656257341118,4.770718917846677,10.197268208405756));
#11794=DIRECTION('',(-1.0,0.0,0.0));
#11795=DIRECTION('',(0.0,0.0,1.0));
#11796=AXIS2_PLACEMENT_3D('',#11793,#11794,#11795);
#11797=PLANE('',#11796);
#11798=CARTESIAN_POINT('',(-47.638656257341118,5.085718917846681,10.247268208405755));
#11799=DIRECTION('',(0.0,-1.0,0.0));
#11800=VECTOR('',#11799,0.300000000000001);
#11801=LINE('',#11798,#11800);
#11802=CARTESIAN_POINT('',(-47.638656257341118,4.785718917846681,10.247268208405755));
#11803=TRIMMED_CURVE('',#11801,(PARAMETER_VALUE(0.0),#11798),(PARAMETER_VALUE(1.0),#11802),.T.,.PARAMETER.);
#11809=(BOUNDED_CURVE()CURVE()GEOMETRIC_REPRESENTATION_ITEM()REPRESENTATION_ITEM('')SURFACE_CURVE(#11803,(#11797),.CURVE_3D.));
#11810=COMPOSITE_CURVE_SEGMENT(.CONTINUOUS.,.T.,#11809);
#11811=CARTESIAN_POINT('',(-47.638656257341118,4.785718917846682,10.247268208405755));
#11812=DIRECTION('',(0.0,0.0,1.0));
#11813=VECTOR('',#11812,1.000000000000004);
#11814=LINE('',#11811,#11813);
#11815=CARTESIAN_POINT('',(-47.638656257341118,4.785718917846682,11.247268208405758));
#11816=TRIMMED_CURVE('',#11814,(PARAMETER_VALUE(0.0),#11811),(PARAMETER_VALUE(1.0),#11815),.T.,.PARAMETER.);
#11822=(BOUNDED_CURVE()CURVE()GEOMETRIC_REPRESENTATION_ITEM()REPRESENTATION_ITEM('')SURFACE_CURVE(#11816,(#11797),.CURVE_3D.));
#11823=COMPOSITE_CURVE_SEGMENT(.CONTINUOUS.,.T.,#11822);
#11824=CARTESIAN_POINT('',(-47.638656257341118,4.785718917846682,11.247268208405760));
#11825=DIRECTION('',(0.0,1.0,0.0));
#11826=VECTOR('',#11825,0.300000000000001);
#11827=LINE('',#11824,#11826);
#11828=CARTESIAN_POINT('',(-47.638656257341118,5.085718917846682,11.247268208405760));
#11829=TRIMMED_CURVE('',#11827,(PARAMETER_VALUE(0.0),#11824),(PARAMETER_VALUE(1.0),#11828),.T.,.PARAMETER.);
#11835=(BOUNDED_CURVE()CURVE()GEOMETRIC_REPRESENTATION_ITEM()REPRESENTATION_ITEM('')SURFACE_CURVE(#11829,(#11797),.CURVE_3D.));
#11836=COMPOSITE_CURVE_SEGMENT(.CONTINUOUS.,.T.,#11835);
#11837=CARTESIAN_POINT('',(-47.638656257341118,5.085718917846681,11.247268208405760));
#11838=DIRECTION('',(0.0,0.0,-1.0));
#11839=VECTOR('',#11838,1.000000000000004);
#11840=LINE('',#11837,#11839);
#11841=CARTESIAN_POINT('',(-47.638656257341118,5.085718917846681,10.247268208405757));
#11842=TRIMMED_CURVE('',#11840,(PARAMETER_VALUE(0.0),#11837),(PARAMETER_VALUE(1.0),#11841),.T.,.PARAMETER.);
#11848=(BOUNDED_CURVE()CURVE()GEOMETRIC_REPRESENTATION_ITEM()REPRESENTATION_ITEM('')SURFACE_CURVE(#11842,(#11797),.CURVE_3D.));
#11849=COMPOSITE_CURVE_SEGMENT(.CONTINUOUS.,.T.,#11848);
#11850=OUTER_BOUNDARY_CURVE('',(#11810,#11823,#11836,#11849),.U.);
#11851=CURVE_BOUNDED_SURFACE('',#11797,(#11850),.F.);
#11852=STYLED_ITEM('',(#11853),#11851);
#11853=PRESENTATION_STYLE_ASSIGNMENT((#11854));
#11854=SURFACE_STYLE_USAGE(.POSITIVE.,#11855);
#11855=SURFACE_SIDE_STYLE('',(#11856));
#11856=SURFACE_STYLE_FILL_AREA(#11857);
#11857=FILL_AREA_STYLE('',(#11858));
#11858=FILL_AREA_STYLE_COLOUR('',#11859);
#11859=COLOUR_RGB('',0.0,0.0,1.0);
#11860=PRESENTATION_LAYER_ASSIGNMENT('7','',(#11851));
#11861=CARTESIAN_POINT('',(-47.688656257341123,4.785718917846682,11.297268208405759));
#11862=DIRECTION('',(0.0,-1.0,0.0));
#11863=DIRECTION('',(0.0,0.0,-1.0));
#11864=AXIS2_PLACEMENT_3D('',#11861,#11862,#11863);
#11865=PLANE('',#11864);
#11866=CARTESIAN_POINT('',(-47.638656257341140,4.785718917846682,10.247268208405755));
#11867=DIRECTION('',(1.0,0.0,0.0));
#11868=VECTOR('',#11867,1.000000000000007);
#11869=LINE('',#11866,#11868);
#11870=CARTESIAN_POINT('',(-46.638656257341133,4.785718917846682,10.247268208405755));
#11871=TRIMMED_CURVE('',#11869,(PARAMETER_VALUE(0.0),#11866),(PARAMETER_VALUE(1.0),#11870),.T.,.PARAMETER.);
#11877=(BOUNDED_CURVE()CURVE()GEOMETRIC_REPRESENTATION_ITEM()REPRESENTATION_ITEM('')SURFACE_CURVE(#11871,(#11865),.CURVE_3D.));
#11878=COMPOSITE_CURVE_SEGMENT(.CONTINUOUS.,.T.,#11877);
#11879=CARTESIAN_POINT('',(-46.638656257341118,4.785718917846682,10.247268208405755));
#11880=DIRECTION('',(0.0,0.0,1.0));
#11881=VECTOR('',#11880,1.000000000000004);
#11882=LINE('',#11879,#11881);
#11883=CARTESIAN_POINT('',(-46.638656257341118,4.785718917846682,11.247268208405758));
#11884=TRIMMED_CURVE('',#11882,(PARAMETER_VALUE(0.0),#11879),(PARAMETER_VALUE(1.0),#11883),.T.,.PARAMETER.);
#11890=(BOUNDED_CURVE()CURVE()GEOMETRIC_REPRESENTATION_ITEM()REPRESENTATION_ITEM('')SURFACE_CURVE(#11884,(#11865),.CURVE_3D.));
#11891=COMPOSITE_CURVE_SEGMENT(.CONTINUOUS.,.T.,#11890);
#11892=CARTESIAN_POINT('',(-46.638656257341118,4.785718917846682,11.247268208405760));
#11893=DIRECTION('',(-1.0,0.0,0.0));
#11894=VECTOR('',#11893,1.0);
#11895=LINE('',#11892,#11894);
#11896=CARTESIAN_POINT('',(-47.638656257341118,4.785718917846682,11.247268208405760));
#11897=TRIMMED_CURVE('',#11895,(PARAMETER_VALUE(0.0),#11892),(PARAMETER_VALUE(1.0),#11896),.T.,.PARAMETER.);
#11903=(BOUNDED_CURVE()CURVE()GEOMETRIC_REPRESENTATION_ITEM()REPRESENTATION_ITEM('')SURFACE_CURVE(#11897,(#11865),.CURVE_3D.));
#11904=COMPOSITE_CURVE_SEGMENT(.CONTINUOUS.,.T.,#11903);
#11905=CARTESIAN_POINT('',(-47.638656257341118,4.785718917846682,11.247268208405760));
#11906=DIRECTION('',(0.0,0.0,-1.0));
#11907=VECTOR('',#11906,1.000000000000004);
#11908=LINE('',#11905,#11907);
#11909=CARTESIAN_POINT('',(-47.638656257341118,4.785718917846682,10.247268208405757));
#11910=TRIMMED_CURVE('',#11908,(PARAMETER_VALUE(0.0),#11905),(PARAMETER_VALUE(1.0),#11909),.T.,.PARAMETER.);
#11916=(BOUNDED_CURVE()CURVE()GEOMETRIC_REPRESENTATION_ITEM()REPRESENTATION_ITEM('')SURFACE_CURVE(#11910,(#11865),.CURVE_3D.));
#11917=COMPOSITE_CURVE_SEGMENT(.CONTINUOUS.,.T.,#11916);
#11918=OUTER_BOUNDARY_CURVE('',(#11878,#11891,#11904,#11917),.U.);
#11919=CURVE_BOUNDED_SURFACE('',#11865,(#11918),.F.);
#11920=STYLED_ITEM('',(#11921),#11919);
#11921=PRESENTATION_STYLE_ASSIGNMENT((#11922));
#11922=SURFACE_STYLE_USAGE(.POSITIVE.,#11923);
#11923=SURFACE_SIDE_STYLE('',(#11924));
#11924=SURFACE_STYLE_FILL_AREA(#11925);
#11925=FILL_AREA_STYLE('',(#11926));
#11926=FILL_AREA_STYLE_COLOUR('',#11927);
#11927=COLOUR_RGB('',0.0,0.0,1.0);
#11928=PRESENTATION_LAYER_ASSIGNMENT('7','',(#11919));
#11929=CARTESIAN_POINT('',(-46.638656257341118,4.770718917846677,11.297268208405759));
#11930=DIRECTION('',(1.0,0.0,0.0));
#11931=DIRECTION('',(0.0,0.0,-1.0));
#11932=AXIS2_PLACEMENT_3D('',#11929,#11930,#11931);
#11933=PLANE('',#11932);
#11934=CARTESIAN_POINT('',(-46.638656257341118,4.785718917846682,10.247268208405755));
#11935=DIRECTION('',(0.0,1.0,0.0));
#11936=VECTOR('',#11935,0.300000000000001);
#11937=LINE('',#11934,#11936);
#11938=CARTESIAN_POINT('',(-46.638656257341118,5.085718917846682,10.247268208405755));
#11939=TRIMMED_CURVE('',#11937,(PARAMETER_VALUE(0.0),#11934),(PARAMETER_VALUE(1.0),#11938),.T.,.PARAMETER.);
#11945=(BOUNDED_CURVE()CURVE()GEOMETRIC_REPRESENTATION_ITEM()REPRESENTATION_ITEM('')SURFACE_CURVE(#11939,(#11933),.CURVE_3D.));
#11946=COMPOSITE_CURVE_SEGMENT(.CONTINUOUS.,.T.,#11945);
#11947=CARTESIAN_POINT('',(-46.638656257341118,5.085718917846681,10.247268208405755));
#11948=DIRECTION('',(0.0,0.0,1.0));
#11949=VECTOR('',#11948,1.000000000000004);
#11950=LINE('',#11947,#11949);
#11951=CARTESIAN_POINT('',(-46.638656257341118,5.085718917846681,11.247268208405758));
#11952=TRIMMED_CURVE('',#11950,(PARAMETER_VALUE(0.0),#11947),(PARAMETER_VALUE(1.0),#11951),.T.,.PARAMETER.);
#11958=(BOUNDED_CURVE()CURVE()GEOMETRIC_REPRESENTATION_ITEM()REPRESENTATION_ITEM('')SURFACE_CURVE(#11952,(#11933),.CURVE_3D.));
#11959=COMPOSITE_CURVE_SEGMENT(.CONTINUOUS.,.T.,#11958);
#11960=CARTESIAN_POINT('',(-46.638656257341118,5.085718917846681,11.247268208405760));
#11961=DIRECTION('',(0.0,-1.0,0.0));
#11962=VECTOR('',#11961,0.300000000000001);
#11963=LINE('',#11960,#11962);
#11964=CARTESIAN_POINT('',(-46.638656257341118,4.785718917846681,11.247268208405760));
#11965=TRIMMED_CURVE('',#11963,(PARAMETER_VALUE(0.0),#11960),(PARAMETER_VALUE(1.0),#11964),.T.,.PARAMETER.);
#11971=(BOUNDED_CURVE()CURVE()GEOMETRIC_REPRESENTATION_ITEM()REPRESENTATION_ITEM('')SURFACE_CURVE(#11965,(#11933),.CURVE_3D.));
#11972=COMPOSITE_CURVE_SEGMENT(.CONTINUOUS.,.T.,#11971);
#11973=CARTESIAN_POINT('',(-46.638656257341118,4.785718917846682,11.247268208405760));
#11974=DIRECTION('',(0.0,0.0,-1.0));
#11975=VECTOR('',#11974,1.000000000000004);
#11976=LINE('',#11973,#11975);
#11977=CARTESIAN_POINT('',(-46.638656257341118,4.785718917846682,10.247268208405757));
#11978=TRIMMED_CURVE('',#11976,(PARAMETER_VALUE(0.0),#11973),(PARAMETER_VALUE(1.0),#11977),.T.,.PARAMETER.);
#11984=(BOUNDED_CURVE()CURVE()GEOMETRIC_REPRESENTATION_ITEM()REPRESENTATION_ITEM('')SURFACE_CURVE(#11978,(#11933),.CURVE_3D.));
#11985=COMPOSITE_CURVE_SEGMENT(.CONTINUOUS.,.T.,#11984);
#11986=OUTER_BOUNDARY_CURVE('',(#11946,#11959,#11972,#11985),.U.);
#11987=CURVE_BOUNDED_SURFACE('',#11933,(#11986),.F.);
#11988=STYLED_ITEM('',(#11989),#11987);
#11989=PRESENTATION_STYLE_ASSIGNMENT((#11990));
#11990=SURFACE_STYLE_USAGE(.POSITIVE.,#11991);
#11991=SURFACE_SIDE_STYLE('',(#11992));
#11992=SURFACE_STYLE_FILL_AREA(#11993);
#11993=FILL_AREA_STYLE('',(#11994));
#11994=FILL_AREA_STYLE_COLOUR('',#11995);
#11995=COLOUR_RGB('',0.0,0.0,1.0);
#11996=PRESENTATION_LAYER_ASSIGNMENT('7','',(#11987));
#11997=CARTESIAN_POINT('',(-26.018656257341121,4.835718917846681,9.247268208405760));
#11998=DIRECTION('',(0.0,0.0,1.0));
#11999=DIRECTION('',(1.0,0.0,0.0));
#12000=AXIS2_PLACEMENT_3D('',#11997,#11998,#11999);
#12001=PLANE('',#12000);
#12002=CARTESIAN_POINT('',(-24.738656257341123,5.285718917846680,9.247268208405760));
#12003=DIRECTION('',(0.0,1.0,0.0));
#12004=VECTOR('',#12003,8.599999999999998);
#12005=LINE('',#12002,#12004);
#12006=CARTESIAN_POINT('',(-24.738656257341123,13.885718917846678,9.247268208405760));
#12007=TRIMMED_CURVE('',#12005,(PARAMETER_VALUE(0.0),#12002),(PARAMETER_VALUE(1.0),#12006),.T.,.PARAMETER.);
#12013=(BOUNDED_CURVE()CURVE()GEOMETRIC_REPRESENTATION_ITEM()REPRESENTATION_ITEM('')SURFACE_CURVE(#12007,(#12001),.CURVE_3D.));
#12014=COMPOSITE_CURVE_SEGMENT(.CONTINUOUS.,.T.,#12013);
#12015=CARTESIAN_POINT('',(-24.738656257341123,13.885718917846674,9.247268208405760));
#12016=DIRECTION('',(0.707106781186551,0.707106781186544,0.0));
#12017=VECTOR('',#12016,0.565685424949239);
#12018=LINE('',#12015,#12017);
#12019=CARTESIAN_POINT('',(-24.338656257341121,14.285718917846673,9.247268208405760));
#12020=TRIMMED_CURVE('',#12018,(PARAMETER_VALUE(0.0),#12015),(PARAMETER_VALUE(1.0),#12019),.T.,.PARAMETER.);
#12026=(BOUNDED_CURVE()CURVE()GEOMETRIC_REPRESENTATION_ITEM()REPRESENTATION_ITEM('')SURFACE_CURVE(#12020,(#12001),.CURVE_3D.));
#12027=COMPOSITE_CURVE_SEGMENT(.CONTINUOUS.,.T.,#12026);
#12028=CARTESIAN_POINT('',(-24.338656257341118,14.285718917846680,9.247268208405760));
#12029=DIRECTION('',(-1.0,0.0,0.0));
#12030=VECTOR('',#12029,1.600000000000012);
#12031=LINE('',#12028,#12030);
#12032=CARTESIAN_POINT('',(-25.938656257341130,14.285718917846680,9.247268208405760));
#12033=TRIMMED_CURVE('',#12031,(PARAMETER_VALUE(0.0),#12028),(PARAMETER_VALUE(1.0),#12032),.T.,.PARAMETER.);
#12039=(BOUNDED_CURVE()CURVE()GEOMETRIC_REPRESENTATION_ITEM()REPRESENTATION_ITEM('')SURFACE_CURVE(#12033,(#12001),.CURVE_3D.));
#12040=COMPOSITE_CURVE_SEGMENT(.CONTINUOUS.,.T.,#12039);
#12041=CARTESIAN_POINT('',(-25.938656257341119,14.285718917846680,9.247268208405760));
#12042=DIRECTION('',(0.707106781186544,-0.707106781186551,0.0));
#12043=VECTOR('',#12042,0.565685424949239);
#12044=LINE('',#12041,#12043);
#12045=CARTESIAN_POINT('',(-25.538656257341120,13.885718917846678,9.247268208405760));
#12046=TRIMMED_CURVE('',#12044,(PARAMETER_VALUE(0.0),#12041),(PARAMETER_VALUE(1.0),#12045),.T.,.PARAMETER.);
#12052=(BOUNDED_CURVE()CURVE()GEOMETRIC_REPRESENTATION_ITEM()REPRESENTATION_ITEM('')SURFACE_CURVE(#12046,(#12001),.CURVE_3D.));
#12053=COMPOSITE_CURVE_SEGMENT(.CONTINUOUS.,.T.,#12052);
#12054=CARTESIAN_POINT('',(-25.538656257341124,13.885718917846674,9.247268208405760));
#12055=DIRECTION('',(0.0,-1.0,0.0));
#12056=VECTOR('',#12055,8.599999999999998);
#12057=LINE('',#12054,#12056);
#12058=CARTESIAN_POINT('',(-25.538656257341124,5.285718917846676,9.247268208405760));
#12059=TRIMMED_CURVE('',#12057,(PARAMETER_VALUE(0.0),#12054),(PARAMETER_VALUE(1.0),#12058),.T.,.PARAMETER.);
#12065=(BOUNDED_CURVE()CURVE()GEOMETRIC_REPRESENTATION_ITEM()REPRESENTATION_ITEM('')SURFACE_CURVE(#12059,(#12001),.CURVE_3D.));
#12066=COMPOSITE_CURVE_SEGMENT(.CONTINUOUS.,.T.,#12065);
#12067=CARTESIAN_POINT('',(-25.538656257341124,5.285718917846680,9.247268208405760));
#12068=DIRECTION('',(1.0,0.0,0.0));
#12069=VECTOR('',#12068,0.800000000000011);
#12070=LINE('',#12067,#12069);
#12071=CARTESIAN_POINT('',(-24.738656257341113,5.285718917846680,9.247268208405760));
#12072=TRIMMED_CURVE('',#12070,(PARAMETER_VALUE(0.0),#12067),(PARAMETER_VALUE(1.0),#12071),.T.,.PARAMETER.);
#12078=(BOUNDED_CURVE()CURVE()GEOMETRIC_REPRESENTATION_ITEM()REPRESENTATION_ITEM('')SURFACE_CURVE(#12072,(#12001),.CURVE_3D.));
#12079=COMPOSITE_CURVE_SEGMENT(.CONTINUOUS.,.T.,#12078);
#12080=OUTER_BOUNDARY_CURVE('',(#12014,#12027,#12040,#12053,#12066,#12079),.U.);
#12081=CURVE_BOUNDED_SURFACE('',#12001,(#12080),.F.);
#12082=STYLED_ITEM('',(#12083),#12081);
#12083=PRESENTATION_STYLE_ASSIGNMENT((#12084));
#12084=SURFACE_STYLE_USAGE(.POSITIVE.,#12085);
#12085=SURFACE_SIDE_STYLE('',(#12086));
#12086=SURFACE_STYLE_FILL_AREA(#12087);
#12087=FILL_AREA_STYLE('',(#12088));
#12088=FILL_AREA_STYLE_COLOUR('',#12089);
#12089=COLOUR_RGB('',0.0,0.0,1.0);
#12090=PRESENTATION_LAYER_ASSIGNMENT('7','',(#12081));
#12091=CARTESIAN_POINT('',(-24.258656257341109,4.835718917846679,7.747268208405759));
#12092=DIRECTION('',(0.0,0.0,-1.0));
#12093=DIRECTION('',(-1.0,0.0,0.0));
#12094=AXIS2_PLACEMENT_3D('',#12091,#12092,#12093);
#12095=PLANE('',#12094);
#12096=CARTESIAN_POINT('',(-25.538656257341124,5.285718917846680,7.747268208405759));
#12097=DIRECTION('',(0.0,1.0,0.0));
#12098=VECTOR('',#12097,8.600000000000003);
#12099=LINE('',#12096,#12098);
#12100=CARTESIAN_POINT('',(-25.538656257341124,13.885718917846683,7.747268208405759));
#12101=TRIMMED_CURVE('',#12099,(PARAMETER_VALUE(0.0),#12096),(PARAMETER_VALUE(1.0),#12100),.T.,.PARAMETER.);
#12107=(BOUNDED_CURVE()CURVE()GEOMETRIC_REPRESENTATION_ITEM()REPRESENTATION_ITEM('')SURFACE_CURVE(#12101,(#12095),.CURVE_3D.));
#12108=COMPOSITE_CURVE_SEGMENT(.CONTINUOUS.,.T.,#12107);
#12109=CARTESIAN_POINT('',(-25.538656257341124,13.885718917846685,7.747268208405759));
#12110=DIRECTION('',(-0.707106781186551,0.707106781186544,0.0));
#12111=VECTOR('',#12110,0.565685424949233);
#12112=LINE('',#12109,#12111);
#12113=CARTESIAN_POINT('',(-25.938656257341123,14.285718917846680,7.747268208405759));
#12114=TRIMMED_CURVE('',#12112,(PARAMETER_VALUE(0.0),#12109),(PARAMETER_VALUE(1.0),#12113),.T.,.PARAMETER.);
#12120=(BOUNDED_CURVE()CURVE()GEOMETRIC_REPRESENTATION_ITEM()REPRESENTATION_ITEM('')SURFACE_CURVE(#12114,(#12095),.CURVE_3D.));
#12121=COMPOSITE_CURVE_SEGMENT(.CONTINUOUS.,.T.,#12120);
#12122=CARTESIAN_POINT('',(-25.938656257341119,14.285718917846680,7.747268208405759));
#12123=DIRECTION('',(1.0,0.0,0.0));
#12124=VECTOR('',#12123,1.600000000000012);
#12125=LINE('',#12122,#12124);
#12126=CARTESIAN_POINT('',(-24.338656257341107,14.285718917846680,7.747268208405759));
#12127=TRIMMED_CURVE('',#12125,(PARAMETER_VALUE(0.0),#12122),(PARAMETER_VALUE(1.0),#12126),.T.,.PARAMETER.);
#12133=(BOUNDED_CURVE()CURVE()GEOMETRIC_REPRESENTATION_ITEM()REPRESENTATION_ITEM('')SURFACE_CURVE(#12127,(#12095),.CURVE_3D.));
#12134=COMPOSITE_CURVE_SEGMENT(.CONTINUOUS.,.T.,#12133);
#12135=CARTESIAN_POINT('',(-24.338656257341121,14.285718917846685,7.747268208405759));
#12136=DIRECTION('',(-0.707106781186549,-0.707106781186546,0.0));
#12137=VECTOR('',#12136,0.565685424949240);
#12138=LINE('',#12135,#12137);
#12139=CARTESIAN_POINT('',(-24.738656257341123,13.885718917846685,7.747268208405759));
#12140=TRIMMED_CURVE('',#12138,(PARAMETER_VALUE(0.0),#12135),(PARAMETER_VALUE(1.0),#12139),.T.,.PARAMETER.);
#12146=(BOUNDED_CURVE()CURVE()GEOMETRIC_REPRESENTATION_ITEM()REPRESENTATION_ITEM('')SURFACE_CURVE(#12140,(#12095),.CURVE_3D.));
#12147=COMPOSITE_CURVE_SEGMENT(.CONTINUOUS.,.T.,#12146);
#12148=CARTESIAN_POINT('',(-24.738656257341123,13.885718917846679,7.747268208405759));
#12149=DIRECTION('',(0.0,-1.0,0.0));
#12150=VECTOR('',#12149,8.600000000000003);
#12151=LINE('',#12148,#12150);
#12152=CARTESIAN_POINT('',(-24.738656257341123,5.285718917846676,7.747268208405759));
#12153=TRIMMED_CURVE('',#12151,(PARAMETER_VALUE(0.0),#12148),(PARAMETER_VALUE(1.0),#12152),.T.,.PARAMETER.);
#12159=(BOUNDED_CURVE()CURVE()GEOMETRIC_REPRESENTATION_ITEM()REPRESENTATION_ITEM('')SURFACE_CURVE(#12153,(#12095),.CURVE_3D.));
#12160=COMPOSITE_CURVE_SEGMENT(.CONTINUOUS.,.T.,#12159);
#12161=CARTESIAN_POINT('',(-24.738656257341123,5.285718917846680,7.747268208405759));
#12162=DIRECTION('',(-1.0,0.0,0.0));
#12163=VECTOR('',#12162,0.800000000000011);
#12164=LINE('',#12161,#12163);
#12165=CARTESIAN_POINT('',(-25.538656257341135,5.285718917846680,7.747268208405759));
#12166=TRIMMED_CURVE('',#12164,(PARAMETER_VALUE(0.0),#12161),(PARAMETER_VALUE(1.0),#12165),.T.,.PARAMETER.);
#12172=(BOUNDED_CURVE()CURVE()GEOMETRIC_REPRESENTATION_ITEM()REPRESENTATION_ITEM('')SURFACE_CURVE(#12166,(#12095),.CURVE_3D.));
#12173=COMPOSITE_CURVE_SEGMENT(.CONTINUOUS.,.T.,#12172);
#12174=OUTER_BOUNDARY_CURVE('',(#12108,#12121,#12134,#12147,#12160,#12173),.U.);
#12175=CURVE_BOUNDED_SURFACE('',#12095,(#12174),.F.);
#12176=STYLED_ITEM('',(#12177),#12175);
#12177=PRESENTATION_STYLE_ASSIGNMENT((#12178));
#12178=SURFACE_STYLE_USAGE(.POSITIVE.,#12179);
#12179=SURFACE_SIDE_STYLE('',(#12180));
#12180=SURFACE_STYLE_FILL_AREA(#12181);
#12181=FILL_AREA_STYLE('',(#12182));
#12182=FILL_AREA_STYLE_COLOUR('',#12183);
#12183=COLOUR_RGB('',0.0,0.0,1.0);
#12184=PRESENTATION_LAYER_ASSIGNMENT('7','',(#12175));
#12185=CARTESIAN_POINT('',(-25.578656257341123,5.285718917846680,7.672268208405758));
#12186=DIRECTION('',(0.0,1.0,0.0));
#12187=DIRECTION('',(0.0,0.0,1.0));
#12188=AXIS2_PLACEMENT_3D('',#12185,#12186,#12187);
#12189=PLANE('',#12188);
#12190=CARTESIAN_POINT('',(-25.538656257341124,5.285718917846680,7.747268208405759));
#12191=DIRECTION('',(0.0,0.0,1.0));
#12192=VECTOR('',#12191,1.500000000000004);
#12193=LINE('',#12190,#12192);
#12194=CARTESIAN_POINT('',(-25.538656257341124,5.285718917846680,9.247268208405762));
#12195=TRIMMED_CURVE('',#12193,(PARAMETER_VALUE(0.0),#12190),(PARAMETER_VALUE(1.0),#12194),.T.,.PARAMETER.);
#12201=(BOUNDED_CURVE()CURVE()GEOMETRIC_REPRESENTATION_ITEM()REPRESENTATION_ITEM('')SURFACE_CURVE(#12195,(#12189),.CURVE_3D.));
#12202=COMPOSITE_CURVE_SEGMENT(.CONTINUOUS.,.T.,#12201);
#12203=CARTESIAN_POINT('',(-25.538656257341124,5.285718917846680,9.247268208405760));
#12204=DIRECTION('',(1.0,0.0,0.0));
#12205=VECTOR('',#12204,0.800000000000011);
#12206=LINE('',#12203,#12205);
#12207=CARTESIAN_POINT('',(-24.738656257341113,5.285718917846680,9.247268208405760));
#12208=TRIMMED_CURVE('',#12206,(PARAMETER_VALUE(0.0),#12203),(PARAMETER_VALUE(1.0),#12207),.T.,.PARAMETER.);
#12214=(BOUNDED_CURVE()CURVE()GEOMETRIC_REPRESENTATION_ITEM()REPRESENTATION_ITEM('')SURFACE_CURVE(#12208,(#12189),.CURVE_3D.));
#12215=COMPOSITE_CURVE_SEGMENT(.CONTINUOUS.,.T.,#12214);
#12216=CARTESIAN_POINT('',(-24.738656257341123,5.285718917846680,9.247268208405760));
#12217=DIRECTION('',(0.0,0.0,-1.0));
#12218=VECTOR('',#12217,1.500000000000003);
#12219=LINE('',#12216,#12218);
#12220=CARTESIAN_POINT('',(-24.738656257341123,5.285718917846680,7.747268208405758));
#12221=TRIMMED_CURVE('',#12219,(PARAMETER_VALUE(0.0),#12216),(PARAMETER_VALUE(1.0),#12220),.T.,.PARAMETER.);
#12227=(BOUNDED_CURVE()CURVE()GEOMETRIC_REPRESENTATION_ITEM()REPRESENTATION_ITEM('')SURFACE_CURVE(#12221,(#12189),.CURVE_3D.));
#12228=COMPOSITE_CURVE_SEGMENT(.CONTINUOUS.,.T.,#12227);
#12229=CARTESIAN_POINT('',(-24.738656257341123,5.285718917846680,7.747268208405759));
#12230=DIRECTION('',(-1.0,0.0,0.0));
#12231=VECTOR('',#12230,0.800000000000011);
#12232=LINE('',#12229,#12231);
#12233=CARTESIAN_POINT('',(-25.538656257341135,5.285718917846680,7.747268208405759));
#12234=TRIMMED_CURVE('',#12232,(PARAMETER_VALUE(0.0),#12229),(PARAMETER_VALUE(1.0),#12233),.T.,.PARAMETER.);
#12240=(BOUNDED_CURVE()CURVE()GEOMETRIC_REPRESENTATION_ITEM()REPRESENTATION_ITEM('')SURFACE_CURVE(#12234,(#12189),.CURVE_3D.));
#12241=COMPOSITE_CURVE_SEGMENT(.CONTINUOUS.,.T.,#12240);
#12242=OUTER_BOUNDARY_CURVE('',(#12202,#12215,#12228,#12241),.U.);
#12243=CURVE_BOUNDED_SURFACE('',#12189,(#12242),.F.);
#12244=STYLED_ITEM('',(#12245),#12243);
#12245=PRESENTATION_STYLE_ASSIGNMENT((#12246));
#12246=SURFACE_STYLE_USAGE(.POSITIVE.,#12247);
#12247=SURFACE_SIDE_STYLE('',(#12248));
#12248=SURFACE_STYLE_FILL_AREA(#12249);
#12249=FILL_AREA_STYLE('',(#12250));
#12250=FILL_AREA_STYLE_COLOUR('',#12251);
#12251=COLOUR_RGB('',0.705882352941176,0.470588235294118,0.470588235294118);
#12252=PRESENTATION_LAYER_ASSIGNMENT('7','',(#12243));
#12253=CARTESIAN_POINT('',(-39.258656257341123,4.835718917846681,7.747268208405761));
#12254=DIRECTION('',(0.0,0.0,-1.0));
#12255=DIRECTION('',(-1.0,0.0,0.0));
#12256=AXIS2_PLACEMENT_3D('',#12253,#12254,#12255);
#12257=PLANE('',#12256);
#12258=CARTESIAN_POINT('',(-40.538656257341117,5.285718917846680,7.747268208405761));
#12259=DIRECTION('',(0.0,1.0,0.0));
#12260=VECTOR('',#12259,8.599999999999998);
#12261=LINE('',#12258,#12260);
#12262=CARTESIAN_POINT('',(-40.538656257341117,13.885718917846678,7.747268208405761));
#12263=TRIMMED_CURVE('',#12261,(PARAMETER_VALUE(0.0),#12258),(PARAMETER_VALUE(1.0),#12262),.T.,.PARAMETER.);
#12269=(BOUNDED_CURVE()CURVE()GEOMETRIC_REPRESENTATION_ITEM()REPRESENTATION_ITEM('')SURFACE_CURVE(#12263,(#12257),.CURVE_3D.));
#12270=COMPOSITE_CURVE_SEGMENT(.CONTINUOUS.,.T.,#12269);
#12271=CARTESIAN_POINT('',(-40.538656257341117,13.885718917846674,7.747268208405761));
#12272=DIRECTION('',(-0.707106781186544,0.707106781186551,0.0));
#12273=VECTOR('',#12272,0.565685424949239);
#12274=LINE('',#12271,#12273);
#12275=CARTESIAN_POINT('',(-40.938656257341115,14.285718917846676,7.747268208405761));
#12276=TRIMMED_CURVE('',#12274,(PARAMETER_VALUE(0.0),#12271),(PARAMETER_VALUE(1.0),#12275),.T.,.PARAMETER.);
#12282=(BOUNDED_CURVE()CURVE()GEOMETRIC_REPRESENTATION_ITEM()REPRESENTATION_ITEM('')SURFACE_CURVE(#12276,(#12257),.CURVE_3D.));
#12283=COMPOSITE_CURVE_SEGMENT(.CONTINUOUS.,.T.,#12282);
#12284=CARTESIAN_POINT('',(-40.938656257341123,14.285718917846680,7.747268208405761));
#12285=DIRECTION('',(1.0,0.0,0.0));
#12286=VECTOR('',#12285,1.600000000000001);
#12287=LINE('',#12284,#12286);
#12288=CARTESIAN_POINT('',(-39.338656257341121,14.285718917846680,7.747268208405761));
#12289=TRIMMED_CURVE('',#12287,(PARAMETER_VALUE(0.0),#12284),(PARAMETER_VALUE(1.0),#12288),.T.,.PARAMETER.);
#12295=(BOUNDED_CURVE()CURVE()GEOMETRIC_REPRESENTATION_ITEM()REPRESENTATION_ITEM('')SURFACE_CURVE(#12289,(#12257),.CURVE_3D.));
#12296=COMPOSITE_CURVE_SEGMENT(.CONTINUOUS.,.T.,#12295);
#12297=CARTESIAN_POINT('',(-39.338656257341121,14.285718917846680,7.747268208405761));
#12298=DIRECTION('',(-0.707106781186544,-0.707106781186551,0.0));
#12299=VECTOR('',#12298,0.565685424949239);
#12300=LINE('',#12297,#12299);
#12301=CARTESIAN_POINT('',(-39.738656257341120,13.885718917846678,7.747268208405761));
#12302=TRIMMED_CURVE('',#12300,(PARAMETER_VALUE(0.0),#12297),(PARAMETER_VALUE(1.0),#12301),.T.,.PARAMETER.);
#12308=(BOUNDED_CURVE()CURVE()GEOMETRIC_REPRESENTATION_ITEM()REPRESENTATION_ITEM('')SURFACE_CURVE(#12302,(#12257),.CURVE_3D.));
#12309=COMPOSITE_CURVE_SEGMENT(.CONTINUOUS.,.T.,#12308);
#12310=CARTESIAN_POINT('',(-39.738656257341113,13.885718917846674,7.747268208405761));
#12311=DIRECTION('',(0.0,-1.0,0.0));
#12312=VECTOR('',#12311,8.599999999999998);
#12313=LINE('',#12310,#12312);
#12314=CARTESIAN_POINT('',(-39.738656257341113,5.285718917846676,7.747268208405761));
#12315=TRIMMED_CURVE('',#12313,(PARAMETER_VALUE(0.0),#12310),(PARAMETER_VALUE(1.0),#12314),.T.,.PARAMETER.);
#12321=(BOUNDED_CURVE()CURVE()GEOMETRIC_REPRESENTATION_ITEM()REPRESENTATION_ITEM('')SURFACE_CURVE(#12315,(#12257),.CURVE_3D.));
#12322=COMPOSITE_CURVE_SEGMENT(.CONTINUOUS.,.T.,#12321);
#12323=CARTESIAN_POINT('',(-39.738656257341113,5.285718917846680,7.747268208405761));
#12324=DIRECTION('',(-1.0,0.0,0.0));
#12325=VECTOR('',#12324,0.800000000000004);
#12326=LINE('',#12323,#12325);
#12327=CARTESIAN_POINT('',(-40.538656257341117,5.285718917846680,7.747268208405761));
#12328=TRIMMED_CURVE('',#12326,(PARAMETER_VALUE(0.0),#12323),(PARAMETER_VALUE(1.0),#12327),.T.,.PARAMETER.);
#12334=(BOUNDED_CURVE()CURVE()GEOMETRIC_REPRESENTATION_ITEM()REPRESENTATION_ITEM('')SURFACE_CURVE(#12328,(#12257),.CURVE_3D.));
#12335=COMPOSITE_CURVE_SEGMENT(.CONTINUOUS.,.T.,#12334);
#12336=OUTER_BOUNDARY_CURVE('',(#12270,#12283,#12296,#12309,#12322,#12335),.U.);
#12337=CURVE_BOUNDED_SURFACE('',#12257,(#12336),.F.);
#12338=STYLED_ITEM('',(#12339),#12337);
#12339=PRESENTATION_STYLE_ASSIGNMENT((#12340));
#12340=SURFACE_STYLE_USAGE(.POSITIVE.,#12341);
#12341=SURFACE_SIDE_STYLE('',(#12342));
#12342=SURFACE_STYLE_FILL_AREA(#12343);
#12343=FILL_AREA_STYLE('',(#12344));
#12344=FILL_AREA_STYLE_COLOUR('',#12345);
#12345=COLOUR_RGB('',0.0,0.0,1.0);
#12346=PRESENTATION_LAYER_ASSIGNMENT('7','',(#12337));
#12347=CARTESIAN_POINT('',(-41.018656257341114,4.835718917846681,9.247268208405760));
#12348=DIRECTION('',(0.0,0.0,1.0));
#12349=DIRECTION('',(1.0,0.0,0.0));
#12350=AXIS2_PLACEMENT_3D('',#12347,#12348,#12349);
#12351=PLANE('',#12350);
#12352=CARTESIAN_POINT('',(-39.738656257341120,5.285718917846680,9.247268208405760));
#12353=DIRECTION('',(0.0,1.0,0.0));
#12354=VECTOR('',#12353,8.599999999999998);
#12355=LINE('',#12352,#12354);
#12356=CARTESIAN_POINT('',(-39.738656257341120,13.885718917846678,9.247268208405760));
#12357=TRIMMED_CURVE('',#12355,(PARAMETER_VALUE(0.0),#12352),(PARAMETER_VALUE(1.0),#12356),.T.,.PARAMETER.);
#12363=(BOUNDED_CURVE()CURVE()GEOMETRIC_REPRESENTATION_ITEM()REPRESENTATION_ITEM('')SURFACE_CURVE(#12357,(#12351),.CURVE_3D.));
#12364=COMPOSITE_CURVE_SEGMENT(.CONTINUOUS.,.T.,#12363);
#12365=CARTESIAN_POINT('',(-39.738656257341120,13.885718917846674,9.247268208405760));
#12366=DIRECTION('',(0.707106781186544,0.707106781186551,0.0));
#12367=VECTOR('',#12366,0.565685424949239);
#12368=LINE('',#12365,#12367);
#12369=CARTESIAN_POINT('',(-39.338656257341121,14.285718917846676,9.247268208405760));
#12370=TRIMMED_CURVE('',#12368,(PARAMETER_VALUE(0.0),#12365),(PARAMETER_VALUE(1.0),#12369),.T.,.PARAMETER.);
#12376=(BOUNDED_CURVE()CURVE()GEOMETRIC_REPRESENTATION_ITEM()REPRESENTATION_ITEM('')SURFACE_CURVE(#12370,(#12351),.CURVE_3D.));
#12377=COMPOSITE_CURVE_SEGMENT(.CONTINUOUS.,.T.,#12376);
#12378=CARTESIAN_POINT('',(-39.338656257341121,14.285718917846680,9.247268208405760));
#12379=DIRECTION('',(-1.0,0.0,0.0));
#12380=VECTOR('',#12379,1.600000000000001);
#12381=LINE('',#12378,#12380);
#12382=CARTESIAN_POINT('',(-40.938656257341123,14.285718917846680,9.247268208405760));
#12383=TRIMMED_CURVE('',#12381,(PARAMETER_VALUE(0.0),#12378),(PARAMETER_VALUE(1.0),#12382),.T.,.PARAMETER.);
#12389=(BOUNDED_CURVE()CURVE()GEOMETRIC_REPRESENTATION_ITEM()REPRESENTATION_ITEM('')SURFACE_CURVE(#12383,(#12351),.CURVE_3D.));
#12390=COMPOSITE_CURVE_SEGMENT(.CONTINUOUS.,.T.,#12389);
#12391=CARTESIAN_POINT('',(-40.938656257341123,14.285718917846680,9.247268208405760));
#12392=DIRECTION('',(0.707106781186544,-0.707106781186551,0.0));
#12393=VECTOR('',#12392,0.565685424949239);
#12394=LINE('',#12391,#12393);
#12395=CARTESIAN_POINT('',(-40.538656257341124,13.885718917846678,9.247268208405760));
#12396=TRIMMED_CURVE('',#12394,(PARAMETER_VALUE(0.0),#12391),(PARAMETER_VALUE(1.0),#12395),.T.,.PARAMETER.);
#12402=(BOUNDED_CURVE()CURVE()GEOMETRIC_REPRESENTATION_ITEM()REPRESENTATION_ITEM('')SURFACE_CURVE(#12396,(#12351),.CURVE_3D.));
#12403=COMPOSITE_CURVE_SEGMENT(.CONTINUOUS.,.T.,#12402);
#12404=CARTESIAN_POINT('',(-40.538656257341117,13.885718917846674,9.247268208405760));
#12405=DIRECTION('',(0.0,-1.0,0.0));
#12406=VECTOR('',#12405,8.599999999999998);
#12407=LINE('',#12404,#12406);
#12408=CARTESIAN_POINT('',(-40.538656257341117,5.285718917846676,9.247268208405760));
#12409=TRIMMED_CURVE('',#12407,(PARAMETER_VALUE(0.0),#12404),(PARAMETER_VALUE(1.0),#12408),.T.,.PARAMETER.);
#12415=(BOUNDED_CURVE()CURVE()GEOMETRIC_REPRESENTATION_ITEM()REPRESENTATION_ITEM('')SURFACE_CURVE(#12409,(#12351),.CURVE_3D.));
#12416=COMPOSITE_CURVE_SEGMENT(.CONTINUOUS.,.T.,#12415);
#12417=CARTESIAN_POINT('',(-40.538656257341117,5.285718917846680,9.247268208405760));
#12418=DIRECTION('',(1.0,0.0,0.0));
#12419=VECTOR('',#12418,0.800000000000004);
#12420=LINE('',#12417,#12419);
#12421=CARTESIAN_POINT('',(-39.738656257341113,5.285718917846680,9.247268208405760));
#12422=TRIMMED_CURVE('',#12420,(PARAMETER_VALUE(0.0),#12417),(PARAMETER_VALUE(1.0),#12421),.T.,.PARAMETER.);
#12428=(BOUNDED_CURVE()CURVE()GEOMETRIC_REPRESENTATION_ITEM()REPRESENTATION_ITEM('')SURFACE_CURVE(#12422,(#12351),.CURVE_3D.));
#12429=COMPOSITE_CURVE_SEGMENT(.CONTINUOUS.,.T.,#12428);
#12430=OUTER_BOUNDARY_CURVE('',(#12364,#12377,#12390,#12403,#12416,#12429),.U.);
#12431=CURVE_BOUNDED_SURFACE('',#12351,(#12430),.F.);
#12432=STYLED_ITEM('',(#12433),#12431);
#12433=PRESENTATION_STYLE_ASSIGNMENT((#12434));
#12434=SURFACE_STYLE_USAGE(.POSITIVE.,#12435);
#12435=SURFACE_SIDE_STYLE('',(#12436));
#12436=SURFACE_STYLE_FILL_AREA(#12437);
#12437=FILL_AREA_STYLE('',(#12438));
#12438=FILL_AREA_STYLE_COLOUR('',#12439);
#12439=COLOUR_RGB('',0.0,0.0,1.0);
#12440=PRESENTATION_LAYER_ASSIGNMENT('7','',(#12431));
#12441=CARTESIAN_POINT('',(-40.578656257341123,5.285718917846680,7.672268208405763));
#12442=DIRECTION('',(0.0,1.0,0.0));
#12443=DIRECTION('',(0.0,0.0,1.0));
#12444=AXIS2_PLACEMENT_3D('',#12441,#12442,#12443);
#12445=PLANE('',#12444);
#12446=CARTESIAN_POINT('',(-39.738656257341120,5.285718917846680,7.747268208405761));
#12447=DIRECTION('',(-1.0,0.0,0.0));
#12448=VECTOR('',#12447,0.800000000000004);
#12449=LINE('',#12446,#12448);
#12450=CARTESIAN_POINT('',(-40.538656257341124,5.285718917846680,7.747268208405761));
#12451=TRIMMED_CURVE('',#12449,(PARAMETER_VALUE(0.0),#12446),(PARAMETER_VALUE(1.0),#12450),.T.,.PARAMETER.);
#12457=(BOUNDED_CURVE()CURVE()GEOMETRIC_REPRESENTATION_ITEM()REPRESENTATION_ITEM('')SURFACE_CURVE(#12451,(#12445),.CURVE_3D.));
#12458=COMPOSITE_CURVE_SEGMENT(.CONTINUOUS.,.T.,#12457);
#12459=CARTESIAN_POINT('',(-40.538656257341117,5.285718917846680,7.747268208405761));
#12460=DIRECTION('',(0.0,0.0,1.0));
#12461=VECTOR('',#12460,1.499999999999999);
#12462=LINE('',#12459,#12461);
#12463=CARTESIAN_POINT('',(-40.538656257341117,5.285718917846680,9.247268208405760));
#12464=TRIMMED_CURVE('',#12462,(PARAMETER_VALUE(0.0),#12459),(PARAMETER_VALUE(1.0),#12463),.T.,.PARAMETER.);
#12470=(BOUNDED_CURVE()CURVE()GEOMETRIC_REPRESENTATION_ITEM()REPRESENTATION_ITEM('')SURFACE_CURVE(#12464,(#12445),.CURVE_3D.));
#12471=COMPOSITE_CURVE_SEGMENT(.CONTINUOUS.,.T.,#12470);
#12472=CARTESIAN_POINT('',(-40.538656257341117,5.285718917846680,9.247268208405760));
#12473=DIRECTION('',(1.0,0.0,0.0));
#12474=VECTOR('',#12473,0.800000000000004);
#12475=LINE('',#12472,#12474);
#12476=CARTESIAN_POINT('',(-39.738656257341113,5.285718917846680,9.247268208405760));
#12477=TRIMMED_CURVE('',#12475,(PARAMETER_VALUE(0.0),#12472),(PARAMETER_VALUE(1.0),#12476),.T.,.PARAMETER.);
#12483=(BOUNDED_CURVE()CURVE()GEOMETRIC_REPRESENTATION_ITEM()REPRESENTATION_ITEM('')SURFACE_CURVE(#12477,(#12445),.CURVE_3D.));
#12484=COMPOSITE_CURVE_SEGMENT(.CONTINUOUS.,.T.,#12483);
#12485=CARTESIAN_POINT('',(-39.738656257341120,5.285718917846680,9.247268208405760));
#12486=DIRECTION('',(0.0,0.0,-1.0));
#12487=VECTOR('',#12486,1.499999999999999);
#12488=LINE('',#12485,#12487);
#12489=CARTESIAN_POINT('',(-39.738656257341120,5.285718917846680,7.747268208405761));
#12490=TRIMMED_CURVE('',#12488,(PARAMETER_VALUE(0.0),#12485),(PARAMETER_VALUE(1.0),#12489),.T.,.PARAMETER.);
#12496=(BOUNDED_CURVE()CURVE()GEOMETRIC_REPRESENTATION_ITEM()REPRESENTATION_ITEM('')SURFACE_CURVE(#12490,(#12445),.CURVE_3D.));
#12497=COMPOSITE_CURVE_SEGMENT(.CONTINUOUS.,.T.,#12496);
#12498=OUTER_BOUNDARY_CURVE('',(#12458,#12471,#12484,#12497),.U.);
#12499=CURVE_BOUNDED_SURFACE('',#12445,(#12498),.F.);
#12500=STYLED_ITEM('',(#12501),#12499);
#12501=PRESENTATION_STYLE_ASSIGNMENT((#12502));
#12502=SURFACE_STYLE_USAGE(.POSITIVE.,#12503);
#12503=SURFACE_SIDE_STYLE('',(#12504));
#12504=SURFACE_STYLE_FILL_AREA(#12505);
#12505=FILL_AREA_STYLE('',(#12506));
#12506=FILL_AREA_STYLE_COLOUR('',#12507);
#12507=COLOUR_RGB('',0.705882352941176,0.470588235294118,0.470588235294118);
#12508=PRESENTATION_LAYER_ASSIGNMENT('7','',(#12499));
#12509=CARTESIAN_POINT('',(-26.018656257341121,4.835718917846681,1.747268208405760));
#12510=DIRECTION('',(0.0,0.0,1.0));
#12511=DIRECTION('',(1.0,0.0,0.0));
#12512=AXIS2_PLACEMENT_3D('',#12509,#12510,#12511);
#12513=PLANE('',#12512);
#12514=CARTESIAN_POINT('',(-24.738656257341123,5.285718917846680,1.747268208405760));
#12515=DIRECTION('',(0.0,1.0,0.0));
#12516=VECTOR('',#12515,8.599999999999998);
#12517=LINE('',#12514,#12516);
#12518=CARTESIAN_POINT('',(-24.738656257341123,13.885718917846678,1.747268208405760));
#12519=TRIMMED_CURVE('',#12517,(PARAMETER_VALUE(0.0),#12514),(PARAMETER_VALUE(1.0),#12518),.T.,.PARAMETER.);
#12525=(BOUNDED_CURVE()CURVE()GEOMETRIC_REPRESENTATION_ITEM()REPRESENTATION_ITEM('')SURFACE_CURVE(#12519,(#12513),.CURVE_3D.));
#12526=COMPOSITE_CURVE_SEGMENT(.CONTINUOUS.,.T.,#12525);
#12527=CARTESIAN_POINT('',(-24.738656257341123,13.885718917846674,1.747268208405760));
#12528=DIRECTION('',(0.707106781186548,0.707106781186548,0.0));
#12529=VECTOR('',#12528,0.565685424949241);
#12530=LINE('',#12527,#12529);
#12531=CARTESIAN_POINT('',(-24.338656257341121,14.285718917846676,1.747268208405760));
#12532=TRIMMED_CURVE('',#12530,(PARAMETER_VALUE(0.0),#12527),(PARAMETER_VALUE(1.0),#12531),.T.,.PARAMETER.);
#12538=(BOUNDED_CURVE()CURVE()GEOMETRIC_REPRESENTATION_ITEM()REPRESENTATION_ITEM('')SURFACE_CURVE(#12532,(#12513),.CURVE_3D.));
#12539=COMPOSITE_CURVE_SEGMENT(.CONTINUOUS.,.T.,#12538);
#12540=CARTESIAN_POINT('',(-24.338656257341121,14.285718917846680,1.747268208405760));
#12541=DIRECTION('',(-1.0,0.0,0.0));
#12542=VECTOR('',#12541,1.600000000000001);
#12543=LINE('',#12540,#12542);
#12544=CARTESIAN_POINT('',(-25.938656257341123,14.285718917846680,1.747268208405760));
#12545=TRIMMED_CURVE('',#12543,(PARAMETER_VALUE(0.0),#12540),(PARAMETER_VALUE(1.0),#12544),.T.,.PARAMETER.);
#12551=(BOUNDED_CURVE()CURVE()GEOMETRIC_REPRESENTATION_ITEM()REPRESENTATION_ITEM('')SURFACE_CURVE(#12545,(#12513),.CURVE_3D.));
#12552=COMPOSITE_CURVE_SEGMENT(.CONTINUOUS.,.T.,#12551);
#12553=CARTESIAN_POINT('',(-25.938656257341119,14.285718917846680,1.747268208405760));
#12554=DIRECTION('',(0.707106781186544,-0.707106781186551,0.0));
#12555=VECTOR('',#12554,0.565685424949239);
#12556=LINE('',#12553,#12555);
#12557=CARTESIAN_POINT('',(-25.538656257341120,13.885718917846678,1.747268208405760));
#12558=TRIMMED_CURVE('',#12556,(PARAMETER_VALUE(0.0),#12553),(PARAMETER_VALUE(1.0),#12557),.T.,.PARAMETER.);
#12564=(BOUNDED_CURVE()CURVE()GEOMETRIC_REPRESENTATION_ITEM()REPRESENTATION_ITEM('')SURFACE_CURVE(#12558,(#12513),.CURVE_3D.));
#12565=COMPOSITE_CURVE_SEGMENT(.CONTINUOUS.,.T.,#12564);
#12566=CARTESIAN_POINT('',(-25.538656257341124,13.885718917846674,1.747268208405760));
#12567=DIRECTION('',(0.0,-1.0,0.0));
#12568=VECTOR('',#12567,8.599999999999998);
#12569=LINE('',#12566,#12568);
#12570=CARTESIAN_POINT('',(-25.538656257341124,5.285718917846676,1.747268208405760));
#12571=TRIMMED_CURVE('',#12569,(PARAMETER_VALUE(0.0),#12566),(PARAMETER_VALUE(1.0),#12570),.T.,.PARAMETER.);
#12577=(BOUNDED_CURVE()CURVE()GEOMETRIC_REPRESENTATION_ITEM()REPRESENTATION_ITEM('')SURFACE_CURVE(#12571,(#12513),.CURVE_3D.));
#12578=COMPOSITE_CURVE_SEGMENT(.CONTINUOUS.,.T.,#12577);
#12579=CARTESIAN_POINT('',(-25.538656257341124,5.285718917846680,1.747268208405760));
#12580=DIRECTION('',(1.0,0.0,0.0));
#12581=VECTOR('',#12580,0.800000000000001);
#12582=LINE('',#12579,#12581);
#12583=CARTESIAN_POINT('',(-24.738656257341123,5.285718917846680,1.747268208405760));
#12584=TRIMMED_CURVE('',#12582,(PARAMETER_VALUE(0.0),#12579),(PARAMETER_VALUE(1.0),#12583),.T.,.PARAMETER.);
#12590=(BOUNDED_CURVE()CURVE()GEOMETRIC_REPRESENTATION_ITEM()REPRESENTATION_ITEM('')SURFACE_CURVE(#12584,(#12513),.CURVE_3D.));
#12591=COMPOSITE_CURVE_SEGMENT(.CONTINUOUS.,.T.,#12590);
#12592=OUTER_BOUNDARY_CURVE('',(#12526,#12539,#12552,#12565,#12578,#12591),.U.);
#12593=CURVE_BOUNDED_SURFACE('',#12513,(#12592),.F.);
#12594=STYLED_ITEM('',(#12595),#12593);
#12595=PRESENTATION_STYLE_ASSIGNMENT((#12596));
#12596=SURFACE_STYLE_USAGE(.POSITIVE.,#12597);
#12597=SURFACE_SIDE_STYLE('',(#12598));
#12598=SURFACE_STYLE_FILL_AREA(#12599);
#12599=FILL_AREA_STYLE('',(#12600));
#12600=FILL_AREA_STYLE_COLOUR('',#12601);
#12601=COLOUR_RGB('',0.0,0.0,1.0);
#12602=PRESENTATION_LAYER_ASSIGNMENT('7','',(#12593));
#12603=CARTESIAN_POINT('',(-24.258656257341123,4.835718917846679,0.247268208405758));
#12604=DIRECTION('',(0.0,0.0,-1.0));
#12605=DIRECTION('',(-1.0,0.0,0.0));
#12606=AXIS2_PLACEMENT_3D('',#12603,#12604,#12605);
#12607=PLANE('',#12606);
#12608=CARTESIAN_POINT('',(-25.538656257341124,5.285718917846680,0.247268208405758));
#12609=DIRECTION('',(0.0,1.0,0.0));
#12610=VECTOR('',#12609,8.600000000000003);
#12611=LINE('',#12608,#12610);
#12612=CARTESIAN_POINT('',(-25.538656257341124,13.885718917846683,0.247268208405758));
#12613=TRIMMED_CURVE('',#12611,(PARAMETER_VALUE(0.0),#12608),(PARAMETER_VALUE(1.0),#12612),.T.,.PARAMETER.);
#12619=(BOUNDED_CURVE()CURVE()GEOMETRIC_REPRESENTATION_ITEM()REPRESENTATION_ITEM('')SURFACE_CURVE(#12613,(#12607),.CURVE_3D.));
#12620=COMPOSITE_CURVE_SEGMENT(.CONTINUOUS.,.T.,#12619);
#12621=CARTESIAN_POINT('',(-25.538656257341124,13.885718917846685,0.247268208405758));
#12622=DIRECTION('',(-0.707106781186549,0.707106781186546,0.0));
#12623=VECTOR('',#12622,0.565685424949235);
#12624=LINE('',#12621,#12623);
#12625=CARTESIAN_POINT('',(-25.938656257341123,14.285718917846681,0.247268208405758));
#12626=TRIMMED_CURVE('',#12624,(PARAMETER_VALUE(0.0),#12621),(PARAMETER_VALUE(1.0),#12625),.T.,.PARAMETER.);
#12632=(BOUNDED_CURVE()CURVE()GEOMETRIC_REPRESENTATION_ITEM()REPRESENTATION_ITEM('')SURFACE_CURVE(#12626,(#12607),.CURVE_3D.));
#12633=COMPOSITE_CURVE_SEGMENT(.CONTINUOUS.,.T.,#12632);
#12634=CARTESIAN_POINT('',(-25.938656257341119,14.285718917846680,0.247268208405758));
#12635=DIRECTION('',(1.0,0.0,0.0));
#12636=VECTOR('',#12635,1.600000000000001);
#12637=LINE('',#12634,#12636);
#12638=CARTESIAN_POINT('',(-24.338656257341118,14.285718917846680,0.247268208405758));
#12639=TRIMMED_CURVE('',#12637,(PARAMETER_VALUE(0.0),#12634),(PARAMETER_VALUE(1.0),#12638),.T.,.PARAMETER.);
#12645=(BOUNDED_CURVE()CURVE()GEOMETRIC_REPRESENTATION_ITEM()REPRESENTATION_ITEM('')SURFACE_CURVE(#12639,(#12607),.CURVE_3D.));
#12646=COMPOSITE_CURVE_SEGMENT(.CONTINUOUS.,.T.,#12645);
#12647=CARTESIAN_POINT('',(-24.338656257341121,14.285718917846685,0.247268208405758));
#12648=DIRECTION('',(-0.707106781186544,-0.707106781186551,0.0));
#12649=VECTOR('',#12648,0.565685424949239);
#12650=LINE('',#12647,#12649);
#12651=CARTESIAN_POINT('',(-24.738656257341120,13.885718917846683,0.247268208405758));
#12652=TRIMMED_CURVE('',#12650,(PARAMETER_VALUE(0.0),#12647),(PARAMETER_VALUE(1.0),#12651),.T.,.PARAMETER.);
#12658=(BOUNDED_CURVE()CURVE()GEOMETRIC_REPRESENTATION_ITEM()REPRESENTATION_ITEM('')SURFACE_CURVE(#12652,(#12607),.CURVE_3D.));
#12659=COMPOSITE_CURVE_SEGMENT(.CONTINUOUS.,.T.,#12658);
#12660=CARTESIAN_POINT('',(-24.738656257341123,13.885718917846679,0.247268208405758));
#12661=DIRECTION('',(0.0,-1.0,0.0));
#12662=VECTOR('',#12661,8.600000000000003);
#12663=LINE('',#12660,#12662);
#12664=CARTESIAN_POINT('',(-24.738656257341123,5.285718917846676,0.247268208405758));
#12665=TRIMMED_CURVE('',#12663,(PARAMETER_VALUE(0.0),#12660),(PARAMETER_VALUE(1.0),#12664),.T.,.PARAMETER.);
#12671=(BOUNDED_CURVE()CURVE()GEOMETRIC_REPRESENTATION_ITEM()REPRESENTATION_ITEM('')SURFACE_CURVE(#12665,(#12607),.CURVE_3D.));
#12672=COMPOSITE_CURVE_SEGMENT(.CONTINUOUS.,.T.,#12671);
#12673=CARTESIAN_POINT('',(-24.738656257341123,5.285718917846680,0.247268208405758));
#12674=DIRECTION('',(-1.0,0.0,0.0));
#12675=VECTOR('',#12674,0.800000000000001);
#12676=LINE('',#12673,#12675);
#12677=CARTESIAN_POINT('',(-25.538656257341124,5.285718917846680,0.247268208405758));
#12678=TRIMMED_CURVE('',#12676,(PARAMETER_VALUE(0.0),#12673),(PARAMETER_VALUE(1.0),#12677),.T.,.PARAMETER.);
#12684=(BOUNDED_CURVE()CURVE()GEOMETRIC_REPRESENTATION_ITEM()REPRESENTATION_ITEM('')SURFACE_CURVE(#12678,(#12607),.CURVE_3D.));
#12685=COMPOSITE_CURVE_SEGMENT(.CONTINUOUS.,.T.,#12684);
#12686=OUTER_BOUNDARY_CURVE('',(#12620,#12633,#12646,#12659,#12672,#12685),.U.);
#12687=CURVE_BOUNDED_SURFACE('',#12607,(#12686),.F.);
#12688=STYLED_ITEM('',(#12689),#12687);
#12689=PRESENTATION_STYLE_ASSIGNMENT((#12690));
#12690=SURFACE_STYLE_USAGE(.POSITIVE.,#12691);
#12691=SURFACE_SIDE_STYLE('',(#12692));
#12692=SURFACE_STYLE_FILL_AREA(#12693);
#12693=FILL_AREA_STYLE('',(#12694));
#12694=FILL_AREA_STYLE_COLOUR('',#12695);
#12695=COLOUR_RGB('',0.0,0.0,1.0);
#12696=PRESENTATION_LAYER_ASSIGNMENT('7','',(#12687));
#12697=CARTESIAN_POINT('',(-44.258656257341116,4.835718917846681,7.747268208405761));
#12698=DIRECTION('',(0.0,0.0,-1.0));
#12699=DIRECTION('',(-1.0,0.0,0.0));
#12700=AXIS2_PLACEMENT_3D('',#12697,#12698,#12699);
#12701=PLANE('',#12700);
#12702=CARTESIAN_POINT('',(-45.538656257341117,5.285718917846680,7.747268208405761));
#12703=DIRECTION('',(0.0,1.0,0.0));
#12704=VECTOR('',#12703,8.599999999999998);
#12705=LINE('',#12702,#12704);
#12706=CARTESIAN_POINT('',(-45.538656257341117,13.885718917846678,7.747268208405761));
#12707=TRIMMED_CURVE('',#12705,(PARAMETER_VALUE(0.0),#12702),(PARAMETER_VALUE(1.0),#12706),.T.,.PARAMETER.);
#12713=(BOUNDED_CURVE()CURVE()GEOMETRIC_REPRESENTATION_ITEM()REPRESENTATION_ITEM('')SURFACE_CURVE(#12707,(#12701),.CURVE_3D.));
#12714=COMPOSITE_CURVE_SEGMENT(.CONTINUOUS.,.T.,#12713);
#12715=CARTESIAN_POINT('',(-45.538656257341117,13.885718917846674,7.747268208405761));
#12716=DIRECTION('',(-0.707106781186544,0.707106781186551,0.0));
#12717=VECTOR('',#12716,0.565685424949239);
#12718=LINE('',#12715,#12717);
#12719=CARTESIAN_POINT('',(-45.938656257341115,14.285718917846676,7.747268208405761));
#12720=TRIMMED_CURVE('',#12718,(PARAMETER_VALUE(0.0),#12715),(PARAMETER_VALUE(1.0),#12719),.T.,.PARAMETER.);
#12726=(BOUNDED_CURVE()CURVE()GEOMETRIC_REPRESENTATION_ITEM()REPRESENTATION_ITEM('')SURFACE_CURVE(#12720,(#12701),.CURVE_3D.));
#12727=COMPOSITE_CURVE_SEGMENT(.CONTINUOUS.,.T.,#12726);
#12728=CARTESIAN_POINT('',(-45.938656257341123,14.285718917846680,7.747268208405761));
#12729=DIRECTION('',(1.0,0.0,0.0));
#12730=VECTOR('',#12729,1.600000000000001);
#12731=LINE('',#12728,#12730);
#12732=CARTESIAN_POINT('',(-44.338656257341121,14.285718917846680,7.747268208405761));
#12733=TRIMMED_CURVE('',#12731,(PARAMETER_VALUE(0.0),#12728),(PARAMETER_VALUE(1.0),#12732),.T.,.PARAMETER.);
#12739=(BOUNDED_CURVE()CURVE()GEOMETRIC_REPRESENTATION_ITEM()REPRESENTATION_ITEM('')SURFACE_CURVE(#12733,(#12701),.CURVE_3D.));
#12740=COMPOSITE_CURVE_SEGMENT(.CONTINUOUS.,.T.,#12739);
#12741=CARTESIAN_POINT('',(-44.338656257341121,14.285718917846680,7.747268208405761));
#12742=DIRECTION('',(-0.707106781186544,-0.707106781186551,0.0));
#12743=VECTOR('',#12742,0.565685424949239);
#12744=LINE('',#12741,#12743);
#12745=CARTESIAN_POINT('',(-44.738656257341120,13.885718917846678,7.747268208405761));
#12746=TRIMMED_CURVE('',#12744,(PARAMETER_VALUE(0.0),#12741),(PARAMETER_VALUE(1.0),#12745),.T.,.PARAMETER.);
#12752=(BOUNDED_CURVE()CURVE()GEOMETRIC_REPRESENTATION_ITEM()REPRESENTATION_ITEM('')SURFACE_CURVE(#12746,(#12701),.CURVE_3D.));
#12753=COMPOSITE_CURVE_SEGMENT(.CONTINUOUS.,.T.,#12752);
#12754=CARTESIAN_POINT('',(-44.738656257341120,13.885718917846674,7.747268208405761));
#12755=DIRECTION('',(0.0,-1.0,0.0));
#12756=VECTOR('',#12755,8.599999999999998);
#12757=LINE('',#12754,#12756);
#12758=CARTESIAN_POINT('',(-44.738656257341120,5.285718917846676,7.747268208405761));
#12759=TRIMMED_CURVE('',#12757,(PARAMETER_VALUE(0.0),#12754),(PARAMETER_VALUE(1.0),#12758),.T.,.PARAMETER.);
#12765=(BOUNDED_CURVE()CURVE()GEOMETRIC_REPRESENTATION_ITEM()REPRESENTATION_ITEM('')SURFACE_CURVE(#12759,(#12701),.CURVE_3D.));
#12766=COMPOSITE_CURVE_SEGMENT(.CONTINUOUS.,.T.,#12765);
#12767=CARTESIAN_POINT('',(-44.738656257341120,5.285718917846680,7.747268208405761));
#12768=DIRECTION('',(-1.0,0.0,0.0));
#12769=VECTOR('',#12768,0.800000000000004);
#12770=LINE('',#12767,#12769);
#12771=CARTESIAN_POINT('',(-45.538656257341124,5.285718917846680,7.747268208405761));
#12772=TRIMMED_CURVE('',#12770,(PARAMETER_VALUE(0.0),#12767),(PARAMETER_VALUE(1.0),#12771),.T.,.PARAMETER.);
#12778=(BOUNDED_CURVE()CURVE()GEOMETRIC_REPRESENTATION_ITEM()REPRESENTATION_ITEM('')SURFACE_CURVE(#12772,(#12701),.CURVE_3D.));
#12779=COMPOSITE_CURVE_SEGMENT(.CONTINUOUS.,.T.,#12778);
#12780=OUTER_BOUNDARY_CURVE('',(#12714,#12727,#12740,#12753,#12766,#12779),.U.);
#12781=CURVE_BOUNDED_SURFACE('',#12701,(#12780),.F.);
#12782=STYLED_ITEM('',(#12783),#12781);
#12783=PRESENTATION_STYLE_ASSIGNMENT((#12784));
#12784=SURFACE_STYLE_USAGE(.POSITIVE.,#12785);
#12785=SURFACE_SIDE_STYLE('',(#12786));
#12786=SURFACE_STYLE_FILL_AREA(#12787);
#12787=FILL_AREA_STYLE('',(#12788));
#12788=FILL_AREA_STYLE_COLOUR('',#12789);
#12789=COLOUR_RGB('',0.0,0.0,1.0);
#12790=PRESENTATION_LAYER_ASSIGNMENT('7','',(#12781));
#12791=CARTESIAN_POINT('',(-46.018656257341114,4.835718917846681,9.247268208405760));
#12792=DIRECTION('',(0.0,0.0,1.0));
#12793=DIRECTION('',(1.0,0.0,0.0));
#12794=AXIS2_PLACEMENT_3D('',#12791,#12792,#12793);
#12795=PLANE('',#12794);
#12796=CARTESIAN_POINT('',(-44.738656257341120,5.285718917846680,9.247268208405760));
#12797=DIRECTION('',(0.0,1.0,0.0));
#12798=VECTOR('',#12797,8.599999999999998);
#12799=LINE('',#12796,#12798);
#12800=CARTESIAN_POINT('',(-44.738656257341120,13.885718917846678,9.247268208405760));
#12801=TRIMMED_CURVE('',#12799,(PARAMETER_VALUE(0.0),#12796),(PARAMETER_VALUE(1.0),#12800),.T.,.PARAMETER.);
#12807=(BOUNDED_CURVE()CURVE()GEOMETRIC_REPRESENTATION_ITEM()REPRESENTATION_ITEM('')SURFACE_CURVE(#12801,(#12795),.CURVE_3D.));
#12808=COMPOSITE_CURVE_SEGMENT(.CONTINUOUS.,.T.,#12807);
#12809=CARTESIAN_POINT('',(-44.738656257341120,13.885718917846674,9.247268208405760));
#12810=DIRECTION('',(0.707106781186544,0.707106781186551,0.0));
#12811=VECTOR('',#12810,0.565685424949239);
#12812=LINE('',#12809,#12811);
#12813=CARTESIAN_POINT('',(-44.338656257341121,14.285718917846676,9.247268208405760));
#12814=TRIMMED_CURVE('',#12812,(PARAMETER_VALUE(0.0),#12809),(PARAMETER_VALUE(1.0),#12813),.T.,.PARAMETER.);
#12820=(BOUNDED_CURVE()CURVE()GEOMETRIC_REPRESENTATION_ITEM()REPRESENTATION_ITEM('')SURFACE_CURVE(#12814,(#12795),.CURVE_3D.));
#12821=COMPOSITE_CURVE_SEGMENT(.CONTINUOUS.,.T.,#12820);
#12822=CARTESIAN_POINT('',(-44.338656257341121,14.285718917846680,9.247268208405760));
#12823=DIRECTION('',(-1.0,0.0,0.0));
#12824=VECTOR('',#12823,1.600000000000001);
#12825=LINE('',#12822,#12824);
#12826=CARTESIAN_POINT('',(-45.938656257341123,14.285718917846680,9.247268208405760));
#12827=TRIMMED_CURVE('',#12825,(PARAMETER_VALUE(0.0),#12822),(PARAMETER_VALUE(1.0),#12826),.T.,.PARAMETER.);
#12833=(BOUNDED_CURVE()CURVE()GEOMETRIC_REPRESENTATION_ITEM()REPRESENTATION_ITEM('')SURFACE_CURVE(#12827,(#12795),.CURVE_3D.));
#12834=COMPOSITE_CURVE_SEGMENT(.CONTINUOUS.,.T.,#12833);
#12835=CARTESIAN_POINT('',(-45.938656257341123,14.285718917846680,9.247268208405760));
#12836=DIRECTION('',(0.707106781186544,-0.707106781186551,0.0));
#12837=VECTOR('',#12836,0.565685424949239);
#12838=LINE('',#12835,#12837);
#12839=CARTESIAN_POINT('',(-45.538656257341124,13.885718917846678,9.247268208405760));
#12840=TRIMMED_CURVE('',#12838,(PARAMETER_VALUE(0.0),#12835),(PARAMETER_VALUE(1.0),#12839),.T.,.PARAMETER.);
#12846=(BOUNDED_CURVE()CURVE()GEOMETRIC_REPRESENTATION_ITEM()REPRESENTATION_ITEM('')SURFACE_CURVE(#12840,(#12795),.CURVE_3D.));
#12847=COMPOSITE_CURVE_SEGMENT(.CONTINUOUS.,.T.,#12846);
#12848=CARTESIAN_POINT('',(-45.538656257341117,13.885718917846674,9.247268208405760));
#12849=DIRECTION('',(0.0,-1.0,0.0));
#12850=VECTOR('',#12849,8.599999999999998);
#12851=LINE('',#12848,#12850);
#12852=CARTESIAN_POINT('',(-45.538656257341117,5.285718917846676,9.247268208405760));
#12853=TRIMMED_CURVE('',#12851,(PARAMETER_VALUE(0.0),#12848),(PARAMETER_VALUE(1.0),#12852),.T.,.PARAMETER.);
#12859=(BOUNDED_CURVE()CURVE()GEOMETRIC_REPRESENTATION_ITEM()REPRESENTATION_ITEM('')SURFACE_CURVE(#12853,(#12795),.CURVE_3D.));
#12860=COMPOSITE_CURVE_SEGMENT(.CONTINUOUS.,.T.,#12859);
#12861=CARTESIAN_POINT('',(-45.538656257341117,5.285718917846680,9.247268208405760));
#12862=DIRECTION('',(1.0,0.0,0.0));
#12863=VECTOR('',#12862,0.800000000000004);
#12864=LINE('',#12861,#12863);
#12865=CARTESIAN_POINT('',(-44.738656257341113,5.285718917846680,9.247268208405760));
#12866=TRIMMED_CURVE('',#12864,(PARAMETER_VALUE(0.0),#12861),(PARAMETER_VALUE(1.0),#12865),.T.,.PARAMETER.);
#12872=(BOUNDED_CURVE()CURVE()GEOMETRIC_REPRESENTATION_ITEM()REPRESENTATION_ITEM('')SURFACE_CURVE(#12866,(#12795),.CURVE_3D.));
#12873=COMPOSITE_CURVE_SEGMENT(.CONTINUOUS.,.T.,#12872);
#12874=OUTER_BOUNDARY_CURVE('',(#12808,#12821,#12834,#12847,#12860,#12873),.U.);
#12875=CURVE_BOUNDED_SURFACE('',#12795,(#12874),.F.);
#12876=STYLED_ITEM('',(#12877),#12875);
#12877=PRESENTATION_STYLE_ASSIGNMENT((#12878));
#12878=SURFACE_STYLE_USAGE(.POSITIVE.,#12879);
#12879=SURFACE_SIDE_STYLE('',(#12880));
#12880=SURFACE_STYLE_FILL_AREA(#12881);
#12881=FILL_AREA_STYLE('',(#12882));
#12882=FILL_AREA_STYLE_COLOUR('',#12883);
#12883=COLOUR_RGB('',0.0,0.0,1.0);
#12884=PRESENTATION_LAYER_ASSIGNMENT('7','',(#12875));
#12885=CARTESIAN_POINT('',(-45.578656257341116,5.285718917846680,7.672268208405763));
#12886=DIRECTION('',(0.0,1.0,0.0));
#12887=DIRECTION('',(0.0,0.0,1.0));
#12888=AXIS2_PLACEMENT_3D('',#12885,#12886,#12887);
#12889=PLANE('',#12888);
#12890=CARTESIAN_POINT('',(-44.738656257341120,5.285718917846680,7.747268208405761));
#12891=DIRECTION('',(-1.0,0.0,0.0));
#12892=VECTOR('',#12891,0.800000000000004);
#12893=LINE('',#12890,#12892);
#12894=CARTESIAN_POINT('',(-45.538656257341124,5.285718917846680,7.747268208405761));
#12895=TRIMMED_CURVE('',#12893,(PARAMETER_VALUE(0.0),#12890),(PARAMETER_VALUE(1.0),#12894),.T.,.PARAMETER.);
#12901=(BOUNDED_CURVE()CURVE()GEOMETRIC_REPRESENTATION_ITEM()REPRESENTATION_ITEM('')SURFACE_CURVE(#12895,(#12889),.CURVE_3D.));
#12902=COMPOSITE_CURVE_SEGMENT(.CONTINUOUS.,.T.,#12901);
#12903=CARTESIAN_POINT('',(-45.538656257341117,5.285718917846680,7.747268208405761));
#12904=DIRECTION('',(0.0,0.0,1.0));
#12905=VECTOR('',#12904,1.499999999999999);
#12906=LINE('',#12903,#12905);
#12907=CARTESIAN_POINT('',(-45.538656257341117,5.285718917846680,9.247268208405760));
#12908=TRIMMED_CURVE('',#12906,(PARAMETER_VALUE(0.0),#12903),(PARAMETER_VALUE(1.0),#12907),.T.,.PARAMETER.);
#12914=(BOUNDED_CURVE()CURVE()GEOMETRIC_REPRESENTATION_ITEM()REPRESENTATION_ITEM('')SURFACE_CURVE(#12908,(#12889),.CURVE_3D.));
#12915=COMPOSITE_CURVE_SEGMENT(.CONTINUOUS.,.T.,#12914);
#12916=CARTESIAN_POINT('',(-45.538656257341117,5.285718917846680,9.247268208405760));
#12917=DIRECTION('',(1.0,0.0,0.0));
#12918=VECTOR('',#12917,0.800000000000004);
#12919=LINE('',#12916,#12918);
#12920=CARTESIAN_POINT('',(-44.738656257341113,5.285718917846680,9.247268208405760));
#12921=TRIMMED_CURVE('',#12919,(PARAMETER_VALUE(0.0),#12916),(PARAMETER_VALUE(1.0),#12920),.T.,.PARAMETER.);
#12927=(BOUNDED_CURVE()CURVE()GEOMETRIC_REPRESENTATION_ITEM()REPRESENTATION_ITEM('')SURFACE_CURVE(#12921,(#12889),.CURVE_3D.));
#12928=COMPOSITE_CURVE_SEGMENT(.CONTINUOUS.,.T.,#12927);
#12929=CARTESIAN_POINT('',(-44.738656257341120,5.285718917846680,9.247268208405760));
#12930=DIRECTION('',(0.0,0.0,-1.0));
#12931=VECTOR('',#12930,1.499999999999999);
#12932=LINE('',#12929,#12931);
#12933=CARTESIAN_POINT('',(-44.738656257341120,5.285718917846680,7.747268208405761));
#12934=TRIMMED_CURVE('',#12932,(PARAMETER_VALUE(0.0),#12929),(PARAMETER_VALUE(1.0),#12933),.T.,.PARAMETER.);
#12940=(BOUNDED_CURVE()CURVE()GEOMETRIC_REPRESENTATION_ITEM()REPRESENTATION_ITEM('')SURFACE_CURVE(#12934,(#12889),.CURVE_3D.));
#12941=COMPOSITE_CURVE_SEGMENT(.CONTINUOUS.,.T.,#12940);
#12942=OUTER_BOUNDARY_CURVE('',(#12902,#12915,#12928,#12941),.U.);
#12943=CURVE_BOUNDED_SURFACE('',#12889,(#12942),.F.);
#12944=STYLED_ITEM('',(#12945),#12943);
#12945=PRESENTATION_STYLE_ASSIGNMENT((#12946));
#12946=SURFACE_STYLE_USAGE(.POSITIVE.,#12947);
#12947=SURFACE_SIDE_STYLE('',(#12948));
#12948=SURFACE_STYLE_FILL_AREA(#12949);
#12949=FILL_AREA_STYLE('',(#12950));
#12950=FILL_AREA_STYLE_COLOUR('',#12951);
#12951=COLOUR_RGB('',0.705882352941176,0.470588235294118,0.470588235294118);
#12952=PRESENTATION_LAYER_ASSIGNMENT('7','',(#12943));
#12953=CARTESIAN_POINT('',(-39.258656257341123,4.835718917846681,0.247268208405760));
#12954=DIRECTION('',(0.0,0.0,-1.0));
#12955=DIRECTION('',(-1.0,0.0,0.0));
#12956=AXIS2_PLACEMENT_3D('',#12953,#12954,#12955);
#12957=PLANE('',#12956);
#12958=CARTESIAN_POINT('',(-40.538656257341117,5.285718917846680,0.247268208405760));
#12959=DIRECTION('',(0.0,1.0,0.0));
#12960=VECTOR('',#12959,8.599999999999998);
#12961=LINE('',#12958,#12960);
#12962=CARTESIAN_POINT('',(-40.538656257341117,13.885718917846678,0.247268208405760));
#12963=TRIMMED_CURVE('',#12961,(PARAMETER_VALUE(0.0),#12958),(PARAMETER_VALUE(1.0),#12962),.T.,.PARAMETER.);
#12969=(BOUNDED_CURVE()CURVE()GEOMETRIC_REPRESENTATION_ITEM()REPRESENTATION_ITEM('')SURFACE_CURVE(#12963,(#12957),.CURVE_3D.));
#12970=COMPOSITE_CURVE_SEGMENT(.CONTINUOUS.,.T.,#12969);
#12971=CARTESIAN_POINT('',(-40.538656257341117,13.885718917846674,0.247268208405760));
#12972=DIRECTION('',(-0.707106781186544,0.707106781186551,0.0));
#12973=VECTOR('',#12972,0.565685424949239);
#12974=LINE('',#12971,#12973);
#12975=CARTESIAN_POINT('',(-40.938656257341115,14.285718917846676,0.247268208405760));
#12976=TRIMMED_CURVE('',#12974,(PARAMETER_VALUE(0.0),#12971),(PARAMETER_VALUE(1.0),#12975),.T.,.PARAMETER.);
#12982=(BOUNDED_CURVE()CURVE()GEOMETRIC_REPRESENTATION_ITEM()REPRESENTATION_ITEM('')SURFACE_CURVE(#12976,(#12957),.CURVE_3D.));
#12983=COMPOSITE_CURVE_SEGMENT(.CONTINUOUS.,.T.,#12982);
#12984=CARTESIAN_POINT('',(-40.938656257341123,14.285718917846680,0.247268208405760));
#12985=DIRECTION('',(1.0,0.0,0.0));
#12986=VECTOR('',#12985,1.600000000000001);
#12987=LINE('',#12984,#12986);
#12988=CARTESIAN_POINT('',(-39.338656257341121,14.285718917846680,0.247268208405760));
#12989=TRIMMED_CURVE('',#12987,(PARAMETER_VALUE(0.0),#12984),(PARAMETER_VALUE(1.0),#12988),.T.,.PARAMETER.);
#12995=(BOUNDED_CURVE()CURVE()GEOMETRIC_REPRESENTATION_ITEM()REPRESENTATION_ITEM('')SURFACE_CURVE(#12989,(#12957),.CURVE_3D.));
#12996=COMPOSITE_CURVE_SEGMENT(.CONTINUOUS.,.T.,#12995);
#12997=CARTESIAN_POINT('',(-39.338656257341121,14.285718917846680,0.247268208405760));
#12998=DIRECTION('',(-0.707106781186544,-0.707106781186551,0.0));
#12999=VECTOR('',#12998,0.565685424949239);
#13000=LINE('',#12997,#12999);
#13001=CARTESIAN_POINT('',(-39.738656257341120,13.885718917846678,0.247268208405760));
#13002=TRIMMED_CURVE('',#13000,(PARAMETER_VALUE(0.0),#12997),(PARAMETER_VALUE(1.0),#13001),.T.,.PARAMETER.);
#13008=(BOUNDED_CURVE()CURVE()GEOMETRIC_REPRESENTATION_ITEM()REPRESENTATION_ITEM('')SURFACE_CURVE(#13002,(#12957),.CURVE_3D.));
#13009=COMPOSITE_CURVE_SEGMENT(.CONTINUOUS.,.T.,#13008);
#13010=CARTESIAN_POINT('',(-39.738656257341113,13.885718917846674,0.247268208405760));
#13011=DIRECTION('',(0.0,-1.0,0.0));
#13012=VECTOR('',#13011,8.599999999999998);
#13013=LINE('',#13010,#13012);
#13014=CARTESIAN_POINT('',(-39.738656257341113,5.285718917846676,0.247268208405760));
#13015=TRIMMED_CURVE('',#13013,(PARAMETER_VALUE(0.0),#13010),(PARAMETER_VALUE(1.0),#13014),.T.,.PARAMETER.);
#13021=(BOUNDED_CURVE()CURVE()GEOMETRIC_REPRESENTATION_ITEM()REPRESENTATION_ITEM('')SURFACE_CURVE(#13015,(#12957),.CURVE_3D.));
#13022=COMPOSITE_CURVE_SEGMENT(.CONTINUOUS.,.T.,#13021);
#13023=CARTESIAN_POINT('',(-39.738656257341113,5.285718917846680,0.247268208405760));
#13024=DIRECTION('',(-1.0,0.0,0.0));
#13025=VECTOR('',#13024,0.800000000000004);
#13026=LINE('',#13023,#13025);
#13027=CARTESIAN_POINT('',(-40.538656257341117,5.285718917846680,0.247268208405760));
#13028=TRIMMED_CURVE('',#13026,(PARAMETER_VALUE(0.0),#13023),(PARAMETER_VALUE(1.0),#13027),.T.,.PARAMETER.);
#13034=(BOUNDED_CURVE()CURVE()GEOMETRIC_REPRESENTATION_ITEM()REPRESENTATION_ITEM('')SURFACE_CURVE(#13028,(#12957),.CURVE_3D.));
#13035=COMPOSITE_CURVE_SEGMENT(.CONTINUOUS.,.T.,#13034);
#13036=OUTER_BOUNDARY_CURVE('',(#12970,#12983,#12996,#13009,#13022,#13035),.U.);
#13037=CURVE_BOUNDED_SURFACE('',#12957,(#13036),.F.);
#13038=STYLED_ITEM('',(#13039),#13037);
#13039=PRESENTATION_STYLE_ASSIGNMENT((#13040));
#13040=SURFACE_STYLE_USAGE(.POSITIVE.,#13041);
#13041=SURFACE_SIDE_STYLE('',(#13042));
#13042=SURFACE_STYLE_FILL_AREA(#13043);
#13043=FILL_AREA_STYLE('',(#13044));
#13044=FILL_AREA_STYLE_COLOUR('',#13045);
#13045=COLOUR_RGB('',0.0,0.0,1.0);
#13046=PRESENTATION_LAYER_ASSIGNMENT('7','',(#13037));
#13047=CARTESIAN_POINT('',(-41.018656257341114,4.835718917846681,1.747268208405760));
#13048=DIRECTION('',(0.0,0.0,1.0));
#13049=DIRECTION('',(1.0,0.0,0.0));
#13050=AXIS2_PLACEMENT_3D('',#13047,#13048,#13049);
#13051=PLANE('',#13050);
#13052=CARTESIAN_POINT('',(-39.738656257341120,5.285718917846680,1.747268208405760));
#13053=DIRECTION('',(0.0,1.0,0.0));
#13054=VECTOR('',#13053,8.599999999999998);
#13055=LINE('',#13052,#13054);
#13056=CARTESIAN_POINT('',(-39.738656257341120,13.885718917846678,1.747268208405760));
#13057=TRIMMED_CURVE('',#13055,(PARAMETER_VALUE(0.0),#13052),(PARAMETER_VALUE(1.0),#13056),.T.,.PARAMETER.);
#13063=(BOUNDED_CURVE()CURVE()GEOMETRIC_REPRESENTATION_ITEM()REPRESENTATION_ITEM('')SURFACE_CURVE(#13057,(#13051),.CURVE_3D.));
#13064=COMPOSITE_CURVE_SEGMENT(.CONTINUOUS.,.T.,#13063);
#13065=CARTESIAN_POINT('',(-39.738656257341120,13.885718917846674,1.747268208405760));
#13066=DIRECTION('',(0.707106781186551,0.707106781186544,0.0));
#13067=VECTOR('',#13066,0.565685424949244);
#13068=LINE('',#13065,#13067);
#13069=CARTESIAN_POINT('',(-39.338656257341114,14.285718917846676,1.747268208405760));
#13070=TRIMMED_CURVE('',#13068,(PARAMETER_VALUE(0.0),#13065),(PARAMETER_VALUE(1.0),#13069),.T.,.PARAMETER.);
#13076=(BOUNDED_CURVE()CURVE()GEOMETRIC_REPRESENTATION_ITEM()REPRESENTATION_ITEM('')SURFACE_CURVE(#13070,(#13051),.CURVE_3D.));
#13077=COMPOSITE_CURVE_SEGMENT(.CONTINUOUS.,.T.,#13076);
#13078=CARTESIAN_POINT('',(-39.338656257341121,14.285718917846680,1.747268208405760));
#13079=DIRECTION('',(-1.0,0.0,0.0));
#13080=VECTOR('',#13079,1.600000000000009);
#13081=LINE('',#13078,#13080);
#13082=CARTESIAN_POINT('',(-40.938656257341130,14.285718917846680,1.747268208405760));
#13083=TRIMMED_CURVE('',#13081,(PARAMETER_VALUE(0.0),#13078),(PARAMETER_VALUE(1.0),#13082),.T.,.PARAMETER.);
#13089=(BOUNDED_CURVE()CURVE()GEOMETRIC_REPRESENTATION_ITEM()REPRESENTATION_ITEM('')SURFACE_CURVE(#13083,(#13051),.CURVE_3D.));
#13090=COMPOSITE_CURVE_SEGMENT(.CONTINUOUS.,.T.,#13089);
#13091=CARTESIAN_POINT('',(-40.938656257341123,14.285718917846680,1.747268208405760));
#13092=DIRECTION('',(0.707106781186551,-0.707106781186544,0.0));
#13093=VECTOR('',#13092,0.565685424949244);
#13094=LINE('',#13091,#13093);
#13095=CARTESIAN_POINT('',(-40.538656257341117,13.885718917846678,1.747268208405760));
#13096=TRIMMED_CURVE('',#13094,(PARAMETER_VALUE(0.0),#13091),(PARAMETER_VALUE(1.0),#13095),.T.,.PARAMETER.);
#13102=(BOUNDED_CURVE()CURVE()GEOMETRIC_REPRESENTATION_ITEM()REPRESENTATION_ITEM('')SURFACE_CURVE(#13096,(#13051),.CURVE_3D.));
#13103=COMPOSITE_CURVE_SEGMENT(.CONTINUOUS.,.T.,#13102);
#13104=CARTESIAN_POINT('',(-40.538656257341117,13.885718917846674,1.747268208405760));
#13105=DIRECTION('',(0.0,-1.0,0.0));
#13106=VECTOR('',#13105,8.599999999999998);
#13107=LINE('',#13104,#13106);
#13108=CARTESIAN_POINT('',(-40.538656257341117,5.285718917846676,1.747268208405760));
#13109=TRIMMED_CURVE('',#13107,(PARAMETER_VALUE(0.0),#13104),(PARAMETER_VALUE(1.0),#13108),.T.,.PARAMETER.);
#13115=(BOUNDED_CURVE()CURVE()GEOMETRIC_REPRESENTATION_ITEM()REPRESENTATION_ITEM('')SURFACE_CURVE(#13109,(#13051),.CURVE_3D.));
#13116=COMPOSITE_CURVE_SEGMENT(.CONTINUOUS.,.T.,#13115);
#13117=CARTESIAN_POINT('',(-40.538656257341117,5.285718917846680,1.747268208405760));
#13118=DIRECTION('',(1.0,0.0,0.0));
#13119=VECTOR('',#13118,0.799999999999997);
#13120=LINE('',#13117,#13119);
#13121=CARTESIAN_POINT('',(-39.738656257341120,5.285718917846680,1.747268208405760));
#13122=TRIMMED_CURVE('',#13120,(PARAMETER_VALUE(0.0),#13117),(PARAMETER_VALUE(1.0),#13121),.T.,.PARAMETER.);
#13128=(BOUNDED_CURVE()CURVE()GEOMETRIC_REPRESENTATION_ITEM()REPRESENTATION_ITEM('')SURFACE_CURVE(#13122,(#13051),.CURVE_3D.));
#13129=COMPOSITE_CURVE_SEGMENT(.CONTINUOUS.,.T.,#13128);
#13130=OUTER_BOUNDARY_CURVE('',(#13064,#13077,#13090,#13103,#13116,#13129),.U.);
#13131=CURVE_BOUNDED_SURFACE('',#13051,(#13130),.F.);
#13132=STYLED_ITEM('',(#13133),#13131);
#13133=PRESENTATION_STYLE_ASSIGNMENT((#13134));
#13134=SURFACE_STYLE_USAGE(.POSITIVE.,#13135);
#13135=SURFACE_SIDE_STYLE('',(#13136));
#13136=SURFACE_STYLE_FILL_AREA(#13137);
#13137=FILL_AREA_STYLE('',(#13138));
#13138=FILL_AREA_STYLE_COLOUR('',#13139);
#13139=COLOUR_RGB('',0.0,0.0,1.0);
#13140=PRESENTATION_LAYER_ASSIGNMENT('7','',(#13131));
#13141=CARTESIAN_POINT('',(-40.578656257341123,5.285718917846680,0.172268208405761));
#13142=DIRECTION('',(0.0,1.0,0.0));
#13143=DIRECTION('',(0.0,0.0,1.0));
#13144=AXIS2_PLACEMENT_3D('',#13141,#13142,#13143);
#13145=PLANE('',#13144);
#13146=CARTESIAN_POINT('',(-39.738656257341120,5.285718917846680,1.747268208405760));
#13147=DIRECTION('',(0.0,0.0,-1.0));
#13148=VECTOR('',#13147,1.499999999999999);
#13149=LINE('',#13146,#13148);
#13150=CARTESIAN_POINT('',(-39.738656257341120,5.285718917846680,0.247268208405761));
#13151=TRIMMED_CURVE('',#13149,(PARAMETER_VALUE(0.0),#13146),(PARAMETER_VALUE(1.0),#13150),.T.,.PARAMETER.);
#13157=(BOUNDED_CURVE()CURVE()GEOMETRIC_REPRESENTATION_ITEM()REPRESENTATION_ITEM('')SURFACE_CURVE(#13151,(#13145),.CURVE_3D.));
#13158=COMPOSITE_CURVE_SEGMENT(.CONTINUOUS.,.T.,#13157);
#13159=CARTESIAN_POINT('',(-39.738656257341120,5.285718917846680,0.247268208405760));
#13160=DIRECTION('',(-1.0,0.0,0.0));
#13161=VECTOR('',#13160,0.800000000000004);
#13162=LINE('',#13159,#13161);
#13163=CARTESIAN_POINT('',(-40.538656257341124,5.285718917846680,0.247268208405760));
#13164=TRIMMED_CURVE('',#13162,(PARAMETER_VALUE(0.0),#13159),(PARAMETER_VALUE(1.0),#13163),.T.,.PARAMETER.);
#13170=(BOUNDED_CURVE()CURVE()GEOMETRIC_REPRESENTATION_ITEM()REPRESENTATION_ITEM('')SURFACE_CURVE(#13164,(#13145),.CURVE_3D.));
#13171=COMPOSITE_CURVE_SEGMENT(.CONTINUOUS.,.T.,#13170);
#13172=CARTESIAN_POINT('',(-40.538656257341117,5.285718917846680,0.247268208405760));
#13173=DIRECTION('',(0.0,0.0,1.0));
#13174=VECTOR('',#13173,1.499999999999999);
#13175=LINE('',#13172,#13174);
#13176=CARTESIAN_POINT('',(-40.538656257341117,5.285718917846680,1.747268208405759));
#13177=TRIMMED_CURVE('',#13175,(PARAMETER_VALUE(0.0),#13172),(PARAMETER_VALUE(1.0),#13176),.T.,.PARAMETER.);
#13183=(BOUNDED_CURVE()CURVE()GEOMETRIC_REPRESENTATION_ITEM()REPRESENTATION_ITEM('')SURFACE_CURVE(#13177,(#13145),.CURVE_3D.));
#13184=COMPOSITE_CURVE_SEGMENT(.CONTINUOUS.,.T.,#13183);
#13185=CARTESIAN_POINT('',(-40.538656257341117,5.285718917846680,1.747268208405760));
#13186=DIRECTION('',(1.0,0.0,0.0));
#13187=VECTOR('',#13186,0.800000000000004);
#13188=LINE('',#13185,#13187);
#13189=CARTESIAN_POINT('',(-39.738656257341113,5.285718917846680,1.747268208405760));
#13190=TRIMMED_CURVE('',#13188,(PARAMETER_VALUE(0.0),#13185),(PARAMETER_VALUE(1.0),#13189),.T.,.PARAMETER.);
#13196=(BOUNDED_CURVE()CURVE()GEOMETRIC_REPRESENTATION_ITEM()REPRESENTATION_ITEM('')SURFACE_CURVE(#13190,(#13145),.CURVE_3D.));
#13197=COMPOSITE_CURVE_SEGMENT(.CONTINUOUS.,.T.,#13196);
#13198=OUTER_BOUNDARY_CURVE('',(#13158,#13171,#13184,#13197),.U.);
#13199=CURVE_BOUNDED_SURFACE('',#13145,(#13198),.F.);
#13200=STYLED_ITEM('',(#13201),#13199);
#13201=PRESENTATION_STYLE_ASSIGNMENT((#13202));
#13202=SURFACE_STYLE_USAGE(.POSITIVE.,#13203);
#13203=SURFACE_SIDE_STYLE('',(#13204));
#13204=SURFACE_STYLE_FILL_AREA(#13205);
#13205=FILL_AREA_STYLE('',(#13206));
#13206=FILL_AREA_STYLE_COLOUR('',#13207);
#13207=COLOUR_RGB('',0.705882352941176,0.470588235294118,0.470588235294118);
#13208=PRESENTATION_LAYER_ASSIGNMENT('7','',(#13199));
#13209=CARTESIAN_POINT('',(-44.258656257341116,4.835718917846681,0.247268208405761));
#13210=DIRECTION('',(0.0,0.0,-1.0));
#13211=DIRECTION('',(-1.0,0.0,0.0));
#13212=AXIS2_PLACEMENT_3D('',#13209,#13210,#13211);
#13213=PLANE('',#13212);
#13214=CARTESIAN_POINT('',(-45.538656257341117,5.285718917846680,0.247268208405761));
#13215=DIRECTION('',(0.0,1.0,0.0));
#13216=VECTOR('',#13215,8.599999999999998);
#13217=LINE('',#13214,#13216);
#13218=CARTESIAN_POINT('',(-45.538656257341117,13.885718917846678,0.247268208405761));
#13219=TRIMMED_CURVE('',#13217,(PARAMETER_VALUE(0.0),#13214),(PARAMETER_VALUE(1.0),#13218),.T.,.PARAMETER.);
#13225=(BOUNDED_CURVE()CURVE()GEOMETRIC_REPRESENTATION_ITEM()REPRESENTATION_ITEM('')SURFACE_CURVE(#13219,(#13213),.CURVE_3D.));
#13226=COMPOSITE_CURVE_SEGMENT(.CONTINUOUS.,.T.,#13225);
#13227=CARTESIAN_POINT('',(-45.538656257341117,13.885718917846674,0.247268208405761));
#13228=DIRECTION('',(-0.707106781186544,0.707106781186551,0.0));
#13229=VECTOR('',#13228,0.565685424949239);
#13230=LINE('',#13227,#13229);
#13231=CARTESIAN_POINT('',(-45.938656257341115,14.285718917846676,0.247268208405761));
#13232=TRIMMED_CURVE('',#13230,(PARAMETER_VALUE(0.0),#13227),(PARAMETER_VALUE(1.0),#13231),.T.,.PARAMETER.);
#13238=(BOUNDED_CURVE()CURVE()GEOMETRIC_REPRESENTATION_ITEM()REPRESENTATION_ITEM('')SURFACE_CURVE(#13232,(#13213),.CURVE_3D.));
#13239=COMPOSITE_CURVE_SEGMENT(.CONTINUOUS.,.T.,#13238);
#13240=CARTESIAN_POINT('',(-45.938656257341123,14.285718917846680,0.247268208405761));
#13241=DIRECTION('',(1.0,0.0,0.0));
#13242=VECTOR('',#13241,1.600000000000001);
#13243=LINE('',#13240,#13242);
#13244=CARTESIAN_POINT('',(-44.338656257341121,14.285718917846680,0.247268208405761));
#13245=TRIMMED_CURVE('',#13243,(PARAMETER_VALUE(0.0),#13240),(PARAMETER_VALUE(1.0),#13244),.T.,.PARAMETER.);
#13251=(BOUNDED_CURVE()CURVE()GEOMETRIC_REPRESENTATION_ITEM()REPRESENTATION_ITEM('')SURFACE_CURVE(#13245,(#13213),.CURVE_3D.));
#13252=COMPOSITE_CURVE_SEGMENT(.CONTINUOUS.,.T.,#13251);
#13253=CARTESIAN_POINT('',(-44.338656257341121,14.285718917846680,0.247268208405761));
#13254=DIRECTION('',(-0.707106781186551,-0.707106781186544,0.0));
#13255=VECTOR('',#13254,0.565685424949244);
#13256=LINE('',#13253,#13255);
#13257=CARTESIAN_POINT('',(-44.738656257341127,13.885718917846678,0.247268208405761));
#13258=TRIMMED_CURVE('',#13256,(PARAMETER_VALUE(0.0),#13253),(PARAMETER_VALUE(1.0),#13257),.T.,.PARAMETER.);
#13264=(BOUNDED_CURVE()CURVE()GEOMETRIC_REPRESENTATION_ITEM()REPRESENTATION_ITEM('')SURFACE_CURVE(#13258,(#13213),.CURVE_3D.));
#13265=COMPOSITE_CURVE_SEGMENT(.CONTINUOUS.,.T.,#13264);
#13266=CARTESIAN_POINT('',(-44.738656257341120,13.885718917846674,0.247268208405761));
#13267=DIRECTION('',(0.0,-1.0,0.0));
#13268=VECTOR('',#13267,8.599999999999998);
#13269=LINE('',#13266,#13268);
#13270=CARTESIAN_POINT('',(-44.738656257341120,5.285718917846676,0.247268208405761));
#13271=TRIMMED_CURVE('',#13269,(PARAMETER_VALUE(0.0),#13266),(PARAMETER_VALUE(1.0),#13270),.T.,.PARAMETER.);
#13277=(BOUNDED_CURVE()CURVE()GEOMETRIC_REPRESENTATION_ITEM()REPRESENTATION_ITEM('')SURFACE_CURVE(#13271,(#13213),.CURVE_3D.));
#13278=COMPOSITE_CURVE_SEGMENT(.CONTINUOUS.,.T.,#13277);
#13279=CARTESIAN_POINT('',(-44.738656257341120,5.285718917846680,0.247268208405761));
#13280=DIRECTION('',(-1.0,0.0,0.0));
#13281=VECTOR('',#13280,0.799999999999997);
#13282=LINE('',#13279,#13281);
#13283=CARTESIAN_POINT('',(-45.538656257341117,5.285718917846680,0.247268208405761));
#13284=TRIMMED_CURVE('',#13282,(PARAMETER_VALUE(0.0),#13279),(PARAMETER_VALUE(1.0),#13283),.T.,.PARAMETER.);
#13290=(BOUNDED_CURVE()CURVE()GEOMETRIC_REPRESENTATION_ITEM()REPRESENTATION_ITEM('')SURFACE_CURVE(#13284,(#13213),.CURVE_3D.));
#13291=COMPOSITE_CURVE_SEGMENT(.CONTINUOUS.,.T.,#13290);
#13292=OUTER_BOUNDARY_CURVE('',(#13226,#13239,#13252,#13265,#13278,#13291),.U.);
#13293=CURVE_BOUNDED_SURFACE('',#13213,(#13292),.F.);
#13294=STYLED_ITEM('',(#13295),#13293);
#13295=PRESENTATION_STYLE_ASSIGNMENT((#13296));
#13296=SURFACE_STYLE_USAGE(.POSITIVE.,#13297);
#13297=SURFACE_SIDE_STYLE('',(#13298));
#13298=SURFACE_STYLE_FILL_AREA(#13299);
#13299=FILL_AREA_STYLE('',(#13300));
#13300=FILL_AREA_STYLE_COLOUR('',#13301);
#13301=COLOUR_RGB('',0.0,0.0,1.0);
#13302=PRESENTATION_LAYER_ASSIGNMENT('7','',(#13293));
#13303=CARTESIAN_POINT('',(-46.018656257341114,4.835718917846681,1.747268208405761));
#13304=DIRECTION('',(0.0,0.0,1.0));
#13305=DIRECTION('',(1.0,0.0,0.0));
#13306=AXIS2_PLACEMENT_3D('',#13303,#13304,#13305);
#13307=PLANE('',#13306);
#13308=CARTESIAN_POINT('',(-44.738656257341120,5.285718917846680,1.747268208405761));
#13309=DIRECTION('',(0.0,1.0,0.0));
#13310=VECTOR('',#13309,8.599999999999998);
#13311=LINE('',#13308,#13310);
#13312=CARTESIAN_POINT('',(-44.738656257341120,13.885718917846678,1.747268208405761));
#13313=TRIMMED_CURVE('',#13311,(PARAMETER_VALUE(0.0),#13308),(PARAMETER_VALUE(1.0),#13312),.T.,.PARAMETER.);
#13319=(BOUNDED_CURVE()CURVE()GEOMETRIC_REPRESENTATION_ITEM()REPRESENTATION_ITEM('')SURFACE_CURVE(#13313,(#13307),.CURVE_3D.));
#13320=COMPOSITE_CURVE_SEGMENT(.CONTINUOUS.,.T.,#13319);
#13321=CARTESIAN_POINT('',(-44.738656257341120,13.885718917846674,1.747268208405761));
#13322=DIRECTION('',(0.707106781186544,0.707106781186551,0.0));
#13323=VECTOR('',#13322,0.565685424949239);
#13324=LINE('',#13321,#13323);
#13325=CARTESIAN_POINT('',(-44.338656257341121,14.285718917846676,1.747268208405761));
#13326=TRIMMED_CURVE('',#13324,(PARAMETER_VALUE(0.0),#13321),(PARAMETER_VALUE(1.0),#13325),.T.,.PARAMETER.);
#13332=(BOUNDED_CURVE()CURVE()GEOMETRIC_REPRESENTATION_ITEM()REPRESENTATION_ITEM('')SURFACE_CURVE(#13326,(#13307),.CURVE_3D.));
#13333=COMPOSITE_CURVE_SEGMENT(.CONTINUOUS.,.T.,#13332);
#13334=CARTESIAN_POINT('',(-44.338656257341121,14.285718917846680,1.747268208405761));
#13335=DIRECTION('',(-1.0,0.0,0.0));
#13336=VECTOR('',#13335,1.600000000000001);
#13337=LINE('',#13334,#13336);
#13338=CARTESIAN_POINT('',(-45.938656257341123,14.285718917846680,1.747268208405761));
#13339=TRIMMED_CURVE('',#13337,(PARAMETER_VALUE(0.0),#13334),(PARAMETER_VALUE(1.0),#13338),.T.,.PARAMETER.);
#13345=(BOUNDED_CURVE()CURVE()GEOMETRIC_REPRESENTATION_ITEM()REPRESENTATION_ITEM('')SURFACE_CURVE(#13339,(#13307),.CURVE_3D.));
#13346=COMPOSITE_CURVE_SEGMENT(.CONTINUOUS.,.T.,#13345);
#13347=CARTESIAN_POINT('',(-45.938656257341123,14.285718917846680,1.747268208405761));
#13348=DIRECTION('',(0.707106781186551,-0.707106781186544,0.0));
#13349=VECTOR('',#13348,0.565685424949244);
#13350=LINE('',#13347,#13349);
#13351=CARTESIAN_POINT('',(-45.538656257341117,13.885718917846678,1.747268208405761));
#13352=TRIMMED_CURVE('',#13350,(PARAMETER_VALUE(0.0),#13347),(PARAMETER_VALUE(1.0),#13351),.T.,.PARAMETER.);
#13358=(BOUNDED_CURVE()CURVE()GEOMETRIC_REPRESENTATION_ITEM()REPRESENTATION_ITEM('')SURFACE_CURVE(#13352,(#13307),.CURVE_3D.));
#13359=COMPOSITE_CURVE_SEGMENT(.CONTINUOUS.,.T.,#13358);
#13360=CARTESIAN_POINT('',(-45.538656257341117,13.885718917846674,1.747268208405761));
#13361=DIRECTION('',(0.0,-1.0,0.0));
#13362=VECTOR('',#13361,8.599999999999998);
#13363=LINE('',#13360,#13362);
#13364=CARTESIAN_POINT('',(-45.538656257341117,5.285718917846676,1.747268208405761));
#13365=TRIMMED_CURVE('',#13363,(PARAMETER_VALUE(0.0),#13360),(PARAMETER_VALUE(1.0),#13364),.T.,.PARAMETER.);
#13371=(BOUNDED_CURVE()CURVE()GEOMETRIC_REPRESENTATION_ITEM()REPRESENTATION_ITEM('')SURFACE_CURVE(#13365,(#13307),.CURVE_3D.));
#13372=COMPOSITE_CURVE_SEGMENT(.CONTINUOUS.,.T.,#13371);
#13373=CARTESIAN_POINT('',(-45.538656257341117,5.285718917846680,1.747268208405761));
#13374=DIRECTION('',(1.0,0.0,0.0));
#13375=VECTOR('',#13374,0.799999999999997);
#13376=LINE('',#13373,#13375);
#13377=CARTESIAN_POINT('',(-44.738656257341120,5.285718917846680,1.747268208405761));
#13378=TRIMMED_CURVE('',#13376,(PARAMETER_VALUE(0.0),#13373),(PARAMETER_VALUE(1.0),#13377),.T.,.PARAMETER.);
#13384=(BOUNDED_CURVE()CURVE()GEOMETRIC_REPRESENTATION_ITEM()REPRESENTATION_ITEM('')SURFACE_CURVE(#13378,(#13307),.CURVE_3D.));
#13385=COMPOSITE_CURVE_SEGMENT(.CONTINUOUS.,.T.,#13384);
#13386=OUTER_BOUNDARY_CURVE('',(#13320,#13333,#13346,#13359,#13372,#13385),.U.);
#13387=CURVE_BOUNDED_SURFACE('',#13307,(#13386),.F.);
#13388=STYLED_ITEM('',(#13389),#13387);
#13389=PRESENTATION_STYLE_ASSIGNMENT((#13390));
#13390=SURFACE_STYLE_USAGE(.POSITIVE.,#13391);
#13391=SURFACE_SIDE_STYLE('',(#13392));
#13392=SURFACE_STYLE_FILL_AREA(#13393);
#13393=FILL_AREA_STYLE('',(#13394));
#13394=FILL_AREA_STYLE_COLOUR('',#13395);
#13395=COLOUR_RGB('',0.0,0.0,1.0);
#13396=PRESENTATION_LAYER_ASSIGNMENT('7','',(#13387));
#13397=CARTESIAN_POINT('',(-45.578656257341116,5.285718917846680,0.172268208405761));
#13398=DIRECTION('',(0.0,1.0,0.0));
#13399=DIRECTION('',(0.0,0.0,1.0));
#13400=AXIS2_PLACEMENT_3D('',#13397,#13398,#13399);
#13401=PLANE('',#13400);
#13402=CARTESIAN_POINT('',(-44.738656257341120,5.285718917846680,1.747268208405761));
#13403=DIRECTION('',(0.0,0.0,-1.0));
#13404=VECTOR('',#13403,1.500000000000000);
#13405=LINE('',#13402,#13404);
#13406=CARTESIAN_POINT('',(-44.738656257341120,5.285718917846680,0.247268208405761));
#13407=TRIMMED_CURVE('',#13405,(PARAMETER_VALUE(0.0),#13402),(PARAMETER_VALUE(1.0),#13406),.T.,.PARAMETER.);
#13413=(BOUNDED_CURVE()CURVE()GEOMETRIC_REPRESENTATION_ITEM()REPRESENTATION_ITEM('')SURFACE_CURVE(#13407,(#13401),.CURVE_3D.));
#13414=COMPOSITE_CURVE_SEGMENT(.CONTINUOUS.,.T.,#13413);
#13415=CARTESIAN_POINT('',(-44.738656257341120,5.285718917846680,0.247268208405761));
#13416=DIRECTION('',(-1.0,0.0,0.0));
#13417=VECTOR('',#13416,0.800000000000004);
#13418=LINE('',#13415,#13417);
#13419=CARTESIAN_POINT('',(-45.538656257341124,5.285718917846680,0.247268208405761));
#13420=TRIMMED_CURVE('',#13418,(PARAMETER_VALUE(0.0),#13415),(PARAMETER_VALUE(1.0),#13419),.T.,.PARAMETER.);
#13426=(BOUNDED_CURVE()CURVE()GEOMETRIC_REPRESENTATION_ITEM()REPRESENTATION_ITEM('')SURFACE_CURVE(#13420,(#13401),.CURVE_3D.));
#13427=COMPOSITE_CURVE_SEGMENT(.CONTINUOUS.,.T.,#13426);
#13428=CARTESIAN_POINT('',(-45.538656257341117,5.285718917846680,0.247268208405761));
#13429=DIRECTION('',(0.0,0.0,1.0));
#13430=VECTOR('',#13429,1.500000000000000);
#13431=LINE('',#13428,#13430);
#13432=CARTESIAN_POINT('',(-45.538656257341117,5.285718917846680,1.747268208405761));
#13433=TRIMMED_CURVE('',#13431,(PARAMETER_VALUE(0.0),#13428),(PARAMETER_VALUE(1.0),#13432),.T.,.PARAMETER.);
#13439=(BOUNDED_CURVE()CURVE()GEOMETRIC_REPRESENTATION_ITEM()REPRESENTATION_ITEM('')SURFACE_CURVE(#13433,(#13401),.CURVE_3D.));
#13440=COMPOSITE_CURVE_SEGMENT(.CONTINUOUS.,.T.,#13439);
#13441=CARTESIAN_POINT('',(-45.538656257341117,5.285718917846680,1.747268208405761));
#13442=DIRECTION('',(1.0,0.0,0.0));
#13443=VECTOR('',#13442,0.800000000000004);
#13444=LINE('',#13441,#13443);
#13445=CARTESIAN_POINT('',(-44.738656257341113,5.285718917846680,1.747268208405761));
#13446=TRIMMED_CURVE('',#13444,(PARAMETER_VALUE(0.0),#13441),(PARAMETER_VALUE(1.0),#13445),.T.,.PARAMETER.);
#13452=(BOUNDED_CURVE()CURVE()GEOMETRIC_REPRESENTATION_ITEM()REPRESENTATION_ITEM('')SURFACE_CURVE(#13446,(#13401),.CURVE_3D.));
#13453=COMPOSITE_CURVE_SEGMENT(.CONTINUOUS.,.T.,#13452);
#13454=OUTER_BOUNDARY_CURVE('',(#13414,#13427,#13440,#13453),.U.);
#13455=CURVE_BOUNDED_SURFACE('',#13401,(#13454),.F.);
#13456=STYLED_ITEM('',(#13457),#13455);
#13457=PRESENTATION_STYLE_ASSIGNMENT((#13458));
#13458=SURFACE_STYLE_USAGE(.POSITIVE.,#13459);
#13459=SURFACE_SIDE_STYLE('',(#13460));
#13460=SURFACE_STYLE_FILL_AREA(#13461);
#13461=FILL_AREA_STYLE('',(#13462));
#13462=FILL_AREA_STYLE_COLOUR('',#13463);
#13463=COLOUR_RGB('',0.705882352941176,0.470588235294118,0.470588235294118);
#13464=PRESENTATION_LAYER_ASSIGNMENT('7','',(#13455));
#13465=CARTESIAN_POINT('',(-49.258656257341116,4.835718917846681,0.247268208405761));
#13466=DIRECTION('',(0.0,0.0,-1.0));
#13467=DIRECTION('',(-1.0,0.0,0.0));
#13468=AXIS2_PLACEMENT_3D('',#13465,#13466,#13467);
#13469=PLANE('',#13468);
#13470=CARTESIAN_POINT('',(-50.538656257341117,5.285718917846680,0.247268208405761));
#13471=DIRECTION('',(0.0,1.0,0.0));
#13472=VECTOR('',#13471,8.599999999999998);
#13473=LINE('',#13470,#13472);
#13474=CARTESIAN_POINT('',(-50.538656257341117,13.885718917846678,0.247268208405761));
#13475=TRIMMED_CURVE('',#13473,(PARAMETER_VALUE(0.0),#13470),(PARAMETER_VALUE(1.0),#13474),.T.,.PARAMETER.);
#13481=(BOUNDED_CURVE()CURVE()GEOMETRIC_REPRESENTATION_ITEM()REPRESENTATION_ITEM('')SURFACE_CURVE(#13475,(#13469),.CURVE_3D.));
#13482=COMPOSITE_CURVE_SEGMENT(.CONTINUOUS.,.T.,#13481);
#13483=CARTESIAN_POINT('',(-50.538656257341117,13.885718917846674,0.247268208405761));
#13484=DIRECTION('',(-0.707106781186544,0.707106781186551,0.0));
#13485=VECTOR('',#13484,0.565685424949239);
#13486=LINE('',#13483,#13485);
#13487=CARTESIAN_POINT('',(-50.938656257341115,14.285718917846676,0.247268208405761));
#13488=TRIMMED_CURVE('',#13486,(PARAMETER_VALUE(0.0),#13483),(PARAMETER_VALUE(1.0),#13487),.T.,.PARAMETER.);
#13494=(BOUNDED_CURVE()CURVE()GEOMETRIC_REPRESENTATION_ITEM()REPRESENTATION_ITEM('')SURFACE_CURVE(#13488,(#13469),.CURVE_3D.));
#13495=COMPOSITE_CURVE_SEGMENT(.CONTINUOUS.,.T.,#13494);
#13496=CARTESIAN_POINT('',(-50.938656257341123,14.285718917846680,0.247268208405761));
#13497=DIRECTION('',(1.0,0.0,0.0));
#13498=VECTOR('',#13497,1.600000000000001);
#13499=LINE('',#13496,#13498);
#13500=CARTESIAN_POINT('',(-49.338656257341121,14.285718917846680,0.247268208405761));
#13501=TRIMMED_CURVE('',#13499,(PARAMETER_VALUE(0.0),#13496),(PARAMETER_VALUE(1.0),#13500),.T.,.PARAMETER.);
#13507=(BOUNDED_CURVE()CURVE()GEOMETRIC_REPRESENTATION_ITEM()REPRESENTATION_ITEM('')SURFACE_CURVE(#13501,(#13469),.CURVE_3D.));
#13508=COMPOSITE_CURVE_SEGMENT(.CONTINUOUS.,.T.,#13507);
#13509=CARTESIAN_POINT('',(-49.338656257341121,14.285718917846680,0.247268208405761));
#13510=DIRECTION('',(-0.707106781186551,-0.707106781186544,0.0));
#13511=VECTOR('',#13510,0.565685424949244);
#13512=LINE('',#13509,#13511);
#13513=CARTESIAN_POINT('',(-49.738656257341127,13.885718917846678,0.247268208405761));
#13514=TRIMMED_CURVE('',#13512,(PARAMETER_VALUE(0.0),#13509),(PARAMETER_VALUE(1.0),#13513),.T.,.PARAMETER.);
#13520=(BOUNDED_CURVE()CURVE()GEOMETRIC_REPRESENTATION_ITEM()REPRESENTATION_ITEM('')SURFACE_CURVE(#13514,(#13469),.CURVE_3D.));
#13521=COMPOSITE_CURVE_SEGMENT(.CONTINUOUS.,.T.,#13520);
#13522=CARTESIAN_POINT('',(-49.738656257341134,13.885718917846674,0.247268208405761));
#13523=DIRECTION('',(0.0,-1.0,0.0));
#13524=VECTOR('',#13523,8.599999999999998);
#13525=LINE('',#13522,#13524);
#13526=CARTESIAN_POINT('',(-49.738656257341134,5.285718917846676,0.247268208405761));
#13527=TRIMMED_CURVE('',#13525,(PARAMETER_VALUE(0.0),#13522),(PARAMETER_VALUE(1.0),#13526),.T.,.PARAMETER.);
#13533=(BOUNDED_CURVE()CURVE()GEOMETRIC_REPRESENTATION_ITEM()REPRESENTATION_ITEM('')SURFACE_CURVE(#13527,(#13469),.CURVE_3D.));
#13534=COMPOSITE_CURVE_SEGMENT(.CONTINUOUS.,.T.,#13533);
#13535=CARTESIAN_POINT('',(-49.738656257341134,5.285718917846680,0.247268208405761));
#13536=DIRECTION('',(-1.0,0.0,0.0));
#13537=VECTOR('',#13536,0.799999999999997);
#13538=LINE('',#13535,#13537);
#13539=CARTESIAN_POINT('',(-50.538656257341131,5.285718917846680,0.247268208405761));
#13540=TRIMMED_CURVE('',#13538,(PARAMETER_VALUE(0.0),#13535),(PARAMETER_VALUE(1.0),#13539),.T.,.PARAMETER.);
#13546=(BOUNDED_CURVE()CURVE()GEOMETRIC_REPRESENTATION_ITEM()REPRESENTATION_ITEM('')SURFACE_CURVE(#13540,(#13469),.CURVE_3D.));
#13547=COMPOSITE_CURVE_SEGMENT(.CONTINUOUS.,.T.,#13546);
#13548=OUTER_BOUNDARY_CURVE('',(#13482,#13495,#13508,#13521,#13534,#13547),.U.);
#13549=CURVE_BOUNDED_SURFACE('',#13469,(#13548),.F.);
#13550=STYLED_ITEM('',(#13551),#13549);
#13551=PRESENTATION_STYLE_ASSIGNMENT((#13552));
#13552=SURFACE_STYLE_USAGE(.POSITIVE.,#13553);
#13553=SURFACE_SIDE_STYLE('',(#13554));
#13554=SURFACE_STYLE_FILL_AREA(#13555);
#13555=FILL_AREA_STYLE('',(#13556));
#13556=FILL_AREA_STYLE_COLOUR('',#13557);
#13557=COLOUR_RGB('',0.0,0.0,1.0);
#13558=PRESENTATION_LAYER_ASSIGNMENT('7','',(#13549));
#13559=CARTESIAN_POINT('',(-51.018656257341114,4.835718917846681,1.747268208405761));
#13560=DIRECTION('',(0.0,0.0,1.0));
#13561=DIRECTION('',(1.0,0.0,0.0));
#13562=AXIS2_PLACEMENT_3D('',#13559,#13560,#13561);
#13563=PLANE('',#13562);
#13564=CARTESIAN_POINT('',(-49.738656257341120,5.285718917846680,1.747268208405761));
#13565=DIRECTION('',(0.0,1.0,0.0));
#13566=VECTOR('',#13565,8.599999999999998);
#13567=LINE('',#13564,#13566);
#13568=CARTESIAN_POINT('',(-49.738656257341120,13.885718917846678,1.747268208405761));
#13569=TRIMMED_CURVE('',#13567,(PARAMETER_VALUE(0.0),#13564),(PARAMETER_VALUE(1.0),#13568),.T.,.PARAMETER.);
#13575=(BOUNDED_CURVE()CURVE()GEOMETRIC_REPRESENTATION_ITEM()REPRESENTATION_ITEM('')SURFACE_CURVE(#13569,(#13563),.CURVE_3D.));
#13576=COMPOSITE_CURVE_SEGMENT(.CONTINUOUS.,.T.,#13575);
#13577=CARTESIAN_POINT('',(-49.738656257341120,13.885718917846674,1.747268208405761));
#13578=DIRECTION('',(0.707106781186544,0.707106781186551,0.0));
#13579=VECTOR('',#13578,0.565685424949239);
#13580=LINE('',#13577,#13579);
#13581=CARTESIAN_POINT('',(-49.338656257341121,14.285718917846676,1.747268208405761));
#13582=TRIMMED_CURVE('',#13580,(PARAMETER_VALUE(0.0),#13577),(PARAMETER_VALUE(1.0),#13581),.T.,.PARAMETER.);
#13588=(BOUNDED_CURVE()CURVE()GEOMETRIC_REPRESENTATION_ITEM()REPRESENTATION_ITEM('')SURFACE_CURVE(#13582,(#13563),.CURVE_3D.));
#13589=COMPOSITE_CURVE_SEGMENT(.CONTINUOUS.,.T.,#13588);
#13590=CARTESIAN_POINT('',(-49.338656257341121,14.285718917846680,1.747268208405761));
#13591=DIRECTION('',(-1.0,0.0,0.0));
#13592=VECTOR('',#13591,1.600000000000001);
#13593=LINE('',#13590,#13592);
#13594=CARTESIAN_POINT('',(-50.938656257341123,14.285718917846680,1.747268208405761));
#13595=TRIMMED_CURVE('',#13593,(PARAMETER_VALUE(0.0),#13590),(PARAMETER_VALUE(1.0),#13594),.T.,.PARAMETER.);
#13601=(BOUNDED_CURVE()CURVE()GEOMETRIC_REPRESENTATION_ITEM()REPRESENTATION_ITEM('')SURFACE_CURVE(#13595,(#13563),.CURVE_3D.));
#13602=COMPOSITE_CURVE_SEGMENT(.CONTINUOUS.,.T.,#13601);
#13603=CARTESIAN_POINT('',(-50.938656257341123,14.285718917846680,1.747268208405761));
#13604=DIRECTION('',(0.707106781186551,-0.707106781186544,0.0));
#13605=VECTOR('',#13604,0.565685424949244);
#13606=LINE('',#13603,#13605);
#13607=CARTESIAN_POINT('',(-50.538656257341117,13.885718917846678,1.747268208405761));
#13608=TRIMMED_CURVE('',#13606,(PARAMETER_VALUE(0.0),#13603),(PARAMETER_VALUE(1.0),#13607),.T.,.PARAMETER.);
#13614=(BOUNDED_CURVE()CURVE()GEOMETRIC_REPRESENTATION_ITEM()REPRESENTATION_ITEM('')SURFACE_CURVE(#13608,(#13563),.CURVE_3D.));
#13615=COMPOSITE_CURVE_SEGMENT(.CONTINUOUS.,.T.,#13614);
#13616=CARTESIAN_POINT('',(-50.538656257341117,13.885718917846674,1.747268208405761));
#13617=DIRECTION('',(0.0,-1.0,0.0));
#13618=VECTOR('',#13617,8.599999999999998);
#13619=LINE('',#13616,#13618);
#13620=CARTESIAN_POINT('',(-50.538656257341117,5.285718917846676,1.747268208405761));
#13621=TRIMMED_CURVE('',#13619,(PARAMETER_VALUE(0.0),#13616),(PARAMETER_VALUE(1.0),#13620),.T.,.PARAMETER.);
#13627=(BOUNDED_CURVE()CURVE()GEOMETRIC_REPRESENTATION_ITEM()REPRESENTATION_ITEM('')SURFACE_CURVE(#13621,(#13563),.CURVE_3D.));
#13628=COMPOSITE_CURVE_SEGMENT(.CONTINUOUS.,.T.,#13627);
#13629=CARTESIAN_POINT('',(-50.538656257341117,5.285718917846680,1.747268208405761));
#13630=DIRECTION('',(1.0,0.0,0.0));
#13631=VECTOR('',#13630,0.799999999999997);
#13632=LINE('',#13629,#13631);
#13633=CARTESIAN_POINT('',(-49.738656257341120,5.285718917846680,1.747268208405761));
#13634=TRIMMED_CURVE('',#13632,(PARAMETER_VALUE(0.0),#13629),(PARAMETER_VALUE(1.0),#13633),.T.,.PARAMETER.);
#13640=(BOUNDED_CURVE()CURVE()GEOMETRIC_REPRESENTATION_ITEM()REPRESENTATION_ITEM('')SURFACE_CURVE(#13634,(#13563),.CURVE_3D.));
#13641=COMPOSITE_CURVE_SEGMENT(.CONTINUOUS.,.T.,#13640);
#13642=OUTER_BOUNDARY_CURVE('',(#13576,#13589,#13602,#13615,#13628,#13641),.U.);
#13643=CURVE_BOUNDED_SURFACE('',#13563,(#13642),.F.);
#13644=STYLED_ITEM('',(#13645),#13643);
#13645=PRESENTATION_STYLE_ASSIGNMENT((#13646));
#13646=SURFACE_STYLE_USAGE(.POSITIVE.,#13647);
#13647=SURFACE_SIDE_STYLE('',(#13648));
#13648=SURFACE_STYLE_FILL_AREA(#13649);
#13649=FILL_AREA_STYLE('',(#13650));
#13650=FILL_AREA_STYLE_COLOUR('',#13651);
#13651=COLOUR_RGB('',0.0,0.0,1.0);
#13652=PRESENTATION_LAYER_ASSIGNMENT('7','',(#13643));
#13653=CARTESIAN_POINT('',(-50.578656257341116,5.285718917846680,0.172268208405761));
#13654=DIRECTION('',(0.0,1.0,0.0));
#13655=DIRECTION('',(0.0,0.0,1.0));
#13656=AXIS2_PLACEMENT_3D('',#13653,#13654,#13655);
#13657=PLANE('',#13656);
#13658=CARTESIAN_POINT('',(-49.738656257341120,5.285718917846680,1.747268208405761));
#13659=DIRECTION('',(0.0,0.0,-1.0));
#13660=VECTOR('',#13659,1.500000000000000);
#13661=LINE('',#13658,#13660);
#13662=CARTESIAN_POINT('',(-49.738656257341120,5.285718917846680,0.247268208405761));
#13663=TRIMMED_CURVE('',#13661,(PARAMETER_VALUE(0.0),#13658),(PARAMETER_VALUE(1.0),#13662),.T.,.PARAMETER.);
#13669=(BOUNDED_CURVE()CURVE()GEOMETRIC_REPRESENTATION_ITEM()REPRESENTATION_ITEM('')SURFACE_CURVE(#13663,(#13657),.CURVE_3D.));
#13670=COMPOSITE_CURVE_SEGMENT(.CONTINUOUS.,.T.,#13669);
#13671=CARTESIAN_POINT('',(-49.738656257341120,5.285718917846680,0.247268208405761));
#13672=DIRECTION('',(-1.0,0.0,0.0));
#13673=VECTOR('',#13672,0.800000000000004);
#13674=LINE('',#13671,#13673);
#13675=CARTESIAN_POINT('',(-50.538656257341124,5.285718917846680,0.247268208405761));
#13676=TRIMMED_CURVE('',#13674,(PARAMETER_VALUE(0.0),#13671),(PARAMETER_VALUE(1.0),#13675),.T.,.PARAMETER.);
#13682=(BOUNDED_CURVE()CURVE()GEOMETRIC_REPRESENTATION_ITEM()REPRESENTATION_ITEM('')SURFACE_CURVE(#13676,(#13657),.CURVE_3D.));
#13683=COMPOSITE_CURVE_SEGMENT(.CONTINUOUS.,.T.,#13682);
#13684=CARTESIAN_POINT('',(-50.538656257341117,5.285718917846680,0.247268208405761));
#13685=DIRECTION('',(0.0,0.0,1.0));
#13686=VECTOR('',#13685,1.500000000000000);
#13687=LINE('',#13684,#13686);
#13688=CARTESIAN_POINT('',(-50.538656257341117,5.285718917846680,1.747268208405761));
#13689=TRIMMED_CURVE('',#13687,(PARAMETER_VALUE(0.0),#13684),(PARAMETER_VALUE(1.0),#13688),.T.,.PARAMETER.);
#13695=(BOUNDED_CURVE()CURVE()GEOMETRIC_REPRESENTATION_ITEM()REPRESENTATION_ITEM('')SURFACE_CURVE(#13689,(#13657),.CURVE_3D.));
#13696=COMPOSITE_CURVE_SEGMENT(.CONTINUOUS.,.T.,#13695);
#13697=CARTESIAN_POINT('',(-50.538656257341117,5.285718917846680,1.747268208405761));
#13698=DIRECTION('',(1.0,0.0,0.0));
#13699=VECTOR('',#13698,0.800000000000004);
#13700=LINE('',#13697,#13699);
#13701=CARTESIAN_POINT('',(-49.738656257341113,5.285718917846680,1.747268208405761));
#13702=TRIMMED_CURVE('',#13700,(PARAMETER_VALUE(0.0),#13697),(PARAMETER_VALUE(1.0),#13701),.T.,.PARAMETER.);
#13708=(BOUNDED_CURVE()CURVE()GEOMETRIC_REPRESENTATION_ITEM()REPRESENTATION_ITEM('')SURFACE_CURVE(#13702,(#13657),.CURVE_3D.));
#13709=COMPOSITE_CURVE_SEGMENT(.CONTINUOUS.,.T.,#13708);
#13710=OUTER_BOUNDARY_CURVE('',(#13670,#13683,#13696,#13709),.U.);
#13711=CURVE_BOUNDED_SURFACE('',#13657,(#13710),.F.);
#13712=STYLED_ITEM('',(#13713),#13711);
#13713=PRESENTATION_STYLE_ASSIGNMENT((#13714));
#13714=SURFACE_STYLE_USAGE(.POSITIVE.,#13715);
#13715=SURFACE_SIDE_STYLE('',(#13716));
#13716=SURFACE_STYLE_FILL_AREA(#13717);
#13717=FILL_AREA_STYLE('',(#13718));
#13718=FILL_AREA_STYLE_COLOUR('',#13719);
#13719=COLOUR_RGB('',0.705882352941176,0.470588235294118,0.470588235294118);
#13720=PRESENTATION_LAYER_ASSIGNMENT('7','',(#13711));
#13721=CARTESIAN_POINT('',(-49.258656257341116,4.835718917846681,7.747268208405766));
#13722=DIRECTION('',(0.0,0.0,-1.0));
#13723=DIRECTION('',(-1.0,0.0,0.0));
#13724=AXIS2_PLACEMENT_3D('',#13721,#13722,#13723);
#13725=PLANE('',#13724);
#13726=CARTESIAN_POINT('',(-50.538656257341117,5.285718917846680,7.747268208405766));
#13727=DIRECTION('',(0.0,1.0,0.0));
#13728=VECTOR('',#13727,8.599999999999998);
#13729=LINE('',#13726,#13728);
#13730=CARTESIAN_POINT('',(-50.538656257341117,13.885718917846678,7.747268208405766));
#13731=TRIMMED_CURVE('',#13729,(PARAMETER_VALUE(0.0),#13726),(PARAMETER_VALUE(1.0),#13730),.T.,.PARAMETER.);
#13737=(BOUNDED_CURVE()CURVE()GEOMETRIC_REPRESENTATION_ITEM()REPRESENTATION_ITEM('')SURFACE_CURVE(#13731,(#13725),.CURVE_3D.));
#13738=COMPOSITE_CURVE_SEGMENT(.CONTINUOUS.,.T.,#13737);
#13739=CARTESIAN_POINT('',(-50.538656257341117,13.885718917846674,7.747268208405766));
#13740=DIRECTION('',(-0.707106781186544,0.707106781186551,0.0));
#13741=VECTOR('',#13740,0.565685424949239);
#13742=LINE('',#13739,#13741);
#13743=CARTESIAN_POINT('',(-50.938656257341115,14.285718917846676,7.747268208405766));
#13744=TRIMMED_CURVE('',#13742,(PARAMETER_VALUE(0.0),#13739),(PARAMETER_VALUE(1.0),#13743),.T.,.PARAMETER.);
#13750=(BOUNDED_CURVE()CURVE()GEOMETRIC_REPRESENTATION_ITEM()REPRESENTATION_ITEM('')SURFACE_CURVE(#13744,(#13725),.CURVE_3D.));
#13751=COMPOSITE_CURVE_SEGMENT(.CONTINUOUS.,.T.,#13750);
#13752=CARTESIAN_POINT('',(-50.938656257341123,14.285718917846680,7.747268208405766));
#13753=DIRECTION('',(1.0,0.0,0.0));
#13754=VECTOR('',#13753,1.600000000000001);
#13755=LINE('',#13752,#13754);
#13756=CARTESIAN_POINT('',(-49.338656257341121,14.285718917846680,7.747268208405766));
#13757=TRIMMED_CURVE('',#13755,(PARAMETER_VALUE(0.0),#13752),(PARAMETER_VALUE(1.0),#13756),.T.,.PARAMETER.);
#13763=(BOUNDED_CURVE()CURVE()GEOMETRIC_REPRESENTATION_ITEM()REPRESENTATION_ITEM('')SURFACE_CURVE(#13757,(#13725),.CURVE_3D.));
#13764=COMPOSITE_CURVE_SEGMENT(.CONTINUOUS.,.T.,#13763);
#13765=CARTESIAN_POINT('',(-49.338656257341121,14.285718917846680,7.747268208405766));
#13766=DIRECTION('',(-0.707106781186544,-0.707106781186551,0.0));
#13767=VECTOR('',#13766,0.565685424949239);
#13768=LINE('',#13765,#13767);
#13769=CARTESIAN_POINT('',(-49.738656257341120,13.885718917846678,7.747268208405766));
#13770=TRIMMED_CURVE('',#13768,(PARAMETER_VALUE(0.0),#13765),(PARAMETER_VALUE(1.0),#13769),.T.,.PARAMETER.);
#13776=(BOUNDED_CURVE()CURVE()GEOMETRIC_REPRESENTATION_ITEM()REPRESENTATION_ITEM('')SURFACE_CURVE(#13770,(#13725),.CURVE_3D.));
#13777=COMPOSITE_CURVE_SEGMENT(.CONTINUOUS.,.T.,#13776);
#13778=CARTESIAN_POINT('',(-49.738656257341120,13.885718917846674,7.747268208405766));
#13779=DIRECTION('',(0.0,-1.0,0.0));
#13780=VECTOR('',#13779,8.599999999999998);
#13781=LINE('',#13778,#13780);
#13782=CARTESIAN_POINT('',(-49.738656257341120,5.285718917846676,7.747268208405766));
#13783=TRIMMED_CURVE('',#13781,(PARAMETER_VALUE(0.0),#13778),(PARAMETER_VALUE(1.0),#13782),.T.,.PARAMETER.);
#13789=(BOUNDED_CURVE()CURVE()GEOMETRIC_REPRESENTATION_ITEM()REPRESENTATION_ITEM('')SURFACE_CURVE(#13783,(#13725),.CURVE_3D.));
#13790=COMPOSITE_CURVE_SEGMENT(.CONTINUOUS.,.T.,#13789);
#13791=CARTESIAN_POINT('',(-49.738656257341120,5.285718917846680,7.747268208405766));
#13792=DIRECTION('',(-1.0,0.0,0.0));
#13793=VECTOR('',#13792,0.800000000000004);
#13794=LINE('',#13791,#13793);
#13795=CARTESIAN_POINT('',(-50.538656257341124,5.285718917846680,7.747268208405766));
#13796=TRIMMED_CURVE('',#13794,(PARAMETER_VALUE(0.0),#13791),(PARAMETER_VALUE(1.0),#13795),.T.,.PARAMETER.);
#13802=(BOUNDED_CURVE()CURVE()GEOMETRIC_REPRESENTATION_ITEM()REPRESENTATION_ITEM('')SURFACE_CURVE(#13796,(#13725),.CURVE_3D.));
#13803=COMPOSITE_CURVE_SEGMENT(.CONTINUOUS.,.T.,#13802);
#13804=OUTER_BOUNDARY_CURVE('',(#13738,#13751,#13764,#13777,#13790,#13803),.U.);
#13805=CURVE_BOUNDED_SURFACE('',#13725,(#13804),.F.);
#13806=STYLED_ITEM('',(#13807),#13805);
#13807=PRESENTATION_STYLE_ASSIGNMENT((#13808));
#13808=SURFACE_STYLE_USAGE(.POSITIVE.,#13809);
#13809=SURFACE_SIDE_STYLE('',(#13810));
#13810=SURFACE_STYLE_FILL_AREA(#13811);
#13811=FILL_AREA_STYLE('',(#13812));
#13812=FILL_AREA_STYLE_COLOUR('',#13813);
#13813=COLOUR_RGB('',0.0,0.0,1.0);
#13814=PRESENTATION_LAYER_ASSIGNMENT('7','',(#13805));
#13815=CARTESIAN_POINT('',(-51.018656257341114,4.835718917846681,9.247268208405760));
#13816=DIRECTION('',(0.0,0.0,1.0));
#13817=DIRECTION('',(1.0,0.0,0.0));
#13818=AXIS2_PLACEMENT_3D('',#13815,#13816,#13817);
#13819=PLANE('',#13818);
#13820=CARTESIAN_POINT('',(-49.738656257341120,5.285718917846680,9.247268208405760));
#13821=DIRECTION('',(0.0,1.0,0.0));
#13822=VECTOR('',#13821,8.599999999999998);
#13823=LINE('',#13820,#13822);
#13824=CARTESIAN_POINT('',(-49.738656257341120,13.885718917846678,9.247268208405760));
#13825=TRIMMED_CURVE('',#13823,(PARAMETER_VALUE(0.0),#13820),(PARAMETER_VALUE(1.0),#13824),.T.,.PARAMETER.);
#13831=(BOUNDED_CURVE()CURVE()GEOMETRIC_REPRESENTATION_ITEM()REPRESENTATION_ITEM('')SURFACE_CURVE(#13825,(#13819),.CURVE_3D.));
#13832=COMPOSITE_CURVE_SEGMENT(.CONTINUOUS.,.T.,#13831);
#13833=CARTESIAN_POINT('',(-49.738656257341120,13.885718917846674,9.247268208405760));
#13834=DIRECTION('',(0.707106781186544,0.707106781186551,0.0));
#13835=VECTOR('',#13834,0.565685424949239);
#13836=LINE('',#13833,#13835);
#13837=CARTESIAN_POINT('',(-49.338656257341121,14.285718917846676,9.247268208405760));
#13838=TRIMMED_CURVE('',#13836,(PARAMETER_VALUE(0.0),#13833),(PARAMETER_VALUE(1.0),#13837),.T.,.PARAMETER.);
#13844=(BOUNDED_CURVE()CURVE()GEOMETRIC_REPRESENTATION_ITEM()REPRESENTATION_ITEM('')SURFACE_CURVE(#13838,(#13819),.CURVE_3D.));
#13845=COMPOSITE_CURVE_SEGMENT(.CONTINUOUS.,.T.,#13844);
#13846=CARTESIAN_POINT('',(-49.338656257341121,14.285718917846680,9.247268208405760));
#13847=DIRECTION('',(-1.0,0.0,0.0));
#13848=VECTOR('',#13847,1.600000000000001);
#13849=LINE('',#13846,#13848);
#13850=CARTESIAN_POINT('',(-50.938656257341123,14.285718917846680,9.247268208405760));
#13851=TRIMMED_CURVE('',#13849,(PARAMETER_VALUE(0.0),#13846),(PARAMETER_VALUE(1.0),#13850),.T.,.PARAMETER.);
#13857=(BOUNDED_CURVE()CURVE()GEOMETRIC_REPRESENTATION_ITEM()REPRESENTATION_ITEM('')SURFACE_CURVE(#13851,(#13819),.CURVE_3D.));
#13858=COMPOSITE_CURVE_SEGMENT(.CONTINUOUS.,.T.,#13857);
#13859=CARTESIAN_POINT('',(-50.938656257341123,14.285718917846680,9.247268208405760));
#13860=DIRECTION('',(0.707106781186551,-0.707106781186544,0.0));
#13861=VECTOR('',#13860,0.565685424949244);
#13862=LINE('',#13859,#13861);
#13863=CARTESIAN_POINT('',(-50.538656257341117,13.885718917846678,9.247268208405760));
#13864=TRIMMED_CURVE('',#13862,(PARAMETER_VALUE(0.0),#13859),(PARAMETER_VALUE(1.0),#13863),.T.,.PARAMETER.);
#13870=(BOUNDED_CURVE()CURVE()GEOMETRIC_REPRESENTATION_ITEM()REPRESENTATION_ITEM('')SURFACE_CURVE(#13864,(#13819),.CURVE_3D.));
#13871=COMPOSITE_CURVE_SEGMENT(.CONTINUOUS.,.T.,#13870);
#13872=CARTESIAN_POINT('',(-50.538656257341117,13.885718917846674,9.247268208405760));
#13873=DIRECTION('',(0.0,-1.0,0.0));
#13874=VECTOR('',#13873,8.599999999999998);
#13875=LINE('',#13872,#13874);
#13876=CARTESIAN_POINT('',(-50.538656257341117,5.285718917846676,9.247268208405760));
#13877=TRIMMED_CURVE('',#13875,(PARAMETER_VALUE(0.0),#13872),(PARAMETER_VALUE(1.0),#13876),.T.,.PARAMETER.);
#13883=(BOUNDED_CURVE()CURVE()GEOMETRIC_REPRESENTATION_ITEM()REPRESENTATION_ITEM('')SURFACE_CURVE(#13877,(#13819),.CURVE_3D.));
#13884=COMPOSITE_CURVE_SEGMENT(.CONTINUOUS.,.T.,#13883);
#13885=CARTESIAN_POINT('',(-50.538656257341117,5.285718917846680,9.247268208405760));
#13886=DIRECTION('',(1.0,0.0,0.0));
#13887=VECTOR('',#13886,0.799999999999997);
#13888=LINE('',#13885,#13887);
#13889=CARTESIAN_POINT('',(-49.738656257341120,5.285718917846680,9.247268208405760));
#13890=TRIMMED_CURVE('',#13888,(PARAMETER_VALUE(0.0),#13885),(PARAMETER_VALUE(1.0),#13889),.T.,.PARAMETER.);
#13896=(BOUNDED_CURVE()CURVE()GEOMETRIC_REPRESENTATION_ITEM()REPRESENTATION_ITEM('')SURFACE_CURVE(#13890,(#13819),.CURVE_3D.));
#13897=COMPOSITE_CURVE_SEGMENT(.CONTINUOUS.,.T.,#13896);
#13898=OUTER_BOUNDARY_CURVE('',(#13832,#13845,#13858,#13871,#13884,#13897),.U.);
#13899=CURVE_BOUNDED_SURFACE('',#13819,(#13898),.F.);
#13900=STYLED_ITEM('',(#13901),#13899);
#13901=PRESENTATION_STYLE_ASSIGNMENT((#13902));
#13902=SURFACE_STYLE_USAGE(.POSITIVE.,#13903);
#13903=SURFACE_SIDE_STYLE('',(#13904));
#13904=SURFACE_STYLE_FILL_AREA(#13905);
#13905=FILL_AREA_STYLE('',(#13906));
#13906=FILL_AREA_STYLE_COLOUR('',#13907);
#13907=COLOUR_RGB('',0.0,0.0,1.0);
#13908=PRESENTATION_LAYER_ASSIGNMENT('7','',(#13899));
#13909=CARTESIAN_POINT('',(-50.578656257341116,5.285718917846680,7.672268208405765));
#13910=DIRECTION('',(0.0,1.0,0.0));
#13911=DIRECTION('',(0.0,0.0,1.0));
#13912=AXIS2_PLACEMENT_3D('',#13909,#13910,#13911);
#13913=PLANE('',#13912);
#13914=CARTESIAN_POINT('',(-49.738656257341120,5.285718917846680,9.247268208405760));
#13915=DIRECTION('',(0.0,0.0,-1.0));
#13916=VECTOR('',#13915,1.499999999999996);
#13917=LINE('',#13914,#13916);
#13918=CARTESIAN_POINT('',(-49.738656257341120,5.285718917846680,7.747268208405764));
#13919=TRIMMED_CURVE('',#13917,(PARAMETER_VALUE(0.0),#13914),(PARAMETER_VALUE(1.0),#13918),.T.,.PARAMETER.);
#13925=(BOUNDED_CURVE()CURVE()GEOMETRIC_REPRESENTATION_ITEM()REPRESENTATION_ITEM('')SURFACE_CURVE(#13919,(#13913),.CURVE_3D.));
#13926=COMPOSITE_CURVE_SEGMENT(.CONTINUOUS.,.T.,#13925);
#13927=CARTESIAN_POINT('',(-49.738656257341134,5.285718917846680,7.747268208405766));
#13928=DIRECTION('',(-1.0,0.0,0.0));
#13929=VECTOR('',#13928,0.799999999999997);
#13930=LINE('',#13927,#13929);
#13931=CARTESIAN_POINT('',(-50.538656257341131,5.285718917846680,7.747268208405766));
#13932=TRIMMED_CURVE('',#13930,(PARAMETER_VALUE(0.0),#13927),(PARAMETER_VALUE(1.0),#13931),.T.,.PARAMETER.);
#13938=(BOUNDED_CURVE()CURVE()GEOMETRIC_REPRESENTATION_ITEM()REPRESENTATION_ITEM('')SURFACE_CURVE(#13932,(#13913),.CURVE_3D.));
#13939=COMPOSITE_CURVE_SEGMENT(.CONTINUOUS.,.T.,#13938);
#13940=CARTESIAN_POINT('',(-50.538656257341117,5.285718917846680,7.747268208405766));
#13941=DIRECTION('',(0.0,0.0,1.0));
#13942=VECTOR('',#13941,1.499999999999996);
#13943=LINE('',#13940,#13942);
#13944=CARTESIAN_POINT('',(-50.538656257341117,5.285718917846680,9.247268208405762));
#13945=TRIMMED_CURVE('',#13943,(PARAMETER_VALUE(0.0),#13940),(PARAMETER_VALUE(1.0),#13944),.T.,.PARAMETER.);
#13951=(BOUNDED_CURVE()CURVE()GEOMETRIC_REPRESENTATION_ITEM()REPRESENTATION_ITEM('')SURFACE_CURVE(#13945,(#13913),.CURVE_3D.));
#13952=COMPOSITE_CURVE_SEGMENT(.CONTINUOUS.,.T.,#13951);
#13953=CARTESIAN_POINT('',(-50.538656257341117,5.285718917846680,9.247268208405760));
#13954=DIRECTION('',(1.0,0.0,0.0));
#13955=VECTOR('',#13954,0.800000000000004);
#13956=LINE('',#13953,#13955);
#13957=CARTESIAN_POINT('',(-49.738656257341113,5.285718917846680,9.247268208405760));
#13958=TRIMMED_CURVE('',#13956,(PARAMETER_VALUE(0.0),#13953),(PARAMETER_VALUE(1.0),#13957),.T.,.PARAMETER.);
#13964=(BOUNDED_CURVE()CURVE()GEOMETRIC_REPRESENTATION_ITEM()REPRESENTATION_ITEM('')SURFACE_CURVE(#13958,(#13913),.CURVE_3D.));
#13965=COMPOSITE_CURVE_SEGMENT(.CONTINUOUS.,.T.,#13964);
#13966=OUTER_BOUNDARY_CURVE('',(#13926,#13939,#13952,#13965),.U.);
#13967=CURVE_BOUNDED_SURFACE('',#13913,(#13966),.F.);
#13968=STYLED_ITEM('',(#13969),#13967);
#13969=PRESENTATION_STYLE_ASSIGNMENT((#13970));
#13970=SURFACE_STYLE_USAGE(.POSITIVE.,#13971);
#13971=SURFACE_SIDE_STYLE('',(#13972));
#13972=SURFACE_STYLE_FILL_AREA(#13973);
#13973=FILL_AREA_STYLE('',(#13974));
#13974=FILL_AREA_STYLE_COLOUR('',#13975);
#13975=COLOUR_RGB('',0.705882352941176,0.470588235294118,0.470588235294118);
#13976=PRESENTATION_LAYER_ASSIGNMENT('7','',(#13967));
#13977=CARTESIAN_POINT('',(-49.786156257341133,9.785718917846683,11.897268208405762));
#13978=DIRECTION('',(0.0,-1.0,0.0));
#13979=DIRECTION('',(0.0,0.0,-1.0));
#13980=AXIS2_PLACEMENT_3D('',#13977,#13978,#13979);
#13981=PLANE('',#13980);
#13982=CARTESIAN_POINT('',(-27.638656257341118,9.785718917846683,11.247268208405762));
#13983=DIRECTION('',(-1.0,0.0,0.0));
#13984=VECTOR('',#13983,10.0);
#13985=LINE('',#13982,#13984);
#13986=CARTESIAN_POINT('',(-37.638656257341118,9.785718917846683,11.247268208405762));
#13987=TRIMMED_CURVE('',#13985,(PARAMETER_VALUE(0.0),#13982),(PARAMETER_VALUE(1.0),#13986),.T.,.PARAMETER.);
#13993=(BOUNDED_CURVE()CURVE()GEOMETRIC_REPRESENTATION_ITEM()REPRESENTATION_ITEM('')SURFACE_CURVE(#13987,(#13981),.CURVE_3D.));
#13994=COMPOSITE_CURVE_SEGMENT(.CONTINUOUS.,.T.,#13993);
#13995=CARTESIAN_POINT('',(-37.638656257341118,9.785718917846683,11.247268208405762));
#13996=DIRECTION('',(0.0,0.0,-1.0));
#13997=VECTOR('',#13996,5.250000000000004);
#13998=LINE('',#13995,#13997);
#13999=CARTESIAN_POINT('',(-37.638656257341118,9.785718917846683,5.997268208405758));
#14000=TRIMMED_CURVE('',#13998,(PARAMETER_VALUE(0.0),#13995),(PARAMETER_VALUE(1.0),#13999),.T.,.PARAMETER.);
#14006=(BOUNDED_CURVE()CURVE()GEOMETRIC_REPRESENTATION_ITEM()REPRESENTATION_ITEM('')SURFACE_CURVE(#14000,(#13981),.CURVE_3D.));
#14007=COMPOSITE_CURVE_SEGMENT(.CONTINUOUS.,.T.,#14006);
#14008=CARTESIAN_POINT('',(-37.638656257341125,9.785718917846683,5.997268208405765));
#14009=DIRECTION('',(-1.0,0.0,0.0));
#14010=VECTOR('',#14009,10.950000000000003);
#14011=LINE('',#14008,#14010);
#14012=CARTESIAN_POINT('',(-48.588656257341128,9.785718917846683,5.997268208405765));
#14013=TRIMMED_CURVE('',#14011,(PARAMETER_VALUE(0.0),#14008),(PARAMETER_VALUE(1.0),#14012),.T.,.PARAMETER.);
#14019=(BOUNDED_CURVE()CURVE()GEOMETRIC_REPRESENTATION_ITEM()REPRESENTATION_ITEM('')SURFACE_CURVE(#14013,(#13981),.CURVE_3D.));
#14020=COMPOSITE_CURVE_SEGMENT(.CONTINUOUS.,.T.,#14019);
#14021=CARTESIAN_POINT('',(-48.588656257341135,9.785718917846683,5.997268208405765));
#14022=DIRECTION('',(0.0,0.0,-1.0));
#14023=VECTOR('',#14022,2.500000000000004);
#14024=LINE('',#14021,#14023);
#14025=CARTESIAN_POINT('',(-48.588656257341135,9.785718917846683,3.497268208405760));
#14026=TRIMMED_CURVE('',#14024,(PARAMETER_VALUE(0.0),#14021),(PARAMETER_VALUE(1.0),#14025),.T.,.PARAMETER.);
#14032=(BOUNDED_CURVE()CURVE()GEOMETRIC_REPRESENTATION_ITEM()REPRESENTATION_ITEM('')SURFACE_CURVE(#14026,(#13981),.CURVE_3D.));
#14033=COMPOSITE_CURVE_SEGMENT(.CONTINUOUS.,.T.,#14032);
#14034=CARTESIAN_POINT('',(-48.588656257341135,9.785718917846683,3.497268208405762));
#14035=DIRECTION('',(1.0,0.0,0.0));
#14036=VECTOR('',#14035,10.949999999999996);
#14037=LINE('',#14034,#14036);
#14038=CARTESIAN_POINT('',(-37.638656257341140,9.785718917846683,3.497268208405762));
#14039=TRIMMED_CURVE('',#14037,(PARAMETER_VALUE(0.0),#14034),(PARAMETER_VALUE(1.0),#14038),.T.,.PARAMETER.);
#14045=(BOUNDED_CURVE()CURVE()GEOMETRIC_REPRESENTATION_ITEM()REPRESENTATION_ITEM('')SURFACE_CURVE(#14039,(#13981),.CURVE_3D.));
#14046=COMPOSITE_CURVE_SEGMENT(.CONTINUOUS.,.T.,#14045);
#14047=CARTESIAN_POINT('',(-37.638656257341118,9.785718917846683,3.497268208405766));
#14048=DIRECTION('',(0.0,0.0,-1.0));
#14049=VECTOR('',#14048,5.250000000000005);
#14050=LINE('',#14047,#14049);
#14051=CARTESIAN_POINT('',(-37.638656257341118,9.785718917846683,-1.752731791594240));
#14052=TRIMMED_CURVE('',#14050,(PARAMETER_VALUE(0.0),#14047),(PARAMETER_VALUE(1.0),#14051),.T.,.PARAMETER.);
#14058=(BOUNDED_CURVE()CURVE()GEOMETRIC_REPRESENTATION_ITEM()REPRESENTATION_ITEM('')SURFACE_CURVE(#14052,(#13981),.CURVE_3D.));
#14059=COMPOSITE_CURVE_SEGMENT(.CONTINUOUS.,.T.,#14058);
#14060=CARTESIAN_POINT('',(-37.638656257341118,9.785718917846683,-1.752731791594240));
#14061=DIRECTION('',(1.0,0.0,0.0));
#14062=VECTOR('',#14061,10.0);
#14063=LINE('',#14060,#14062);
#14064=CARTESIAN_POINT('',(-27.638656257341118,9.785718917846683,-1.752731791594240));
#14065=TRIMMED_CURVE('',#14063,(PARAMETER_VALUE(0.0),#14060),(PARAMETER_VALUE(1.0),#14064),.T.,.PARAMETER.);
#14071=(BOUNDED_CURVE()CURVE()GEOMETRIC_REPRESENTATION_ITEM()REPRESENTATION_ITEM('')SURFACE_CURVE(#14065,(#13981),.CURVE_3D.));
#14072=COMPOSITE_CURVE_SEGMENT(.CONTINUOUS.,.T.,#14071);
#14073=CARTESIAN_POINT('',(-27.638656257341118,9.785718917846683,-1.752731791594240));
#14074=DIRECTION('',(0.0,0.0,1.0));
#14075=VECTOR('',#14074,5.250000000000002);
#14076=LINE('',#14073,#14075);
#14077=CARTESIAN_POINT('',(-27.638656257341118,9.785718917846683,3.497268208405762));
#14078=TRIMMED_CURVE('',#14076,(PARAMETER_VALUE(0.0),#14073),(PARAMETER_VALUE(1.0),#14077),.T.,.PARAMETER.);
#14084=(BOUNDED_CURVE()CURVE()GEOMETRIC_REPRESENTATION_ITEM()REPRESENTATION_ITEM('')SURFACE_CURVE(#14078,(#13981),.CURVE_3D.));
#14085=COMPOSITE_CURVE_SEGMENT(.CONTINUOUS.,.T.,#14084);
#14086=CARTESIAN_POINT('',(-27.638656257341118,9.785718917846683,3.497268208405762));
#14087=DIRECTION('',(1.0,0.0,0.0));
#14088=VECTOR('',#14087,3.000000000000007);
#14089=LINE('',#14086,#14088);
#14090=CARTESIAN_POINT('',(-24.638656257341111,9.785718917846683,3.497268208405762));
#14091=TRIMMED_CURVE('',#14089,(PARAMETER_VALUE(0.0),#14086),(PARAMETER_VALUE(1.0),#14090),.T.,.PARAMETER.);
#14097=(BOUNDED_CURVE()CURVE()GEOMETRIC_REPRESENTATION_ITEM()REPRESENTATION_ITEM('')SURFACE_CURVE(#14091,(#13981),.CURVE_3D.));
#14098=COMPOSITE_CURVE_SEGMENT(.CONTINUOUS.,.T.,#14097);
#14099=CARTESIAN_POINT('',(-24.638656257341125,9.785718917846683,3.497268208405762));
#14100=DIRECTION('',(0.0,0.0,1.0));
#14101=VECTOR('',#14100,2.500000000000003);
#14102=LINE('',#14099,#14101);
#14103=CARTESIAN_POINT('',(-24.638656257341125,9.785718917846683,5.997268208405765));
#14104=TRIMMED_CURVE('',#14102,(PARAMETER_VALUE(0.0),#14099),(PARAMETER_VALUE(1.0),#14103),.T.,.PARAMETER.);
#14110=(BOUNDED_CURVE()CURVE()GEOMETRIC_REPRESENTATION_ITEM()REPRESENTATION_ITEM('')SURFACE_CURVE(#14104,(#13981),.CURVE_3D.));
#14111=COMPOSITE_CURVE_SEGMENT(.CONTINUOUS.,.T.,#14110);
#14112=CARTESIAN_POINT('',(-24.638656257341125,9.785718917846683,5.997268208405761));
#14113=DIRECTION('',(-1.0,0.0,0.0));
#14114=VECTOR('',#14113,3.000000000000007);
#14115=LINE('',#14112,#14114);
#14116=CARTESIAN_POINT('',(-27.638656257341133,9.785718917846683,5.997268208405761));
#14117=TRIMMED_CURVE('',#14115,(PARAMETER_VALUE(0.0),#14112),(PARAMETER_VALUE(1.0),#14116),.T.,.PARAMETER.);
#14123=(BOUNDED_CURVE()CURVE()GEOMETRIC_REPRESENTATION_ITEM()REPRESENTATION_ITEM('')SURFACE_CURVE(#14117,(#13981),.CURVE_3D.));
#14124=COMPOSITE_CURVE_SEGMENT(.CONTINUOUS.,.T.,#14123);
#14125=CARTESIAN_POINT('',(-27.638656257341118,9.785718917846683,5.997268208405761));
#14126=DIRECTION('',(0.0,0.0,1.0));
#14127=VECTOR('',#14126,5.249999999999999);
#14128=LINE('',#14125,#14127);
#14129=CARTESIAN_POINT('',(-27.638656257341118,9.785718917846683,11.247268208405760));
#14130=TRIMMED_CURVE('',#14128,(PARAMETER_VALUE(0.0),#14125),(PARAMETER_VALUE(1.0),#14129),.T.,.PARAMETER.);
#14136=(BOUNDED_CURVE()CURVE()GEOMETRIC_REPRESENTATION_ITEM()REPRESENTATION_ITEM('')SURFACE_CURVE(#14130,(#13981),.CURVE_3D.));
#14137=COMPOSITE_CURVE_SEGMENT(.CONTINUOUS.,.T.,#14136);
#14138=OUTER_BOUNDARY_CURVE('',(#13994,#14007,#14020,#14033,#14046,#14059,#14072,#14085,#14098,#14111,#14124,#14137),.U.);
#14139=CARTESIAN_POINT('',(-30.988656257341109,9.785718917846683,4.747268208405761));
#14140=CARTESIAN_POINT('',(-30.988656257341102,9.785718917846683,3.147268208405761));
#14141=CARTESIAN_POINT('',(-32.588656257341114,9.785718917846683,3.147268208405761));
#14142=CARTESIAN_POINT('',(-34.188656257341108,9.785718917846683,3.147268208405761));
#14143=CARTESIAN_POINT('',(-34.188656257341108,9.785718917846683,4.747268208405761));
#14151=(BOUNDED_CURVE()B_SPLINE_CURVE(2,(#14139,#14140,#14141,#14142,#14143),.UNSPECIFIED.,.F.,.U.)B_SPLINE_CURVE_WITH_KNOTS((3,2,3),(0.0,0.500000000000000,1.0),.UNSPECIFIED.)CURVE()GEOMETRIC_REPRESENTATION_ITEM()RATIONAL_B_SPLINE_CURVE((1.0,0.707106781186547,1.0,0.707106781186547,1.0))REPRESENTATION_ITEM(''));
#14157=(BOUNDED_CURVE()CURVE()GEOMETRIC_REPRESENTATION_ITEM()REPRESENTATION_ITEM('')SURFACE_CURVE(#14151,(#13981),.CURVE_3D.));
#14158=COMPOSITE_CURVE_SEGMENT(.CONTINUOUS.,.T.,#14157);
#14159=CARTESIAN_POINT('',(-34.188656257341108,9.785718917846683,4.747268208405761));
#14160=CARTESIAN_POINT('',(-34.188656257341108,9.785718917846683,6.347268208405761));
#14161=CARTESIAN_POINT('',(-32.588656257341114,9.785718917846683,6.347268208405761));
#14162=CARTESIAN_POINT('',(-30.988656257341102,9.785718917846683,6.347268208405761));
#14163=CARTESIAN_POINT('',(-30.988656257341109,9.785718917846683,4.747268208405761));
#14171=(BOUNDED_CURVE()B_SPLINE_CURVE(2,(#14159,#14160,#14161,#14162,#14163),.UNSPECIFIED.,.F.,.U.)B_SPLINE_CURVE_WITH_KNOTS((3,2,3),(0.0,0.500000000000000,1.0),.UNSPECIFIED.)CURVE()GEOMETRIC_REPRESENTATION_ITEM()RATIONAL_B_SPLINE_CURVE((1.0,0.707106781186547,1.0,0.707106781186547,1.0))REPRESENTATION_ITEM(''));
#14177=(BOUNDED_CURVE()CURVE()GEOMETRIC_REPRESENTATION_ITEM()REPRESENTATION_ITEM('')SURFACE_CURVE(#14171,(#13981),.CURVE_3D.));
#14178=COMPOSITE_CURVE_SEGMENT(.CONTINUOUS.,.T.,#14177);
#14179=BOUNDARY_CURVE('',(#14158,#14178),.U.);
#14180=CURVE_BOUNDED_SURFACE('',#13981,(#14138,#14179),.F.);
#14181=STYLED_ITEM('',(#14182),#14180);
#14182=PRESENTATION_STYLE_ASSIGNMENT((#14183));
#14183=SURFACE_STYLE_USAGE(.POSITIVE.,#14184);
#14184=SURFACE_SIDE_STYLE('',(#14185));
#14185=SURFACE_STYLE_FILL_AREA(#14186);
#14186=FILL_AREA_STYLE('',(#14187));
#14187=FILL_AREA_STYLE_COLOUR('',#14188);
#14188=COLOUR_RGB('',0.0,0.0,1.0);
#14189=PRESENTATION_LAYER_ASSIGNMENT('7','',(#14180));
#14190=CARTESIAN_POINT('',(-46.638656257341118,4.770718917846677,-0.702731791594239));
#14191=DIRECTION('',(1.0,0.0,0.0));
#14192=DIRECTION('',(0.0,0.0,-1.0));
#14193=AXIS2_PLACEMENT_3D('',#14190,#14191,#14192);
#14194=PLANE('',#14193);
#14195=CARTESIAN_POINT('',(-46.638656257341118,5.085718917846681,-0.752731791594239));
#14196=DIRECTION('',(0.0,-1.0,0.0));
#14197=VECTOR('',#14196,0.300000000000001);
#14198=LINE('',#14195,#14197);
#14199=CARTESIAN_POINT('',(-46.638656257341118,4.785718917846681,-0.752731791594239));
#14200=TRIMMED_CURVE('',#14198,(PARAMETER_VALUE(0.0),#14195),(PARAMETER_VALUE(1.0),#14199),.T.,.PARAMETER.);
#14206=(BOUNDED_CURVE()CURVE()GEOMETRIC_REPRESENTATION_ITEM()REPRESENTATION_ITEM('')SURFACE_CURVE(#14200,(#14194),.CURVE_3D.));
#14207=COMPOSITE_CURVE_SEGMENT(.CONTINUOUS.,.T.,#14206);
#14208=CARTESIAN_POINT('',(-46.638656257341118,4.785718917846682,-0.752731791594239));
#14209=DIRECTION('',(0.0,0.0,-1.0));
#14210=VECTOR('',#14209,1.0);
#14211=LINE('',#14208,#14210);
#14212=CARTESIAN_POINT('',(-46.638656257341118,4.785718917846682,-1.752731791594239));
#14213=TRIMMED_CURVE('',#14211,(PARAMETER_VALUE(0.0),#14208),(PARAMETER_VALUE(1.0),#14212),.T.,.PARAMETER.);
#14219=(BOUNDED_CURVE()CURVE()GEOMETRIC_REPRESENTATION_ITEM()REPRESENTATION_ITEM('')SURFACE_CURVE(#14213,(#14194),.CURVE_3D.));
#14220=COMPOSITE_CURVE_SEGMENT(.CONTINUOUS.,.T.,#14219);
#14221=CARTESIAN_POINT('',(-46.638656257341118,4.785718917846682,-1.752731791594239));
#14222=DIRECTION('',(0.0,1.0,0.0));
#14223=VECTOR('',#14222,0.300000000000001);
#14224=LINE('',#14221,#14223);
#14225=CARTESIAN_POINT('',(-46.638656257341118,5.085718917846682,-1.752731791594239));
#14226=TRIMMED_CURVE('',#14224,(PARAMETER_VALUE(0.0),#14221),(PARAMETER_VALUE(1.0),#14225),.T.,.PARAMETER.);
#14232=(BOUNDED_CURVE()CURVE()GEOMETRIC_REPRESENTATION_ITEM()REPRESENTATION_ITEM('')SURFACE_CURVE(#14226,(#14194),.CURVE_3D.));
#14233=COMPOSITE_CURVE_SEGMENT(.CONTINUOUS.,.T.,#14232);
#14234=CARTESIAN_POINT('',(-46.638656257341118,5.085718917846681,-1.752731791594239));
#14235=DIRECTION('',(0.0,0.0,1.0));
#14236=VECTOR('',#14235,1.0);
#14237=LINE('',#14234,#14236);
#14238=CARTESIAN_POINT('',(-46.638656257341118,5.085718917846681,-0.752731791594239));
#14239=TRIMMED_CURVE('',#14237,(PARAMETER_VALUE(0.0),#14234),(PARAMETER_VALUE(1.0),#14238),.T.,.PARAMETER.);
#14245=(BOUNDED_CURVE()CURVE()GEOMETRIC_REPRESENTATION_ITEM()REPRESENTATION_ITEM('')SURFACE_CURVE(#14239,(#14194),.CURVE_3D.));
#14246=COMPOSITE_CURVE_SEGMENT(.CONTINUOUS.,.T.,#14245);
#14247=OUTER_BOUNDARY_CURVE('',(#14207,#14220,#14233,#14246),.U.);
#14248=CURVE_BOUNDED_SURFACE('',#14194,(#14247),.F.);
#14249=STYLED_ITEM('',(#14250),#14248);
#14250=PRESENTATION_STYLE_ASSIGNMENT((#14251));
#14251=SURFACE_STYLE_USAGE(.POSITIVE.,#14252);
#14252=SURFACE_SIDE_STYLE('',(#14253));
#14253=SURFACE_STYLE_FILL_AREA(#14254);
#14254=FILL_AREA_STYLE('',(#14255));
#14255=FILL_AREA_STYLE_COLOUR('',#14256);
#14256=COLOUR_RGB('',0.0,0.0,1.0);
#14257=PRESENTATION_LAYER_ASSIGNMENT('7','',(#14248));
#14258=CARTESIAN_POINT('',(-47.688656257341123,4.785718917846682,-0.702731791594239));
#14259=DIRECTION('',(0.0,-1.0,0.0));
#14260=DIRECTION('',(0.0,0.0,-1.0));
#14261=AXIS2_PLACEMENT_3D('',#14258,#14259,#14260);
#14262=PLANE('',#14261);
#14263=CARTESIAN_POINT('',(-46.638656257341140,4.785718917846682,-0.752731791594239));
#14264=DIRECTION('',(-1.0,0.0,0.0));
#14265=VECTOR('',#14264,1.0);
#14266=LINE('',#14263,#14265);
#14267=CARTESIAN_POINT('',(-47.638656257341140,4.785718917846682,-0.752731791594239));
#14268=TRIMMED_CURVE('',#14266,(PARAMETER_VALUE(0.0),#14263),(PARAMETER_VALUE(1.0),#14267),.T.,.PARAMETER.);
#14274=(BOUNDED_CURVE()CURVE()GEOMETRIC_REPRESENTATION_ITEM()REPRESENTATION_ITEM('')SURFACE_CURVE(#14268,(#14262),.CURVE_3D.));
#14275=COMPOSITE_CURVE_SEGMENT(.CONTINUOUS.,.T.,#14274);
#14276=CARTESIAN_POINT('',(-47.638656257341140,4.785718917846682,-0.752731791594239));
#14277=DIRECTION('',(0.0,0.0,-1.0));
#14278=VECTOR('',#14277,1.0);
#14279=LINE('',#14276,#14278);
#14280=CARTESIAN_POINT('',(-47.638656257341140,4.785718917846682,-1.752731791594239));
#14281=TRIMMED_CURVE('',#14279,(PARAMETER_VALUE(0.0),#14276),(PARAMETER_VALUE(1.0),#14280),.T.,.PARAMETER.);
#14287=(BOUNDED_CURVE()CURVE()GEOMETRIC_REPRESENTATION_ITEM()REPRESENTATION_ITEM('')SURFACE_CURVE(#14281,(#14262),.CURVE_3D.));
#14288=COMPOSITE_CURVE_SEGMENT(.CONTINUOUS.,.T.,#14287);
#14289=CARTESIAN_POINT('',(-47.638656257341140,4.785718917846682,-1.752731791594239));
#14290=DIRECTION('',(1.0,0.0,0.0));
#14291=VECTOR('',#14290,1.0);
#14292=LINE('',#14289,#14291);
#14293=CARTESIAN_POINT('',(-46.638656257341140,4.785718917846682,-1.752731791594239));
#14294=TRIMMED_CURVE('',#14292,(PARAMETER_VALUE(0.0),#14289),(PARAMETER_VALUE(1.0),#14293),.T.,.PARAMETER.);
#14300=(BOUNDED_CURVE()CURVE()GEOMETRIC_REPRESENTATION_ITEM()REPRESENTATION_ITEM('')SURFACE_CURVE(#14294,(#14262),.CURVE_3D.));
#14301=COMPOSITE_CURVE_SEGMENT(.CONTINUOUS.,.T.,#14300);
#14302=CARTESIAN_POINT('',(-46.638656257341140,4.785718917846682,-1.752731791594239));
#14303=DIRECTION('',(0.0,0.0,1.0));
#14304=VECTOR('',#14303,1.0);
#14305=LINE('',#14302,#14304);
#14306=CARTESIAN_POINT('',(-46.638656257341140,4.785718917846682,-0.752731791594239));
#14307=TRIMMED_CURVE('',#14305,(PARAMETER_VALUE(0.0),#14302),(PARAMETER_VALUE(1.0),#14306),.T.,.PARAMETER.);
#14313=(BOUNDED_CURVE()CURVE()GEOMETRIC_REPRESENTATION_ITEM()REPRESENTATION_ITEM('')SURFACE_CURVE(#14307,(#14262),.CURVE_3D.));
#14314=COMPOSITE_CURVE_SEGMENT(.CONTINUOUS.,.T.,#14313);
#14315=OUTER_BOUNDARY_CURVE('',(#14275,#14288,#14301,#14314),.U.);
#14316=CURVE_BOUNDED_SURFACE('',#14262,(#14315),.F.);
#14317=STYLED_ITEM('',(#14318),#14316);
#14318=PRESENTATION_STYLE_ASSIGNMENT((#14319));
#14319=SURFACE_STYLE_USAGE(.POSITIVE.,#14320);
#14320=SURFACE_SIDE_STYLE('',(#14321));
#14321=SURFACE_STYLE_FILL_AREA(#14322);
#14322=FILL_AREA_STYLE('',(#14323));
#14323=FILL_AREA_STYLE_COLOUR('',#14324);
#14324=COLOUR_RGB('',0.0,0.0,1.0);
#14325=PRESENTATION_LAYER_ASSIGNMENT('7','',(#14316));
#14326=CARTESIAN_POINT('',(-47.638656257341118,4.770718917846677,-1.802731791594239));
#14327=DIRECTION('',(-1.0,0.0,0.0));
#14328=DIRECTION('',(0.0,0.0,1.0));
#14329=AXIS2_PLACEMENT_3D('',#14326,#14327,#14328);
#14330=PLANE('',#14329);
#14331=CARTESIAN_POINT('',(-47.638656257341118,4.785718917846682,-0.752731791594239));
#14332=DIRECTION('',(0.0,1.0,0.0));
#14333=VECTOR('',#14332,0.300000000000001);
#14334=LINE('',#14331,#14333);
#14335=CARTESIAN_POINT('',(-47.638656257341118,5.085718917846682,-0.752731791594239));
#14336=TRIMMED_CURVE('',#14334,(PARAMETER_VALUE(0.0),#14331),(PARAMETER_VALUE(1.0),#14335),.T.,.PARAMETER.);
#14342=(BOUNDED_CURVE()CURVE()GEOMETRIC_REPRESENTATION_ITEM()REPRESENTATION_ITEM('')SURFACE_CURVE(#14336,(#14330),.CURVE_3D.));
#14343=COMPOSITE_CURVE_SEGMENT(.CONTINUOUS.,.T.,#14342);
#14344=CARTESIAN_POINT('',(-47.638656257341118,5.085718917846681,-0.752731791594239));
#14345=DIRECTION('',(0.0,0.0,-1.0));
#14346=VECTOR('',#14345,1.0);
#14347=LINE('',#14344,#14346);
#14348=CARTESIAN_POINT('',(-47.638656257341118,5.085718917846681,-1.752731791594239));
#14349=TRIMMED_CURVE('',#14347,(PARAMETER_VALUE(0.0),#14344),(PARAMETER_VALUE(1.0),#14348),.T.,.PARAMETER.);
#14355=(BOUNDED_CURVE()CURVE()GEOMETRIC_REPRESENTATION_ITEM()REPRESENTATION_ITEM('')SURFACE_CURVE(#14349,(#14330),.CURVE_3D.));
#14356=COMPOSITE_CURVE_SEGMENT(.CONTINUOUS.,.T.,#14355);
#14357=CARTESIAN_POINT('',(-47.638656257341118,5.085718917846681,-1.752731791594239));
#14358=DIRECTION('',(0.0,-1.0,0.0));
#14359=VECTOR('',#14358,0.300000000000001);
#14360=LINE('',#14357,#14359);
#14361=CARTESIAN_POINT('',(-47.638656257341118,4.785718917846681,-1.752731791594239));
#14362=TRIMMED_CURVE('',#14360,(PARAMETER_VALUE(0.0),#14357),(PARAMETER_VALUE(1.0),#14361),.T.,.PARAMETER.);
#14368=(BOUNDED_CURVE()CURVE()GEOMETRIC_REPRESENTATION_ITEM()REPRESENTATION_ITEM('')SURFACE_CURVE(#14362,(#14330),.CURVE_3D.));
#14369=COMPOSITE_CURVE_SEGMENT(.CONTINUOUS.,.T.,#14368);
#14370=CARTESIAN_POINT('',(-47.638656257341118,4.785718917846682,-1.752731791594239));
#14371=DIRECTION('',(0.0,0.0,1.0));
#14372=VECTOR('',#14371,1.0);
#14373=LINE('',#14370,#14372);
#14374=CARTESIAN_POINT('',(-47.638656257341118,4.785718917846682,-0.752731791594239));
#14375=TRIMMED_CURVE('',#14373,(PARAMETER_VALUE(0.0),#14370),(PARAMETER_VALUE(1.0),#14374),.T.,.PARAMETER.);
#14381=(BOUNDED_CURVE()CURVE()GEOMETRIC_REPRESENTATION_ITEM()REPRESENTATION_ITEM('')SURFACE_CURVE(#14375,(#14330),.CURVE_3D.));
#14382=COMPOSITE_CURVE_SEGMENT(.CONTINUOUS.,.T.,#14381);
#14383=OUTER_BOUNDARY_CURVE('',(#14343,#14356,#14369,#14382),.U.);
#14384=CURVE_BOUNDED_SURFACE('',#14330,(#14383),.F.);
#14385=STYLED_ITEM('',(#14386),#14384);
#14386=PRESENTATION_STYLE_ASSIGNMENT((#14387));
#14387=SURFACE_STYLE_USAGE(.POSITIVE.,#14388);
#14388=SURFACE_SIDE_STYLE('',(#14389));
#14389=SURFACE_STYLE_FILL_AREA(#14390);
#14390=FILL_AREA_STYLE('',(#14391));
#14391=FILL_AREA_STYLE_COLOUR('',#14392);
#14392=COLOUR_RGB('',0.0,0.0,1.0);
#14393=PRESENTATION_LAYER_ASSIGNMENT('7','',(#14384));
#14394=CARTESIAN_POINT('',(-53.403656257341126,4.335718917846681,-1.752731791594239));
#14395=DIRECTION('',(0.0,0.0,1.0));
#14396=DIRECTION('',(1.0,0.0,0.0));
#14397=AXIS2_PLACEMENT_3D('',#14394,#14395,#14396);
#14398=PLANE('',#14397);
#14399=CARTESIAN_POINT('',(-22.638656257341111,13.785718917846680,-1.752731791594239));
#14400=DIRECTION('',(-1.0,0.0,0.0));
#14401=VECTOR('',#14400,29.300000000000011);
#14402=LINE('',#14399,#14401);
#14403=CARTESIAN_POINT('',(-51.938656257341123,13.785718917846680,-1.752731791594239));
#14404=TRIMMED_CURVE('',#14402,(PARAMETER_VALUE(0.0),#14399),(PARAMETER_VALUE(1.0),#14403),.T.,.PARAMETER.);
#14410=(BOUNDED_CURVE()CURVE()GEOMETRIC_REPRESENTATION_ITEM()REPRESENTATION_ITEM('')SURFACE_CURVE(#14404,(#14398),.CURVE_3D.));
#14411=COMPOSITE_CURVE_SEGMENT(.CONTINUOUS.,.T.,#14410);
#14412=CARTESIAN_POINT('',(-51.938656257341123,13.785718917846680,-1.752731791594239));
#14413=DIRECTION('',(0.0,-1.0,0.0));
#14414=VECTOR('',#14413,8.699999999999999);
#14415=LINE('',#14412,#14414);
#14416=CARTESIAN_POINT('',(-51.938656257341123,5.085718917846680,-1.752731791594239));
#14417=TRIMMED_CURVE('',#14415,(PARAMETER_VALUE(0.0),#14412),(PARAMETER_VALUE(1.0),#14416),.T.,.PARAMETER.);
#14423=(BOUNDED_CURVE()CURVE()GEOMETRIC_REPRESENTATION_ITEM()REPRESENTATION_ITEM('')SURFACE_CURVE(#14417,(#14398),.CURVE_3D.));
#14424=COMPOSITE_CURVE_SEGMENT(.CONTINUOUS.,.T.,#14423);
#14425=CARTESIAN_POINT('',(-51.938656257341123,5.085718917846681,-1.752731791594239));
#14426=DIRECTION('',(1.0,0.0,0.0));
#14427=VECTOR('',#14426,4.299999999999997);
#14428=LINE('',#14425,#14427);
#14429=CARTESIAN_POINT('',(-47.638656257341125,5.085718917846681,-1.752731791594239));
#14430=TRIMMED_CURVE('',#14428,(PARAMETER_VALUE(0.0),#14425),(PARAMETER_VALUE(1.0),#14429),.T.,.PARAMETER.);
#14436=(BOUNDED_CURVE()CURVE()GEOMETRIC_REPRESENTATION_ITEM()REPRESENTATION_ITEM('')SURFACE_CURVE(#14430,(#14398),.CURVE_3D.));
#14437=COMPOSITE_CURVE_SEGMENT(.CONTINUOUS.,.T.,#14436);
#14438=CARTESIAN_POINT('',(-47.638656257341140,5.085718917846681,-1.752731791594239));
#14439=DIRECTION('',(0.0,-1.0,0.0));
#14440=VECTOR('',#14439,0.300000000000001);
#14441=LINE('',#14438,#14440);
#14442=CARTESIAN_POINT('',(-47.638656257341140,4.785718917846681,-1.752731791594239));
#14443=TRIMMED_CURVE('',#14441,(PARAMETER_VALUE(0.0),#14438),(PARAMETER_VALUE(1.0),#14442),.T.,.PARAMETER.);
#14449=(BOUNDED_CURVE()CURVE()GEOMETRIC_REPRESENTATION_ITEM()REPRESENTATION_ITEM('')SURFACE_CURVE(#14443,(#14398),.CURVE_3D.));
#14450=COMPOSITE_CURVE_SEGMENT(.CONTINUOUS.,.T.,#14449);
#14451=CARTESIAN_POINT('',(-47.638656257341140,4.785718917846682,-1.752731791594239));
#14452=DIRECTION('',(1.0,0.0,0.0));
#14453=VECTOR('',#14452,1.0);
#14454=LINE('',#14451,#14453);
#14455=CARTESIAN_POINT('',(-46.638656257341140,4.785718917846682,-1.752731791594239));
#14456=TRIMMED_CURVE('',#14454,(PARAMETER_VALUE(0.0),#14451),(PARAMETER_VALUE(1.0),#14455),.T.,.PARAMETER.);
#14462=(BOUNDED_CURVE()CURVE()GEOMETRIC_REPRESENTATION_ITEM()REPRESENTATION_ITEM('')SURFACE_CURVE(#14456,(#14398),.CURVE_3D.));
#14463=COMPOSITE_CURVE_SEGMENT(.CONTINUOUS.,.T.,#14462);
#14464=CARTESIAN_POINT('',(-46.638656257341140,4.785718917846682,-1.752731791594239));
#14465=DIRECTION('',(0.0,1.0,0.0));
#14466=VECTOR('',#14465,0.300000000000001);
#14467=LINE('',#14464,#14466);
#14468=CARTESIAN_POINT('',(-46.638656257341140,5.085718917846682,-1.752731791594239));
#14469=TRIMMED_CURVE('',#14467,(PARAMETER_VALUE(0.0),#14464),(PARAMETER_VALUE(1.0),#14468),.T.,.PARAMETER.);
#14475=(BOUNDED_CURVE()CURVE()GEOMETRIC_REPRESENTATION_ITEM()REPRESENTATION_ITEM('')SURFACE_CURVE(#14469,(#14398),.CURVE_3D.));
#14476=COMPOSITE_CURVE_SEGMENT(.CONTINUOUS.,.T.,#14475);
#14477=CARTESIAN_POINT('',(-46.638656257341140,5.085718917846681,-1.752731791594239));
#14478=DIRECTION('',(1.0,0.0,0.0));
#14479=VECTOR('',#14478,9.000000000000007);
#14480=LINE('',#14477,#14479);
#14481=CARTESIAN_POINT('',(-37.638656257341133,5.085718917846681,-1.752731791594239));
#14482=TRIMMED_CURVE('',#14480,(PARAMETER_VALUE(0.0),#14477),(PARAMETER_VALUE(1.0),#14481),.T.,.PARAMETER.);
#14488=(BOUNDED_CURVE()CURVE()GEOMETRIC_REPRESENTATION_ITEM()REPRESENTATION_ITEM('')SURFACE_CURVE(#14482,(#14398),.CURVE_3D.));
#14489=COMPOSITE_CURVE_SEGMENT(.CONTINUOUS.,.T.,#14488);
#14490=CARTESIAN_POINT('',(-37.638656257341118,5.085718917846681,-1.752731791594239));
#14491=DIRECTION('',(0.0,1.0,0.0));
#14492=VECTOR('',#14491,4.699999999999998);
#14493=LINE('',#14490,#14492);
#14494=CARTESIAN_POINT('',(-37.638656257341118,9.785718917846680,-1.752731791594239));
#14495=TRIMMED_CURVE('',#14493,(PARAMETER_VALUE(0.0),#14490),(PARAMETER_VALUE(1.0),#14494),.T.,.PARAMETER.);
#14501=(BOUNDED_CURVE()CURVE()GEOMETRIC_REPRESENTATION_ITEM()REPRESENTATION_ITEM('')SURFACE_CURVE(#14495,(#14398),.CURVE_3D.));
#14502=COMPOSITE_CURVE_SEGMENT(.CONTINUOUS.,.T.,#14501);
#14503=CARTESIAN_POINT('',(-37.638656257341118,9.785718917846683,-1.752731791594239));
#14504=DIRECTION('',(1.0,0.0,0.0));
#14505=VECTOR('',#14504,10.000000000000004);
#14506=LINE('',#14503,#14505);
#14507=CARTESIAN_POINT('',(-27.638656257341115,9.785718917846683,-1.752731791594239));
#14508=TRIMMED_CURVE('',#14506,(PARAMETER_VALUE(0.0),#14503),(PARAMETER_VALUE(1.0),#14507),.T.,.PARAMETER.);
#14514=(BOUNDED_CURVE()CURVE()GEOMETRIC_REPRESENTATION_ITEM()REPRESENTATION_ITEM('')SURFACE_CURVE(#14508,(#14398),.CURVE_3D.));
#14515=COMPOSITE_CURVE_SEGMENT(.CONTINUOUS.,.T.,#14514);
#14516=CARTESIAN_POINT('',(-27.638656257341111,9.785718917846683,-1.752731791594239));
#14517=DIRECTION('',(0.0,-1.0,0.0));
#14518=VECTOR('',#14517,4.999999999999998);
#14519=LINE('',#14516,#14518);
#14520=CARTESIAN_POINT('',(-27.638656257341111,4.785718917846685,-1.752731791594239));
#14521=TRIMMED_CURVE('',#14519,(PARAMETER_VALUE(0.0),#14516),(PARAMETER_VALUE(1.0),#14520),.T.,.PARAMETER.);
#14527=(BOUNDED_CURVE()CURVE()GEOMETRIC_REPRESENTATION_ITEM()REPRESENTATION_ITEM('')SURFACE_CURVE(#14521,(#14398),.CURVE_3D.));
#14528=COMPOSITE_CURVE_SEGMENT(.CONTINUOUS.,.T.,#14527);
#14529=CARTESIAN_POINT('',(-27.638656257341111,4.785718917846683,-1.752731791594239));
#14530=DIRECTION('',(1.0,0.0,0.0));
#14531=VECTOR('',#14530,1.000000000000004);
#14532=LINE('',#14529,#14531);
#14533=CARTESIAN_POINT('',(-26.638656257341108,4.785718917846683,-1.752731791594239));
#14534=TRIMMED_CURVE('',#14532,(PARAMETER_VALUE(0.0),#14529),(PARAMETER_VALUE(1.0),#14533),.T.,.PARAMETER.);
#14540=(BOUNDED_CURVE()CURVE()GEOMETRIC_REPRESENTATION_ITEM()REPRESENTATION_ITEM('')SURFACE_CURVE(#14534,(#14398),.CURVE_3D.));
#14541=COMPOSITE_CURVE_SEGMENT(.CONTINUOUS.,.T.,#14540);
#14542=CARTESIAN_POINT('',(-26.638656257341111,4.785718917846683,-1.752731791594239));
#14543=DIRECTION('',(0.0,1.0,0.0));
#14544=VECTOR('',#14543,0.299999999999994);
#14545=LINE('',#14542,#14544);
#14546=CARTESIAN_POINT('',(-26.638656257341111,5.085718917846677,-1.752731791594239));
#14547=TRIMMED_CURVE('',#14545,(PARAMETER_VALUE(0.0),#14542),(PARAMETER_VALUE(1.0),#14546),.T.,.PARAMETER.);
#14553=(BOUNDED_CURVE()CURVE()GEOMETRIC_REPRESENTATION_ITEM()REPRESENTATION_ITEM('')SURFACE_CURVE(#14547,(#14398),.CURVE_3D.));
#14554=COMPOSITE_CURVE_SEGMENT(.CONTINUOUS.,.T.,#14553);
#14555=CARTESIAN_POINT('',(-26.638656257341111,5.085718917846677,-1.752731791594239));
#14556=DIRECTION('',(1.0,0.0,0.0));
#14557=VECTOR('',#14556,4.000000000000004);
#14558=LINE('',#14555,#14557);
#14559=CARTESIAN_POINT('',(-22.638656257341108,5.085718917846677,-1.752731791594239));
#14560=TRIMMED_CURVE('',#14558,(PARAMETER_VALUE(0.0),#14555),(PARAMETER_VALUE(1.0),#14559),.T.,.PARAMETER.);
#14566=(BOUNDED_CURVE()CURVE()GEOMETRIC_REPRESENTATION_ITEM()REPRESENTATION_ITEM('')SURFACE_CURVE(#14560,(#14398),.CURVE_3D.));
#14567=COMPOSITE_CURVE_SEGMENT(.CONTINUOUS.,.T.,#14566);
#14568=CARTESIAN_POINT('',(-22.638656257341111,5.085718917846681,-1.752731791594239));
#14569=DIRECTION('',(0.0,1.0,0.0));
#14570=VECTOR('',#14569,8.699999999999999);
#14571=LINE('',#14568,#14570);
#14572=CARTESIAN_POINT('',(-22.638656257341111,13.785718917846680,-1.752731791594239));
#14573=TRIMMED_CURVE('',#14571,(PARAMETER_VALUE(0.0),#14568),(PARAMETER_VALUE(1.0),#14572),.T.,.PARAMETER.);
#14579=(BOUNDED_CURVE()CURVE()GEOMETRIC_REPRESENTATION_ITEM()REPRESENTATION_ITEM('')SURFACE_CURVE(#14573,(#14398),.CURVE_3D.));
#14580=COMPOSITE_CURVE_SEGMENT(.CONTINUOUS.,.T.,#14579);
#14581=OUTER_BOUNDARY_CURVE('',(#14411,#14424,#14437,#14450,#14463,#14476,#14489,#14502,#14515,#14528,#14541,#14554,#14567,#14580),.U.);
#14582=CURVE_BOUNDED_SURFACE('',#14398,(#14581),.F.);
#14583=STYLED_ITEM('',(#14584),#14582);
#14584=PRESENTATION_STYLE_ASSIGNMENT((#14585));
#14585=SURFACE_STYLE_USAGE(.POSITIVE.,#14586);
#14586=SURFACE_SIDE_STYLE('',(#14587));
#14587=SURFACE_STYLE_FILL_AREA(#14588);
#14588=FILL_AREA_STYLE('',(#14589));
#14589=FILL_AREA_STYLE_COLOUR('',#14590);
#14590=COLOUR_RGB('',0.0,0.0,1.0);
#14591=PRESENTATION_LAYER_ASSIGNMENT('7','',(#14582));
#14592=CARTESIAN_POINT('',(-53.403656257341126,4.335718917846681,11.247268208405760));
#14593=DIRECTION('',(0.0,0.0,1.0));
#14594=DIRECTION('',(1.0,0.0,0.0));
#14595=AXIS2_PLACEMENT_3D('',#14592,#14593,#14594);
#14596=PLANE('',#14595);
#14597=CARTESIAN_POINT('',(-51.938656257341123,13.785718917846680,11.247268208405760));
#14598=DIRECTION('',(0.0,-1.0,0.0));
#14599=VECTOR('',#14598,8.699999999999999);
#14600=LINE('',#14597,#14599);
#14601=CARTESIAN_POINT('',(-51.938656257341123,5.085718917846680,11.247268208405760));
#14602=TRIMMED_CURVE('',#14600,(PARAMETER_VALUE(0.0),#14597),(PARAMETER_VALUE(1.0),#14601),.T.,.PARAMETER.);
#14608=(BOUNDED_CURVE()CURVE()GEOMETRIC_REPRESENTATION_ITEM()REPRESENTATION_ITEM('')SURFACE_CURVE(#14602,(#14596),.CURVE_3D.));
#14609=COMPOSITE_CURVE_SEGMENT(.CONTINUOUS.,.T.,#14608);
#14610=CARTESIAN_POINT('',(-51.938656257341123,5.085718917846681,11.247268208405760));
#14611=DIRECTION('',(1.0,0.0,0.0));
#14612=VECTOR('',#14611,4.299999999999997);
#14613=LINE('',#14610,#14612);
#14614=CARTESIAN_POINT('',(-47.638656257341125,5.085718917846681,11.247268208405760));
#14615=TRIMMED_CURVE('',#14613,(PARAMETER_VALUE(0.0),#14610),(PARAMETER_VALUE(1.0),#14614),.T.,.PARAMETER.);
#14621=(BOUNDED_CURVE()CURVE()GEOMETRIC_REPRESENTATION_ITEM()REPRESENTATION_ITEM('')SURFACE_CURVE(#14615,(#14596),.CURVE_3D.));
#14622=COMPOSITE_CURVE_SEGMENT(.CONTINUOUS.,.T.,#14621);
#14623=CARTESIAN_POINT('',(-47.638656257341140,5.085718917846681,11.247268208405760));
#14624=DIRECTION('',(0.0,-1.0,0.0));
#14625=VECTOR('',#14624,0.300000000000001);
#14626=LINE('',#14623,#14625);
#14627=CARTESIAN_POINT('',(-47.638656257341140,4.785718917846681,11.247268208405760));
#14628=TRIMMED_CURVE('',#14626,(PARAMETER_VALUE(0.0),#14623),(PARAMETER_VALUE(1.0),#14627),.T.,.PARAMETER.);
#14634=(BOUNDED_CURVE()CURVE()GEOMETRIC_REPRESENTATION_ITEM()REPRESENTATION_ITEM('')SURFACE_CURVE(#14628,(#14596),.CURVE_3D.));
#14635=COMPOSITE_CURVE_SEGMENT(.CONTINUOUS.,.T.,#14634);
#14636=CARTESIAN_POINT('',(-47.638656257341140,4.785718917846682,11.247268208405760));
#14637=DIRECTION('',(1.0,0.0,0.0));
#14638=VECTOR('',#14637,1.0);
#14639=LINE('',#14636,#14638);
#14640=CARTESIAN_POINT('',(-46.638656257341140,4.785718917846682,11.247268208405760));
#14641=TRIMMED_CURVE('',#14639,(PARAMETER_VALUE(0.0),#14636),(PARAMETER_VALUE(1.0),#14640),.T.,.PARAMETER.);
#14647=(BOUNDED_CURVE()CURVE()GEOMETRIC_REPRESENTATION_ITEM()REPRESENTATION_ITEM('')SURFACE_CURVE(#14641,(#14596),.CURVE_3D.));
#14648=COMPOSITE_CURVE_SEGMENT(.CONTINUOUS.,.T.,#14647);
#14649=CARTESIAN_POINT('',(-46.638656257341140,4.785718917846682,11.247268208405760));
#14650=DIRECTION('',(0.0,1.0,0.0));
#14651=VECTOR('',#14650,0.300000000000001);
#14652=LINE('',#14649,#14651);
#14653=CARTESIAN_POINT('',(-46.638656257341140,5.085718917846682,11.247268208405760));
#14654=TRIMMED_CURVE('',#14652,(PARAMETER_VALUE(0.0),#14649),(PARAMETER_VALUE(1.0),#14653),.T.,.PARAMETER.);
#14660=(BOUNDED_CURVE()CURVE()GEOMETRIC_REPRESENTATION_ITEM()REPRESENTATION_ITEM('')SURFACE_CURVE(#14654,(#14596),.CURVE_3D.));
#14661=COMPOSITE_CURVE_SEGMENT(.CONTINUOUS.,.T.,#14660);
#14662=CARTESIAN_POINT('',(-46.638656257341140,5.085718917846681,11.247268208405760));
#14663=DIRECTION('',(1.0,0.0,0.0));
#14664=VECTOR('',#14663,9.000000000000007);
#14665=LINE('',#14662,#14664);
#14666=CARTESIAN_POINT('',(-37.638656257341133,5.085718917846681,11.247268208405760));
#14667=TRIMMED_CURVE('',#14665,(PARAMETER_VALUE(0.0),#14662),(PARAMETER_VALUE(1.0),#14666),.T.,.PARAMETER.);
#14673=(BOUNDED_CURVE()CURVE()GEOMETRIC_REPRESENTATION_ITEM()REPRESENTATION_ITEM('')SURFACE_CURVE(#14667,(#14596),.CURVE_3D.));
#14674=COMPOSITE_CURVE_SEGMENT(.CONTINUOUS.,.T.,#14673);
#14675=CARTESIAN_POINT('',(-37.638656257341118,5.085718917846681,11.247268208405760));
#14676=DIRECTION('',(0.0,1.0,0.0));
#14677=VECTOR('',#14676,4.699999999999998);
#14678=LINE('',#14675,#14677);
#14679=CARTESIAN_POINT('',(-37.638656257341118,9.785718917846680,11.247268208405760));
#14680=TRIMMED_CURVE('',#14678,(PARAMETER_VALUE(0.0),#14675),(PARAMETER_VALUE(1.0),#14679),.T.,.PARAMETER.);
#14686=(BOUNDED_CURVE()CURVE()GEOMETRIC_REPRESENTATION_ITEM()REPRESENTATION_ITEM('')SURFACE_CURVE(#14680,(#14596),.CURVE_3D.));
#14687=COMPOSITE_CURVE_SEGMENT(.CONTINUOUS.,.T.,#14686);
#14688=CARTESIAN_POINT('',(-37.638656257341118,9.785718917846683,11.247268208405760));
#14689=DIRECTION('',(1.0,0.0,0.0));
#14690=VECTOR('',#14689,10.000000000000007);
#14691=LINE('',#14688,#14690);
#14692=CARTESIAN_POINT('',(-27.638656257341111,9.785718917846683,11.247268208405760));
#14693=TRIMMED_CURVE('',#14691,(PARAMETER_VALUE(0.0),#14688),(PARAMETER_VALUE(1.0),#14692),.T.,.PARAMETER.);
#14699=(BOUNDED_CURVE()CURVE()GEOMETRIC_REPRESENTATION_ITEM()REPRESENTATION_ITEM('')SURFACE_CURVE(#14693,(#14596),.CURVE_3D.));
#14700=COMPOSITE_CURVE_SEGMENT(.CONTINUOUS.,.T.,#14699);
#14701=CARTESIAN_POINT('',(-27.638656257341111,9.785718917846683,11.247268208405760));
#14702=DIRECTION('',(0.0,-1.0,0.0));
#14703=VECTOR('',#14702,4.999999999999998);
#14704=LINE('',#14701,#14703);
#14705=CARTESIAN_POINT('',(-27.638656257341111,4.785718917846685,11.247268208405760));
#14706=TRIMMED_CURVE('',#14704,(PARAMETER_VALUE(0.0),#14701),(PARAMETER_VALUE(1.0),#14705),.T.,.PARAMETER.);
#14712=(BOUNDED_CURVE()CURVE()GEOMETRIC_REPRESENTATION_ITEM()REPRESENTATION_ITEM('')SURFACE_CURVE(#14706,(#14596),.CURVE_3D.));
#14713=COMPOSITE_CURVE_SEGMENT(.CONTINUOUS.,.T.,#14712);
#14714=CARTESIAN_POINT('',(-27.638656257341111,4.785718917846683,11.247268208405760));
#14715=DIRECTION('',(1.0,0.0,0.0));
#14716=VECTOR('',#14715,1.000000000000004);
#14717=LINE('',#14714,#14716);
#14718=CARTESIAN_POINT('',(-26.638656257341108,4.785718917846683,11.247268208405760));
#14719=TRIMMED_CURVE('',#14717,(PARAMETER_VALUE(0.0),#14714),(PARAMETER_VALUE(1.0),#14718),.T.,.PARAMETER.);
#14725=(BOUNDED_CURVE()CURVE()GEOMETRIC_REPRESENTATION_ITEM()REPRESENTATION_ITEM('')SURFACE_CURVE(#14719,(#14596),.CURVE_3D.));
#14726=COMPOSITE_CURVE_SEGMENT(.CONTINUOUS.,.T.,#14725);
#14727=CARTESIAN_POINT('',(-26.638656257341111,4.785718917846683,11.247268208405760));
#14728=DIRECTION('',(0.0,1.0,0.0));
#14729=VECTOR('',#14728,0.299999999999994);
#14730=LINE('',#14727,#14729);
#14731=CARTESIAN_POINT('',(-26.638656257341111,5.085718917846677,11.247268208405760));
#14732=TRIMMED_CURVE('',#14730,(PARAMETER_VALUE(0.0),#14727),(PARAMETER_VALUE(1.0),#14731),.T.,.PARAMETER.);
#14738=(BOUNDED_CURVE()CURVE()GEOMETRIC_REPRESENTATION_ITEM()REPRESENTATION_ITEM('')SURFACE_CURVE(#14732,(#14596),.CURVE_3D.));
#14739=COMPOSITE_CURVE_SEGMENT(.CONTINUOUS.,.T.,#14738);
#14740=CARTESIAN_POINT('',(-26.638656257341111,5.085718917846681,11.247268208405760));
#14741=DIRECTION('',(1.0,0.0,0.0));
#14742=VECTOR('',#14741,4.000000000000004);
#14743=LINE('',#14740,#14742);
#14744=CARTESIAN_POINT('',(-22.638656257341108,5.085718917846681,11.247268208405760));
#14745=TRIMMED_CURVE('',#14743,(PARAMETER_VALUE(0.0),#14740),(PARAMETER_VALUE(1.0),#14744),.T.,.PARAMETER.);
#14751=(BOUNDED_CURVE()CURVE()GEOMETRIC_REPRESENTATION_ITEM()REPRESENTATION_ITEM('')SURFACE_CURVE(#14745,(#14596),.CURVE_3D.));
#14752=COMPOSITE_CURVE_SEGMENT(.CONTINUOUS.,.T.,#14751);
#14753=CARTESIAN_POINT('',(-22.638656257341111,5.085718917846681,11.247268208405760));
#14754=DIRECTION('',(0.0,1.0,0.0));
#14755=VECTOR('',#14754,8.699999999999999);
#14756=LINE('',#14753,#14755);
#14757=CARTESIAN_POINT('',(-22.638656257341111,13.785718917846680,11.247268208405760));
#14758=TRIMMED_CURVE('',#14756,(PARAMETER_VALUE(0.0),#14753),(PARAMETER_VALUE(1.0),#14757),.T.,.PARAMETER.);
#14764=(BOUNDED_CURVE()CURVE()GEOMETRIC_REPRESENTATION_ITEM()REPRESENTATION_ITEM('')SURFACE_CURVE(#14758,(#14596),.CURVE_3D.));
#14765=COMPOSITE_CURVE_SEGMENT(.CONTINUOUS.,.T.,#14764);
#14766=CARTESIAN_POINT('',(-22.638656257341111,13.785718917846680,11.247268208405760));
#14767=DIRECTION('',(-1.0,0.0,0.0));
#14768=VECTOR('',#14767,29.300000000000011);
#14769=LINE('',#14766,#14768);
#14770=CARTESIAN_POINT('',(-51.938656257341123,13.785718917846680,11.247268208405760));
#14771=TRIMMED_CURVE('',#14769,(PARAMETER_VALUE(0.0),#14766),(PARAMETER_VALUE(1.0),#14770),.T.,.PARAMETER.);
#14777=(BOUNDED_CURVE()CURVE()GEOMETRIC_REPRESENTATION_ITEM()REPRESENTATION_ITEM('')SURFACE_CURVE(#14771,(#14596),.CURVE_3D.));
#14778=COMPOSITE_CURVE_SEGMENT(.CONTINUOUS.,.T.,#14777);
#14779=OUTER_BOUNDARY_CURVE('',(#14609,#14622,#14635,#14648,#14661,#14674,#14687,#14700,#14713,#14726,#14739,#14752,#14765,#14778),.U.);
#14780=CURVE_BOUNDED_SURFACE('',#14596,(#14779),.F.);
#14781=STYLED_ITEM('',(#14782),#14780);
#14782=PRESENTATION_STYLE_ASSIGNMENT((#14783));
#14783=SURFACE_STYLE_USAGE(.POSITIVE.,#14784);
#14784=SURFACE_SIDE_STYLE('',(#14785));
#14785=SURFACE_STYLE_FILL_AREA(#14786);
#14786=FILL_AREA_STYLE('',(#14787));
#14787=FILL_AREA_STYLE_COLOUR('',#14788);
#14788=COLOUR_RGB('',0.0,0.0,1.0);
#14789=PRESENTATION_LAYER_ASSIGNMENT('7','',(#14780));
#14790=CARTESIAN_POINT('',(-25.578656257341123,5.285718917846680,0.172268208405758));
#14791=DIRECTION('',(0.0,1.0,0.0));
#14792=DIRECTION('',(0.0,0.0,1.0));
#14793=AXIS2_PLACEMENT_3D('',#14790,#14791,#14792);
#14794=PLANE('',#14793);
#14795=CARTESIAN_POINT('',(-25.538656257341124,5.285718917846680,0.247268208405758));
#14796=DIRECTION('',(0.0,0.0,1.0));
#14797=VECTOR('',#14796,1.500000000000003);
#14798=LINE('',#14795,#14797);
#14799=CARTESIAN_POINT('',(-25.538656257341124,5.285718917846680,1.747268208405761));
#14800=TRIMMED_CURVE('',#14798,(PARAMETER_VALUE(0.0),#14795),(PARAMETER_VALUE(1.0),#14799),.T.,.PARAMETER.);
#14806=(BOUNDED_CURVE()CURVE()GEOMETRIC_REPRESENTATION_ITEM()REPRESENTATION_ITEM('')SURFACE_CURVE(#14800,(#14794),.CURVE_3D.));
#14807=COMPOSITE_CURVE_SEGMENT(.CONTINUOUS.,.T.,#14806);
#14808=CARTESIAN_POINT('',(-25.538656257341124,5.285718917846680,1.747268208405760));
#14809=DIRECTION('',(1.0,0.0,0.0));
#14810=VECTOR('',#14809,0.800000000000011);
#14811=LINE('',#14808,#14810);
#14812=CARTESIAN_POINT('',(-24.738656257341113,5.285718917846680,1.747268208405760));
#14813=TRIMMED_CURVE('',#14811,(PARAMETER_VALUE(0.0),#14808),(PARAMETER_VALUE(1.0),#14812),.T.,.PARAMETER.);
#14819=(BOUNDED_CURVE()CURVE()GEOMETRIC_REPRESENTATION_ITEM()REPRESENTATION_ITEM('')SURFACE_CURVE(#14813,(#14794),.CURVE_3D.));
#14820=COMPOSITE_CURVE_SEGMENT(.CONTINUOUS.,.T.,#14819);
#14821=CARTESIAN_POINT('',(-24.738656257341123,5.285718917846680,1.747268208405760));
#14822=DIRECTION('',(0.0,0.0,-1.0));
#14823=VECTOR('',#14822,1.500000000000002);
#14824=LINE('',#14821,#14823);
#14825=CARTESIAN_POINT('',(-24.738656257341123,5.285718917846680,0.247268208405758));
#14826=TRIMMED_CURVE('',#14824,(PARAMETER_VALUE(0.0),#14821),(PARAMETER_VALUE(1.0),#14825),.T.,.PARAMETER.);
#14832=(BOUNDED_CURVE()CURVE()GEOMETRIC_REPRESENTATION_ITEM()REPRESENTATION_ITEM('')SURFACE_CURVE(#14826,(#14794),.CURVE_3D.));
#14833=COMPOSITE_CURVE_SEGMENT(.CONTINUOUS.,.T.,#14832);
#14834=CARTESIAN_POINT('',(-24.738656257341123,5.285718917846680,0.247268208405758));
#14835=DIRECTION('',(-1.0,0.0,0.0));
#14836=VECTOR('',#14835,0.800000000000011);
#14837=LINE('',#14834,#14836);
#14838=CARTESIAN_POINT('',(-25.538656257341135,5.285718917846680,0.247268208405758));
#14839=TRIMMED_CURVE('',#14837,(PARAMETER_VALUE(0.0),#14834),(PARAMETER_VALUE(1.0),#14838),.T.,.PARAMETER.);
#14845=(BOUNDED_CURVE()CURVE()GEOMETRIC_REPRESENTATION_ITEM()REPRESENTATION_ITEM('')SURFACE_CURVE(#14839,(#14794),.CURVE_3D.));
#14846=COMPOSITE_CURVE_SEGMENT(.CONTINUOUS.,.T.,#14845);
#14847=OUTER_BOUNDARY_CURVE('',(#14807,#14820,#14833,#14846),.U.);
#14848=CURVE_BOUNDED_SURFACE('',#14794,(#14847),.F.);
#14849=STYLED_ITEM('',(#14850),#14848);
#14850=PRESENTATION_STYLE_ASSIGNMENT((#14851));
#14851=SURFACE_STYLE_USAGE(.POSITIVE.,#14852);
#14852=SURFACE_SIDE_STYLE('',(#14853));
#14853=SURFACE_STYLE_FILL_AREA(#14854);
#14854=FILL_AREA_STYLE('',(#14855));
#14855=FILL_AREA_STYLE_COLOUR('',#14856);
#14856=COLOUR_RGB('',0.705882352941176,0.470588235294118,0.470588235294118);
#14857=PRESENTATION_LAYER_ASSIGNMENT('7','',(#14848));
#14863=(NAMED_UNIT(*)PLANE_ANGLE_UNIT()SI_UNIT($,.RADIAN.));
#14864=DIMENSIONAL_EXPONENTS(0.0,0.0,0.0,0.0,0.0,0.0,0.0);
#14865=PLANE_ANGLE_MEASURE_WITH_UNIT(PLANE_ANGLE_MEASURE(0.017453292500000),#14863);
#14869=(CONVERSION_BASED_UNIT('DEGREE',#14865)NAMED_UNIT(#14864)PLANE_ANGLE_UNIT());
#14873=(NAMED_UNIT(*)SI_UNIT($,.STERADIAN.)SOLID_ANGLE_UNIT());
#14877=(LENGTH_UNIT()NAMED_UNIT(*)SI_UNIT(.MILLI.,.METRE.));
#14879=UNCERTAINTY_MEASURE_WITH_UNIT(LENGTH_MEASURE(0.001000000000000),#14877,'DISTANCE_ACCURACY_VALUE','');
#14881=(GEOMETRIC_REPRESENTATION_CONTEXT(3)GLOBAL_UNCERTAINTY_ASSIGNED_CONTEXT((#14879))GLOBAL_UNIT_ASSIGNED_CONTEXT((#14869,#14873,#14877))REPRESENTATION_CONTEXT('thinkdesign','2007.1.106'));
#14882=GEOMETRIC_SET('',(#60,#128,#196,#264,#332,#400,#468,#536,#604,#672,#740,#808,#876,#944,#1012,#1080,#1148,#1216,#1284,#1352,#1420,#1488,#1556,#1624,#1692,#1760,#1828,#1896,#1964,#2032,#2100,#2168,#2240,#2312,#2394,#2466,#2556,#2628,#2700,#3233,#3406,#3571,#3643,#3715,#3805,#3877,#3959,#4079,#4147,#4215,#4283,#4351,#4419,#4487,#5117,#5211,#5305,#5399,#5467,#5561,#5629,#5697,#5765,#5833,#5901,#6066,#6134,#6202,#6270,#6390,#6458,#6578,#6646,#6714,#6811,#6913,#7015,#7083,#7151,#7245,#7313,#7407,#7475,#7543,#7637,#7705,#7773,#7841,#7909,#8003,#8071,#8165,#8233,#8301,#8369,#8463,#8531,#8625,#8693,#8761,#8855,#8923,#8991,#9059,#9153,#9221,#9289,#9357,#9425,#9519,#9587,#9681,#9749,#9817,#9885,#9979,#10047,#10141,#10209,#10277,#10345,#10413,#10481,#10549,#10617,#10711,#10779,#10847,#10915,#11009,#11077,#11145,#11239,#11307,#11375,#11443,#11511,#11579,#11647,#11715,#11783,#11851,#11919,#11987,#12081,#12175,#12243,#12337,#12431,#12499,#12593,#12687,#12781,#12875,#12943,#13037,#13131,#13199,#13293,#13387,#13455,#13549,#13643,#13711,#13805,#13899,#13967,#14180,#14248,#14316,#14384,#14582,#14780,#14848));
#14883=GEOMETRICALLY_BOUNDED_SURFACE_SHAPE_REPRESENTATION('',(#14882),#14881);
#14884=APPLICATION_CONTEXT('automotive design');
#14885=APPLICATION_PROTOCOL_DEFINITION('Draft International Standard','automotive_design',1998,#14884);
#14886=PRODUCT_CONTEXT('None',#14884,'mechanical');
#14887=PRODUCT('None','None','None',(#14886));
#14888=PRODUCT_RELATED_PRODUCT_CATEGORY('part','description',(#14887));
#14889=PRODUCT_DEFINITION_FORMATION('None','None',#14887);
#14890=PRODUCT_DEFINITION_CONTEXT('part definition',#14884,'design');
#14891=PRODUCT_DEFINITION('None','None',#14889,#14890);
#14892=PRODUCT_DEFINITION_SHAPE('None','None',#14891);
#14893=SHAPE_DEFINITION_REPRESENTATION(#14892,#14883);
#14894=DIMENSIONAL_EXPONENTS(0.0,0.0,0.0,0.0,0.0,0.0,0.0);
#14895=DIMENSIONAL_EXPONENTS(1.0,0.0,0.0,0.0,0.0,0.0,0.0);
ENDSEC;
END-ISO-10303-21;
