ISO-10303-21;
HEADER;
FILE_DESCRIPTION (( 'STEP AP203' ),
    '1' );
FILE_NAME ('G5RL_1_E_HR.step',
    '2014-06-25T06:26:51',
    ( 'OSMC1.0    ' ),
    ( ' ' ),
    'SwSTEP 2.0',
    'SolidWorks 2002025',
    '' );
FILE_SCHEMA (( 'CONFIG_CONTROL_DESIGN' ));
ENDSEC;

DATA;
#1 = VERTEX_POINT ( 'NONE', #206 ) ;
#2 = VERTEX_POINT ( 'NONE', #208 ) ;
#3 = ORIENTED_EDGE ( 'NONE', *, *, #1847, .T. ) ;
#4 = EDGE_CURVE ( 'NONE', #2263, #1634, #219, .T. ) ;
#5 = ADVANCED_FACE ( 'NONE', ( #225 ), #226, .T. ) ;
#6 = ORIENTED_EDGE ( 'NONE', *, *, #12, .F. ) ;
#7 = ADVANCED_FACE ( 'NONE', ( #231 ), #232, .F. ) ;
#8 = ORIENTED_EDGE ( 'NONE', *, *, #155, .F. ) ;
#9 = ORIENTED_EDGE ( 'NONE', *, *, #136, .F. ) ;
#10 = ORIENTED_EDGE ( 'NONE', *, *, #1962, .T. ) ;
#11 = EDGE_CURVE ( 'NONE', #1797, #2271, #237, .T. ) ;
#12 = EDGE_CURVE ( 'NONE', #1889, #1, #245, .T. ) ;
#13 = EDGE_CURVE ( 'NONE', #184, #2061, #249, .T. ) ;
#14 = VERTEX_POINT ( 'NONE', #253 ) ;
#15 = VERTEX_POINT ( 'NONE', #254 ) ;
#16 = EDGE_CURVE ( 'NONE', #1893, #1833, #255, .T. ) ;
#17 = ADVANCED_FACE ( 'NONE', ( #261 ), #262, .F. ) ;
#18 = ORIENTED_EDGE ( 'NONE', *, *, #1788, .T. ) ;
#19 = ADVANCED_FACE ( 'NONE', ( #267 ), #268, .F. ) ;
#20 = ORIENTED_EDGE ( 'NONE', *, *, #2305, .T. ) ;
#21 = EDGE_CURVE ( 'NONE', #40, #2194, #273, .T. ) ;
#22 = ADVANCED_FACE ( 'NONE', ( #281 ), #282, .F. ) ;
#23 = ORIENTED_EDGE ( 'NONE', *, *, #103, .T. ) ;
#24 = ORIENTED_EDGE ( 'NONE', *, *, #66, .F. ) ;
#25 = ORIENTED_EDGE ( 'NONE', *, *, #33, .T. ) ;
#26 = ADVANCED_FACE ( 'NONE', ( #287 ), #288, .F. ) ;
#27 = VERTEX_POINT ( 'NONE', #293 ) ;
#28 = EDGE_CURVE ( 'NONE', #1374, #180, #294, .T. ) ;
#29 = VERTEX_POINT ( 'NONE', #298 ) ;
#30 = ORIENTED_EDGE ( 'NONE', *, *, #1990, .T. ) ;
#31 = EDGE_LOOP ( 'NONE', ( #187, #1266, #42, #52 ) ) ;
#32 = EDGE_CURVE ( 'NONE', #1925, #116, #313, .T. ) ;
#33 = EDGE_CURVE ( 'NONE', #2047, #1888, #317, .T. ) ;
#34 = VERTEX_POINT ( 'NONE', #327 ) ;
#35 = ORIENTED_EDGE ( 'NONE', *, *, #32, .T. ) ;
#36 = EDGE_CURVE ( 'NONE', #2076, #99, #328, .T. ) ;
#37 = ORIENTED_EDGE ( 'NONE', *, *, #2052, .T. ) ;
#38 = VERTEX_POINT ( 'NONE', #336 ) ;
#39 = EDGE_CURVE ( 'NONE', #2236, #2047, #337, .T. ) ;
#40 = VERTEX_POINT ( 'NONE', #341 ) ;
#41 = ORIENTED_EDGE ( 'NONE', *, *, #2049, .F. ) ;
#42 = ORIENTED_EDGE ( 'NONE', *, *, #2119, .T. ) ;
#43 = ORIENTED_EDGE ( 'NONE', *, *, #1246, .T. ) ;
#44 = ORIENTED_EDGE ( 'NONE', *, *, #2272, .T. ) ;
#45 = ORIENTED_EDGE ( 'NONE', *, *, #1883, .F. ) ;
#46 = ORIENTED_EDGE ( 'NONE', *, *, #159, .T. ) ;
#47 = VERTEX_POINT ( 'NONE', #351 ) ;
#48 = EDGE_LOOP ( 'NONE', ( #1900, #2293, #204, #2077 ) ) ;
#49 = ORIENTED_EDGE ( 'NONE', *, *, #1974, .F. ) ;
#50 = EDGE_CURVE ( 'NONE', #1874, #158, #360, .T. ) ;
#51 = ORIENTED_EDGE ( 'NONE', *, *, #2165, .F. ) ;
#52 = ORIENTED_EDGE ( 'NONE', *, *, #2021, .F. ) ;
#53 = ADVANCED_FACE ( 'NONE', ( #365 ), #366, .F. ) ;
#54 = EDGE_CURVE ( 'NONE', #2063, #183, #375, .T. ) ;
#55 = EDGE_CURVE ( 'NONE', #116, #2101, #380, .T. ) ;
#56 = ORIENTED_EDGE ( 'NONE', *, *, #1954, .F. ) ;
#57 = VERTEX_POINT ( 'NONE', #390 ) ;
#58 = ORIENTED_EDGE ( 'NONE', *, *, #54, .T. ) ;
#59 = ORIENTED_EDGE ( 'NONE', *, *, #1427, .T. ) ;
#60 = EDGE_CURVE ( 'NONE', #14, #34, #399, .T. ) ;
#61 = VERTEX_POINT ( 'NONE', #403 ) ;
#62 = ORIENTED_EDGE ( 'NONE', *, *, #1962, .F. ) ;
#63 = ORIENTED_EDGE ( 'NONE', *, *, #74, .T. ) ;
#64 = ORIENTED_EDGE ( 'NONE', *, *, #2288, .F. ) ;
#65 = EDGE_CURVE ( 'NONE', #1855, #2184, #404, .T. ) ;
#66 = EDGE_CURVE ( 'NONE', #2135, #2263, #412, .T. ) ;
#67 = ORIENTED_EDGE ( 'NONE', *, *, #1958, .F. ) ;
#68 = ORIENTED_EDGE ( 'NONE', *, *, #54, .F. ) ;
#69 = VERTEX_POINT ( 'NONE', #419 ) ;
#70 = EDGE_LOOP ( 'NONE', ( #1876, #1901, #2108, #2112 ) ) ;
#71 = EDGE_LOOP ( 'NONE', ( #2054, #2123, #469, #2227 ) ) ;
#72 = ORIENTED_EDGE ( 'NONE', *, *, #1998, .T. ) ;
#73 = ORIENTED_EDGE ( 'NONE', *, *, #76, .T. ) ;
#74 = EDGE_CURVE ( 'NONE', #2216, #14, #424, .T. ) ;
#75 = ADVANCED_FACE ( 'NONE', ( #428 ), #429, .T. ) ;
#76 = EDGE_CURVE ( 'NONE', #1652, #2167, #434, .T. ) ;
#77 = EDGE_LOOP ( 'NONE', ( #1904, #1408, #1963, #84 ) ) ;
#78 = ORIENTED_EDGE ( 'NONE', *, *, #2025, .T. ) ;
#79 = ADVANCED_FACE ( 'NONE', ( #451 ), #452, .F. ) ;
#80 = ORIENTED_EDGE ( 'NONE', *, *, #139, .T. ) ;
#81 = EDGE_LOOP ( 'NONE', ( #2014, #448, #96, #1286 ) ) ;
#82 = VERTEX_POINT ( 'NONE', #464 ) ;
#83 = ORIENTED_EDGE ( 'NONE', *, *, #711, .F. ) ;
#84 = ORIENTED_EDGE ( 'NONE', *, *, #1858, .F. ) ;
#85 = ORIENTED_EDGE ( 'NONE', *, *, #1944, .F. ) ;
#86 = ADVANCED_FACE ( 'NONE', ( #477 ), #478, .F. ) ;
#87 = VERTEX_POINT ( 'NONE', #483 ) ;
#88 = ADVANCED_FACE ( 'NONE', ( #484 ), #485, .F. ) ;
#89 = ORIENTED_EDGE ( 'NONE', *, *, #2288, .T. ) ;
#90 = ORIENTED_EDGE ( 'NONE', *, *, #97, .F. ) ;
#91 = ORIENTED_EDGE ( 'NONE', *, *, #624, .F. ) ;
#92 = EDGE_CURVE ( 'NONE', #1288, #94, #495, .T. ) ;
#93 = EDGE_CURVE ( 'NONE', #1, #2167, #507, .T. ) ;
#94 = VERTEX_POINT ( 'NONE', #522 ) ;
#95 = VERTEX_POINT ( 'NONE', #527 ) ;
#96 = ORIENTED_EDGE ( 'NONE', *, *, #1984, .T. ) ;
#97 = EDGE_CURVE ( 'NONE', #2173, #2175, #534, .T. ) ;
#98 = ADVANCED_FACE ( 'NONE', ( #541 ), #542, .T. ) ;
#99 = VERTEX_POINT ( 'NONE', #547 ) ;
#100 = ORIENTED_EDGE ( 'NONE', *, *, #1928, .F. ) ;
#101 = VERTEX_POINT ( 'NONE', #569 ) ;
#102 = VERTEX_POINT ( 'NONE', #577 ) ;
#103 = EDGE_CURVE ( 'NONE', #1374, #40, #583, .T. ) ;
#104 = ORIENTED_EDGE ( 'NONE', *, *, #1894, .F. ) ;
#105 = ORIENTED_EDGE ( 'NONE', *, *, #92, .F. ) ;
#106 = EDGE_LOOP ( 'NONE', ( #2224, #2290, #898, #1798 ) ) ;
#107 = EDGE_CURVE ( 'NONE', #1855, #1893, #612, .T. ) ;
#108 = ORIENTED_EDGE ( 'NONE', *, *, #1856, .F. ) ;
#109 = EDGE_CURVE ( 'NONE', #95, #829, #629, .T. ) ;
#110 = ORIENTED_EDGE ( 'NONE', *, *, #1176, .F. ) ;
#111 = ORIENTED_EDGE ( 'NONE', *, *, #2295, .T. ) ;
#112 = ORIENTED_EDGE ( 'NONE', *, *, #2198, .F. ) ;
#113 = EDGE_CURVE ( 'NONE', #2194, #2083, #652, .T. ) ;
#114 = ORIENTED_EDGE ( 'NONE', *, *, #160, .T. ) ;
#115 = VERTEX_POINT ( 'NONE', #656 ) ;
#116 = VERTEX_POINT ( 'NONE', #657 ) ;
#117 = ORIENTED_EDGE ( 'NONE', *, *, #16, .F. ) ;
#118 = ORIENTED_EDGE ( 'NONE', *, *, #1176, .T. ) ;
#119 = EDGE_LOOP ( 'NONE', ( #2259, #938, #1916, #192 ) ) ;
#120 = EDGE_LOOP ( 'NONE', ( #2150, #110, #1789, #2156 ) ) ;
#121 = ORIENTED_EDGE ( 'NONE', *, *, #2035, .T. ) ;
#122 = EDGE_LOOP ( 'NONE', ( #2269, #35, #205, #936 ) ) ;
#123 = ORIENTED_EDGE ( 'NONE', *, *, #132, .F. ) ;
#124 = EDGE_CURVE ( 'NONE', #1975, #1970, #687, .T. ) ;
#125 = ORIENTED_EDGE ( 'NONE', *, *, #2072, .F. ) ;
#126 = ORIENTED_EDGE ( 'NONE', *, *, #1809, .F. ) ;
#127 = ADVANCED_FACE ( 'NONE', ( #700 ), #701, .F. ) ;
#128 = VERTEX_POINT ( 'NONE', #717 ) ;
#129 = ORIENTED_EDGE ( 'NONE', *, *, #201, .T. ) ;
#130 = ORIENTED_EDGE ( 'NONE', *, *, #1984, .F. ) ;
#131 = EDGE_CURVE ( 'NONE', #1859, #2063, #733, .T. ) ;
#132 = EDGE_CURVE ( 'NONE', #1838, #2173, #749, .T. ) ;
#133 = EDGE_CURVE ( 'NONE', #395, #2076, #753, .T. ) ;
#134 = EDGE_LOOP ( 'NONE', ( #1880, #129, #449, #2026 ) ) ;
#135 = EDGE_LOOP ( 'NONE', ( #1267, #1995, #1971, #2160 ) ) ;
#136 = EDGE_CURVE ( 'NONE', #57, #1, #762, .T. ) ;
#137 = VERTEX_POINT ( 'NONE', #766 ) ;
#138 = ADVANCED_FACE ( 'NONE', ( #767 ), #768, .F. ) ;
#139 = EDGE_CURVE ( 'NONE', #2099, #2135, #774, .T. ) ;
#140 = ORIENTED_EDGE ( 'NONE', *, *, #1844, .F. ) ;
#141 = EDGE_CURVE ( 'NONE', #47, #1985, #784, .T. ) ;
#142 = ORIENTED_EDGE ( 'NONE', *, *, #167, .F. ) ;
#143 = ORIENTED_EDGE ( 'NONE', *, *, #1788, .F. ) ;
#144 = ADVANCED_FACE ( 'NONE', ( #793, #794 ), #795, .T. ) ;
#145 = EDGE_LOOP ( 'NONE', ( #41, #20, #1793, #1811 ) ) ;
#146 = ORIENTED_EDGE ( 'NONE', *, *, #157, .T. ) ;
#147 = VERTEX_POINT ( 'NONE', #817 ) ;
#148 = EDGE_LOOP ( 'NONE', ( #1804, #2179, #1909, #193 ) ) ;
#149 = VERTEX_POINT ( 'NONE', #820 ) ;
#150 = VERTEX_POINT ( 'NONE', #825 ) ;
#151 = ORIENTED_EDGE ( 'NONE', *, *, #113, .T. ) ;
#152 = ORIENTED_EDGE ( 'NONE', *, *, #2072, .T. ) ;
#153 = ORIENTED_EDGE ( 'NONE', *, *, #60, .T. ) ;
#154 = VERTEX_POINT ( 'NONE', #832 ) ;
#155 = EDGE_CURVE ( 'NONE', #171, #87, #833, .T. ) ;
#156 = EDGE_CURVE ( 'NONE', #1852, #1994, #837, .T. ) ;
#157 = EDGE_CURVE ( 'NONE', #1897, #2220, #841, .T. ) ;
#158 = VERTEX_POINT ( 'NONE', #845 ) ;
#159 = EDGE_CURVE ( 'NONE', #1830, #101, #847, .T. ) ;
#160 = EDGE_CURVE ( 'NONE', #94, #1288, #852, .T. ) ;
#161 = ORIENTED_EDGE ( 'NONE', *, *, #2171, .F. ) ;
#162 = ORIENTED_EDGE ( 'NONE', *, *, #133, .T. ) ;
#163 = ORIENTED_EDGE ( 'NONE', *, *, #156, .F. ) ;
#164 = EDGE_CURVE ( 'NONE', #176, #1942, #857, .T. ) ;
#165 = ORIENTED_EDGE ( 'NONE', *, *, #2198, .T. ) ;
#166 = EDGE_CURVE ( 'NONE', #1833, #137, #861, .T. ) ;
#167 = EDGE_CURVE ( 'NONE', #1859, #880, #873, .T. ) ;
#168 = EDGE_LOOP ( 'NONE', ( #2298, #1828, #693, #2122 ) ) ;
#169 = EDGE_CURVE ( 'NONE', #198, #15, #884, .T. ) ;
#170 = ORIENTED_EDGE ( 'NONE', *, *, #4, .T. ) ;
#171 = VERTEX_POINT ( 'NONE', #906 ) ;
#172 = EDGE_CURVE ( 'NONE', #1249, #1893, #931, .T. ) ;
#173 = ADVANCED_FACE ( 'NONE', ( #940 ), #941, .F. ) ;
#174 = VERTEX_POINT ( 'NONE', #946 ) ;
#175 = EDGE_CURVE ( 'NONE', #2, #520, #947, .T. ) ;
#176 = VERTEX_POINT ( 'NONE', #959 ) ;
#177 = VERTEX_POINT ( 'NONE', #965 ) ;
#178 = EDGE_CURVE ( 'NONE', #27, #1979, #993, .T. ) ;
#179 = ORIENTED_EDGE ( 'NONE', *, *, #124, .F. ) ;
#180 = VERTEX_POINT ( 'NONE', #1018 ) ;
#181 = ORIENTED_EDGE ( 'NONE', *, *, #2185, .F. ) ;
#182 = EDGE_LOOP ( 'NONE', ( #8, #2182, #2130, #2033 ) ) ;
#183 = VERTEX_POINT ( 'NONE', #1033 ) ;
#184 = VERTEX_POINT ( 'NONE', #1034 ) ;
#185 = ORIENTED_EDGE ( 'NONE', *, *, #1875, .F. ) ;
#186 = ORIENTED_EDGE ( 'NONE', *, *, #2039, .F. ) ;
#187 = ORIENTED_EDGE ( 'NONE', *, *, #2025, .F. ) ;
#188 = EDGE_LOOP ( 'NONE', ( #1177, #2116, #1983, #2215 ) ) ;
#189 = ORIENTED_EDGE ( 'NONE', *, *, #1805, .T. ) ;
#190 = ORIENTED_EDGE ( 'NONE', *, *, #1918, .T. ) ;
#191 = VERTEX_POINT ( 'NONE', #1064 ) ;
#192 = ORIENTED_EDGE ( 'NONE', *, *, #2187, .T. ) ;
#193 = ORIENTED_EDGE ( 'NONE', *, *, #1861, .F. ) ;
#194 = EDGE_LOOP ( 'NONE', ( #1848, #556, #78, #89 ) ) ;
#195 = ORIENTED_EDGE ( 'NONE', *, *, #2128, .T. ) ;
#196 = EDGE_LOOP ( 'NONE', ( #1953, #80, #2158, #2285 ) ) ;
#197 = ORIENTED_EDGE ( 'NONE', *, *, #2045, .F. ) ;
#198 = VERTEX_POINT ( 'NONE', #1103 ) ;
#199 = EDGE_CURVE ( 'NONE', #174, #2236, #1120, .T. ) ;
#200 = ORIENTED_EDGE ( 'NONE', *, *, #2013, .T. ) ;
#201 = EDGE_CURVE ( 'NONE', #94, #1834, #1146, .T. ) ;
#202 = ORIENTED_EDGE ( 'NONE', *, *, #2013, .F. ) ;
#203 = ADVANCED_FACE ( 'NONE', ( #1156 ), #1160, .T. ) ;
#204 = ORIENTED_EDGE ( 'NONE', *, *, #2118, .T. ) ;
#205 = ORIENTED_EDGE ( 'NONE', *, *, #2165, .T. ) ;
#206 = CARTESIAN_POINT ( 'NONE',  ( 8.500000000000000000, 0.4000000000000000200, -6.850000000000000500 ) ) ;
#207 = CARTESIAN_POINT ( 'NONE',  ( 24.78500000000000000, 0.4000000000000000200, -8.000000000000000000 ) ) ;
#208 = CARTESIAN_POINT ( 'NONE',  ( 18.30000000000000100, 15.19999999999999900, 1.149999999999999900 ) ) ;
#209 = FACE_OUTER_BOUND ( 'NONE', #1991, .T. ) ;
#210 = PLANE ( 'NONE',  #211 ) ;
#211 = AXIS2_PLACEMENT_3D ( 'NONE', #212, #213, #214 ) ;
#212 = CARTESIAN_POINT ( 'NONE',  ( -1.399999999999999900, 15.50000000000000000, 1.250000000000000000 ) ) ;
#213 = DIRECTION ( 'NONE',  ( 0.0000000000000000000, 1.000000000000000000, 0.0000000000000000000 ) ) ;
#214 = DIRECTION ( 'NONE',  ( 0.0000000000000000000, 0.0000000000000000000, 1.000000000000000000 ) ) ;
#215 = LINE ( 'NONE', #216, #217 ) ;
#216 = CARTESIAN_POINT ( 'NONE',  ( 1.899999999999999900, 0.4000000000000000200, -4.750000000000000000 ) ) ;
#217 = VECTOR ( 'NONE', #218, 1000.000000000000000 ) ;
#218 = DIRECTION ( 'NONE',  ( 1.000000000000000000, 0.0000000000000000000, 0.0000000000000000000 ) ) ;
#219 = LINE ( 'NONE', #220, #223 ) ;
#220 = CARTESIAN_POINT ( 'NONE',  ( 14.78500000000000000, 0.4000000000000000200, -8.000000000000000000 ) ) ;
#221 = ORIENTED_EDGE ( 'NONE', *, *, #172, .T. ) ;
#222 = ORIENTED_EDGE ( 'NONE', *, *, #1960, .F. ) ;
#223 = VECTOR ( 'NONE', #224, 1000.000000000000000 ) ;
#224 = DIRECTION ( 'NONE',  ( 1.000000000000000000, 0.0000000000000000000, 0.0000000000000000000 ) ) ;
#225 = FACE_OUTER_BOUND ( 'NONE', #2299, .T. ) ;
#226 = CYLINDRICAL_SURFACE ( 'NONE', #227, 0.5000000000000000000 ) ;
#227 = AXIS2_PLACEMENT_3D ( 'NONE', #228, #229, #230 ) ;
#228 = CARTESIAN_POINT ( 'NONE',  ( 17.10000000000000100, 17.11421356237309900, 0.04999999999999799700 ) ) ;
#229 = DIRECTION ( 'NONE',  ( 0.0000000000000000000, -1.000000000000000000, 0.0000000000000000000 ) ) ;
#230 = DIRECTION ( 'NONE',  ( 0.0000000000000000000, 0.0000000000000000000, -1.000000000000000000 ) ) ;
#231 = FACE_OUTER_BOUND ( 'NONE', #642, .T. ) ;
#232 = PLANE ( 'NONE',  #233 ) ;
#233 = AXIS2_PLACEMENT_3D ( 'NONE', #234, #235, #236 ) ;
#234 = CARTESIAN_POINT ( 'NONE',  ( 14.78500000000000000, -4.588531120363589900, 0.5000000000000000000 ) ) ;
#235 = DIRECTION ( 'NONE',  ( 0.0000000000000000000, 0.0000000000000000000, -1.000000000000000000 ) ) ;
#236 = DIRECTION ( 'NONE',  ( -1.000000000000000000, 0.0000000000000000000, 0.0000000000000000000 ) ) ;
#237 = LINE ( 'NONE', #238, #243 ) ;
#238 = CARTESIAN_POINT ( 'NONE',  ( 15.21500000000000000, 0.4000000000000000200, 0.5000000000000000000 ) ) ;
#239 = ORIENTED_EDGE ( 'NONE', *, *, #2035, .F. ) ;
#240 = ORIENTED_EDGE ( 'NONE', *, *, #97, .T. ) ;
#241 = EDGE_LOOP ( 'NONE', ( #2209, #955, #2260, #2120 ) ) ;
#242 = ORIENTED_EDGE ( 'NONE', *, *, #175, .T. ) ;
#243 = VECTOR ( 'NONE', #244, 1000.000000000000000 ) ;
#244 = DIRECTION ( 'NONE',  ( 0.0000000000000000000, 0.0000000000000000000, 1.000000000000000000 ) ) ;
#245 = LINE ( 'NONE', #246, #247 ) ;
#246 = CARTESIAN_POINT ( 'NONE',  ( 8.500000000000000000, 0.4000000000000000200, -6.850000000000000500 ) ) ;
#247 = VECTOR ( 'NONE', #248, 1000.000000000000000 ) ;
#248 = DIRECTION ( 'NONE',  ( -1.000000000000000000, 0.0000000000000000000, 0.0000000000000000000 ) ) ;
#249 = LINE ( 'NONE', #250, #251 ) ;
#250 = CARTESIAN_POINT ( 'NONE',  ( 18.30000000000000100, 15.69999999999999900, -9.150000000000000400 ) ) ;
#251 = VECTOR ( 'NONE', #252, 1000.000000000000000 ) ;
#252 = DIRECTION ( 'NONE',  ( 1.000000000000000000, 0.0000000000000000000, 0.0000000000000000000 ) ) ;
#253 = CARTESIAN_POINT ( 'NONE',  ( 19.83499999999999700, 0.4000000000000000200, -0.5000000000000000000 ) ) ;
#254 = CARTESIAN_POINT ( 'NONE',  ( 24.89999999999999900, 0.4000000000000000200, -4.750000000000000000 ) ) ;
#255 = LINE ( 'NONE', #256, #257 ) ;
#256 = CARTESIAN_POINT ( 'NONE',  ( -1.399999999999999900, 15.69999999999999900, -8.750000000000000000 ) ) ;
#257 = VECTOR ( 'NONE', #258, 1000.000000000000000 ) ;
#258 = DIRECTION ( 'NONE',  ( -1.000000000000000000, 0.0000000000000000000, 0.0000000000000000000 ) ) ;
#259 = ORIENTED_EDGE ( 'NONE', *, *, #1877, .T. ) ;
#260 = ORIENTED_EDGE ( 'NONE', *, *, #2134, .F. ) ;
#261 = FACE_OUTER_BOUND ( 'NONE', #31, .T. ) ;
#262 = PLANE ( 'NONE',  #263 ) ;
#263 = AXIS2_PLACEMENT_3D ( 'NONE', #264, #265, #266 ) ;
#264 = CARTESIAN_POINT ( 'NONE',  ( 20.16499999999999900, -4.588531120363589900, 0.5000000000000000000 ) ) ;
#265 = DIRECTION ( 'NONE',  ( -1.000000000000000000, 0.0000000000000000000, 0.0000000000000000000 ) ) ;
#266 = DIRECTION ( 'NONE',  ( 0.0000000000000000000, 0.0000000000000000000, 1.000000000000000000 ) ) ;
#267 = FACE_OUTER_BOUND ( 'NONE', #1959, .T. ) ;
#268 = PLANE ( 'NONE',  #269 ) ;
#269 = AXIS2_PLACEMENT_3D ( 'NONE', #270, #271, #272 ) ;
#270 = CARTESIAN_POINT ( 'NONE',  ( -0.2500000000000000000, 1.107106781186548000, -7.750000000000000000 ) ) ;
#271 = DIRECTION ( 'NONE',  ( 0.0000000000000000000, 0.0000000000000000000, 1.000000000000000000 ) ) ;
#272 = DIRECTION ( 'NONE',  ( 1.000000000000000000, 0.0000000000000000000, 0.0000000000000000000 ) ) ;
#273 = LINE ( 'NONE', #274, #275 ) ;
#274 = CARTESIAN_POINT ( 'NONE',  ( 1.899999999999999900, 0.0000000000000000000, -2.750000000000000000 ) ) ;
#275 = VECTOR ( 'NONE', #276, 1000.000000000000000 ) ;
#276 = DIRECTION ( 'NONE',  ( 0.0000000000000000000, 0.0000000000000000000, 1.000000000000000000 ) ) ;
#277 = EDGE_CURVE ( 'NONE', #520, #2061, #1205, .T. ) ;
#278 = ORIENTED_EDGE ( 'NONE', *, *, #136, .T. ) ;
#279 = EDGE_LOOP ( 'NONE', ( #2262, #1941, #25, #100 ) ) ;
#280 = CARTESIAN_POINT ( 'NONE',  ( 0.2500000000000000000, 0.4000000000000000200, -7.750000000000000000 ) ) ;
#281 = FACE_OUTER_BOUND ( 'NONE', #1884, .T. ) ;
#282 = PLANE ( 'NONE',  #283 ) ;
#283 = AXIS2_PLACEMENT_3D ( 'NONE', #284, #285, #286 ) ;
#284 = CARTESIAN_POINT ( 'NONE',  ( 24.78500000000000000, -4.588531120363589900, -8.000000000000000000 ) ) ;
#285 = DIRECTION ( 'NONE',  ( 1.000000000000000000, 0.0000000000000000000, 0.0000000000000000000 ) ) ;
#286 = DIRECTION ( 'NONE',  ( 0.0000000000000000000, 0.0000000000000000000, -1.000000000000000000 ) ) ;
#287 = FACE_OUTER_BOUND ( 'NONE', #2282, .T. ) ;
#288 = PLANE ( 'NONE',  #289 ) ;
#289 = AXIS2_PLACEMENT_3D ( 'NONE', #290, #291, #292 ) ;
#290 = CARTESIAN_POINT ( 'NONE',  ( 8.500000000000000000, -3.124099870362659900, -0.6500000000000000200 ) ) ;
#291 = DIRECTION ( 'NONE',  ( 4.713922489067409500E-017, 0.0000000000000000000, 1.000000000000000000 ) ) ;
#292 = DIRECTION ( 'NONE',  ( 1.000000000000000000, 0.0000000000000000000, -4.713922489067409500E-017 ) ) ;
#293 = CARTESIAN_POINT ( 'NONE',  ( -0.2500000000000000000, 0.4000000000000000200, -7.750000000000000000 ) ) ;
#294 = LINE ( 'NONE', #295, #296 ) ;
#295 = CARTESIAN_POINT ( 'NONE',  ( 4.299999999999999800, -3.124099870362659900, -4.750000000000000000 ) ) ;
#296 = VECTOR ( 'NONE', #297, 1000.000000000000000 ) ;
#297 = DIRECTION ( 'NONE',  ( 0.0000000000000000000, 1.000000000000000000, 0.0000000000000000000 ) ) ;
#298 = CARTESIAN_POINT ( 'NONE',  ( 25.21500000000000000, 0.4000000000000000200, -8.000000000000000000 ) ) ;
#299 = LINE ( 'NONE', #300, #301 ) ;
#300 = CARTESIAN_POINT ( 'NONE',  ( 19.83499999999999700, -4.588531120363589900, 0.5000000000000000000 ) ) ;
#301 = VECTOR ( 'NONE', #302, 1000.000000000000000 ) ;
#302 = DIRECTION ( 'NONE',  ( 0.0000000000000000000, 1.000000000000000000, 0.0000000000000000000 ) ) ;
#303 = FACE_OUTER_BOUND ( 'NONE', #2296, .T. ) ;
#304 = PLANE ( 'NONE',  #305 ) ;
#305 = AXIS2_PLACEMENT_3D ( 'NONE', #306, #307, #308 ) ;
#306 = CARTESIAN_POINT ( 'NONE',  ( 0.0000000000000000000, 0.0000000000000000000, 0.0000000000000000000 ) ) ;
#307 = DIRECTION ( 'NONE',  ( 0.0000000000000000000, 1.000000000000000000, 0.0000000000000000000 ) ) ;
#308 = DIRECTION ( 'NONE',  ( 0.0000000000000000000, 0.0000000000000000000, 1.000000000000000000 ) ) ;
#309 = LINE ( 'NONE', #310, #311 ) ;
#310 = CARTESIAN_POINT ( 'NONE',  ( 0.2500000000000000000, 0.4000000000000000200, 0.2500000000000000000 ) ) ;
#311 = VECTOR ( 'NONE', #312, 1000.000000000000000 ) ;
#312 = DIRECTION ( 'NONE',  ( 0.0000000000000000000, 0.0000000000000000000, -1.000000000000000000 ) ) ;
#313 = LINE ( 'NONE', #314, #315 ) ;
#314 = CARTESIAN_POINT ( 'NONE',  ( 22.50000000000000000, 0.0000000000000000000, -4.750000000000000000 ) ) ;
#315 = VECTOR ( 'NONE', #316, 1000.000000000000000 ) ;
#316 = DIRECTION ( 'NONE',  ( -1.000000000000000000, 0.0000000000000000000, 0.0000000000000000000 ) ) ;
#317 = LINE ( 'NONE', #318, #319 ) ;
#318 = CARTESIAN_POINT ( 'NONE',  ( -0.2500000000000000000, -3.500000000000000000, -7.250000000000000000 ) ) ;
#319 = VECTOR ( 'NONE', #320, 1000.000000000000000 ) ;
#320 = DIRECTION ( 'NONE',  ( 0.0000000000000000000, 0.0000000000000000000, 1.000000000000000000 ) ) ;
#321 = FACE_OUTER_BOUND ( 'NONE', #2264, .T. ) ;
#322 = PLANE ( 'NONE',  #323 ) ;
#323 = AXIS2_PLACEMENT_3D ( 'NONE', #324, #325, #326 ) ;
#324 = CARTESIAN_POINT ( 'NONE',  ( -0.2500000000000000000, -3.500000000000000000, -0.2500000000000000000 ) ) ;
#325 = DIRECTION ( 'NONE',  ( 0.0000000000000000000, -1.000000000000000000, 0.0000000000000000000 ) ) ;
#326 = DIRECTION ( 'NONE',  ( 0.0000000000000000000, 0.0000000000000000000, -1.000000000000000000 ) ) ;
#327 = CARTESIAN_POINT ( 'NONE',  ( 20.16499999999999900, 0.4000000000000000200, -0.5000000000000000000 ) ) ;
#328 = LINE ( 'NONE', #329, #330 ) ;
#329 = CARTESIAN_POINT ( 'NONE',  ( 13.10000000000000100, -3.124099870362659900, -8.349999999999999600 ) ) ;
#330 = VECTOR ( 'NONE', #331, 1000.000000000000000 ) ;
#331 = DIRECTION ( 'NONE',  ( 0.0000000000000000000, 1.000000000000000000, 0.0000000000000000000 ) ) ;
#332 = LINE ( 'NONE', #333, #334 ) ;
#333 = CARTESIAN_POINT ( 'NONE',  ( -1.399999999999999900, 15.50000000000000000, -8.750000000000000000 ) ) ;
#334 = VECTOR ( 'NONE', #335, 1000.000000000000000 ) ;
#335 = DIRECTION ( 'NONE',  ( 0.0000000000000000000, 1.000000000000000000, 0.0000000000000000000 ) ) ;
#336 = CARTESIAN_POINT ( 'NONE',  ( 8.500000000000000000, 0.4000000000000000200, 0.8499999999999999800 ) ) ;
#337 = LINE ( 'NONE', #338, #339 ) ;
#338 = CARTESIAN_POINT ( 'NONE',  ( -0.2500000000000000000, -3.500000000000000000, -7.750000000000000000 ) ) ;
#339 = VECTOR ( 'NONE', #340, 1000.000000000000000 ) ;
#340 = DIRECTION ( 'NONE',  ( -1.000000000000000000, 0.0000000000000000000, 0.0000000000000000000 ) ) ;
#341 = CARTESIAN_POINT ( 'NONE',  ( 1.899999999999999900, 0.0000000000000000000, -4.750000000000000000 ) ) ;
#342 = FACE_OUTER_BOUND ( 'NONE', #2069, .T. ) ;
#343 = PLANE ( 'NONE',  #345 ) ;
#344 = ORIENTED_EDGE ( 'NONE', *, *, #2137, .F. ) ;
#345 = AXIS2_PLACEMENT_3D ( 'NONE', #346, #347, #348 ) ;
#346 = CARTESIAN_POINT ( 'NONE',  ( -2.299999999999999800, 15.69999999999999900, 2.600000000000000100 ) ) ;
#347 = DIRECTION ( 'NONE',  ( 0.0000000000000000000, 0.0000000000000000000, -1.000000000000000000 ) ) ;
#348 = DIRECTION ( 'NONE',  ( -1.000000000000000000, 0.0000000000000000000, 0.0000000000000000000 ) ) ;
#349 = CARTESIAN_POINT ( 'NONE',  ( 0.2500000000000000000, 0.4000000000000000200, -7.250000000000000000 ) ) ;
#350 = CARTESIAN_POINT ( 'NONE',  ( 14.78500000000000000, 0.4000000000000000200, 0.5000000000000000000 ) ) ;
#351 = CARTESIAN_POINT ( 'NONE',  ( 25.21500000000000000, -3.500000000000000000, 0.5000000000000000000 ) ) ;
#352 = LINE ( 'NONE', #353, #354 ) ;
#353 = CARTESIAN_POINT ( 'NONE',  ( 8.500000000000000000, -3.124099870362659900, -0.6500000000000000200 ) ) ;
#354 = VECTOR ( 'NONE', #355, 1000.000000000000000 ) ;
#355 = DIRECTION ( 'NONE',  ( 0.0000000000000000000, 1.000000000000000000, 0.0000000000000000000 ) ) ;
#356 = LINE ( 'NONE', #357, #358 ) ;
#357 = CARTESIAN_POINT ( 'NONE',  ( 20.16499999999999900, -4.588531120363589900, 0.5000000000000000000 ) ) ;
#358 = VECTOR ( 'NONE', #359, 1000.000000000000000 ) ;
#359 = DIRECTION ( 'NONE',  ( 0.0000000000000000000, 1.000000000000000000, 0.0000000000000000000 ) ) ;
#360 = LINE ( 'NONE', #362, #363 ) ;
#361 = ORIENTED_EDGE ( 'NONE', *, *, #1951, .T. ) ;
#362 = CARTESIAN_POINT ( 'NONE',  ( -0.2500000000000000000, 1.107106781186548000, 0.2500000000000000000 ) ) ;
#363 = VECTOR ( 'NONE', #364, 1000.000000000000000 ) ;
#364 = DIRECTION ( 'NONE',  ( 0.0000000000000000000, -1.000000000000000000, 0.0000000000000000000 ) ) ;
#365 = FACE_OUTER_BOUND ( 'NONE', #1807, .T. ) ;
#366 = PLANE ( 'NONE',  #367 ) ;
#367 = AXIS2_PLACEMENT_3D ( 'NONE', #368, #369, #370 ) ;
#368 = CARTESIAN_POINT ( 'NONE',  ( 19.83499999999999700, -4.588531120363589900, -7.000000000000000000 ) ) ;
#369 = DIRECTION ( 'NONE',  ( 0.0000000000000000000, 0.0000000000000000000, -1.000000000000000000 ) ) ;
#370 = DIRECTION ( 'NONE',  ( -1.000000000000000000, 0.0000000000000000000, 0.0000000000000000000 ) ) ;
#371 = LINE ( 'NONE', #372, #373 ) ;
#372 = CARTESIAN_POINT ( 'NONE',  ( 20.16499999999999900, -3.500000000000000000, 0.5000000000000000000 ) ) ;
#373 = VECTOR ( 'NONE', #374, 1000.000000000000000 ) ;
#374 = DIRECTION ( 'NONE',  ( 0.0000000000000000000, 0.0000000000000000000, 1.000000000000000000 ) ) ;
#375 = LINE ( 'NONE', #376, #377 ) ;
#376 = CARTESIAN_POINT ( 'NONE',  ( 8.500000000000000000, 0.0000000000000000000, -0.6500000000000000200 ) ) ;
#377 = VECTOR ( 'NONE', #379, 1000.000000000000000 ) ;
#378 = ORIENTED_EDGE ( 'NONE', *, *, #12, .T. ) ;
#379 = DIRECTION ( 'NONE',  ( -1.000000000000000000, 0.0000000000000000000, 4.713922489067409500E-017 ) ) ;
#380 = LINE ( 'NONE', #381, #382 ) ;
#381 = CARTESIAN_POINT ( 'NONE',  ( 22.50000000000000000, 0.0000000000000000000, -2.750000000000000000 ) ) ;
#382 = VECTOR ( 'NONE', #383, 1000.000000000000000 ) ;
#383 = DIRECTION ( 'NONE',  ( 0.0000000000000000000, 0.0000000000000000000, 1.000000000000000000 ) ) ;
#384 = FACE_OUTER_BOUND ( 'NONE', #120, .T. ) ;
#385 = PLANE ( 'NONE',  #386 ) ;
#386 = AXIS2_PLACEMENT_3D ( 'NONE', #387, #388, #389 ) ;
#387 = CARTESIAN_POINT ( 'NONE',  ( -2.299999999999999800, 15.69999999999999900, -10.10000000000000000 ) ) ;
#388 = DIRECTION ( 'NONE',  ( 0.0000000000000000000, 0.0000000000000000000, 1.000000000000000000 ) ) ;
#389 = DIRECTION ( 'NONE',  ( 1.000000000000000000, 0.0000000000000000000, 0.0000000000000000000 ) ) ;
#390 = CARTESIAN_POINT ( 'NONE',  ( 8.500000000000000000, 0.0000000000000000000, -6.850000000000000500 ) ) ;
#391 = FACE_OUTER_BOUND ( 'NONE', #1826, .T. ) ;
#392 = PLANE ( 'NONE',  #393 ) ;
#393 = AXIS2_PLACEMENT_3D ( 'NONE', #394, #397, #398 ) ;
#394 = CARTESIAN_POINT ( 'NONE',  ( 22.50000000000000000, -3.124099870362659900, -2.750000000000000000 ) ) ;
#395 = VERTEX_POINT ( 'NONE', #1297 ) ;
#396 = ORIENTED_EDGE ( 'NONE', *, *, #973, .F. ) ;
#397 = DIRECTION ( 'NONE',  ( 1.807003620809174900E-016, 0.0000000000000000000, -1.000000000000000000 ) ) ;
#398 = DIRECTION ( 'NONE',  ( -1.000000000000000000, 0.0000000000000000000, -1.807003620809174900E-016 ) ) ;
#399 = LINE ( 'NONE', #400, #401 ) ;
#400 = CARTESIAN_POINT ( 'NONE',  ( 19.83499999999999700, 0.4000000000000000200, -0.5000000000000000000 ) ) ;
#401 = VECTOR ( 'NONE', #402, 1000.000000000000000 ) ;
#402 = DIRECTION ( 'NONE',  ( 1.000000000000000000, 0.0000000000000000000, 3.285461128743880100E-016 ) ) ;
#403 = CARTESIAN_POINT ( 'NONE',  ( 1.899999999999999900, 0.4000000000000000200, -2.750000000000000000 ) ) ;
#404 = LINE ( 'NONE', #405, #406 ) ;
#405 = CARTESIAN_POINT ( 'NONE',  ( -1.399999999999999900, 15.50000000000000000, -8.750000000000000000 ) ) ;
#406 = VECTOR ( 'NONE', #407, 1000.000000000000000 ) ;
#407 = DIRECTION ( 'NONE',  ( -1.000000000000000000, 0.0000000000000000000, 0.0000000000000000000 ) ) ;
#408 = LINE ( 'NONE', #409, #410 ) ;
#409 = CARTESIAN_POINT ( 'NONE',  ( 14.78500000000000000, 0.4000000000000000200, 0.5000000000000000000 ) ) ;
#410 = VECTOR ( 'NONE', #411, 1000.000000000000000 ) ;
#411 = DIRECTION ( 'NONE',  ( -1.000000000000000000, 0.0000000000000000000, 0.0000000000000000000 ) ) ;
#412 = LINE ( 'NONE', #416, #417 ) ;
#413 = VERTEX_POINT ( 'NONE', #1305 ) ;
#414 = ORIENTED_EDGE ( 'NONE', *, *, #132, .T. ) ;
#415 = ADVANCED_FACE ( 'NONE', ( #1333 ), #1334, .F. ) ;
#416 = CARTESIAN_POINT ( 'NONE',  ( 14.78500000000000000, 0.4000000000000000200, -8.000000000000000000 ) ) ;
#417 = VECTOR ( 'NONE', #418, 1000.000000000000000 ) ;
#418 = DIRECTION ( 'NONE',  ( 0.0000000000000000000, 0.0000000000000000000, -1.000000000000000000 ) ) ;
#419 = CARTESIAN_POINT ( 'NONE',  ( 14.78500000000000000, -3.500000000000000000, -8.000000000000000000 ) ) ;
#420 = LINE ( 'NONE', #421, #422 ) ;
#421 = CARTESIAN_POINT ( 'NONE',  ( 26.70000000000000300, 15.69999999999999900, -10.10000000000000000 ) ) ;
#422 = VECTOR ( 'NONE', #423, 1000.000000000000000 ) ;
#423 = DIRECTION ( 'NONE',  ( 0.0000000000000000000, -1.000000000000000000, 0.0000000000000000000 ) ) ;
#424 = LINE ( 'NONE', #425, #426 ) ;
#425 = CARTESIAN_POINT ( 'NONE',  ( 19.83499999999999700, -4.588531120363589900, -0.5000000000000000000 ) ) ;
#426 = VECTOR ( 'NONE', #427, 1000.000000000000000 ) ;
#427 = DIRECTION ( 'NONE',  ( 0.0000000000000000000, 1.000000000000000000, 0.0000000000000000000 ) ) ;
#428 = FACE_OUTER_BOUND ( 'NONE', #1816, .T. ) ;
#429 = PLANE ( 'NONE',  #430 ) ;
#430 = AXIS2_PLACEMENT_3D ( 'NONE', #431, #432, #433 ) ;
#431 = CARTESIAN_POINT ( 'NONE',  ( -0.2500000000000000000, -3.500000000000000000, -0.2500000000000000000 ) ) ;
#432 = DIRECTION ( 'NONE',  ( 0.0000000000000000000, -1.000000000000000000, 0.0000000000000000000 ) ) ;
#433 = DIRECTION ( 'NONE',  ( 0.0000000000000000000, 0.0000000000000000000, -1.000000000000000000 ) ) ;
#434 = LINE ( 'NONE', #435, #436 ) ;
#435 = CARTESIAN_POINT ( 'NONE',  ( 8.500000000000000000, -3.124099870362659900, -8.349999999999999600 ) ) ;
#436 = VECTOR ( 'NONE', #437, 1000.000000000000000 ) ;
#437 = DIRECTION ( 'NONE',  ( 0.0000000000000000000, 1.000000000000000000, 0.0000000000000000000 ) ) ;
#438 = LINE ( 'NONE', #439, #440 ) ;
#439 = CARTESIAN_POINT ( 'NONE',  ( 26.70000000000000300, 15.69999999999999900, 2.600000000000000100 ) ) ;
#440 = VECTOR ( 'NONE', #441, 1000.000000000000000 ) ;
#441 = DIRECTION ( 'NONE',  ( 0.0000000000000000000, -1.000000000000000000, 0.0000000000000000000 ) ) ;
#442 = FACE_OUTER_BOUND ( 'NONE', #917, .T. ) ;
#443 = PLANE ( 'NONE',  #444 ) ;
#444 = AXIS2_PLACEMENT_3D ( 'NONE', #445, #446, #447 ) ;
#445 = CARTESIAN_POINT ( 'NONE',  ( -0.2500000000000000000, 1.107106781186548000, -0.2500000000000000000 ) ) ;
#446 = DIRECTION ( 'NONE',  ( 0.0000000000000000000, 0.0000000000000000000, 1.000000000000000000 ) ) ;
#447 = DIRECTION ( 'NONE',  ( 1.000000000000000000, 0.0000000000000000000, 0.0000000000000000000 ) ) ;
#448 = ORIENTED_EDGE ( 'NONE', *, *, #13, .F. ) ;
#449 = ORIENTED_EDGE ( 'NONE', *, *, #1844, .T. ) ;
#450 = ORIENTED_EDGE ( 'NONE', *, *, #1951, .F. ) ;
#451 = FACE_OUTER_BOUND ( 'NONE', #1938, .T. ) ;
#452 = PLANE ( 'NONE',  #453 ) ;
#453 = AXIS2_PLACEMENT_3D ( 'NONE', #454, #455, #456 ) ;
#454 = CARTESIAN_POINT ( 'NONE',  ( 24.78500000000000000, -4.588531120363589900, -7.000000000000000000 ) ) ;
#455 = DIRECTION ( 'NONE',  ( 0.0000000000000000000, 0.0000000000000000000, -1.000000000000000000 ) ) ;
#456 = DIRECTION ( 'NONE',  ( -1.000000000000000000, 0.0000000000000000000, 0.0000000000000000000 ) ) ;
#457 = CARTESIAN_POINT ( 'NONE',  ( -0.2500000000000000000, -3.500000000000000000, -7.750000000000000000 ) ) ;
#458 = FACE_OUTER_BOUND ( 'NONE', #1790, .T. ) ;
#459 = PLANE ( 'NONE',  #460 ) ;
#460 = AXIS2_PLACEMENT_3D ( 'NONE', #461, #462, #463 ) ;
#461 = CARTESIAN_POINT ( 'NONE',  ( 0.2500000000000000000, 1.107106781186548000, -7.250000000000000000 ) ) ;
#462 = DIRECTION ( 'NONE',  ( -1.000000000000000000, 0.0000000000000000000, 0.0000000000000000000 ) ) ;
#463 = DIRECTION ( 'NONE',  ( 0.0000000000000000000, 0.0000000000000000000, 1.000000000000000000 ) ) ;
#464 = CARTESIAN_POINT ( 'NONE',  ( 20.16499999999999900, 0.4000000000000000200, -8.000000000000000000 ) ) ;
#465 = LINE ( 'NONE', #466, #471 ) ;
#466 = CARTESIAN_POINT ( 'NONE',  ( 4.299999999999999800, -3.124099870362659900, -2.750000000000000000 ) ) ;
#467 = EDGE_LOOP ( 'NONE', ( #1814, #2178, #30, #2249 ) ) ;
#468 = ORIENTED_EDGE ( 'NONE', *, *, #574, .F. ) ;
#469 = ORIENTED_EDGE ( 'NONE', *, *, #1822, .T. ) ;
#470 = ORIENTED_EDGE ( 'NONE', *, *, #2053, .T. ) ;
#471 = VECTOR ( 'NONE', #472, 1000.000000000000000 ) ;
#472 = DIRECTION ( 'NONE',  ( 0.0000000000000000000, 1.000000000000000000, 0.0000000000000000000 ) ) ;
#473 = LINE ( 'NONE', #474, #475 ) ;
#474 = CARTESIAN_POINT ( 'NONE',  ( 22.50000000000000000, 0.4000000000000000200, -2.750000000000000000 ) ) ;
#475 = VECTOR ( 'NONE', #476, 1000.000000000000000 ) ;
#476 = DIRECTION ( 'NONE',  ( 0.0000000000000000000, 0.0000000000000000000, -1.000000000000000000 ) ) ;
#477 = FACE_OUTER_BOUND ( 'NONE', #2244, .T. ) ;
#478 = PLANE ( 'NONE',  #479 ) ;
#479 = AXIS2_PLACEMENT_3D ( 'NONE', #480, #481, #482 ) ;
#480 = CARTESIAN_POINT ( 'NONE',  ( 0.0000000000000000000, 0.0000000000000000000, 0.0000000000000000000 ) ) ;
#481 = DIRECTION ( 'NONE',  ( 0.0000000000000000000, 1.000000000000000000, 0.0000000000000000000 ) ) ;
#482 = DIRECTION ( 'NONE',  ( 0.0000000000000000000, 0.0000000000000000000, 1.000000000000000000 ) ) ;
#483 = CARTESIAN_POINT ( 'NONE',  ( 20.16499999999999900, -3.500000000000000000, -7.000000000000000000 ) ) ;
#484 = FACE_OUTER_BOUND ( 'NONE', #145, .T. ) ;
#485 = PLANE ( 'NONE',  #486 ) ;
#486 = AXIS2_PLACEMENT_3D ( 'NONE', #488, #489, #490 ) ;
#487 = ORIENTED_EDGE ( 'NONE', *, *, #1989, .F. ) ;
#488 = CARTESIAN_POINT ( 'NONE',  ( 4.299999999999999800, -3.124099870362659900, -2.750000000000000000 ) ) ;
#489 = DIRECTION ( 'NONE',  ( -1.000000000000000000, 0.0000000000000000000, -4.336808689942020200E-016 ) ) ;
#490 = DIRECTION ( 'NONE',  ( -4.336808689942020200E-016, 0.0000000000000000000, 1.000000000000000000 ) ) ;
#491 = LINE ( 'NONE', #492, #493 ) ;
#492 = CARTESIAN_POINT ( 'NONE',  ( 24.78500000000000000, 0.4000000000000000200, -0.5000000000000000000 ) ) ;
#493 = VECTOR ( 'NONE', #494, 1000.000000000000000 ) ;
#494 = DIRECTION ( 'NONE',  ( 1.000000000000000000, 0.0000000000000000000, 0.0000000000000000000 ) ) ;
#495 = CIRCLE ( 'NONE', #496, 0.5000000000000000000 ) ;
#496 = AXIS2_PLACEMENT_3D ( 'NONE', #497, #498, #499 ) ;
#497 = CARTESIAN_POINT ( 'NONE',  ( 17.10000000000000100, 15.69999999999999900, 0.04999999999999799700 ) ) ;
#498 = DIRECTION ( 'NONE',  ( 0.0000000000000000000, 1.000000000000000000, 0.0000000000000000000 ) ) ;
#499 = DIRECTION ( 'NONE',  ( 0.0000000000000000000, 0.0000000000000000000, 1.000000000000000000 ) ) ;
#500 = CARTESIAN_POINT ( 'NONE',  ( 0.2500000000000000000, -3.500000000000000000, -7.750000000000000000 ) ) ;
#501 = FACE_OUTER_BOUND ( 'NONE', #279, .T. ) ;
#502 = PLANE ( 'NONE',  #503 ) ;
#503 = AXIS2_PLACEMENT_3D ( 'NONE', #504, #505, #506 ) ;
#504 = CARTESIAN_POINT ( 'NONE',  ( -0.2500000000000000000, 1.107106781186548000, -7.250000000000000000 ) ) ;
#505 = DIRECTION ( 'NONE',  ( 1.000000000000000000, 0.0000000000000000000, 0.0000000000000000000 ) ) ;
#506 = DIRECTION ( 'NONE',  ( 0.0000000000000000000, 0.0000000000000000000, -1.000000000000000000 ) ) ;
#507 = LINE ( 'NONE', #508, #509 ) ;
#508 = CARTESIAN_POINT ( 'NONE',  ( 8.500000000000000000, 0.4000000000000000200, -8.349999999999999600 ) ) ;
#509 = VECTOR ( 'NONE', #510, 1000.000000000000000 ) ;
#510 = DIRECTION ( 'NONE',  ( 0.0000000000000000000, 0.0000000000000000000, -1.000000000000000000 ) ) ;
#511 = LINE ( 'NONE', #512, #513 ) ;
#512 = CARTESIAN_POINT ( 'NONE',  ( 0.2500000000000000000, 1.107106781186548000, 0.2500000000000000000 ) ) ;
#513 = VECTOR ( 'NONE', #514, 1000.000000000000000 ) ;
#514 = DIRECTION ( 'NONE',  ( 0.0000000000000000000, -1.000000000000000000, 0.0000000000000000000 ) ) ;
#515 = CARTESIAN_POINT ( 'NONE',  ( 4.299999999999999800, 0.0000000000000000000, -4.750000000000000000 ) ) ;
#516 = LINE ( 'NONE', #517, #518 ) ;
#517 = CARTESIAN_POINT ( 'NONE',  ( 25.21500000000000000, 0.4000000000000000200, -8.000000000000000000 ) ) ;
#518 = VECTOR ( 'NONE', #519, 1000.000000000000000 ) ;
#519 = DIRECTION ( 'NONE',  ( 0.0000000000000000000, 0.0000000000000000000, 1.000000000000000000 ) ) ;
#520 = VERTEX_POINT ( 'NONE', #1411 ) ;
#521 = ORIENTED_EDGE ( 'NONE', *, *, #2118, .F. ) ;
#522 = CARTESIAN_POINT ( 'NONE',  ( 17.10000000000000100, 15.69999999999999900, 0.5499999999999979300 ) ) ;
#523 = LINE ( 'NONE', #524, #525 ) ;
#524 = CARTESIAN_POINT ( 'NONE',  ( 19.83499999999999700, -3.500000000000000000, -0.5000000000000000000 ) ) ;
#525 = VECTOR ( 'NONE', #526, 1000.000000000000000 ) ;
#526 = DIRECTION ( 'NONE',  ( 1.000000000000000000, 0.0000000000000000000, 3.285461128743880100E-016 ) ) ;
#527 = CARTESIAN_POINT ( 'NONE',  ( 19.83499999999999700, 0.4000000000000000200, -7.000000000000000000 ) ) ;
#528 = FACE_OUTER_BOUND ( 'NONE', #1341, .T. ) ;
#529 = PLANE ( 'NONE',  #530 ) ;
#530 = AXIS2_PLACEMENT_3D ( 'NONE', #531, #532, #533 ) ;
#531 = CARTESIAN_POINT ( 'NONE',  ( 25.21500000000000000, -4.588531120363589900, -8.000000000000000000 ) ) ;
#532 = DIRECTION ( 'NONE',  ( -1.000000000000000000, 0.0000000000000000000, 0.0000000000000000000 ) ) ;
#533 = DIRECTION ( 'NONE',  ( 0.0000000000000000000, 0.0000000000000000000, 1.000000000000000000 ) ) ;
#534 = LINE ( 'NONE', #535, #536 ) ;
#535 = CARTESIAN_POINT ( 'NONE',  ( 24.78500000000000000, -3.500000000000000000, -7.000000000000000000 ) ) ;
#536 = VECTOR ( 'NONE', #537, 1000.000000000000000 ) ;
#537 = DIRECTION ( 'NONE',  ( -1.000000000000000000, 0.0000000000000000000, 0.0000000000000000000 ) ) ;
#538 = VERTEX_POINT ( 'NONE', #1430 ) ;
#539 = CARTESIAN_POINT ( 'NONE',  ( 24.89999999999999900, 0.0000000000000000000, -2.750000000000000000 ) ) ;
#540 = CARTESIAN_POINT ( 'NONE',  ( 19.83499999999999700, 0.4000000000000000200, 0.5000000000000000000 ) ) ;
#541 = FACE_OUTER_BOUND ( 'NONE', #1881, .T. ) ;
#542 = PLANE ( 'NONE',  #543 ) ;
#543 = AXIS2_PLACEMENT_3D ( 'NONE', #544, #545, #546 ) ;
#544 = CARTESIAN_POINT ( 'NONE',  ( -0.2500000000000000000, -3.500000000000000000, -0.2500000000000000000 ) ) ;
#545 = DIRECTION ( 'NONE',  ( 0.0000000000000000000, -1.000000000000000000, 0.0000000000000000000 ) ) ;
#546 = DIRECTION ( 'NONE',  ( 0.0000000000000000000, 0.0000000000000000000, -1.000000000000000000 ) ) ;
#547 = CARTESIAN_POINT ( 'NONE',  ( 13.10000000000000100, 0.4000000000000000200, -8.349999999999999600 ) ) ;
#548 = LINE ( 'NONE', #549, #550 ) ;
#549 = CARTESIAN_POINT ( 'NONE',  ( -1.399999999999999900, 15.69999999999999900, 1.250000000000000000 ) ) ;
#550 = VECTOR ( 'NONE', #551, 1000.000000000000000 ) ;
#551 = DIRECTION ( 'NONE',  ( 1.000000000000000000, 0.0000000000000000000, 0.0000000000000000000 ) ) ;
#552 = LINE ( 'NONE', #553, #554 ) ;
#553 = CARTESIAN_POINT ( 'NONE',  ( 25.21500000000000000, -4.588531120363589900, -0.5000000000000000000 ) ) ;
#554 = VECTOR ( 'NONE', #558, 1000.000000000000000 ) ;
#555 = ORIENTED_EDGE ( 'NONE', *, *, #2191, .T. ) ;
#556 = ORIENTED_EDGE ( 'NONE', *, *, #1391, .T. ) ;
#557 = ORIENTED_EDGE ( 'NONE', *, *, #76, .F. ) ;
#558 = DIRECTION ( 'NONE',  ( 0.0000000000000000000, 1.000000000000000000, 0.0000000000000000000 ) ) ;
#559 = FACE_OUTER_BOUND ( 'NONE', #196, .T. ) ;
#560 = PLANE ( 'NONE',  #561 ) ;
#561 = AXIS2_PLACEMENT_3D ( 'NONE', #562, #563, #564 ) ;
#562 = CARTESIAN_POINT ( 'NONE',  ( 14.78500000000000000, -4.588531120363589900, -8.000000000000000000 ) ) ;
#563 = DIRECTION ( 'NONE',  ( 1.000000000000000000, 0.0000000000000000000, 0.0000000000000000000 ) ) ;
#564 = DIRECTION ( 'NONE',  ( 0.0000000000000000000, 0.0000000000000000000, -1.000000000000000000 ) ) ;
#565 = LINE ( 'NONE', #566, #567 ) ;
#566 = CARTESIAN_POINT ( 'NONE',  ( 8.500000000000000000, 0.0000000000000000000, -6.850000000000000500 ) ) ;
#567 = VECTOR ( 'NONE', #568, 1000.000000000000000 ) ;
#568 = DIRECTION ( 'NONE',  ( 1.000000000000000000, 0.0000000000000000000, 0.0000000000000000000 ) ) ;
#569 = CARTESIAN_POINT ( 'NONE',  ( 13.10000000000000100, 0.4000000000000000200, -0.6500000000000000200 ) ) ;
#570 = CARTESIAN_POINT ( 'NONE',  ( 18.80000000000000100, 15.69999999999999900, -9.150000000000000400 ) ) ;
#571 = LINE ( 'NONE', #572, #573 ) ;
#572 = CARTESIAN_POINT ( 'NONE',  ( 24.78500000000000000, -4.588531120363589900, -7.000000000000000000 ) ) ;
#573 = VECTOR ( 'NONE', #575, 1000.000000000000000 ) ;
#574 = EDGE_CURVE ( 'NONE', #2153, #796, #1439, .T. ) ;
#575 = DIRECTION ( 'NONE',  ( 0.0000000000000000000, 1.000000000000000000, 0.0000000000000000000 ) ) ;
#576 = CARTESIAN_POINT ( 'NONE',  ( 13.10000000000000100, 0.0000000000000000000, -0.6500000000000000200 ) ) ;
#577 = CARTESIAN_POINT ( 'NONE',  ( -2.299999999999999800, 0.4000000000000000200, -10.10000000000000000 ) ) ;
#578 = CARTESIAN_POINT ( 'NONE',  ( 22.50000000000000000, 0.4000000000000000200, -2.750000000000000000 ) ) ;
#579 = LINE ( 'NONE', #580, #581 ) ;
#580 = CARTESIAN_POINT ( 'NONE',  ( -0.2500000000000000000, 0.4000000000000000200, -0.2500000000000000000 ) ) ;
#581 = VECTOR ( 'NONE', #582, 1000.000000000000000 ) ;
#582 = DIRECTION ( 'NONE',  ( -1.000000000000000000, 0.0000000000000000000, 0.0000000000000000000 ) ) ;
#583 = LINE ( 'NONE', #584, #585 ) ;
#584 = CARTESIAN_POINT ( 'NONE',  ( 1.899999999999999900, 0.0000000000000000000, -4.750000000000000000 ) ) ;
#585 = VECTOR ( 'NONE', #586, 1000.000000000000000 ) ;
#586 = DIRECTION ( 'NONE',  ( -1.000000000000000000, 0.0000000000000000000, 0.0000000000000000000 ) ) ;
#587 = CARTESIAN_POINT ( 'NONE',  ( 20.16499999999999900, -3.500000000000000000, -0.5000000000000000000 ) ) ;
#588 = LINE ( 'NONE', #589, #590 ) ;
#589 = CARTESIAN_POINT ( 'NONE',  ( 0.2500000000000000000, 1.107106781186548000, -7.250000000000000000 ) ) ;
#590 = VECTOR ( 'NONE', #591, 1000.000000000000000 ) ;
#591 = DIRECTION ( 'NONE',  ( 0.0000000000000000000, -1.000000000000000000, 0.0000000000000000000 ) ) ;
#592 = FACE_OUTER_BOUND ( 'NONE', #1969, .T. ) ;
#593 = PLANE ( 'NONE',  #594 ) ;
#594 = AXIS2_PLACEMENT_3D ( 'NONE', #595, #596, #597 ) ;
#595 = CARTESIAN_POINT ( 'NONE',  ( -1.399999999999999900, 15.50000000000000000, -8.750000000000000000 ) ) ;
#596 = DIRECTION ( 'NONE',  ( -1.000000000000000000, 0.0000000000000000000, 1.301042606982605800E-016 ) ) ;
#597 = DIRECTION ( 'NONE',  ( 1.301042606982605800E-016, 0.0000000000000000000, 1.000000000000000000 ) ) ;
#598 = LINE ( 'NONE', #599, #600 ) ;
#599 = CARTESIAN_POINT ( 'NONE',  ( 14.78500000000000000, -4.588531120363589900, -0.5000000000000000000 ) ) ;
#600 = VECTOR ( 'NONE', #601, 1000.000000000000000 ) ;
#601 = DIRECTION ( 'NONE',  ( 0.0000000000000000000, 1.000000000000000000, 0.0000000000000000000 ) ) ;
#602 = FACE_OUTER_BOUND ( 'NONE', #119, .T. ) ;
#603 = PLANE ( 'NONE',  #604 ) ;
#604 = AXIS2_PLACEMENT_3D ( 'NONE', #605, #606, #607 ) ;
#605 = CARTESIAN_POINT ( 'NONE',  ( 1.899999999999999900, -3.124099870362659900, -2.750000000000000000 ) ) ;
#606 = DIRECTION ( 'NONE',  ( 1.000000000000000000, 0.0000000000000000000, 0.0000000000000000000 ) ) ;
#607 = DIRECTION ( 'NONE',  ( 0.0000000000000000000, 0.0000000000000000000, -1.000000000000000000 ) ) ;
#608 = LINE ( 'NONE', #609, #610 ) ;
#609 = CARTESIAN_POINT ( 'NONE',  ( 14.78500000000000000, -4.588531120363589900, 0.5000000000000000000 ) ) ;
#610 = VECTOR ( 'NONE', #611, 1000.000000000000000 ) ;
#611 = DIRECTION ( 'NONE',  ( 0.0000000000000000000, 1.000000000000000000, 0.0000000000000000000 ) ) ;
#612 = LINE ( 'NONE', #613, #614 ) ;
#613 = CARTESIAN_POINT ( 'NONE',  ( -0.4000000000000000200, 15.50000000000000000, -8.750000000000000000 ) ) ;
#614 = VECTOR ( 'NONE', #615, 1000.000000000000000 ) ;
#615 = DIRECTION ( 'NONE',  ( 0.0000000000000000000, 1.000000000000000000, 0.0000000000000000000 ) ) ;
#616 = LINE ( 'NONE', #617, #618 ) ;
#617 = CARTESIAN_POINT ( 'NONE',  ( -2.299999999999999800, 15.69999999999999900, 2.600000000000000100 ) ) ;
#618 = VECTOR ( 'NONE', #619, 1000.000000000000000 ) ;
#619 = DIRECTION ( 'NONE',  ( 1.000000000000000000, 0.0000000000000000000, 0.0000000000000000000 ) ) ;
#620 = FACE_OUTER_BOUND ( 'NONE', #1921, .T. ) ;
#621 = PLANE ( 'NONE',  #622 ) ;
#622 = AXIS2_PLACEMENT_3D ( 'NONE', #626, #627, #628 ) ;
#623 = VERTEX_POINT ( 'NONE', #1448 ) ;
#624 = EDGE_CURVE ( 'NONE', #1827, #1634, #1449, .T. ) ;
#625 = ORIENTED_EDGE ( 'NONE', *, *, #2166, .F. ) ;
#626 = CARTESIAN_POINT ( 'NONE',  ( 1.899999999999999900, -3.124099870362659900, -4.750000000000000000 ) ) ;
#627 = DIRECTION ( 'NONE',  ( 0.0000000000000000000, 0.0000000000000000000, 1.000000000000000000 ) ) ;
#628 = DIRECTION ( 'NONE',  ( 1.000000000000000000, 0.0000000000000000000, 0.0000000000000000000 ) ) ;
#629 = LINE ( 'NONE', #630, #631 ) ;
#630 = CARTESIAN_POINT ( 'NONE',  ( 19.83499999999999700, 0.4000000000000000200, -8.000000000000000000 ) ) ;
#631 = VECTOR ( 'NONE', #632, 1000.000000000000000 ) ;
#632 = DIRECTION ( 'NONE',  ( 0.0000000000000000000, 0.0000000000000000000, -1.000000000000000000 ) ) ;
#633 = FACE_OUTER_BOUND ( 'NONE', #2228, .T. ) ;
#634 = PLANE ( 'NONE',  #635 ) ;
#635 = AXIS2_PLACEMENT_3D ( 'NONE', #636, #637, #638 ) ;
#636 = CARTESIAN_POINT ( 'NONE',  ( 19.83499999999999700, -4.588531120363589900, -0.5000000000000000000 ) ) ;
#637 = DIRECTION ( 'NONE',  ( -3.285461128743880100E-016, 0.0000000000000000000, 1.000000000000000000 ) ) ;
#638 = DIRECTION ( 'NONE',  ( 1.000000000000000000, 0.0000000000000000000, 3.285461128743880100E-016 ) ) ;
#639 = LINE ( 'NONE', #640, #641 ) ;
#640 = CARTESIAN_POINT ( 'NONE',  ( 8.500000000000000000, 0.4000000000000000200, 0.8499999999999999800 ) ) ;
#641 = VECTOR ( 'NONE', #643, 1000.000000000000000 ) ;
#642 = EDGE_LOOP ( 'NONE', ( #161, #111, #121, #1857 ) ) ;
#643 = DIRECTION ( 'NONE',  ( -1.000000000000000000, 0.0000000000000000000, -4.713922489067409500E-017 ) ) ;
#644 = LINE ( 'NONE', #645, #646 ) ;
#645 = CARTESIAN_POINT ( 'NONE',  ( 1.899999999999999900, 0.4000000000000000200, -2.750000000000000000 ) ) ;
#646 = VECTOR ( 'NONE', #647, 1000.000000000000000 ) ;
#647 = DIRECTION ( 'NONE',  ( -1.000000000000000000, 0.0000000000000000000, -1.807003620809174900E-016 ) ) ;
#648 = LINE ( 'NONE', #649, #650 ) ;
#649 = CARTESIAN_POINT ( 'NONE',  ( 15.21500000000000000, 0.4000000000000000200, -8.000000000000000000 ) ) ;
#650 = VECTOR ( 'NONE', #651, 1000.000000000000000 ) ;
#651 = DIRECTION ( 'NONE',  ( 0.0000000000000000000, 0.0000000000000000000, 1.000000000000000000 ) ) ;
#652 = LINE ( 'NONE', #653, #654 ) ;
#653 = CARTESIAN_POINT ( 'NONE',  ( 1.899999999999999900, 0.0000000000000000000, -2.750000000000000000 ) ) ;
#654 = VECTOR ( 'NONE', #655, 1000.000000000000000 ) ;
#655 = DIRECTION ( 'NONE',  ( 1.000000000000000000, 0.0000000000000000000, 1.807003620809174900E-016 ) ) ;
#656 = CARTESIAN_POINT ( 'NONE',  ( 15.90000000000000000, 15.19999999999999900, 1.149999999999999900 ) ) ;
#657 = CARTESIAN_POINT ( 'NONE',  ( 22.50000000000000000, 0.0000000000000000000, -4.750000000000000000 ) ) ;
#658 = CARTESIAN_POINT ( 'NONE',  ( 13.10000000000000100, 0.0000000000000000000, -8.349999999999999600 ) ) ;
#659 = ORIENTED_EDGE ( 'NONE', *, *, #2291, .F. ) ;
#660 = CARTESIAN_POINT ( 'NONE',  ( 14.78500000000000000, 0.4000000000000000200, -8.000000000000000000 ) ) ;
#661 = LINE ( 'NONE', #662, #663 ) ;
#662 = CARTESIAN_POINT ( 'NONE',  ( 13.10000000000000100, -3.124099870362659900, -0.6500000000000000200 ) ) ;
#663 = VECTOR ( 'NONE', #664, 1000.000000000000000 ) ;
#664 = DIRECTION ( 'NONE',  ( 0.0000000000000000000, 1.000000000000000000, 0.0000000000000000000 ) ) ;
#665 = LINE ( 'NONE', #666, #667 ) ;
#666 = CARTESIAN_POINT ( 'NONE',  ( -1.399999999999999900, 15.50000000000000000, 1.250000000000000000 ) ) ;
#667 = VECTOR ( 'NONE', #668, 1000.000000000000000 ) ;
#668 = DIRECTION ( 'NONE',  ( 1.000000000000000000, 0.0000000000000000000, 0.0000000000000000000 ) ) ;
#669 = LINE ( 'NONE', #670, #671 ) ;
#670 = CARTESIAN_POINT ( 'NONE',  ( -2.299999999999999800, 0.4000000000000000200, 2.600000000000000100 ) ) ;
#671 = VECTOR ( 'NONE', #672, 1000.000000000000000 ) ;
#672 = DIRECTION ( 'NONE',  ( 1.000000000000000000, 0.0000000000000000000, 0.0000000000000000000 ) ) ;
#673 = CARTESIAN_POINT ( 'NONE',  ( 25.21500000000000000, 0.4000000000000000200, -0.5000000000000000000 ) ) ;
#674 = CARTESIAN_POINT ( 'NONE',  ( 4.299999999999999800, 0.0000000000000000000, -2.750000000000000000 ) ) ;
#675 = LINE ( 'NONE', #677, #678 ) ;
#676 = ADVANCED_FACE ( 'NONE', ( #1455 ), #1456, .F. ) ;
#677 = CARTESIAN_POINT ( 'NONE',  ( 24.78500000000000000, 0.4000000000000000200, -7.000000000000000000 ) ) ;
#678 = VECTOR ( 'NONE', #679, 1000.000000000000000 ) ;
#679 = DIRECTION ( 'NONE',  ( -1.000000000000000000, 0.0000000000000000000, 0.0000000000000000000 ) ) ;
#680 = FACE_OUTER_BOUND ( 'NONE', #70, .T. ) ;
#681 = PLANE ( 'NONE',  #682 ) ;
#682 = AXIS2_PLACEMENT_3D ( 'NONE', #683, #684, #685 ) ;
#683 = CARTESIAN_POINT ( 'NONE',  ( -0.2500000000000000000, -3.500000000000000000, -7.750000000000000000 ) ) ;
#684 = DIRECTION ( 'NONE',  ( 0.0000000000000000000, -1.000000000000000000, 0.0000000000000000000 ) ) ;
#685 = DIRECTION ( 'NONE',  ( 0.0000000000000000000, 0.0000000000000000000, -1.000000000000000000 ) ) ;
#686 = CARTESIAN_POINT ( 'NONE',  ( 26.70000000000000300, 15.69999999999999900, 2.600000000000000100 ) ) ;
#687 = LINE ( 'NONE', #688, #689 ) ;
#688 = CARTESIAN_POINT ( 'NONE',  ( 0.2500000000000000000, 1.107106781186548000, -0.2500000000000000000 ) ) ;
#689 = VECTOR ( 'NONE', #690, 1000.000000000000000 ) ;
#690 = DIRECTION ( 'NONE',  ( 0.0000000000000000000, -1.000000000000000000, 0.0000000000000000000 ) ) ;
#691 = CARTESIAN_POINT ( 'NONE',  ( 20.16499999999999900, 0.4000000000000000200, -7.000000000000000000 ) ) ;
#692 = CARTESIAN_POINT ( 'NONE',  ( 15.21500000000000000, 0.4000000000000000200, -8.000000000000000000 ) ) ;
#693 = ORIENTED_EDGE ( 'NONE', *, *, #2010, .T. ) ;
#694 = ORIENTED_EDGE ( 'NONE', *, *, #779, .F. ) ;
#695 = LINE ( 'NONE', #696, #697 ) ;
#696 = CARTESIAN_POINT ( 'NONE',  ( 14.78500000000000000, 0.4000000000000000200, -0.5000000000000000000 ) ) ;
#697 = VECTOR ( 'NONE', #698, 1000.000000000000000 ) ;
#698 = DIRECTION ( 'NONE',  ( 1.000000000000000000, 0.0000000000000000000, 0.0000000000000000000 ) ) ;
#699 = CARTESIAN_POINT ( 'NONE',  ( 8.500000000000000000, 0.0000000000000000000, -8.349999999999999600 ) ) ;
#700 = FACE_OUTER_BOUND ( 'NONE', #2273, .T. ) ;
#701 = PLANE ( 'NONE',  #702 ) ;
#702 = AXIS2_PLACEMENT_3D ( 'NONE', #703, #704, #705 ) ;
#703 = CARTESIAN_POINT ( 'NONE',  ( 8.500000000000000000, -3.124099870362659900, -8.349999999999999600 ) ) ;
#704 = DIRECTION ( 'NONE',  ( 0.0000000000000000000, 0.0000000000000000000, 1.000000000000000000 ) ) ;
#705 = DIRECTION ( 'NONE',  ( 1.000000000000000000, 0.0000000000000000000, 0.0000000000000000000 ) ) ;
#706 = CARTESIAN_POINT ( 'NONE',  ( 15.21500000000000000, 0.4000000000000000200, 0.5000000000000000000 ) ) ;
#707 = LINE ( 'NONE', #708, #709 ) ;
#708 = CARTESIAN_POINT ( 'NONE',  ( 19.36464646464644800, 12.72525252525252000, -1.324747474747480100 ) ) ;
#709 = VECTOR ( 'NONE', #710, 1000.000000000000000 ) ;
#710 = DIRECTION ( 'NONE',  ( -0.7035264706814479100, 0.5025189076296069400, 0.5025189076296059400 ) ) ;
#711 = EDGE_CURVE ( 'NONE', #69, #1827, #1469, .T. ) ;
#712 = ORIENTED_EDGE ( 'NONE', *, *, #2045, .T. ) ;
#713 = LINE ( 'NONE', #714, #715 ) ;
#714 = CARTESIAN_POINT ( 'NONE',  ( 24.89999999999999900, 0.4000000000000000200, -2.750000000000000000 ) ) ;
#715 = VECTOR ( 'NONE', #716, 1000.000000000000000 ) ;
#716 = DIRECTION ( 'NONE',  ( 0.0000000000000000000, 0.0000000000000000000, 1.000000000000000000 ) ) ;
#717 = CARTESIAN_POINT ( 'NONE',  ( -0.2500000000000000000, -3.500000000000000000, -0.2500000000000000000 ) ) ;
#718 = LINE ( 'NONE', #719, #720 ) ;
#719 = CARTESIAN_POINT ( 'NONE',  ( 13.10000000000000100, 0.4000000000000000200, 0.8499999999999999800 ) ) ;
#720 = VECTOR ( 'NONE', #721, 1000.000000000000000 ) ;
#721 = DIRECTION ( 'NONE',  ( 0.0000000000000000000, 0.0000000000000000000, 1.000000000000000000 ) ) ;
#722 = FACE_OUTER_BOUND ( 'NONE', #846, .T. ) ;
#723 = PLANE ( 'NONE',  #724 ) ;
#724 = AXIS2_PLACEMENT_3D ( 'NONE', #725, #726, #727 ) ;
#725 = CARTESIAN_POINT ( 'NONE',  ( 15.90000000000000000, 15.19999999999999900, -8.650000000000000400 ) ) ;
#726 = DIRECTION ( 'NONE',  ( 0.5812381937190968000, 0.8137334712067346700, 0.0000000000000000000 ) ) ;
#727 = DIRECTION ( 'NONE',  ( -0.8137334712067346700, 0.5812381937190968000, 0.0000000000000000000 ) ) ;
#728 = CARTESIAN_POINT ( 'NONE',  ( 19.83499999999999700, -3.500000000000000000, -7.000000000000000000 ) ) ;
#729 = LINE ( 'NONE', #730, #731 ) ;
#730 = CARTESIAN_POINT ( 'NONE',  ( -0.2500000000000000000, 0.4000000000000000200, 0.2500000000000000000 ) ) ;
#731 = VECTOR ( 'NONE', #732, 1000.000000000000000 ) ;
#732 = DIRECTION ( 'NONE',  ( 1.000000000000000000, 0.0000000000000000000, 0.0000000000000000000 ) ) ;
#733 = LINE ( 'NONE', #734, #735 ) ;
#734 = CARTESIAN_POINT ( 'NONE',  ( 13.10000000000000100, 0.0000000000000000000, 0.8499999999999999800 ) ) ;
#735 = VECTOR ( 'NONE', #736, 1000.000000000000000 ) ;
#736 = DIRECTION ( 'NONE',  ( 0.0000000000000000000, 0.0000000000000000000, -1.000000000000000000 ) ) ;
#737 = FACE_OUTER_BOUND ( 'NONE', #2027, .T. ) ;
#738 = PLANE ( 'NONE',  #739 ) ;
#739 = AXIS2_PLACEMENT_3D ( 'NONE', #740, #741, #742 ) ;
#740 = CARTESIAN_POINT ( 'NONE',  ( -0.2500000000000000000, -3.500000000000000000, -0.2500000000000000000 ) ) ;
#741 = DIRECTION ( 'NONE',  ( 0.0000000000000000000, -1.000000000000000000, 0.0000000000000000000 ) ) ;
#742 = DIRECTION ( 'NONE',  ( 0.0000000000000000000, 0.0000000000000000000, -1.000000000000000000 ) ) ;
#743 = FACE_OUTER_BOUND ( 'NONE', #1799, .T. ) ;
#744 = PLANE ( 'NONE',  #745 ) ;
#745 = AXIS2_PLACEMENT_3D ( 'NONE', #746, #747, #748 ) ;
#746 = CARTESIAN_POINT ( 'NONE',  ( -1.399999999999999900, 15.50000000000000000, 1.250000000000000000 ) ) ;
#747 = DIRECTION ( 'NONE',  ( 0.0000000000000000000, 0.0000000000000000000, 1.000000000000000000 ) ) ;
#748 = DIRECTION ( 'NONE',  ( 1.000000000000000000, 0.0000000000000000000, 0.0000000000000000000 ) ) ;
#749 = LINE ( 'NONE', #750, #751 ) ;
#750 = CARTESIAN_POINT ( 'NONE',  ( 25.21500000000000000, -3.500000000000000000, -8.000000000000000000 ) ) ;
#751 = VECTOR ( 'NONE', #752, 1000.000000000000000 ) ;
#752 = DIRECTION ( 'NONE',  ( 0.0000000000000000000, 0.0000000000000000000, 1.000000000000000000 ) ) ;
#753 = LINE ( 'NONE', #754, #755 ) ;
#754 = CARTESIAN_POINT ( 'NONE',  ( 13.10000000000000100, 0.0000000000000000000, -8.349999999999999600 ) ) ;
#755 = VECTOR ( 'NONE', #756, 1000.000000000000000 ) ;
#756 = DIRECTION ( 'NONE',  ( 0.0000000000000000000, 0.0000000000000000000, -1.000000000000000000 ) ) ;
#757 = LINE ( 'NONE', #758, #759 ) ;
#758 = CARTESIAN_POINT ( 'NONE',  ( -2.299999999999999800, 0.4000000000000000200, -10.10000000000000000 ) ) ;
#759 = VECTOR ( 'NONE', #760, 1000.000000000000000 ) ;
#760 = DIRECTION ( 'NONE',  ( 0.0000000000000000000, 0.0000000000000000000, 1.000000000000000000 ) ) ;
#761 = ORIENTED_EDGE ( 'NONE', *, *, #1845, .T. ) ;
#762 = LINE ( 'NONE', #763, #764 ) ;
#763 = CARTESIAN_POINT ( 'NONE',  ( 8.500000000000000000, -3.124099870362659900, -6.850000000000000500 ) ) ;
#764 = VECTOR ( 'NONE', #765, 1000.000000000000000 ) ;
#765 = DIRECTION ( 'NONE',  ( 0.0000000000000000000, 1.000000000000000000, 0.0000000000000000000 ) ) ;
#766 = CARTESIAN_POINT ( 'NONE',  ( -1.399999999999999900, 15.69999999999999900, 1.250000000000000000 ) ) ;
#767 = FACE_OUTER_BOUND ( 'NONE', #2193, .T. ) ;
#768 = PLANE ( 'NONE',  #769 ) ;
#769 = AXIS2_PLACEMENT_3D ( 'NONE', #770, #771, #772 ) ;
#770 = CARTESIAN_POINT ( 'NONE',  ( 19.83499999999999700, -4.588531120363589900, 0.5000000000000000000 ) ) ;
#771 = DIRECTION ( 'NONE',  ( 1.000000000000000000, 0.0000000000000000000, 0.0000000000000000000 ) ) ;
#772 = DIRECTION ( 'NONE',  ( 0.0000000000000000000, 0.0000000000000000000, -1.000000000000000000 ) ) ;
#773 = CARTESIAN_POINT ( 'NONE',  ( 1.899999999999999900, 0.4000000000000000200, -4.750000000000000000 ) ) ;
#774 = LINE ( 'NONE', #775, #776 ) ;
#775 = CARTESIAN_POINT ( 'NONE',  ( 14.78500000000000000, -4.588531120363589900, -7.000000000000000000 ) ) ;
#776 = VECTOR ( 'NONE', #777, 1000.000000000000000 ) ;
#777 = DIRECTION ( 'NONE',  ( 0.0000000000000000000, 1.000000000000000000, 0.0000000000000000000 ) ) ;
#778 = EDGE_LOOP ( 'NONE', ( #557, #2235, #278, #1843 ) ) ;
#779 = EDGE_CURVE ( 'NONE', #1864, #2099, #1479, .T. ) ;
#780 = LINE ( 'NONE', #781, #782 ) ;
#781 = CARTESIAN_POINT ( 'NONE',  ( 19.83499999999999700, -3.500000000000000000, 0.5000000000000000000 ) ) ;
#782 = VECTOR ( 'NONE', #783, 1000.000000000000000 ) ;
#783 = DIRECTION ( 'NONE',  ( -1.000000000000000000, 0.0000000000000000000, -3.285461128743880100E-016 ) ) ;
#784 = LINE ( 'NONE', #785, #786 ) ;
#785 = CARTESIAN_POINT ( 'NONE',  ( 25.21500000000000000, -4.588531120363589900, 0.5000000000000000000 ) ) ;
#786 = VECTOR ( 'NONE', #787, 1000.000000000000000 ) ;
#787 = DIRECTION ( 'NONE',  ( 0.0000000000000000000, 1.000000000000000000, 0.0000000000000000000 ) ) ;
#788 = CARTESIAN_POINT ( 'NONE',  ( 24.78500000000000000, -3.500000000000000000, -8.000000000000000000 ) ) ;
#789 = LINE ( 'NONE', #790, #791 ) ;
#790 = CARTESIAN_POINT ( 'NONE',  ( 15.90000000000000000, 15.19999999999999900, -8.650000000000000400 ) ) ;
#791 = VECTOR ( 'NONE', #792, 1000.000000000000000 ) ;
#792 = DIRECTION ( 'NONE',  ( 0.0000000000000000000, 0.0000000000000000000, 1.000000000000000000 ) ) ;
#793 = FACE_OUTER_BOUND ( 'NONE', #2181, .T. ) ;
#794 = FACE_BOUND ( 'NONE', #1878, .T. ) ;
#795 = PLANE ( 'NONE',  #797 ) ;
#796 = VERTEX_POINT ( 'NONE', #1485 ) ;
#797 = AXIS2_PLACEMENT_3D ( 'NONE', #798, #799, #800 ) ;
#798 = CARTESIAN_POINT ( 'NONE',  ( 15.90000000000000000, 15.19999999999999900, 1.149999999999999900 ) ) ;
#799 = DIRECTION ( 'NONE',  ( 0.0000000000000000000, 1.000000000000000000, 0.0000000000000000000 ) ) ;
#800 = DIRECTION ( 'NONE',  ( 0.0000000000000000000, 0.0000000000000000000, 1.000000000000000000 ) ) ;
#801 = CARTESIAN_POINT ( 'NONE',  ( 14.78500000000000000, -3.500000000000000000, -7.000000000000000000 ) ) ;
#802 = LINE ( 'NONE', #803, #804 ) ;
#803 = CARTESIAN_POINT ( 'NONE',  ( -0.2500000000000000000, 0.4000000000000000200, -7.750000000000000000 ) ) ;
#804 = VECTOR ( 'NONE', #805, 1000.000000000000000 ) ;
#805 = DIRECTION ( 'NONE',  ( -1.000000000000000000, 0.0000000000000000000, 0.0000000000000000000 ) ) ;
#806 = LINE ( 'NONE', #807, #808 ) ;
#807 = CARTESIAN_POINT ( 'NONE',  ( 19.83499999999999700, -3.500000000000000000, 0.5000000000000000000 ) ) ;
#808 = VECTOR ( 'NONE', #809, 1000.000000000000000 ) ;
#809 = DIRECTION ( 'NONE',  ( 0.0000000000000000000, 0.0000000000000000000, -1.000000000000000000 ) ) ;
#810 = CARTESIAN_POINT ( 'NONE',  ( -0.4000000000000000200, 15.50000000000000000, 1.250000000000000000 ) ) ;
#811 = LINE ( 'NONE', #812, #813 ) ;
#812 = CARTESIAN_POINT ( 'NONE',  ( 15.21500000000000000, -4.588531120363589900, 0.5000000000000000000 ) ) ;
#813 = VECTOR ( 'NONE', #814, 1000.000000000000000 ) ;
#814 = DIRECTION ( 'NONE',  ( 0.0000000000000000000, 1.000000000000000000, 0.0000000000000000000 ) ) ;
#815 = CARTESIAN_POINT ( 'NONE',  ( 22.50000000000000000, 0.0000000000000000000, -2.750000000000000000 ) ) ;
#816 = CARTESIAN_POINT ( 'NONE',  ( 15.90000000000000000, 15.19999999999999900, -8.650000000000000400 ) ) ;
#817 = CARTESIAN_POINT ( 'NONE',  ( 24.89999999999999900, 0.4000000000000000200, -2.750000000000000000 ) ) ;
#818 = CARTESIAN_POINT ( 'NONE',  ( 15.19999999999999900, 15.69999999999999900, 1.649999999999999900 ) ) ;
#819 = CARTESIAN_POINT ( 'NONE',  ( -2.299999999999999800, 0.4000000000000000200, 2.600000000000000100 ) ) ;
#820 = CARTESIAN_POINT ( 'NONE',  ( 24.78500000000000000, 0.4000000000000000200, 0.5000000000000000000 ) ) ;
#821 = LINE ( 'NONE', #822, #823 ) ;
#822 = CARTESIAN_POINT ( 'NONE',  ( 8.500000000000000000, 0.4000000000000000200, 0.8499999999999999800 ) ) ;
#823 = VECTOR ( 'NONE', #824, 1000.000000000000000 ) ;
#824 = DIRECTION ( 'NONE',  ( 0.0000000000000000000, 0.0000000000000000000, -1.000000000000000000 ) ) ;
#825 = CARTESIAN_POINT ( 'NONE',  ( -2.299999999999999800, 15.69999999999999900, 2.600000000000000100 ) ) ;
#826 = LINE ( 'NONE', #827, #828 ) ;
#827 = CARTESIAN_POINT ( 'NONE',  ( 4.299999999999999800, 0.0000000000000000000, -2.750000000000000000 ) ) ;
#828 = VECTOR ( 'NONE', #830, 1000.000000000000000 ) ;
#829 = VERTEX_POINT ( 'NONE', #1490 ) ;
#830 = DIRECTION ( 'NONE',  ( 4.336808689942020200E-016, 0.0000000000000000000, -1.000000000000000000 ) ) ;
#831 = CARTESIAN_POINT ( 'NONE',  ( 18.80000000000000100, 15.69999999999999900, 1.649999999999999900 ) ) ;
#832 = CARTESIAN_POINT ( 'NONE',  ( 19.83499999999999700, -3.500000000000000000, -8.000000000000000000 ) ) ;
#833 = LINE ( 'NONE', #834, #835 ) ;
#834 = CARTESIAN_POINT ( 'NONE',  ( 20.16499999999999900, -3.500000000000000000, -8.000000000000000000 ) ) ;
#835 = VECTOR ( 'NONE', #836, 1000.000000000000000 ) ;
#836 = DIRECTION ( 'NONE',  ( 0.0000000000000000000, 0.0000000000000000000, 1.000000000000000000 ) ) ;
#837 = LINE ( 'NONE', #838, #839 ) ;
#838 = CARTESIAN_POINT ( 'NONE',  ( 24.78500000000000000, 0.4000000000000000200, -8.000000000000000000 ) ) ;
#839 = VECTOR ( 'NONE', #840, 1000.000000000000000 ) ;
#840 = DIRECTION ( 'NONE',  ( 0.0000000000000000000, 0.0000000000000000000, -1.000000000000000000 ) ) ;
#841 = LINE ( 'NONE', #842, #843 ) ;
#842 = CARTESIAN_POINT ( 'NONE',  ( 26.70000000000000300, 0.4000000000000000200, -10.10000000000000000 ) ) ;
#843 = VECTOR ( 'NONE', #844, 1000.000000000000000 ) ;
#844 = DIRECTION ( 'NONE',  ( 0.0000000000000000000, 0.0000000000000000000, -1.000000000000000000 ) ) ;
#845 = CARTESIAN_POINT ( 'NONE',  ( -0.2500000000000000000, -3.500000000000000000, 0.2500000000000000000 ) ) ;
#846 = EDGE_LOOP ( 'NONE', ( #130, #2023, #2041, #659 ) ) ;
#847 = LINE ( 'NONE', #848, #849 ) ;
#848 = CARTESIAN_POINT ( 'NONE',  ( 8.500000000000000000, 0.4000000000000000200, -0.6500000000000000200 ) ) ;
#849 = VECTOR ( 'NONE', #850, 1000.000000000000000 ) ;
#850 = DIRECTION ( 'NONE',  ( 1.000000000000000000, 0.0000000000000000000, -4.713922489067409500E-017 ) ) ;
#851 = CARTESIAN_POINT ( 'NONE',  ( 15.21500000000000000, 0.4000000000000000200, -0.5000000000000000000 ) ) ;
#852 = CIRCLE ( 'NONE', #853, 0.5000000000000000000 ) ;
#853 = AXIS2_PLACEMENT_3D ( 'NONE', #854, #855, #856 ) ;
#854 = CARTESIAN_POINT ( 'NONE',  ( 17.10000000000000100, 15.69999999999999900, 0.04999999999999799700 ) ) ;
#855 = DIRECTION ( 'NONE',  ( 0.0000000000000000000, 1.000000000000000000, 0.0000000000000000000 ) ) ;
#856 = DIRECTION ( 'NONE',  ( 0.0000000000000000000, 0.0000000000000000000, 1.000000000000000000 ) ) ;
#857 = LINE ( 'NONE', #858, #859 ) ;
#858 = CARTESIAN_POINT ( 'NONE',  ( 14.78500000000000000, -3.500000000000000000, 0.5000000000000000000 ) ) ;
#859 = VECTOR ( 'NONE', #860, 1000.000000000000000 ) ;
#860 = DIRECTION ( 'NONE',  ( 0.0000000000000000000, 0.0000000000000000000, -1.000000000000000000 ) ) ;
#861 = LINE ( 'NONE', #862, #864 ) ;
#862 = CARTESIAN_POINT ( 'NONE',  ( -1.399999999999999900, 15.69999999999999900, -8.750000000000000000 ) ) ;
#863 = EDGE_LOOP ( 'NONE', ( #1853, #44, #181, #1988 ) ) ;
#864 = VECTOR ( 'NONE', #865, 1000.000000000000000 ) ;
#865 = DIRECTION ( 'NONE',  ( 1.301042606982605800E-016, 0.0000000000000000000, 1.000000000000000000 ) ) ;
#866 = FACE_OUTER_BOUND ( 'NONE', #2251, .T. ) ;
#867 = PLANE ( 'NONE',  #868 ) ;
#868 = AXIS2_PLACEMENT_3D ( 'NONE', #869, #870, #871 ) ;
#869 = CARTESIAN_POINT ( 'NONE',  ( -0.2500000000000000000, 1.107106781186548000, -7.250000000000000000 ) ) ;
#870 = DIRECTION ( 'NONE',  ( 0.0000000000000000000, 0.0000000000000000000, -1.000000000000000000 ) ) ;
#871 = DIRECTION ( 'NONE',  ( -1.000000000000000000, 0.0000000000000000000, 0.0000000000000000000 ) ) ;
#872 = CARTESIAN_POINT ( 'NONE',  ( -2.299999999999999800, 15.69999999999999900, -10.10000000000000000 ) ) ;
#873 = LINE ( 'NONE', #874, #875 ) ;
#874 = CARTESIAN_POINT ( 'NONE',  ( 13.10000000000000100, -3.124099870362659900, 0.8499999999999999800 ) ) ;
#875 = VECTOR ( 'NONE', #876, 1000.000000000000000 ) ;
#876 = DIRECTION ( 'NONE',  ( 0.0000000000000000000, 1.000000000000000000, 0.0000000000000000000 ) ) ;
#877 = LINE ( 'NONE', #878, #879 ) ;
#878 = CARTESIAN_POINT ( 'NONE',  ( 19.83499999999999700, -3.500000000000000000, -7.000000000000000000 ) ) ;
#879 = VECTOR ( 'NONE', #882, 1000.000000000000000 ) ;
#880 = VERTEX_POINT ( 'NONE', #1510 ) ;
#881 = ORIENTED_EDGE ( 'NONE', *, *, #1858, .T. ) ;
#882 = DIRECTION ( 'NONE',  ( -1.000000000000000000, 0.0000000000000000000, 0.0000000000000000000 ) ) ;
#883 = CARTESIAN_POINT ( 'NONE',  ( 20.16499999999999900, 0.4000000000000000200, 0.5000000000000000000 ) ) ;
#884 = LINE ( 'NONE', #885, #886 ) ;
#885 = CARTESIAN_POINT ( 'NONE',  ( 22.50000000000000000, 0.4000000000000000200, -4.750000000000000000 ) ) ;
#886 = VECTOR ( 'NONE', #887, 1000.000000000000000 ) ;
#887 = DIRECTION ( 'NONE',  ( 1.000000000000000000, 0.0000000000000000000, 0.0000000000000000000 ) ) ;
#888 = LINE ( 'NONE', #889, #890 ) ;
#889 = CARTESIAN_POINT ( 'NONE',  ( -1.399999999999999900, 15.50000000000000000, 1.250000000000000000 ) ) ;
#890 = VECTOR ( 'NONE', #891, 1000.000000000000000 ) ;
#891 = DIRECTION ( 'NONE',  ( 0.0000000000000000000, 1.000000000000000000, 0.0000000000000000000 ) ) ;
#892 = LINE ( 'NONE', #893, #894 ) ;
#893 = CARTESIAN_POINT ( 'NONE',  ( 14.78500000000000000, -3.500000000000000000, -8.000000000000000000 ) ) ;
#894 = VECTOR ( 'NONE', #895, 1000.000000000000000 ) ;
#895 = DIRECTION ( 'NONE',  ( 0.0000000000000000000, 0.0000000000000000000, -1.000000000000000000 ) ) ;
#896 = LINE ( 'NONE', #897, #900 ) ;
#897 = CARTESIAN_POINT ( 'NONE',  ( 24.78500000000000000, 0.4000000000000000200, -8.000000000000000000 ) ) ;
#898 = ORIENTED_EDGE ( 'NONE', *, *, #1869, .T. ) ;
#899 = ADVANCED_FACE ( 'NONE', ( #1511 ), #1512, .T. ) ;
#900 = VECTOR ( 'NONE', #901, 1000.000000000000000 ) ;
#901 = DIRECTION ( 'NONE',  ( 1.000000000000000000, 0.0000000000000000000, 0.0000000000000000000 ) ) ;
#902 = LINE ( 'NONE', #903, #904 ) ;
#903 = CARTESIAN_POINT ( 'NONE',  ( -0.2500000000000000000, -3.500000000000000000, -7.250000000000000000 ) ) ;
#904 = VECTOR ( 'NONE', #905, 1000.000000000000000 ) ;
#905 = DIRECTION ( 'NONE',  ( 1.000000000000000000, 0.0000000000000000000, 0.0000000000000000000 ) ) ;
#906 = CARTESIAN_POINT ( 'NONE',  ( 20.16499999999999900, -3.500000000000000000, -8.000000000000000000 ) ) ;
#907 = FACE_OUTER_BOUND ( 'NONE', #135, .T. ) ;
#908 = PLANE ( 'NONE',  #909 ) ;
#909 = AXIS2_PLACEMENT_3D ( 'NONE', #910, #911, #912 ) ;
#910 = CARTESIAN_POINT ( 'NONE',  ( 24.89999999999999900, -3.124099870362659900, -2.750000000000000000 ) ) ;
#911 = DIRECTION ( 'NONE',  ( -1.000000000000000000, 0.0000000000000000000, 0.0000000000000000000 ) ) ;
#912 = DIRECTION ( 'NONE',  ( 0.0000000000000000000, 0.0000000000000000000, 1.000000000000000000 ) ) ;
#913 = FACE_OUTER_BOUND ( 'NONE', #1669, .T. ) ;
#914 = PLANE ( 'NONE',  #915 ) ;
#915 = AXIS2_PLACEMENT_3D ( 'NONE', #918, #919, #920 ) ;
#916 = ADVANCED_FACE ( 'NONE', ( #1518 ), #1519, .T. ) ;
#917 = EDGE_LOOP ( 'NONE', ( #2036, #2042, #2121, #45 ) ) ;
#918 = CARTESIAN_POINT ( 'NONE',  ( 8.500000000000000000, -3.124099870362659900, 0.8499999999999999800 ) ) ;
#919 = DIRECTION ( 'NONE',  ( 1.000000000000000000, 0.0000000000000000000, 0.0000000000000000000 ) ) ;
#920 = DIRECTION ( 'NONE',  ( 0.0000000000000000000, 0.0000000000000000000, -1.000000000000000000 ) ) ;
#921 = LINE ( 'NONE', #922, #923 ) ;
#922 = CARTESIAN_POINT ( 'NONE',  ( -0.2500000000000000000, -3.500000000000000000, 0.2500000000000000000 ) ) ;
#923 = VECTOR ( 'NONE', #924, 1000.000000000000000 ) ;
#924 = DIRECTION ( 'NONE',  ( 1.000000000000000000, 0.0000000000000000000, 0.0000000000000000000 ) ) ;
#925 = FACE_OUTER_BOUND ( 'NONE', #182, .T. ) ;
#926 = PLANE ( 'NONE',  #927 ) ;
#927 = AXIS2_PLACEMENT_3D ( 'NONE', #928, #929, #930 ) ;
#928 = CARTESIAN_POINT ( 'NONE',  ( 20.16499999999999900, -4.588531120363589900, -8.000000000000000000 ) ) ;
#929 = DIRECTION ( 'NONE',  ( -1.000000000000000000, 0.0000000000000000000, 0.0000000000000000000 ) ) ;
#930 = DIRECTION ( 'NONE',  ( 0.0000000000000000000, 0.0000000000000000000, 1.000000000000000000 ) ) ;
#931 = LINE ( 'NONE', #932, #933 ) ;
#932 = CARTESIAN_POINT ( 'NONE',  ( -0.4000000000000000200, 15.69999999999999900, -8.750000000000000000 ) ) ;
#933 = VECTOR ( 'NONE', #939, 1000.000000000000000 ) ;
#934 = ORIENTED_EDGE ( 'NONE', *, *, #1947, .T. ) ;
#935 = ADVANCED_FACE ( 'NONE', ( #1524 ), #1525, .F. ) ;
#936 = ORIENTED_EDGE ( 'NONE', *, *, #169, .T. ) ;
#937 = EDGE_CURVE ( 'NONE', #2059, #1925, #1535, .T. ) ;
#938 = ORIENTED_EDGE ( 'NONE', *, *, #21, .T. ) ;
#939 = DIRECTION ( 'NONE',  ( -1.246832498358329900E-016, 0.0000000000000000000, -1.000000000000000000 ) ) ;
#940 = FACE_OUTER_BOUND ( 'NONE', #2044, .T. ) ;
#941 = PLANE ( 'NONE',  #942 ) ;
#942 = AXIS2_PLACEMENT_3D ( 'NONE', #943, #944, #945 ) ;
#943 = CARTESIAN_POINT ( 'NONE',  ( 14.78500000000000000, -4.588531120363589900, -8.000000000000000000 ) ) ;
#944 = DIRECTION ( 'NONE',  ( 0.0000000000000000000, 0.0000000000000000000, 1.000000000000000000 ) ) ;
#945 = DIRECTION ( 'NONE',  ( 1.000000000000000000, 0.0000000000000000000, 0.0000000000000000000 ) ) ;
#946 = CARTESIAN_POINT ( 'NONE',  ( 0.2500000000000000000, -3.500000000000000000, -7.250000000000000000 ) ) ;
#947 = LINE ( 'NONE', #948, #949 ) ;
#948 = CARTESIAN_POINT ( 'NONE',  ( 18.30000000000000100, 15.19999999999999900, -8.650000000000000400 ) ) ;
#949 = VECTOR ( 'NONE', #950, 1000.000000000000000 ) ;
#950 = DIRECTION ( 'NONE',  ( 0.0000000000000000000, 0.0000000000000000000, -1.000000000000000000 ) ) ;
#951 = FACE_OUTER_BOUND ( 'NONE', #1849, .T. ) ;
#952 = PLANE ( 'NONE',  #953 ) ;
#953 = AXIS2_PLACEMENT_3D ( 'NONE', #954, #956, #957 ) ;
#954 = CARTESIAN_POINT ( 'NONE',  ( 0.0000000000000000000, 0.0000000000000000000, 0.0000000000000000000 ) ) ;
#955 = ORIENTED_EDGE ( 'NONE', *, *, #2253, .T. ) ;
#956 = DIRECTION ( 'NONE',  ( 0.0000000000000000000, 1.000000000000000000, 0.0000000000000000000 ) ) ;
#957 = DIRECTION ( 'NONE',  ( 0.0000000000000000000, 0.0000000000000000000, 1.000000000000000000 ) ) ;
#958 = CARTESIAN_POINT ( 'NONE',  ( 15.21500000000000000, -3.500000000000000000, -8.000000000000000000 ) ) ;
#959 = CARTESIAN_POINT ( 'NONE',  ( 14.78500000000000000, -3.500000000000000000, 0.5000000000000000000 ) ) ;
#960 = LINE ( 'NONE', #961, #962 ) ;
#961 = CARTESIAN_POINT ( 'NONE',  ( 15.03333333333334900, 11.93333333333333900, -2.116666666666664900 ) ) ;
#962 = VECTOR ( 'NONE', #963, 999.9999999999998900 ) ;
#963 = DIRECTION ( 'NONE',  ( 0.5773502691896257300, 0.5773502691896257300, 0.5773502691896257300 ) ) ;
#964 = CARTESIAN_POINT ( 'NONE',  ( 8.500000000000000000, 0.4000000000000000200, -0.6500000000000000200 ) ) ;
#965 = CARTESIAN_POINT ( 'NONE',  ( 19.83499999999999700, -3.500000000000000000, 0.5000000000000000000 ) ) ;
#966 = CARTESIAN_POINT ( 'NONE',  ( -1.399999999999999900, 15.69999999999999900, -8.750000000000000000 ) ) ;
#967 = CARTESIAN_POINT ( 'NONE',  ( 17.10000000000000100, 15.19999999999999900, 0.5499999999999979300 ) ) ;
#968 = LINE ( 'NONE', #969, #970 ) ;
#969 = CARTESIAN_POINT ( 'NONE',  ( -0.2500000000000000000, -3.500000000000000000, 0.2500000000000000000 ) ) ;
#970 = VECTOR ( 'NONE', #971, 1000.000000000000000 ) ;
#971 = DIRECTION ( 'NONE',  ( 0.0000000000000000000, 0.0000000000000000000, 1.000000000000000000 ) ) ;
#972 = EDGE_CURVE ( 'NONE', #2076, #1652, #1545, .T. ) ;
#973 = EDGE_CURVE ( 'NONE', #2275, #95, #1554, .T. ) ;
#974 = FACE_OUTER_BOUND ( 'NONE', #48, .T. ) ;
#975 = PLANE ( 'NONE',  #976 ) ;
#976 = AXIS2_PLACEMENT_3D ( 'NONE', #977, #978, #979 ) ;
#977 = CARTESIAN_POINT ( 'NONE',  ( -0.2500000000000000000, 1.107106781186548000, 0.2500000000000000000 ) ) ;
#978 = DIRECTION ( 'NONE',  ( 1.000000000000000000, 0.0000000000000000000, 0.0000000000000000000 ) ) ;
#979 = DIRECTION ( 'NONE',  ( 0.0000000000000000000, 0.0000000000000000000, -1.000000000000000000 ) ) ;
#980 = LINE ( 'NONE', #981, #982 ) ;
#981 = CARTESIAN_POINT ( 'NONE',  ( 24.78500000000000000, -3.500000000000000000, -8.000000000000000000 ) ) ;
#982 = VECTOR ( 'NONE', #983, 1000.000000000000000 ) ;
#983 = DIRECTION ( 'NONE',  ( 0.0000000000000000000, 0.0000000000000000000, -1.000000000000000000 ) ) ;
#984 = LINE ( 'NONE', #985, #986 ) ;
#985 = CARTESIAN_POINT ( 'NONE',  ( 20.16499999999999900, 0.4000000000000000200, 0.5000000000000000000 ) ) ;
#986 = VECTOR ( 'NONE', #987, 1000.000000000000000 ) ;
#987 = DIRECTION ( 'NONE',  ( 0.0000000000000000000, 0.0000000000000000000, 1.000000000000000000 ) ) ;
#988 = CARTESIAN_POINT ( 'NONE',  ( 25.21500000000000000, -3.500000000000000000, -8.000000000000000000 ) ) ;
#989 = LINE ( 'NONE', #990, #991 ) ;
#990 = CARTESIAN_POINT ( 'NONE',  ( 20.16499999999999900, -4.588531120363589900, -8.000000000000000000 ) ) ;
#991 = VECTOR ( 'NONE', #992, 1000.000000000000000 ) ;
#992 = DIRECTION ( 'NONE',  ( 0.0000000000000000000, 1.000000000000000000, 0.0000000000000000000 ) ) ;
#993 = LINE ( 'NONE', #994, #995 ) ;
#994 = CARTESIAN_POINT ( 'NONE',  ( -0.2500000000000000000, 0.4000000000000000200, -7.250000000000000000 ) ) ;
#995 = VECTOR ( 'NONE', #996, 1000.000000000000000 ) ;
#996 = DIRECTION ( 'NONE',  ( 0.0000000000000000000, 0.0000000000000000000, 1.000000000000000000 ) ) ;
#997 = LINE ( 'NONE', #998, #999 ) ;
#998 = CARTESIAN_POINT ( 'NONE',  ( 19.83499999999999700, -3.500000000000000000, -8.000000000000000000 ) ) ;
#999 = VECTOR ( 'NONE', #1000, 1000.000000000000000 ) ;
#1000 = DIRECTION ( 'NONE',  ( 1.000000000000000000, 0.0000000000000000000, 0.0000000000000000000 ) ) ;
#1001 = CIRCLE ( 'NONE', #1002, 0.5000000000000000000 ) ;
#1002 = AXIS2_PLACEMENT_3D ( 'NONE', #1003, #1004, #1005 ) ;
#1003 = CARTESIAN_POINT ( 'NONE',  ( 17.10000000000000100, 15.19999999999999900, 0.04999999999999799700 ) ) ;
#1004 = DIRECTION ( 'NONE',  ( 0.0000000000000000000, 1.000000000000000000, 0.0000000000000000000 ) ) ;
#1005 = DIRECTION ( 'NONE',  ( 0.0000000000000000000, 0.0000000000000000000, 1.000000000000000000 ) ) ;
#1006 = LINE ( 'NONE', #1007, #1008 ) ;
#1007 = CARTESIAN_POINT ( 'NONE',  ( 14.78500000000000000, -4.588531120363589900, -8.000000000000000000 ) ) ;
#1008 = VECTOR ( 'NONE', #1009, 1000.000000000000000 ) ;
#1009 = DIRECTION ( 'NONE',  ( 0.0000000000000000000, 1.000000000000000000, 0.0000000000000000000 ) ) ;
#1010 = LINE ( 'NONE', #1011, #1012 ) ;
#1011 = CARTESIAN_POINT ( 'NONE',  ( 24.78500000000000000, -3.500000000000000000, 0.5000000000000000000 ) ) ;
#1012 = VECTOR ( 'NONE', #1013, 1000.000000000000000 ) ;
#1013 = DIRECTION ( 'NONE',  ( -1.000000000000000000, 0.0000000000000000000, 0.0000000000000000000 ) ) ;
#1014 = LINE ( 'NONE', #1015, #1016 ) ;
#1015 = CARTESIAN_POINT ( 'NONE',  ( 15.19999999999999900, 15.69999999999999900, -9.150000000000000400 ) ) ;
#1016 = VECTOR ( 'NONE', #1017, 1000.000000000000000 ) ;
#1017 = DIRECTION ( 'NONE',  ( 0.0000000000000000000, 0.0000000000000000000, -1.000000000000000000 ) ) ;
#1018 = CARTESIAN_POINT ( 'NONE',  ( 4.299999999999999800, 0.4000000000000000200, -4.750000000000000000 ) ) ;
#1019 = FACE_OUTER_BOUND ( 'NONE', #1808, .T. ) ;
#1020 = PLANE ( 'NONE',  #1021 ) ;
#1021 = AXIS2_PLACEMENT_3D ( 'NONE', #1022, #1023, #1024 ) ;
#1022 = CARTESIAN_POINT ( 'NONE',  ( 13.10000000000000100, -3.124099870362659900, 0.8499999999999999800 ) ) ;
#1023 = DIRECTION ( 'NONE',  ( -1.000000000000000000, 0.0000000000000000000, 0.0000000000000000000 ) ) ;
#1024 = DIRECTION ( 'NONE',  ( 0.0000000000000000000, 0.0000000000000000000, 1.000000000000000000 ) ) ;
#1025 = FACE_OUTER_BOUND ( 'NONE', #1159, .T. ) ;
#1026 = PLANE ( 'NONE',  #1027 ) ;
#1027 = AXIS2_PLACEMENT_3D ( 'NONE', #1028, #1029, #1030 ) ;
#1028 = CARTESIAN_POINT ( 'NONE',  ( -0.2500000000000000000, -3.500000000000000000, -0.2500000000000000000 ) ) ;
#1029 = DIRECTION ( 'NONE',  ( 0.0000000000000000000, -1.000000000000000000, 0.0000000000000000000 ) ) ;
#1030 = DIRECTION ( 'NONE',  ( 0.0000000000000000000, 0.0000000000000000000, -1.000000000000000000 ) ) ;
#1031 = CARTESIAN_POINT ( 'NONE',  ( -1.399999999999999900, 15.50000000000000000, 1.250000000000000000 ) ) ;
#1032 = CARTESIAN_POINT ( 'NONE',  ( 24.78500000000000000, 0.4000000000000000200, -7.000000000000000000 ) ) ;
#1033 = CARTESIAN_POINT ( 'NONE',  ( 8.500000000000000000, 0.0000000000000000000, -0.6500000000000000200 ) ) ;
#1034 = CARTESIAN_POINT ( 'NONE',  ( 15.19999999999999900, 15.69999999999999900, -9.150000000000000400 ) ) ;
#1035 = CARTESIAN_POINT ( 'NONE',  ( -0.4000000000000000200, 15.50000000000000000, -8.750000000000000000 ) ) ;
#1036 = LINE ( 'NONE', #1037, #1038 ) ;
#1037 = CARTESIAN_POINT ( 'NONE',  ( 0.2500000000000000000, 0.4000000000000000200, -7.250000000000000000 ) ) ;
#1038 = VECTOR ( 'NONE', #1039, 1000.000000000000000 ) ;
#1039 = DIRECTION ( 'NONE',  ( 0.0000000000000000000, 0.0000000000000000000, -1.000000000000000000 ) ) ;
#1040 = LINE ( 'NONE', #1041, #1042 ) ;
#1041 = CARTESIAN_POINT ( 'NONE',  ( 19.83499999999999700, -4.588531120363589900, -8.000000000000000000 ) ) ;
#1042 = VECTOR ( 'NONE', #1043, 1000.000000000000000 ) ;
#1043 = DIRECTION ( 'NONE',  ( 0.0000000000000000000, 1.000000000000000000, 0.0000000000000000000 ) ) ;
#1044 = CARTESIAN_POINT ( 'NONE',  ( 13.10000000000000100, 0.0000000000000000000, 0.8499999999999999800 ) ) ;
#1045 = LINE ( 'NONE', #1046, #1047 ) ;
#1046 = CARTESIAN_POINT ( 'NONE',  ( 20.16499999999999900, 0.4000000000000000200, -8.000000000000000000 ) ) ;
#1047 = VECTOR ( 'NONE', #1048, 1000.000000000000000 ) ;
#1048 = DIRECTION ( 'NONE',  ( 0.0000000000000000000, 0.0000000000000000000, 1.000000000000000000 ) ) ;
#1049 = FACE_OUTER_BOUND ( 'NONE', #122, .T. ) ;
#1050 = PLANE ( 'NONE',  #1051 ) ;
#1051 = AXIS2_PLACEMENT_3D ( 'NONE', #1052, #1053, #1056 ) ;
#1052 = CARTESIAN_POINT ( 'NONE',  ( 22.50000000000000000, -3.124099870362659900, -4.750000000000000000 ) ) ;
#1053 = DIRECTION ( 'NONE',  ( 0.0000000000000000000, 0.0000000000000000000, 1.000000000000000000 ) ) ;
#1054 = EDGE_LOOP ( 'NONE', ( #1978, #59, #2172, #1873 ) ) ;
#1055 = ADVANCED_FACE ( 'NONE', ( #1580 ), #1581, .F. ) ;
#1056 = DIRECTION ( 'NONE',  ( 1.000000000000000000, 0.0000000000000000000, 0.0000000000000000000 ) ) ;
#1057 = FACE_OUTER_BOUND ( 'NONE', #1054, .T. ) ;
#1058 = PLANE ( 'NONE',  #1059 ) ;
#1059 = AXIS2_PLACEMENT_3D ( 'NONE', #1060, #1061, #1062 ) ;
#1060 = CARTESIAN_POINT ( 'NONE',  ( 25.21500000000000000, -4.588531120363589900, 0.5000000000000000000 ) ) ;
#1061 = DIRECTION ( 'NONE',  ( -1.000000000000000000, 0.0000000000000000000, 0.0000000000000000000 ) ) ;
#1062 = DIRECTION ( 'NONE',  ( 0.0000000000000000000, 0.0000000000000000000, 1.000000000000000000 ) ) ;
#1063 = CARTESIAN_POINT ( 'NONE',  ( 15.21500000000000000, -3.500000000000000000, -7.000000000000000000 ) ) ;
#1064 = CARTESIAN_POINT ( 'NONE',  ( 4.299999999999999800, 0.4000000000000000200, -2.750000000000000000 ) ) ;
#1065 = LINE ( 'NONE', #1066, #1067 ) ;
#1066 = CARTESIAN_POINT ( 'NONE',  ( 24.89999999999999900, -3.124099870362659900, -4.750000000000000000 ) ) ;
#1067 = VECTOR ( 'NONE', #1068, 1000.000000000000000 ) ;
#1068 = DIRECTION ( 'NONE',  ( 0.0000000000000000000, 1.000000000000000000, 0.0000000000000000000 ) ) ;
#1069 = LINE ( 'NONE', #1070, #1071 ) ;
#1070 = CARTESIAN_POINT ( 'NONE',  ( 17.10000000000000100, 17.11421356237309900, -0.4500000000000020100 ) ) ;
#1071 = VECTOR ( 'NONE', #1073, 1000.000000000000000 ) ;
#1072 = ORIENTED_EDGE ( 'NONE', *, *, #2253, .F. ) ;
#1073 = DIRECTION ( 'NONE',  ( 0.0000000000000000000, -1.000000000000000000, 0.0000000000000000000 ) ) ;
#1074 = FACE_OUTER_BOUND ( 'NONE', #2168, .T. ) ;
#1075 = PLANE ( 'NONE',  #1076 ) ;
#1076 = AXIS2_PLACEMENT_3D ( 'NONE', #1077, #1078, #1079 ) ;
#1077 = CARTESIAN_POINT ( 'NONE',  ( -0.2500000000000000000, -3.500000000000000000, -0.2500000000000000000 ) ) ;
#1078 = DIRECTION ( 'NONE',  ( 0.0000000000000000000, -1.000000000000000000, 0.0000000000000000000 ) ) ;
#1079 = DIRECTION ( 'NONE',  ( 0.0000000000000000000, 0.0000000000000000000, -1.000000000000000000 ) ) ;
#1080 = LINE ( 'NONE', #1081, #1082 ) ;
#1081 = CARTESIAN_POINT ( 'NONE',  ( 15.90000000000000000, 15.19999999999999900, 1.149999999999999900 ) ) ;
#1082 = VECTOR ( 'NONE', #1083, 1000.000000000000000 ) ;
#1083 = DIRECTION ( 'NONE',  ( 1.000000000000000000, 0.0000000000000000000, 0.0000000000000000000 ) ) ;
#1084 = LINE ( 'NONE', #1085, #1086 ) ;
#1085 = CARTESIAN_POINT ( 'NONE',  ( 26.70000000000000300, 15.69999999999999900, -10.10000000000000000 ) ) ;
#1086 = VECTOR ( 'NONE', #1087, 1000.000000000000000 ) ;
#1087 = DIRECTION ( 'NONE',  ( 0.0000000000000000000, 0.0000000000000000000, -1.000000000000000000 ) ) ;
#1088 = LINE ( 'NONE', #1090, #1091 ) ;
#1089 = EDGE_CURVE ( 'NONE', #149, #796, #1587, .T. ) ;
#1090 = CARTESIAN_POINT ( 'NONE',  ( 19.83499999999999700, 0.4000000000000000200, 0.5000000000000000000 ) ) ;
#1091 = VECTOR ( 'NONE', #1092, 1000.000000000000000 ) ;
#1092 = DIRECTION ( 'NONE',  ( -1.000000000000000000, 0.0000000000000000000, -3.285461128743880100E-016 ) ) ;
#1093 = CARTESIAN_POINT ( 'NONE',  ( 14.78500000000000000, 0.4000000000000000200, -7.000000000000000000 ) ) ;
#1094 = CARTESIAN_POINT ( 'NONE',  ( -0.2500000000000000000, 0.4000000000000000200, 0.2500000000000000000 ) ) ;
#1095 = LINE ( 'NONE', #1096, #1097 ) ;
#1096 = CARTESIAN_POINT ( 'NONE',  ( 15.21500000000000000, -4.588531120363589900, -7.000000000000000000 ) ) ;
#1097 = VECTOR ( 'NONE', #1098, 1000.000000000000000 ) ;
#1098 = DIRECTION ( 'NONE',  ( 0.0000000000000000000, 1.000000000000000000, 0.0000000000000000000 ) ) ;
#1099 = LINE ( 'NONE', #1100, #1101 ) ;
#1100 = CARTESIAN_POINT ( 'NONE',  ( 24.78500000000000000, -3.500000000000000000, -8.000000000000000000 ) ) ;
#1101 = VECTOR ( 'NONE', #1102, 1000.000000000000000 ) ;
#1102 = DIRECTION ( 'NONE',  ( 1.000000000000000000, 0.0000000000000000000, 0.0000000000000000000 ) ) ;
#1103 = CARTESIAN_POINT ( 'NONE',  ( 22.50000000000000000, 0.4000000000000000200, -4.750000000000000000 ) ) ;
#1104 = LINE ( 'NONE', #1105, #1107 ) ;
#1105 = CARTESIAN_POINT ( 'NONE',  ( 25.21500000000000000, -3.500000000000000000, 0.5000000000000000000 ) ) ;
#1106 = ADVANCED_FACE ( 'NONE', ( #1597 ), #1598, .F. ) ;
#1107 = VECTOR ( 'NONE', #1108, 1000.000000000000000 ) ;
#1108 = DIRECTION ( 'NONE',  ( 0.0000000000000000000, 0.0000000000000000000, 1.000000000000000000 ) ) ;
#1109 = LINE ( 'NONE', #1110, #1111 ) ;
#1110 = CARTESIAN_POINT ( 'NONE',  ( -0.2500000000000000000, 1.107106781186548000, -0.2500000000000000000 ) ) ;
#1111 = VECTOR ( 'NONE', #1112, 1000.000000000000000 ) ;
#1112 = DIRECTION ( 'NONE',  ( 0.0000000000000000000, -1.000000000000000000, 0.0000000000000000000 ) ) ;
#1113 = FACE_OUTER_BOUND ( 'NONE', #2114, .T. ) ;
#1114 = PLANE ( 'NONE',  #1115 ) ;
#1115 = AXIS2_PLACEMENT_3D ( 'NONE', #1116, #1117, #1118 ) ;
#1116 = CARTESIAN_POINT ( 'NONE',  ( 1.899999999999999900, -3.124099870362659900, -2.750000000000000000 ) ) ;
#1117 = DIRECTION ( 'NONE',  ( 1.807003620809174900E-016, 0.0000000000000000000, -1.000000000000000000 ) ) ;
#1118 = DIRECTION ( 'NONE',  ( -1.000000000000000000, 0.0000000000000000000, -1.807003620809174900E-016 ) ) ;
#1119 = CARTESIAN_POINT ( 'NONE',  ( -0.2500000000000000000, -3.500000000000000000, -7.250000000000000000 ) ) ;
#1120 = LINE ( 'NONE', #1121, #1122 ) ;
#1121 = CARTESIAN_POINT ( 'NONE',  ( 0.2500000000000000000, -3.500000000000000000, -7.250000000000000000 ) ) ;
#1122 = VECTOR ( 'NONE', #1124, 1000.000000000000000 ) ;
#1123 = ORIENTED_EDGE ( 'NONE', *, *, #60, .F. ) ;
#1124 = DIRECTION ( 'NONE',  ( 0.0000000000000000000, 0.0000000000000000000, -1.000000000000000000 ) ) ;
#1125 = CARTESIAN_POINT ( 'NONE',  ( 13.10000000000000100, 0.4000000000000000200, -6.850000000000000500 ) ) ;
#1126 = LINE ( 'NONE', #1127, #1128 ) ;
#1127 = CARTESIAN_POINT ( 'NONE',  ( 15.21500000000000000, -3.500000000000000000, 0.5000000000000000000 ) ) ;
#1128 = VECTOR ( 'NONE', #1129, 1000.000000000000000 ) ;
#1129 = DIRECTION ( 'NONE',  ( 0.0000000000000000000, 0.0000000000000000000, 1.000000000000000000 ) ) ;
#1130 = FACE_OUTER_BOUND ( 'NONE', #2009, .T. ) ;
#1131 = PLANE ( 'NONE',  #1132 ) ;
#1132 = AXIS2_PLACEMENT_3D ( 'NONE', #1133, #1134, #1135 ) ;
#1133 = CARTESIAN_POINT ( 'NONE',  ( 0.0000000000000000000, 0.0000000000000000000, 0.0000000000000000000 ) ) ;
#1134 = DIRECTION ( 'NONE',  ( 0.0000000000000000000, 1.000000000000000000, 0.0000000000000000000 ) ) ;
#1135 = DIRECTION ( 'NONE',  ( 0.0000000000000000000, 0.0000000000000000000, 1.000000000000000000 ) ) ;
#1136 = LINE ( 'NONE', #1137, #1138 ) ;
#1137 = CARTESIAN_POINT ( 'NONE',  ( 13.10000000000000100, 0.4000000000000000200, -8.349999999999999600 ) ) ;
#1138 = VECTOR ( 'NONE', #1139, 1000.000000000000000 ) ;
#1139 = DIRECTION ( 'NONE',  ( 0.0000000000000000000, 0.0000000000000000000, 1.000000000000000000 ) ) ;
#1140 = ADVANCED_FACE ( 'NONE', ( #1604 ), #1605, .F. ) ;
#1141 = CARTESIAN_POINT ( 'NONE',  ( -0.4000000000000000200, 15.69999999999999900, -8.750000000000000000 ) ) ;
#1142 = LINE ( 'NONE', #1143, #1144 ) ;
#1143 = CARTESIAN_POINT ( 'NONE',  ( 0.2500000000000000000, -3.500000000000000000, 0.2500000000000000000 ) ) ;
#1144 = VECTOR ( 'NONE', #1145, 1000.000000000000000 ) ;
#1145 = DIRECTION ( 'NONE',  ( 0.0000000000000000000, 0.0000000000000000000, -1.000000000000000000 ) ) ;
#1146 = LINE ( 'NONE', #1147, #1148 ) ;
#1147 = CARTESIAN_POINT ( 'NONE',  ( 17.10000000000000100, 17.11421356237309900, 0.5499999999999979300 ) ) ;
#1148 = VECTOR ( 'NONE', #1149, 1000.000000000000000 ) ;
#1149 = DIRECTION ( 'NONE',  ( 0.0000000000000000000, -1.000000000000000000, 0.0000000000000000000 ) ) ;
#1150 = CARTESIAN_POINT ( 'NONE',  ( -0.2500000000000000000, 0.4000000000000000200, -0.2500000000000000000 ) ) ;
#1151 = LINE ( 'NONE', #1152, #1153 ) ;
#1152 = CARTESIAN_POINT ( 'NONE',  ( -2.299999999999999800, 15.69999999999999900, 2.600000000000000100 ) ) ;
#1153 = VECTOR ( 'NONE', #1154, 1000.000000000000000 ) ;
#1154 = DIRECTION ( 'NONE',  ( 0.0000000000000000000, -1.000000000000000000, 0.0000000000000000000 ) ) ;
#1155 = CARTESIAN_POINT ( 'NONE',  ( 26.70000000000000300, 0.4000000000000000200, 2.600000000000000100 ) ) ;
#1156 = FACE_OUTER_BOUND ( 'NONE', #863, .T. ) ;
#1157 = ADVANCED_FACE ( 'NONE', ( #1626 ), #1627, .F. ) ;
#1158 = ORIENTED_EDGE ( 'NONE', *, *, #1896, .T. ) ;
#1159 = EDGE_LOOP ( 'NONE', ( #1903, #2105, #1965, #2002 ) ) ;
#1160 = PLANE ( 'NONE',  #1161 ) ;
#1161 = AXIS2_PLACEMENT_3D ( 'NONE', #1162, #1163, #1164 ) ;
#1162 = CARTESIAN_POINT ( 'NONE',  ( 15.90000000000000000, 15.19999999999999900, 1.149999999999999900 ) ) ;
#1163 = DIRECTION ( 'NONE',  ( 0.0000000000000000000, 0.7071067811865470200, -0.7071067811865481300 ) ) ;
#1164 = DIRECTION ( 'NONE',  ( 0.0000000000000000000, 0.7071067811865481300, 0.7071067811865470200 ) ) ;
#1165 = LINE ( 'NONE', #1166, #1167 ) ;
#1166 = CARTESIAN_POINT ( 'NONE',  ( 1.899999999999999900, -3.124099870362659900, -2.750000000000000000 ) ) ;
#1167 = VECTOR ( 'NONE', #1168, 1000.000000000000000 ) ;
#1168 = DIRECTION ( 'NONE',  ( 0.0000000000000000000, 1.000000000000000000, 0.0000000000000000000 ) ) ;
#1169 = CARTESIAN_POINT ( 'NONE',  ( 24.78500000000000000, -3.500000000000000000, 0.5000000000000000000 ) ) ;
#1170 = FACE_BOUND ( 'NONE', #2000, .T. ) ;
#1171 = FACE_BOUND ( 'NONE', #1929, .T. ) ;
#1172 = FACE_OUTER_BOUND ( 'NONE', #106, .T. ) ;
#1173 = PLANE ( 'NONE',  #1174 ) ;
#1174 = AXIS2_PLACEMENT_3D ( 'NONE', #1175, #1179, #1180 ) ;
#1175 = CARTESIAN_POINT ( 'NONE',  ( -2.299999999999999800, 15.69999999999999900, 2.600000000000000100 ) ) ;
#1176 = EDGE_CURVE ( 'NONE', #1802, #102, #1632, .T. ) ;
#1177 = ORIENTED_EDGE ( 'NONE', *, *, #1089, .F. ) ;
#1178 = ADVANCED_FACE ( 'NONE', ( #1639 ), #1640, .F. ) ;
#1179 = DIRECTION ( 'NONE',  ( 0.0000000000000000000, 1.000000000000000000, 0.0000000000000000000 ) ) ;
#1180 = DIRECTION ( 'NONE',  ( 0.0000000000000000000, 0.0000000000000000000, 1.000000000000000000 ) ) ;
#1181 = LINE ( 'NONE', #1182, #1183 ) ;
#1182 = CARTESIAN_POINT ( 'NONE',  ( 19.83499999999999700, 0.4000000000000000200, -7.000000000000000000 ) ) ;
#1183 = VECTOR ( 'NONE', #1184, 1000.000000000000000 ) ;
#1184 = DIRECTION ( 'NONE',  ( -1.000000000000000000, 0.0000000000000000000, 0.0000000000000000000 ) ) ;
#1185 = FACE_OUTER_BOUND ( 'NONE', #1977, .T. ) ;
#1186 = PLANE ( 'NONE',  #1187 ) ;
#1187 = AXIS2_PLACEMENT_3D ( 'NONE', #1188, #1189, #1190 ) ;
#1188 = CARTESIAN_POINT ( 'NONE',  ( 8.500000000000000000, -3.124099870362659900, -6.850000000000000500 ) ) ;
#1189 = DIRECTION ( 'NONE',  ( 0.0000000000000000000, 0.0000000000000000000, -1.000000000000000000 ) ) ;
#1190 = DIRECTION ( 'NONE',  ( -1.000000000000000000, 0.0000000000000000000, 0.0000000000000000000 ) ) ;
#1191 = CARTESIAN_POINT ( 'NONE',  ( 8.500000000000000000, 0.0000000000000000000, 0.8499999999999999800 ) ) ;
#1192 = CARTESIAN_POINT ( 'NONE',  ( 15.21500000000000000, -3.500000000000000000, 0.5000000000000000000 ) ) ;
#1193 = LINE ( 'NONE', #1194, #1195 ) ;
#1194 = CARTESIAN_POINT ( 'NONE',  ( 15.21500000000000000, -3.500000000000000000, -8.000000000000000000 ) ) ;
#1195 = VECTOR ( 'NONE', #1196, 1000.000000000000000 ) ;
#1196 = DIRECTION ( 'NONE',  ( 0.0000000000000000000, 0.0000000000000000000, 1.000000000000000000 ) ) ;
#1197 = LINE ( 'NONE', #1198, #1199 ) ;
#1198 = CARTESIAN_POINT ( 'NONE',  ( 24.78500000000000000, -3.500000000000000000, -0.5000000000000000000 ) ) ;
#1199 = VECTOR ( 'NONE', #1200, 1000.000000000000000 ) ;
#1200 = DIRECTION ( 'NONE',  ( 1.000000000000000000, 0.0000000000000000000, 0.0000000000000000000 ) ) ;
#1201 = LINE ( 'NONE', #1202, #1203 ) ;
#1202 = CARTESIAN_POINT ( 'NONE',  ( 8.500000000000000000, 0.0000000000000000000, 0.8499999999999999800 ) ) ;
#1203 = VECTOR ( 'NONE', #1204, 1000.000000000000000 ) ;
#1204 = DIRECTION ( 'NONE',  ( 1.000000000000000000, 0.0000000000000000000, 4.713922489067409500E-017 ) ) ;
#1205 = LINE ( 'NONE', #1206, #1207 ) ;
#1206 = CARTESIAN_POINT ( 'NONE',  ( 17.50000000000000000, 14.40000000000000000, -7.849999999999999600 ) ) ;
#1207 = VECTOR ( 'NONE', #1208, 999.9999999999998900 ) ;
#1208 = DIRECTION ( 'NONE',  ( 0.5773502691896257300, 0.5773502691896257300, -0.5773502691896257300 ) ) ;
#1209 = LINE ( 'NONE', #1210, #1211 ) ;
#1210 = CARTESIAN_POINT ( 'NONE',  ( 19.83499999999999700, -3.500000000000000000, -8.000000000000000000 ) ) ;
#1211 = VECTOR ( 'NONE', #1212, 1000.000000000000000 ) ;
#1212 = DIRECTION ( 'NONE',  ( 0.0000000000000000000, 0.0000000000000000000, -1.000000000000000000 ) ) ;
#1213 = CARTESIAN_POINT ( 'NONE',  ( 25.21500000000000000, 0.4000000000000000200, -7.000000000000000000 ) ) ;
#1214 = LINE ( 'NONE', #1215, #1216 ) ;
#1215 = CARTESIAN_POINT ( 'NONE',  ( -2.299999999999999800, 15.69999999999999900, -10.10000000000000000 ) ) ;
#1216 = VECTOR ( 'NONE', #1217, 1000.000000000000000 ) ;
#1217 = DIRECTION ( 'NONE',  ( -1.000000000000000000, 0.0000000000000000000, 0.0000000000000000000 ) ) ;
#1218 = FACE_OUTER_BOUND ( 'NONE', #2234, .T. ) ;
#1219 = PLANE ( 'NONE',  #1220 ) ;
#1220 = AXIS2_PLACEMENT_3D ( 'NONE', #1221, #1222, #1223 ) ;
#1221 = CARTESIAN_POINT ( 'NONE',  ( 22.50000000000000000, -3.124099870362659900, -2.750000000000000000 ) ) ;
#1222 = DIRECTION ( 'NONE',  ( 1.000000000000000000, 0.0000000000000000000, 0.0000000000000000000 ) ) ;
#1223 = DIRECTION ( 'NONE',  ( 0.0000000000000000000, 0.0000000000000000000, -1.000000000000000000 ) ) ;
#1224 = LINE ( 'NONE', #1225, #1226 ) ;
#1225 = CARTESIAN_POINT ( 'NONE',  ( 8.500000000000000000, 0.4000000000000000200, -8.349999999999999600 ) ) ;
#1226 = VECTOR ( 'NONE', #1230, 1000.000000000000000 ) ;
#1227 = ORIENTED_EDGE ( 'NONE', *, *, #28, .F. ) ;
#1228 = ORIENTED_EDGE ( 'NONE', *, *, #277, .F. ) ;
#1229 = ORIENTED_EDGE ( 'NONE', *, *, #2051, .T. ) ;
#1230 = DIRECTION ( 'NONE',  ( 1.000000000000000000, 0.0000000000000000000, 0.0000000000000000000 ) ) ;
#1231 = LINE ( 'NONE', #1232, #1233 ) ;
#1232 = CARTESIAN_POINT ( 'NONE',  ( 25.21500000000000000, -4.588531120363589900, -8.000000000000000000 ) ) ;
#1233 = VECTOR ( 'NONE', #1234, 1000.000000000000000 ) ;
#1234 = DIRECTION ( 'NONE',  ( 0.0000000000000000000, 1.000000000000000000, 0.0000000000000000000 ) ) ;
#1235 = LINE ( 'NONE', #1236, #1237 ) ;
#1236 = CARTESIAN_POINT ( 'NONE',  ( 8.500000000000000000, 0.0000000000000000000, -8.349999999999999600 ) ) ;
#1237 = VECTOR ( 'NONE', #1238, 1000.000000000000000 ) ;
#1238 = DIRECTION ( 'NONE',  ( 0.0000000000000000000, 0.0000000000000000000, 1.000000000000000000 ) ) ;
#1239 = CARTESIAN_POINT ( 'NONE',  ( 0.2500000000000000000, 0.4000000000000000200, 0.2500000000000000000 ) ) ;
#1240 = CARTESIAN_POINT ( 'NONE',  ( 24.78500000000000000, -3.500000000000000000, -0.5000000000000000000 ) ) ;
#1241 = FACE_OUTER_BOUND ( 'NONE', #1550, .T. ) ;
#1242 = PLANE ( 'NONE',  #1243 ) ;
#1243 = AXIS2_PLACEMENT_3D ( 'NONE', #1244, #1245, #1250 ) ;
#1244 = CARTESIAN_POINT ( 'NONE',  ( 18.30000000000000100, 15.19999999999999900, -8.650000000000000400 ) ) ;
#1245 = DIRECTION ( 'NONE',  ( -0.7071067811865475700, 0.7071067811865475700, 0.0000000000000000000 ) ) ;
#1246 = EDGE_CURVE ( 'NONE', #829, #82, #1645, .T. ) ;
#1247 = VERTEX_POINT ( 'NONE', #1649 ) ;
#1248 = ADVANCED_FACE ( 'NONE', ( #1650 ), #1651, .F. ) ;
#1249 = VERTEX_POINT ( 'NONE', #1657 ) ;
#1250 = DIRECTION ( 'NONE',  ( -0.7071067811865475700, -0.7071067811865475700, 0.0000000000000000000 ) ) ;
#1251 = LINE ( 'NONE', #1252, #1253 ) ;
#1252 = CARTESIAN_POINT ( 'NONE',  ( -0.2500000000000000000, 0.4000000000000000200, -7.250000000000000000 ) ) ;
#1253 = VECTOR ( 'NONE', #1254, 1000.000000000000000 ) ;
#1254 = DIRECTION ( 'NONE',  ( 1.000000000000000000, 0.0000000000000000000, 0.0000000000000000000 ) ) ;
#1255 = CARTESIAN_POINT ( 'NONE',  ( 24.89999999999999900, 0.0000000000000000000, -4.750000000000000000 ) ) ;
#1256 = LINE ( 'NONE', #1257, #1258 ) ;
#1257 = CARTESIAN_POINT ( 'NONE',  ( -0.2500000000000000000, -3.500000000000000000, -0.2500000000000000000 ) ) ;
#1258 = VECTOR ( 'NONE', #1259, 1000.000000000000000 ) ;
#1259 = DIRECTION ( 'NONE',  ( -1.000000000000000000, 0.0000000000000000000, 0.0000000000000000000 ) ) ;
#1260 = FACE_OUTER_BOUND ( 'NONE', #77, .T. ) ;
#1261 = PLANE ( 'NONE',  #1262 ) ;
#1262 = AXIS2_PLACEMENT_3D ( 'NONE', #1263, #1264, #1265 ) ;
#1263 = CARTESIAN_POINT ( 'NONE',  ( 19.83499999999999700, -4.588531120363589900, -8.000000000000000000 ) ) ;
#1264 = DIRECTION ( 'NONE',  ( 1.000000000000000000, 0.0000000000000000000, 0.0000000000000000000 ) ) ;
#1265 = DIRECTION ( 'NONE',  ( 0.0000000000000000000, 0.0000000000000000000, -1.000000000000000000 ) ) ;
#1266 = ORIENTED_EDGE ( 'NONE', *, *, #2169, .T. ) ;
#1267 = ORIENTED_EDGE ( 'NONE', *, *, #1936, .F. ) ;
#1268 = ORIENTED_EDGE ( 'NONE', *, *, #2246, .F. ) ;
#1269 = LINE ( 'NONE', #1270, #1271 ) ;
#1270 = CARTESIAN_POINT ( 'NONE',  ( -0.2500000000000000000, 1.107106781186548000, -7.250000000000000000 ) ) ;
#1271 = VECTOR ( 'NONE', #1272, 1000.000000000000000 ) ;
#1272 = DIRECTION ( 'NONE',  ( 0.0000000000000000000, -1.000000000000000000, 0.0000000000000000000 ) ) ;
#1273 = CARTESIAN_POINT ( 'NONE',  ( 25.21500000000000000, -3.500000000000000000, -0.5000000000000000000 ) ) ;
#1274 = FACE_OUTER_BOUND ( 'NONE', #778, .T. ) ;
#1275 = PLANE ( 'NONE',  #1276 ) ;
#1276 = AXIS2_PLACEMENT_3D ( 'NONE', #1277, #1278, #1279 ) ;
#1277 = CARTESIAN_POINT ( 'NONE',  ( 8.500000000000000000, -3.124099870362659900, -8.349999999999999600 ) ) ;
#1278 = DIRECTION ( 'NONE',  ( 1.000000000000000000, 0.0000000000000000000, 0.0000000000000000000 ) ) ;
#1279 = DIRECTION ( 'NONE',  ( 0.0000000000000000000, 0.0000000000000000000, -1.000000000000000000 ) ) ;
#1280 = LINE ( 'NONE', #1281, #1282 ) ;
#1281 = CARTESIAN_POINT ( 'NONE',  ( 24.78500000000000000, -4.588531120363589900, 0.5000000000000000000 ) ) ;
#1282 = VECTOR ( 'NONE', #1283, 1000.000000000000000 ) ;
#1283 = DIRECTION ( 'NONE',  ( 0.0000000000000000000, 1.000000000000000000, 0.0000000000000000000 ) ) ;
#1284 = CIRCLE ( 'NONE', #1289, 0.5000000000000000000 ) ;
#1285 = ORIENTED_EDGE ( 'NONE', *, *, #2305, .F. ) ;
#1286 = ORIENTED_EDGE ( 'NONE', *, *, #2189, .F. ) ;
#1287 = ORIENTED_EDGE ( 'NONE', *, *, #1967, .T. ) ;
#1288 = VERTEX_POINT ( 'NONE', #1675 ) ;
#1289 = AXIS2_PLACEMENT_3D ( 'NONE', #1290, #1291, #1292 ) ;
#1290 = CARTESIAN_POINT ( 'NONE',  ( 17.10000000000000100, 15.19999999999999900, 0.04999999999999799700 ) ) ;
#1291 = DIRECTION ( 'NONE',  ( 0.0000000000000000000, 1.000000000000000000, 0.0000000000000000000 ) ) ;
#1292 = DIRECTION ( 'NONE',  ( 0.0000000000000000000, 0.0000000000000000000, 1.000000000000000000 ) ) ;
#1293 = LINE ( 'NONE', #1294, #1295 ) ;
#1294 = CARTESIAN_POINT ( 'NONE',  ( 24.89999999999999900, -3.124099870362659900, -2.750000000000000000 ) ) ;
#1295 = VECTOR ( 'NONE', #1296, 1000.000000000000000 ) ;
#1296 = DIRECTION ( 'NONE',  ( 0.0000000000000000000, 1.000000000000000000, 0.0000000000000000000 ) ) ;
#1297 = CARTESIAN_POINT ( 'NONE',  ( 13.10000000000000100, 0.0000000000000000000, -6.850000000000000500 ) ) ;
#1298 = FACE_OUTER_BOUND ( 'NONE', #2088, .T. ) ;
#1299 = PLANE ( 'NONE',  #1300 ) ;
#1300 = AXIS2_PLACEMENT_3D ( 'NONE', #1301, #1302, #1303 ) ;
#1301 = CARTESIAN_POINT ( 'NONE',  ( 13.10000000000000100, -3.124099870362659900, -8.349999999999999600 ) ) ;
#1302 = DIRECTION ( 'NONE',  ( -1.000000000000000000, 0.0000000000000000000, 0.0000000000000000000 ) ) ;
#1303 = DIRECTION ( 'NONE',  ( 0.0000000000000000000, 0.0000000000000000000, 1.000000000000000000 ) ) ;
#1304 = CARTESIAN_POINT ( 'NONE',  ( 14.78500000000000000, -3.500000000000000000, -0.5000000000000000000 ) ) ;
#1305 = CARTESIAN_POINT ( 'NONE',  ( 17.10000000000000100, 15.19999999999999900, -0.4500000000000020100 ) ) ;
#1306 = LINE ( 'NONE', #1307, #1308 ) ;
#1307 = CARTESIAN_POINT ( 'NONE',  ( -2.299999999999999800, 0.4000000000000000200, -10.10000000000000000 ) ) ;
#1308 = VECTOR ( 'NONE', #1309, 1000.000000000000000 ) ;
#1309 = DIRECTION ( 'NONE',  ( -1.000000000000000000, 0.0000000000000000000, 0.0000000000000000000 ) ) ;
#1310 = LINE ( 'NONE', #1311, #1312 ) ;
#1311 = CARTESIAN_POINT ( 'NONE',  ( 25.21500000000000000, -4.588531120363589900, -7.000000000000000000 ) ) ;
#1312 = VECTOR ( 'NONE', #1313, 1000.000000000000000 ) ;
#1313 = DIRECTION ( 'NONE',  ( 0.0000000000000000000, 1.000000000000000000, 0.0000000000000000000 ) ) ;
#1314 = LINE ( 'NONE', #1315, #1316 ) ;
#1315 = CARTESIAN_POINT ( 'NONE',  ( 19.83499999999999700, 0.4000000000000000200, 0.5000000000000000000 ) ) ;
#1316 = VECTOR ( 'NONE', #1317, 1000.000000000000000 ) ;
#1317 = DIRECTION ( 'NONE',  ( 0.0000000000000000000, 0.0000000000000000000, -1.000000000000000000 ) ) ;
#1318 = FACE_OUTER_BOUND ( 'NONE', #2062, .T. ) ;
#1319 = PLANE ( 'NONE',  #1320 ) ;
#1320 = AXIS2_PLACEMENT_3D ( 'NONE', #1324, #1325, #1326 ) ;
#1321 = ADVANCED_FACE ( 'NONE', ( #1682 ), #1683, .F. ) ;
#1322 = ORIENTED_EDGE ( 'NONE', *, *, #1391, .F. ) ;
#1323 = ORIENTED_EDGE ( 'NONE', *, *, #1427, .F. ) ;
#1324 = CARTESIAN_POINT ( 'NONE',  ( 0.2500000000000000000, 1.107106781186548000, 0.2500000000000000000 ) ) ;
#1325 = DIRECTION ( 'NONE',  ( -1.000000000000000000, 0.0000000000000000000, 0.0000000000000000000 ) ) ;
#1326 = DIRECTION ( 'NONE',  ( 0.0000000000000000000, 0.0000000000000000000, 1.000000000000000000 ) ) ;
#1327 = FACE_OUTER_BOUND ( 'NONE', #2016, .T. ) ;
#1328 = PLANE ( 'NONE',  #1329 ) ;
#1329 = AXIS2_PLACEMENT_3D ( 'NONE', #1330, #1331, #1332 ) ;
#1330 = CARTESIAN_POINT ( 'NONE',  ( 26.70000000000000300, 15.69999999999999900, -10.10000000000000000 ) ) ;
#1331 = DIRECTION ( 'NONE',  ( -1.000000000000000000, 0.0000000000000000000, 0.0000000000000000000 ) ) ;
#1332 = DIRECTION ( 'NONE',  ( 0.0000000000000000000, 0.0000000000000000000, 1.000000000000000000 ) ) ;
#1333 = FACE_OUTER_BOUND ( 'NONE', #2221, .T. ) ;
#1334 = PLANE ( 'NONE',  #1335 ) ;
#1335 = AXIS2_PLACEMENT_3D ( 'NONE', #1336, #1337, #1338 ) ;
#1336 = CARTESIAN_POINT ( 'NONE',  ( 15.21500000000000000, -4.588531120363589900, 0.5000000000000000000 ) ) ;
#1337 = DIRECTION ( 'NONE',  ( -1.000000000000000000, 0.0000000000000000000, 0.0000000000000000000 ) ) ;
#1338 = DIRECTION ( 'NONE',  ( 0.0000000000000000000, 0.0000000000000000000, 1.000000000000000000 ) ) ;
#1339 = LINE ( 'NONE', #1342, #1343 ) ;
#1340 = EDGE_LOOP ( 'NONE', ( #1968, #1915, #1992, #239 ) ) ;
#1341 = EDGE_LOOP ( 'NONE', ( #123, #190, #2280, #1931 ) ) ;
#1342 = CARTESIAN_POINT ( 'NONE',  ( 8.500000000000000000, 0.0000000000000000000, 0.8499999999999999800 ) ) ;
#1343 = VECTOR ( 'NONE', #1344, 1000.000000000000000 ) ;
#1344 = DIRECTION ( 'NONE',  ( 0.0000000000000000000, 0.0000000000000000000, 1.000000000000000000 ) ) ;
#1345 = LINE ( 'NONE', #1346, #1347 ) ;
#1346 = CARTESIAN_POINT ( 'NONE',  ( 8.500000000000000000, -3.124099870362659900, 0.8499999999999999800 ) ) ;
#1347 = VECTOR ( 'NONE', #1348, 1000.000000000000000 ) ;
#1348 = DIRECTION ( 'NONE',  ( 0.0000000000000000000, 1.000000000000000000, 0.0000000000000000000 ) ) ;
#1349 = LINE ( 'NONE', #1350, #1351 ) ;
#1350 = CARTESIAN_POINT ( 'NONE',  ( -2.299999999999999800, 15.69999999999999900, -10.10000000000000000 ) ) ;
#1351 = VECTOR ( 'NONE', #1352, 1000.000000000000000 ) ;
#1352 = DIRECTION ( 'NONE',  ( 0.0000000000000000000, 0.0000000000000000000, 1.000000000000000000 ) ) ;
#1353 = LINE ( 'NONE', #1354, #1355 ) ;
#1354 = CARTESIAN_POINT ( 'NONE',  ( -1.399999999999999900, 15.50000000000000000, -8.750000000000000000 ) ) ;
#1355 = VECTOR ( 'NONE', #1356, 1000.000000000000000 ) ;
#1356 = DIRECTION ( 'NONE',  ( 1.301042606982605800E-016, 0.0000000000000000000, 1.000000000000000000 ) ) ;
#1357 = LINE ( 'NONE', #1358, #1359 ) ;
#1358 = CARTESIAN_POINT ( 'NONE',  ( 24.78500000000000000, -4.588531120363589900, -8.000000000000000000 ) ) ;
#1359 = VECTOR ( 'NONE', #1360, 1000.000000000000000 ) ;
#1360 = DIRECTION ( 'NONE',  ( 0.0000000000000000000, 1.000000000000000000, 0.0000000000000000000 ) ) ;
#1361 = LINE ( 'NONE', #1362, #1363 ) ;
#1362 = CARTESIAN_POINT ( 'NONE',  ( 4.299999999999999800, 0.4000000000000000200, -2.750000000000000000 ) ) ;
#1363 = VECTOR ( 'NONE', #1364, 1000.000000000000000 ) ;
#1364 = DIRECTION ( 'NONE',  ( -4.336808689942020200E-016, 0.0000000000000000000, 1.000000000000000000 ) ) ;
#1365 = LINE ( 'NONE', #1366, #1367 ) ;
#1366 = CARTESIAN_POINT ( 'NONE',  ( 0.2500000000000000000, 1.107106781186548000, -7.750000000000000000 ) ) ;
#1367 = VECTOR ( 'NONE', #1368, 1000.000000000000000 ) ;
#1368 = DIRECTION ( 'NONE',  ( 0.0000000000000000000, -1.000000000000000000, 0.0000000000000000000 ) ) ;
#1369 = LINE ( 'NONE', #1370, #1371 ) ;
#1370 = CARTESIAN_POINT ( 'NONE',  ( 18.80000000000000100, 15.69999999999999900, 1.149999999999999900 ) ) ;
#1371 = VECTOR ( 'NONE', #1372, 1000.000000000000000 ) ;
#1372 = DIRECTION ( 'NONE',  ( 0.0000000000000000000, 0.0000000000000000000, 1.000000000000000000 ) ) ;
#1373 = LINE ( 'NONE', #1375, #1376 ) ;
#1374 = VERTEX_POINT ( 'NONE', #515 ) ;
#1375 = CARTESIAN_POINT ( 'NONE',  ( 13.10000000000000100, -3.124099870362659900, -6.850000000000000500 ) ) ;
#1376 = VECTOR ( 'NONE', #1377, 1000.000000000000000 ) ;
#1377 = DIRECTION ( 'NONE',  ( 0.0000000000000000000, 1.000000000000000000, 0.0000000000000000000 ) ) ;
#1378 = LINE ( 'NONE', #1379, #1380 ) ;
#1379 = CARTESIAN_POINT ( 'NONE',  ( 22.50000000000000000, 0.4000000000000000200, -2.750000000000000000 ) ) ;
#1380 = VECTOR ( 'NONE', #1381, 1000.000000000000000 ) ;
#1381 = DIRECTION ( 'NONE',  ( -1.000000000000000000, 0.0000000000000000000, -1.807003620809174900E-016 ) ) ;
#1382 = CARTESIAN_POINT ( 'NONE',  ( 0.2500000000000000000, -3.500000000000000000, -0.2500000000000000000 ) ) ;
#1383 = LINE ( 'NONE', #1384, #1385 ) ;
#1384 = CARTESIAN_POINT ( 'NONE',  ( 22.50000000000000000, -3.124099870362659900, -4.750000000000000000 ) ) ;
#1385 = VECTOR ( 'NONE', #1386, 1000.000000000000000 ) ;
#1386 = DIRECTION ( 'NONE',  ( 0.0000000000000000000, 1.000000000000000000, 0.0000000000000000000 ) ) ;
#1387 = LINE ( 'NONE', #1388, #1389 ) ;
#1388 = CARTESIAN_POINT ( 'NONE',  ( -0.2500000000000000000, 1.107106781186548000, -7.750000000000000000 ) ) ;
#1389 = VECTOR ( 'NONE', #1390, 1000.000000000000000 ) ;
#1390 = DIRECTION ( 'NONE',  ( 0.0000000000000000000, -1.000000000000000000, 0.0000000000000000000 ) ) ;
#1391 = EDGE_CURVE ( 'NONE', #2216, #1480, #523, .T. ) ;
#1392 = CARTESIAN_POINT ( 'NONE',  ( 0.2500000000000000000, 0.4000000000000000200, -0.2500000000000000000 ) ) ;
#1393 = LINE ( 'NONE', #1394, #1395 ) ;
#1394 = CARTESIAN_POINT ( 'NONE',  ( -0.4000000000000000200, 15.50000000000000000, -8.750000000000000000 ) ) ;
#1395 = VECTOR ( 'NONE', #1396, 1000.000000000000000 ) ;
#1396 = DIRECTION ( 'NONE',  ( -1.246832498358329900E-016, 0.0000000000000000000, -1.000000000000000000 ) ) ;
#1397 = CARTESIAN_POINT ( 'NONE',  ( -0.2500000000000000000, 0.4000000000000000200, -7.250000000000000000 ) ) ;
#1398 = LINE ( 'NONE', #1399, #1400 ) ;
#1399 = CARTESIAN_POINT ( 'NONE',  ( 14.78500000000000000, 0.4000000000000000200, -7.000000000000000000 ) ) ;
#1400 = VECTOR ( 'NONE', #1401, 1000.000000000000000 ) ;
#1401 = DIRECTION ( 'NONE',  ( -1.000000000000000000, 0.0000000000000000000, 0.0000000000000000000 ) ) ;
#1402 = CARTESIAN_POINT ( 'NONE',  ( 15.21500000000000000, -3.500000000000000000, -0.5000000000000000000 ) ) ;
#1403 = LINE ( 'NONE', #1404, #1405 ) ;
#1404 = CARTESIAN_POINT ( 'NONE',  ( -0.2500000000000000000, 0.4000000000000000200, 0.2500000000000000000 ) ) ;
#1405 = VECTOR ( 'NONE', #1406, 1000.000000000000000 ) ;
#1406 = DIRECTION ( 'NONE',  ( 0.0000000000000000000, 0.0000000000000000000, 1.000000000000000000 ) ) ;
#1407 = CARTESIAN_POINT ( 'NONE',  ( 26.70000000000000300, 15.69999999999999900, -10.10000000000000000 ) ) ;
#1408 = ORIENTED_EDGE ( 'NONE', *, *, #973, .T. ) ;
#1409 = ADVANCED_FACE ( 'NONE', ( #528 ), #529, .F. ) ;
#1410 = CARTESIAN_POINT ( 'NONE',  ( 8.500000000000000000, 0.4000000000000000200, -8.349999999999999600 ) ) ;
#1411 = CARTESIAN_POINT ( 'NONE',  ( 18.30000000000000100, 15.19999999999999900, -8.650000000000000400 ) ) ;
#1412 = LINE ( 'NONE', #1413, #1414 ) ;
#1413 = CARTESIAN_POINT ( 'NONE',  ( 20.16499999999999900, -4.588531120363589900, -0.5000000000000000000 ) ) ;
#1414 = VECTOR ( 'NONE', #1415, 1000.000000000000000 ) ;
#1415 = DIRECTION ( 'NONE',  ( 0.0000000000000000000, 1.000000000000000000, 0.0000000000000000000 ) ) ;
#1416 = LINE ( 'NONE', #1417, #1418 ) ;
#1417 = CARTESIAN_POINT ( 'NONE',  ( 15.90000000000000000, 15.19999999999999900, -8.650000000000000400 ) ) ;
#1418 = VECTOR ( 'NONE', #1419, 999.9999999999998900 ) ;
#1419 = DIRECTION ( 'NONE',  ( 0.7035264706814475800, -0.5025189076296067100, 0.5025189076296067100 ) ) ;
#1420 = CARTESIAN_POINT ( 'NONE',  ( 25.21500000000000000, 0.4000000000000000200, 0.5000000000000000000 ) ) ;
#1421 = FACE_OUTER_BOUND ( 'NONE', #1840, .T. ) ;
#1422 = PLANE ( 'NONE',  #1423 ) ;
#1423 = AXIS2_PLACEMENT_3D ( 'NONE', #1424, #1425, #1429 ) ;
#1424 = CARTESIAN_POINT ( 'NONE',  ( 24.78500000000000000, -4.588531120363589900, -8.000000000000000000 ) ) ;
#1425 = DIRECTION ( 'NONE',  ( 0.0000000000000000000, 0.0000000000000000000, 1.000000000000000000 ) ) ;
#1426 = EDGE_LOOP ( 'NONE', ( #1795, #1912, #2095, #468 ) ) ;
#1427 = EDGE_CURVE ( 'NONE', #1930, #2265, #552, .T. ) ;
#1428 = EDGE_LOOP ( 'NONE', ( #2071, #881, #43, #1794 ) ) ;
#1429 = DIRECTION ( 'NONE',  ( 1.000000000000000000, 0.0000000000000000000, 0.0000000000000000000 ) ) ;
#1430 = CARTESIAN_POINT ( 'NONE',  ( 0.2500000000000000000, -3.500000000000000000, 0.2500000000000000000 ) ) ;
#1431 = LINE ( 'NONE', #1432, #1433 ) ;
#1432 = CARTESIAN_POINT ( 'NONE',  ( 22.50000000000000000, 0.0000000000000000000, -2.750000000000000000 ) ) ;
#1433 = VECTOR ( 'NONE', #1434, 1000.000000000000000 ) ;
#1434 = DIRECTION ( 'NONE',  ( 1.000000000000000000, 0.0000000000000000000, 1.807003620809174900E-016 ) ) ;
#1435 = LINE ( 'NONE', #1436, #1437 ) ;
#1436 = CARTESIAN_POINT ( 'NONE',  ( 24.78500000000000000, 0.4000000000000000200, 0.5000000000000000000 ) ) ;
#1437 = VECTOR ( 'NONE', #1438, 1000.000000000000000 ) ;
#1438 = DIRECTION ( 'NONE',  ( -1.000000000000000000, 0.0000000000000000000, 0.0000000000000000000 ) ) ;
#1439 = LINE ( 'NONE', #1440, #1441 ) ;
#1440 = CARTESIAN_POINT ( 'NONE',  ( 24.78500000000000000, -4.588531120363589900, -0.5000000000000000000 ) ) ;
#1441 = VECTOR ( 'NONE', #1442, 1000.000000000000000 ) ;
#1442 = DIRECTION ( 'NONE',  ( 0.0000000000000000000, 1.000000000000000000, 0.0000000000000000000 ) ) ;
#1443 = LINE ( 'NONE', #1444, #1446 ) ;
#1444 = CARTESIAN_POINT ( 'NONE',  ( 14.78500000000000000, -3.500000000000000000, 0.5000000000000000000 ) ) ;
#1445 = EDGE_CURVE ( 'NONE', #2175, #1852, #571, .T. ) ;
#1446 = VECTOR ( 'NONE', #1447, 1000.000000000000000 ) ;
#1447 = DIRECTION ( 'NONE',  ( -1.000000000000000000, 0.0000000000000000000, 0.0000000000000000000 ) ) ;
#1448 = CARTESIAN_POINT ( 'NONE',  ( 14.78500000000000000, 0.4000000000000000200, -0.5000000000000000000 ) ) ;
#1449 = LINE ( 'NONE', #1450, #1451 ) ;
#1450 = CARTESIAN_POINT ( 'NONE',  ( 15.21500000000000000, -4.588531120363589900, -8.000000000000000000 ) ) ;
#1451 = VECTOR ( 'NONE', #1452, 1000.000000000000000 ) ;
#1452 = DIRECTION ( 'NONE',  ( 0.0000000000000000000, 1.000000000000000000, 0.0000000000000000000 ) ) ;
#1453 = CARTESIAN_POINT ( 'NONE',  ( 25.21500000000000000, -3.500000000000000000, -7.000000000000000000 ) ) ;
#1454 = CARTESIAN_POINT ( 'NONE',  ( 24.78500000000000000, -3.500000000000000000, -7.000000000000000000 ) ) ;
#1455 = FACE_OUTER_BOUND ( 'NONE', #1872, .T. ) ;
#1456 = PLANE ( 'NONE',  #1457 ) ;
#1457 = AXIS2_PLACEMENT_3D ( 'NONE', #1458, #1459, #1460 ) ;
#1458 = CARTESIAN_POINT ( 'NONE',  ( -1.399999999999999900, 15.50000000000000000, -8.750000000000000000 ) ) ;
#1459 = DIRECTION ( 'NONE',  ( 0.0000000000000000000, 0.0000000000000000000, -1.000000000000000000 ) ) ;
#1460 = DIRECTION ( 'NONE',  ( -1.000000000000000000, 0.0000000000000000000, 0.0000000000000000000 ) ) ;
#1461 = FACE_OUTER_BOUND ( 'NONE', #1800, .T. ) ;
#1462 = EDGE_CURVE ( 'NONE', #1975, #1895, #579, .T. ) ;
#1463 = ORIENTED_EDGE ( 'NONE', *, *, #13, .T. ) ;
#1464 = PLANE ( 'NONE',  #1465 ) ;
#1465 = AXIS2_PLACEMENT_3D ( 'NONE', #1466, #1467, #1468 ) ;
#1466 = CARTESIAN_POINT ( 'NONE',  ( -2.299999999999999800, 15.69999999999999900, 2.600000000000000100 ) ) ;
#1467 = DIRECTION ( 'NONE',  ( 0.0000000000000000000, 1.000000000000000000, 0.0000000000000000000 ) ) ;
#1468 = DIRECTION ( 'NONE',  ( 0.0000000000000000000, 0.0000000000000000000, 1.000000000000000000 ) ) ;
#1469 = LINE ( 'NONE', #1470, #1471 ) ;
#1470 = CARTESIAN_POINT ( 'NONE',  ( 14.78500000000000000, -3.500000000000000000, -8.000000000000000000 ) ) ;
#1471 = VECTOR ( 'NONE', #1472, 1000.000000000000000 ) ;
#1472 = DIRECTION ( 'NONE',  ( 1.000000000000000000, 0.0000000000000000000, 0.0000000000000000000 ) ) ;
#1473 = CARTESIAN_POINT ( 'NONE',  ( 20.16499999999999900, -3.500000000000000000, 0.5000000000000000000 ) ) ;
#1474 = CARTESIAN_POINT ( 'NONE',  ( -1.399999999999999900, 15.50000000000000000, -8.750000000000000000 ) ) ;
#1475 = LINE ( 'NONE', #1476, #1477 ) ;
#1476 = CARTESIAN_POINT ( 'NONE',  ( 15.90000000000000000, 15.69999999999999900, 1.649999999999999900 ) ) ;
#1477 = VECTOR ( 'NONE', #1478, 1000.000000000000000 ) ;
#1478 = DIRECTION ( 'NONE',  ( -1.000000000000000000, 0.0000000000000000000, 0.0000000000000000000 ) ) ;
#1479 = LINE ( 'NONE', #1482, #1483 ) ;
#1480 = VERTEX_POINT ( 'NONE', #587 ) ;
#1481 = ADVANCED_FACE ( 'NONE', ( #592 ), #593, .F. ) ;
#1482 = CARTESIAN_POINT ( 'NONE',  ( 14.78500000000000000, -3.500000000000000000, -7.000000000000000000 ) ) ;
#1483 = VECTOR ( 'NONE', #1484, 1000.000000000000000 ) ;
#1484 = DIRECTION ( 'NONE',  ( -1.000000000000000000, 0.0000000000000000000, 0.0000000000000000000 ) ) ;
#1485 = CARTESIAN_POINT ( 'NONE',  ( 24.78500000000000000, 0.4000000000000000200, -0.5000000000000000000 ) ) ;
#1486 = LINE ( 'NONE', #1487, #1488 ) ;
#1487 = CARTESIAN_POINT ( 'NONE',  ( 1.899999999999999900, 0.4000000000000000200, -2.750000000000000000 ) ) ;
#1488 = VECTOR ( 'NONE', #1489, 1000.000000000000000 ) ;
#1489 = DIRECTION ( 'NONE',  ( 0.0000000000000000000, 0.0000000000000000000, -1.000000000000000000 ) ) ;
#1490 = CARTESIAN_POINT ( 'NONE',  ( 19.83499999999999700, 0.4000000000000000200, -8.000000000000000000 ) ) ;
#1491 = LINE ( 'NONE', #1492, #1493 ) ;
#1492 = CARTESIAN_POINT ( 'NONE',  ( 15.90000000000000000, 15.19999999999999900, -8.650000000000000400 ) ) ;
#1493 = VECTOR ( 'NONE', #1494, 1000.000000000000000 ) ;
#1494 = DIRECTION ( 'NONE',  ( -1.000000000000000000, 0.0000000000000000000, 0.0000000000000000000 ) ) ;
#1495 = LINE ( 'NONE', #1496, #1497 ) ;
#1496 = CARTESIAN_POINT ( 'NONE',  ( 1.899999999999999900, -3.124099870362659900, -4.750000000000000000 ) ) ;
#1497 = VECTOR ( 'NONE', #1500, 1000.000000000000000 ) ;
#1498 = ORIENTED_EDGE ( 'NONE', *, *, #2162, .T. ) ;
#1499 = ORIENTED_EDGE ( 'NONE', *, *, #2049, .T. ) ;
#1500 = DIRECTION ( 'NONE',  ( 0.0000000000000000000, 1.000000000000000000, 0.0000000000000000000 ) ) ;
#1501 = LINE ( 'NONE', #1502, #1503 ) ;
#1502 = CARTESIAN_POINT ( 'NONE',  ( 14.78500000000000000, 0.4000000000000000200, 0.5000000000000000000 ) ) ;
#1503 = VECTOR ( 'NONE', #1504, 1000.000000000000000 ) ;
#1504 = DIRECTION ( 'NONE',  ( 0.0000000000000000000, 0.0000000000000000000, -1.000000000000000000 ) ) ;
#1505 = LINE ( 'NONE', #1506, #1507 ) ;
#1506 = CARTESIAN_POINT ( 'NONE',  ( 22.50000000000000000, -3.124099870362659900, -2.750000000000000000 ) ) ;
#1507 = VECTOR ( 'NONE', #1508, 1000.000000000000000 ) ;
#1508 = DIRECTION ( 'NONE',  ( 0.0000000000000000000, 1.000000000000000000, 0.0000000000000000000 ) ) ;
#1509 = CARTESIAN_POINT ( 'NONE',  ( 1.899999999999999900, 0.0000000000000000000, -2.750000000000000000 ) ) ;
#1510 = CARTESIAN_POINT ( 'NONE',  ( 13.10000000000000100, 0.4000000000000000200, 0.8499999999999999800 ) ) ;
#1511 = FACE_OUTER_BOUND ( 'NONE', #134, .T. ) ;
#1512 = CYLINDRICAL_SURFACE ( 'NONE', #1513, 0.5000000000000000000 ) ;
#1513 = AXIS2_PLACEMENT_3D ( 'NONE', #1514, #1515, #1517 ) ;
#1514 = CARTESIAN_POINT ( 'NONE',  ( 17.10000000000000100, 17.11421356237309900, 0.04999999999999799700 ) ) ;
#1515 = DIRECTION ( 'NONE',  ( 0.0000000000000000000, -1.000000000000000000, 0.0000000000000000000 ) ) ;
#1516 = ORIENTED_EDGE ( 'NONE', *, *, #1805, .F. ) ;
#1517 = DIRECTION ( 'NONE',  ( 0.0000000000000000000, 0.0000000000000000000, -1.000000000000000000 ) ) ;
#1518 = FACE_OUTER_BOUND ( 'NONE', #194, .T. ) ;
#1519 = PLANE ( 'NONE',  #1520 ) ;
#1520 = AXIS2_PLACEMENT_3D ( 'NONE', #1521, #1522, #1523 ) ;
#1521 = CARTESIAN_POINT ( 'NONE',  ( -0.2500000000000000000, -3.500000000000000000, -0.2500000000000000000 ) ) ;
#1522 = DIRECTION ( 'NONE',  ( 0.0000000000000000000, -1.000000000000000000, 0.0000000000000000000 ) ) ;
#1523 = DIRECTION ( 'NONE',  ( 0.0000000000000000000, 0.0000000000000000000, -1.000000000000000000 ) ) ;
#1524 = FACE_OUTER_BOUND ( 'NONE', #71, .T. ) ;
#1525 = PLANE ( 'NONE',  #1526 ) ;
#1526 = AXIS2_PLACEMENT_3D ( 'NONE', #1527, #1528, #1529 ) ;
#1527 = CARTESIAN_POINT ( 'NONE',  ( -0.2500000000000000000, 1.107106781186548000, 0.2500000000000000000 ) ) ;
#1528 = DIRECTION ( 'NONE',  ( 0.0000000000000000000, 0.0000000000000000000, -1.000000000000000000 ) ) ;
#1529 = DIRECTION ( 'NONE',  ( -1.000000000000000000, 0.0000000000000000000, 0.0000000000000000000 ) ) ;
#1530 = LINE ( 'NONE', #1531, #1532 ) ;
#1531 = CARTESIAN_POINT ( 'NONE',  ( -0.4000000000000000200, 15.50000000000000000, 1.250000000000000000 ) ) ;
#1532 = VECTOR ( 'NONE', #1534, 1000.000000000000000 ) ;
#1533 = ORIENTED_EDGE ( 'NONE', *, *, #2291, .T. ) ;
#1534 = DIRECTION ( 'NONE',  ( 0.0000000000000000000, 1.000000000000000000, 0.0000000000000000000 ) ) ;
#1535 = LINE ( 'NONE', #1536, #1537 ) ;
#1536 = CARTESIAN_POINT ( 'NONE',  ( 24.89999999999999900, 0.0000000000000000000, -2.750000000000000000 ) ) ;
#1537 = VECTOR ( 'NONE', #1538, 1000.000000000000000 ) ;
#1538 = DIRECTION ( 'NONE',  ( 0.0000000000000000000, 0.0000000000000000000, -1.000000000000000000 ) ) ;
#1539 = FACE_OUTER_BOUND ( 'NONE', #241, .T. ) ;
#1540 = PLANE ( 'NONE',  #1541 ) ;
#1541 = AXIS2_PLACEMENT_3D ( 'NONE', #1542, #1543, #1544 ) ;
#1542 = CARTESIAN_POINT ( 'NONE',  ( 14.78500000000000000, -4.588531120363589900, -0.5000000000000000000 ) ) ;
#1543 = DIRECTION ( 'NONE',  ( 0.0000000000000000000, 0.0000000000000000000, 1.000000000000000000 ) ) ;
#1544 = DIRECTION ( 'NONE',  ( 1.000000000000000000, 0.0000000000000000000, 0.0000000000000000000 ) ) ;
#1545 = LINE ( 'NONE', #1546, #1547 ) ;
#1546 = CARTESIAN_POINT ( 'NONE',  ( 8.500000000000000000, 0.0000000000000000000, -8.349999999999999600 ) ) ;
#1547 = VECTOR ( 'NONE', #1548, 1000.000000000000000 ) ;
#1548 = DIRECTION ( 'NONE',  ( -1.000000000000000000, 0.0000000000000000000, 0.0000000000000000000 ) ) ;
#1549 = LINE ( 'NONE', #1551, #1552 ) ;
#1550 = EDGE_LOOP ( 'NONE', ( #1870, #62, #1228, #1961 ) ) ;
#1551 = CARTESIAN_POINT ( 'NONE',  ( 25.21500000000000000, 0.4000000000000000200, 0.5000000000000000000 ) ) ;
#1552 = VECTOR ( 'NONE', #1553, 1000.000000000000000 ) ;
#1553 = DIRECTION ( 'NONE',  ( 0.0000000000000000000, 0.0000000000000000000, 1.000000000000000000 ) ) ;
#1554 = LINE ( 'NONE', #1555, #1556 ) ;
#1555 = CARTESIAN_POINT ( 'NONE',  ( 19.83499999999999700, -4.588531120363589900, -7.000000000000000000 ) ) ;
#1556 = VECTOR ( 'NONE', #1557, 1000.000000000000000 ) ;
#1557 = DIRECTION ( 'NONE',  ( 0.0000000000000000000, 1.000000000000000000, 0.0000000000000000000 ) ) ;
#1558 = FACE_BOUND ( 'NONE', #148, .T. ) ;
#1559 = FACE_BOUND ( 'NONE', #188, .T. ) ;
#1560 = FACE_BOUND ( 'NONE', #1340, .T. ) ;
#1561 = FACE_BOUND ( 'NONE', #168, .T. ) ;
#1562 = FACE_BOUND ( 'NONE', #2248, .T. ) ;
#1563 = FACE_BOUND ( 'NONE', #2261, .T. ) ;
#1564 = FACE_OUTER_BOUND ( 'NONE', #2287, .T. ) ;
#1565 = FACE_BOUND ( 'NONE', #2197, .T. ) ;
#1566 = FACE_BOUND ( 'NONE', #2226, .T. ) ;
#1567 = FACE_BOUND ( 'NONE', #2200, .T. ) ;
#1568 = FACE_BOUND ( 'NONE', #2210, .T. ) ;
#1569 = FACE_BOUND ( 'NONE', #2229, .T. ) ;
#1570 = FACE_BOUND ( 'NONE', #2022, .T. ) ;
#1571 = PLANE ( 'NONE',  #1572 ) ;
#1572 = AXIS2_PLACEMENT_3D ( 'NONE', #1573, #1574, #1575 ) ;
#1573 = CARTESIAN_POINT ( 'NONE',  ( -2.299999999999999800, 0.4000000000000000200, 2.600000000000000100 ) ) ;
#1574 = DIRECTION ( 'NONE',  ( 0.0000000000000000000, 1.000000000000000000, 0.0000000000000000000 ) ) ;
#1575 = DIRECTION ( 'NONE',  ( 0.0000000000000000000, 0.0000000000000000000, 1.000000000000000000 ) ) ;
#1576 = LINE ( 'NONE', #1577, #1578 ) ;
#1577 = CARTESIAN_POINT ( 'NONE',  ( 15.21500000000000000, -4.588531120363589900, -0.5000000000000000000 ) ) ;
#1578 = VECTOR ( 'NONE', #1579, 1000.000000000000000 ) ;
#1579 = DIRECTION ( 'NONE',  ( 0.0000000000000000000, 1.000000000000000000, 0.0000000000000000000 ) ) ;
#1580 = FACE_OUTER_BOUND ( 'NONE', #2056, .T. ) ;
#1581 = PLANE ( 'NONE',  #1582 ) ;
#1582 = AXIS2_PLACEMENT_3D ( 'NONE', #1584, #1585, #1586 ) ;
#1583 = EDGE_CURVE ( 'NONE', #1851, #2100, #665, .T. ) ;
#1584 = CARTESIAN_POINT ( 'NONE',  ( -2.299999999999999800, 15.69999999999999900, -10.10000000000000000 ) ) ;
#1585 = DIRECTION ( 'NONE',  ( 1.000000000000000000, 0.0000000000000000000, 0.0000000000000000000 ) ) ;
#1586 = DIRECTION ( 'NONE',  ( 0.0000000000000000000, 0.0000000000000000000, -1.000000000000000000 ) ) ;
#1587 = LINE ( 'NONE', #1588, #1589 ) ;
#1588 = CARTESIAN_POINT ( 'NONE',  ( 24.78500000000000000, 0.4000000000000000200, 0.5000000000000000000 ) ) ;
#1589 = VECTOR ( 'NONE', #1590, 1000.000000000000000 ) ;
#1590 = DIRECTION ( 'NONE',  ( 0.0000000000000000000, 0.0000000000000000000, -1.000000000000000000 ) ) ;
#1591 = FACE_OUTER_BOUND ( 'NONE', #1937, .T. ) ;
#1592 = PLANE ( 'NONE',  #1593 ) ;
#1593 = AXIS2_PLACEMENT_3D ( 'NONE', #1594, #1595, #1596 ) ;
#1594 = CARTESIAN_POINT ( 'NONE',  ( 24.78500000000000000, -4.588531120363589900, -0.5000000000000000000 ) ) ;
#1595 = DIRECTION ( 'NONE',  ( 0.0000000000000000000, 0.0000000000000000000, 1.000000000000000000 ) ) ;
#1596 = DIRECTION ( 'NONE',  ( 1.000000000000000000, 0.0000000000000000000, 0.0000000000000000000 ) ) ;
#1597 = FACE_OUTER_BOUND ( 'NONE', #1428, .T. ) ;
#1598 = PLANE ( 'NONE',  #1599 ) ;
#1599 = AXIS2_PLACEMENT_3D ( 'NONE', #1600, #1601, #1602 ) ;
#1600 = CARTESIAN_POINT ( 'NONE',  ( 19.83499999999999700, -4.588531120363589900, -8.000000000000000000 ) ) ;
#1601 = DIRECTION ( 'NONE',  ( 0.0000000000000000000, 0.0000000000000000000, 1.000000000000000000 ) ) ;
#1602 = DIRECTION ( 'NONE',  ( 1.000000000000000000, 0.0000000000000000000, 0.0000000000000000000 ) ) ;
#1603 = CARTESIAN_POINT ( 'NONE',  ( 19.83499999999999700, -3.500000000000000000, -0.5000000000000000000 ) ) ;
#1604 = FACE_OUTER_BOUND ( 'NONE', #2040, .T. ) ;
#1605 = PLANE ( 'NONE',  #1606 ) ;
#1606 = AXIS2_PLACEMENT_3D ( 'NONE', #1607, #1608, #1609 ) ;
#1607 = CARTESIAN_POINT ( 'NONE',  ( -0.4000000000000000200, 15.50000000000000000, -8.750000000000000000 ) ) ;
#1608 = DIRECTION ( 'NONE',  ( 1.000000000000000000, 0.0000000000000000000, -1.246832498358329900E-016 ) ) ;
#1609 = DIRECTION ( 'NONE',  ( -1.246832498358329900E-016, 0.0000000000000000000, -1.000000000000000000 ) ) ;
#1610 = FACE_OUTER_BOUND ( 'NONE', #1791, .T. ) ;
#1611 = PLANE ( 'NONE',  #1612 ) ;
#1612 = AXIS2_PLACEMENT_3D ( 'NONE', #1613, #1614, #1615 ) ;
#1613 = CARTESIAN_POINT ( 'NONE',  ( 14.78500000000000000, -4.588531120363589900, 0.5000000000000000000 ) ) ;
#1614 = DIRECTION ( 'NONE',  ( 1.000000000000000000, 0.0000000000000000000, 0.0000000000000000000 ) ) ;
#1615 = DIRECTION ( 'NONE',  ( 0.0000000000000000000, 0.0000000000000000000, -1.000000000000000000 ) ) ;
#1616 = VERTEX_POINT ( 'NONE', #686 ) ;
#1617 = LINE ( 'NONE', #1618, #1619 ) ;
#1618 = CARTESIAN_POINT ( 'NONE',  ( 24.78500000000000000, -3.500000000000000000, 0.5000000000000000000 ) ) ;
#1619 = VECTOR ( 'NONE', #1620, 1000.000000000000000 ) ;
#1620 = DIRECTION ( 'NONE',  ( 0.0000000000000000000, 0.0000000000000000000, -1.000000000000000000 ) ) ;
#1621 = CARTESIAN_POINT ( 'NONE',  ( 26.70000000000000300, 0.4000000000000000200, -10.10000000000000000 ) ) ;
#1622 = LINE ( 'NONE', #1623, #1624 ) ;
#1623 = CARTESIAN_POINT ( 'NONE',  ( 14.78500000000000000, -3.500000000000000000, -0.5000000000000000000 ) ) ;
#1624 = VECTOR ( 'NONE', #1625, 1000.000000000000000 ) ;
#1625 = DIRECTION ( 'NONE',  ( 1.000000000000000000, 0.0000000000000000000, 0.0000000000000000000 ) ) ;
#1626 = FACE_OUTER_BOUND ( 'NONE', #2005, .T. ) ;
#1627 = PLANE ( 'NONE',  #1628 ) ;
#1628 = AXIS2_PLACEMENT_3D ( 'NONE', #1629, #1630, #1631 ) ;
#1629 = CARTESIAN_POINT ( 'NONE',  ( 15.21500000000000000, -4.588531120363589900, -8.000000000000000000 ) ) ;
#1630 = DIRECTION ( 'NONE',  ( -1.000000000000000000, 0.0000000000000000000, 0.0000000000000000000 ) ) ;
#1631 = DIRECTION ( 'NONE',  ( 0.0000000000000000000, 0.0000000000000000000, 1.000000000000000000 ) ) ;
#1632 = LINE ( 'NONE', #1636, #1637 ) ;
#1633 = VERTEX_POINT ( 'NONE', #691 ) ;
#1634 = VERTEX_POINT ( 'NONE', #692 ) ;
#1635 = ORIENTED_EDGE ( 'NONE', *, *, #2187, .F. ) ;
#1636 = CARTESIAN_POINT ( 'NONE',  ( -2.299999999999999800, 15.69999999999999900, -10.10000000000000000 ) ) ;
#1637 = VECTOR ( 'NONE', #1638, 1000.000000000000000 ) ;
#1638 = DIRECTION ( 'NONE',  ( 0.0000000000000000000, -1.000000000000000000, 0.0000000000000000000 ) ) ;
#1639 = FACE_OUTER_BOUND ( 'NONE', #467, .T. ) ;
#1640 = PLANE ( 'NONE',  #1641 ) ;
#1641 = AXIS2_PLACEMENT_3D ( 'NONE', #1642, #1643, #1644 ) ;
#1642 = CARTESIAN_POINT ( 'NONE',  ( 24.78500000000000000, -4.588531120363589900, 0.5000000000000000000 ) ) ;
#1643 = DIRECTION ( 'NONE',  ( 0.0000000000000000000, 0.0000000000000000000, -1.000000000000000000 ) ) ;
#1644 = DIRECTION ( 'NONE',  ( -1.000000000000000000, 0.0000000000000000000, 0.0000000000000000000 ) ) ;
#1645 = LINE ( 'NONE', #1646, #1647 ) ;
#1646 = CARTESIAN_POINT ( 'NONE',  ( 19.83499999999999700, 0.4000000000000000200, -8.000000000000000000 ) ) ;
#1647 = VECTOR ( 'NONE', #1648, 1000.000000000000000 ) ;
#1648 = DIRECTION ( 'NONE',  ( 1.000000000000000000, 0.0000000000000000000, 0.0000000000000000000 ) ) ;
#1649 = CARTESIAN_POINT ( 'NONE',  ( 15.21500000000000000, 0.4000000000000000200, -7.000000000000000000 ) ) ;
#1650 = FACE_OUTER_BOUND ( 'NONE', #2117, .T. ) ;
#1651 = PLANE ( 'NONE',  #1653 ) ;
#1652 = VERTEX_POINT ( 'NONE', #699 ) ;
#1653 = AXIS2_PLACEMENT_3D ( 'NONE', #1654, #1655, #1656 ) ;
#1654 = CARTESIAN_POINT ( 'NONE',  ( 14.78500000000000000, -4.588531120363589900, -7.000000000000000000 ) ) ;
#1655 = DIRECTION ( 'NONE',  ( 0.0000000000000000000, 0.0000000000000000000, -1.000000000000000000 ) ) ;
#1656 = DIRECTION ( 'NONE',  ( -1.000000000000000000, 0.0000000000000000000, 0.0000000000000000000 ) ) ;
#1657 = CARTESIAN_POINT ( 'NONE',  ( -0.4000000000000000200, 15.69999999999999900, 1.250000000000000000 ) ) ;
#1658 = FACE_OUTER_BOUND ( 'NONE', #81, .T. ) ;
#1659 = PLANE ( 'NONE',  #1660 ) ;
#1660 = AXIS2_PLACEMENT_3D ( 'NONE', #1661, #1662, #1663 ) ;
#1661 = CARTESIAN_POINT ( 'NONE',  ( 15.90000000000000000, 15.19999999999999900, -8.650000000000000400 ) ) ;
#1662 = DIRECTION ( 'NONE',  ( 0.0000000000000000000, 0.7071067811865475700, 0.7071067811865475700 ) ) ;
#1663 = DIRECTION ( 'NONE',  ( 0.0000000000000000000, -0.7071067811865475700, 0.7071067811865475700 ) ) ;
#1664 = LINE ( 'NONE', #1665, #1666 ) ;
#1665 = CARTESIAN_POINT ( 'NONE',  ( 20.16499999999999900, -4.588531120363589900, -7.000000000000000000 ) ) ;
#1666 = VECTOR ( 'NONE', #1667, 1000.000000000000000 ) ;
#1667 = DIRECTION ( 'NONE',  ( 0.0000000000000000000, 1.000000000000000000, 0.0000000000000000000 ) ) ;
#1668 = FACE_OUTER_BOUND ( 'NONE', #2302, .T. ) ;
#1669 = EDGE_LOOP ( 'NONE', ( #2011, #1498, #361, #18 ) ) ;
#1670 = PLANE ( 'NONE',  #1671 ) ;
#1671 = AXIS2_PLACEMENT_3D ( 'NONE', #1672, #1673, #1674 ) ;
#1672 = CARTESIAN_POINT ( 'NONE',  ( 8.500000000000000000, -3.124099870362659900, 0.8499999999999999800 ) ) ;
#1673 = DIRECTION ( 'NONE',  ( 4.713922489067409500E-017, 0.0000000000000000000, -1.000000000000000000 ) ) ;
#1674 = DIRECTION ( 'NONE',  ( -1.000000000000000000, 0.0000000000000000000, -4.713922489067409500E-017 ) ) ;
#1675 = CARTESIAN_POINT ( 'NONE',  ( 17.10000000000000100, 15.69999999999999900, -0.4500000000000020100 ) ) ;
#1676 = FACE_OUTER_BOUND ( 'NONE', #1426, .T. ) ;
#1677 = PLANE ( 'NONE',  #1678 ) ;
#1678 = AXIS2_PLACEMENT_3D ( 'NONE', #1679, #1680, #1681 ) ;
#1679 = CARTESIAN_POINT ( 'NONE',  ( 24.78500000000000000, -4.588531120363589900, 0.5000000000000000000 ) ) ;
#1680 = DIRECTION ( 'NONE',  ( 1.000000000000000000, 0.0000000000000000000, 0.0000000000000000000 ) ) ;
#1681 = DIRECTION ( 'NONE',  ( 0.0000000000000000000, 0.0000000000000000000, -1.000000000000000000 ) ) ;
#1682 = FACE_OUTER_BOUND ( 'NONE', #2085, .T. ) ;
#1683 = PLANE ( 'NONE',  #1684 ) ;
#1684 = AXIS2_PLACEMENT_3D ( 'NONE', #1685, #1688, #1689 ) ;
#1685 = CARTESIAN_POINT ( 'NONE',  ( 19.83499999999999700, -4.588531120363589900, 0.5000000000000000000 ) ) ;
#1686 = EDGE_CURVE ( 'NONE', #15, #147, #713, .T. ) ;
#1687 = ORIENTED_EDGE ( 'NONE', *, *, #711, .T. ) ;
#1688 = DIRECTION ( 'NONE',  ( 3.285461128743880100E-016, 0.0000000000000000000, -1.000000000000000000 ) ) ;
#1689 = DIRECTION ( 'NONE',  ( -1.000000000000000000, 0.0000000000000000000, -3.285461128743880100E-016 ) ) ;
#1690 =( LENGTH_UNIT ( ) NAMED_UNIT ( * ) SI_UNIT ( .MILLI., .METRE. ) );
#1691 =( NAMED_UNIT ( * ) PLANE_ANGLE_UNIT ( ) SI_UNIT ( $, .RADIAN. ) );
#1692 =( NAMED_UNIT ( * ) SI_UNIT ( $, .STERADIAN. ) SOLID_ANGLE_UNIT ( ) );
#1693 = UNCERTAINTY_MEASURE_WITH_UNIT (LENGTH_MEASURE( 1.000000000000000100E-005 ), #1690, 'distance_accuracy_value', 'NONE');
#1694 =( GEOMETRIC_REPRESENTATION_CONTEXT ( 3 ) GLOBAL_UNCERTAINTY_ASSIGNED_CONTEXT ( ( #1693 ) ) GLOBAL_UNIT_ASSIGNED_CONTEXT ( ( #1690, #1691, #1692 ) ) REPRESENTATION_CONTEXT ( 'NONE', 'WORKASPACE' ) );
#1695 = ADVANCED_BREP_SHAPE_REPRESENTATION ( 'G5RL_1_E_HR', ( #2284, #1696 ), #1694 ) ;
#1696 = AXIS2_PLACEMENT_3D ( 'NONE', #1697, #1698, #1699 ) ;
#1697 = CARTESIAN_POINT ( 'NONE',  ( 0.0000000000000000000, 0.0000000000000000000, 0.0000000000000000000 ) ) ;
#1698 = DIRECTION ( 'NONE',  ( 0.0000000000000000000, 0.0000000000000000000, 1.000000000000000000 ) ) ;
#1699 = DIRECTION ( 'NONE',  ( 1.000000000000000000, 0.0000000000000000000, 0.0000000000000000000 ) ) ;
#1700 = ORIENTED_EDGE ( 'NONE', *, *, #1583, .T. ) ;
#1701 = APPLICATION_CONTEXT ( 'configuration controlled 3d designs of mechanical parts and assemblies' ) ;
#1702 = APPLICATION_PROTOCOL_DEFINITION ( 'international standard', 'config_control_design', 1994, #1701 ) ;
#1703 = MECHANICAL_CONTEXT ( 'NONE', #1701, 'mechanical' ) ;
#1704 = PRODUCT ( 'G5RL_1_E_HR', 'G5RL_1_E_HR', '', ( #1703 ) ) ;
#1705 = PERSON ( 'UNSPECIFIED', 'UNSPECIFIED', 'UNSPECIFIED', ('UNSPECIFIED'), ('UNSPECIFIED'), ('UNSPECIFIED') ) ;
#1706 = ORGANIZATION ( 'UNSPECIFIED', 'UNSPECIFIED', '' ) ;
#1707 = PERSON_AND_ORGANIZATION ( #1705, #1706 ) ;
#1708 = PERSON_AND_ORGANIZATION_ROLE ( 'design_owner' ) ;
#1709 = CC_DESIGN_PERSON_AND_ORGANIZATION_ASSIGNMENT ( #1707, #1708, ( #1704 ) ) ;
#1710 = APPLICATION_CONTEXT ( 'configuration controlled 3d designs of mechanical parts and assemblies' ) ;
#1711 = APPLICATION_PROTOCOL_DEFINITION ( 'international standard', 'config_control_design', 1994, #1710 ) ;
#1712 = DESIGN_CONTEXT ( 'detailed design', #1710, 'design' ) ;
#1713 = PRODUCT_DEFINITION ( 'UNKNOWN', '', #1734, #1712 ) ;
#1714 = PERSON_AND_ORGANIZATION ( #1705, #1706 ) ;
#1715 = APPROVAL_STATUS ( 'not_yet_approved' ) ;
#1716 = APPROVAL ( #1715, 'UNSPECIFIED' ) ;
#1717 = APPROVAL_ROLE ( '' ) ;
#1718 = APPROVAL_PERSON_ORGANIZATION ( #1714, #1716, #1717 ) ;
#1719 = COORDINATED_UNIVERSAL_TIME_OFFSET ( 9, 0, .AHEAD. ) ;
#1720 = LOCAL_TIME ( 15, 26, 51.00000000000000000, #1719 ) ;
#1721 = CALENDAR_DATE ( 2014, 25, 6 ) ;
#1722 = DATE_AND_TIME ( #1721, #1720 ) ;
#1723 = APPROVAL_DATE_TIME ( #1722, #1716 ) ;
#1724 = CC_DESIGN_APPROVAL ( #1716, ( #1713 ) ) ;
#1725 = PERSON_AND_ORGANIZATION ( #1705, #1706 ) ;
#1726 = PERSON_AND_ORGANIZATION_ROLE ( 'creator' ) ;
#1727 = CC_DESIGN_PERSON_AND_ORGANIZATION_ASSIGNMENT ( #1725, #1726, ( #1713 ) ) ;
#1728 = COORDINATED_UNIVERSAL_TIME_OFFSET ( 9, 0, .AHEAD. ) ;
#1729 = LOCAL_TIME ( 15, 26, 51.00000000000000000, #1728 ) ;
#1730 = CALENDAR_DATE ( 2014, 25, 6 ) ;
#1731 = DATE_AND_TIME ( #1730, #1729 ) ;
#1732 = DATE_TIME_ROLE ( 'creation_date' ) ;
#1733 = CC_DESIGN_DATE_AND_TIME_ASSIGNMENT ( #1731, #1732, ( #1713 ) ) ;
#1734 = PRODUCT_DEFINITION_FORMATION_WITH_SPECIFIED_SOURCE ( 'ANY', '', #1704, .NOT_KNOWN. ) ;
#1735 = PERSON_AND_ORGANIZATION ( #1705, #1706 ) ;
#1736 = APPROVAL_STATUS ( 'not_yet_approved' ) ;
#1737 = APPROVAL ( #1736, 'UNSPECIFIED' ) ;
#1738 = APPROVAL_ROLE ( '' ) ;
#1739 = APPROVAL_PERSON_ORGANIZATION ( #1735, #1737, #1738 ) ;
#1740 = COORDINATED_UNIVERSAL_TIME_OFFSET ( 9, 0, .AHEAD. ) ;
#1741 = LOCAL_TIME ( 15, 26, 51.00000000000000000, #1740 ) ;
#1742 = CALENDAR_DATE ( 2014, 25, 6 ) ;
#1743 = DATE_AND_TIME ( #1742, #1741 ) ;
#1744 = APPROVAL_DATE_TIME ( #1743, #1737 ) ;
#1745 = CC_DESIGN_APPROVAL ( #1737, ( #1734 ) ) ;
#1746 = PERSON_AND_ORGANIZATION ( #1705, #1706 ) ;
#1747 = PERSON_AND_ORGANIZATION_ROLE ( 'creator' ) ;
#1748 = CC_DESIGN_PERSON_AND_ORGANIZATION_ASSIGNMENT ( #1746, #1747, ( #1734 ) ) ;
#1749 = ORIENTED_EDGE ( 'NONE', *, *, #1784, .F. ) ;
#1750 = ORIENTED_EDGE ( 'NONE', *, *, #2155, .F. ) ;
#1751 = PERSON_AND_ORGANIZATION ( #1705, #1706 ) ;
#1752 = PERSON_AND_ORGANIZATION_ROLE ( 'design_supplier' ) ;
#1753 = CC_DESIGN_PERSON_AND_ORGANIZATION_ASSIGNMENT ( #1751, #1752, ( #1734 ) ) ;
#1754 = SECURITY_CLASSIFICATION_LEVEL ( 'unclassified' ) ;
#1755 = SECURITY_CLASSIFICATION ( '', '', #1754 ) ;
#1756 = PERSON_AND_ORGANIZATION ( #1705, #1706 ) ;
#1757 = PERSON_AND_ORGANIZATION_ROLE ( 'classification_officer' ) ;
#1758 = CC_DESIGN_PERSON_AND_ORGANIZATION_ASSIGNMENT ( #1756, #1757, ( #1755 ) ) ;
#1759 = COORDINATED_UNIVERSAL_TIME_OFFSET ( 9, 0, .AHEAD. ) ;
#1760 = LOCAL_TIME ( 15, 26, 51.00000000000000000, #1759 ) ;
#1761 = CALENDAR_DATE ( 2014, 25, 6 ) ;
#1762 = DATE_AND_TIME ( #1761, #1760 ) ;
#1763 = DATE_TIME_ROLE ( 'classification_date' ) ;
#1764 = CC_DESIGN_DATE_AND_TIME_ASSIGNMENT ( #1762, #1763, ( #1755 ) ) ;
#1765 = PERSON_AND_ORGANIZATION ( #1705, #1706 ) ;
#1766 = APPROVAL_STATUS ( 'not_yet_approved' ) ;
#1767 = VERTEX_POINT ( 'NONE', #773 ) ;
#1768 = APPROVAL ( #1766, 'UNSPECIFIED' ) ;
#1769 = APPROVAL_ROLE ( '' ) ;
#1770 = APPROVAL_PERSON_ORGANIZATION ( #1765, #1768, #1769 ) ;
#1771 = COORDINATED_UNIVERSAL_TIME_OFFSET ( 9, 0, .AHEAD. ) ;
#1772 = LOCAL_TIME ( 15, 26, 51.00000000000000000, #1771 ) ;
#1773 = CALENDAR_DATE ( 2014, 25, 6 ) ;
#1774 = DATE_AND_TIME ( #1773, #1772 ) ;
#1775 = APPROVAL_DATE_TIME ( #1774, #1768 ) ;
#1776 = CC_DESIGN_APPROVAL ( #1768, ( #1755 ) ) ;
#1777 = CC_DESIGN_SECURITY_CLASSIFICATION ( #1755, ( #1734 ) ) ;
#1778 = PRODUCT_RELATED_PRODUCT_CATEGORY ( 'detail', '', ( #1704 ) ) ;
#1779 = PRODUCT_DEFINITION_SHAPE ( 'NONE', 'NONE',  #1713 ) ;
#1780 = SHAPE_DEFINITION_REPRESENTATION ( #1779, #1695 ) ;
#1781 = ORIENTED_EDGE ( 'NONE', *, *, #157, .F. ) ;
#1782 = VERTEX_POINT ( 'NONE', #788 ) ;
#1783 = ORIENTED_EDGE ( 'NONE', *, *, #201, .F. ) ;
#1784 = EDGE_CURVE ( 'NONE', #177, #2216, #806, .T. ) ;
#1785 = ORIENTED_EDGE ( 'NONE', *, *, #1686, .F. ) ;
#1786 = ORIENTED_EDGE ( 'NONE', *, *, #1998, .F. ) ;
#1787 = VERTEX_POINT ( 'NONE', #818 ) ;
#1788 = EDGE_CURVE ( 'NONE', #38, #1830, #821, .T. ) ;
#1789 = ORIENTED_EDGE ( 'NONE', *, *, #2152, .F. ) ;
#1790 = EDGE_LOOP ( 'NONE', ( #108, #2093, #2097, #222 ) ) ;
#1791 = EDGE_LOOP ( 'NONE', ( #1868, #2057, #555, #1072 ) ) ;
#1792 = ORIENTED_EDGE ( 'NONE', *, *, #1967, .F. ) ;
#1793 = ORIENTED_EDGE ( 'NONE', *, *, #28, .T. ) ;
#1794 = ORIENTED_EDGE ( 'NONE', *, *, #1839, .F. ) ;
#1795 = ORIENTED_EDGE ( 'NONE', *, *, #2218, .F. ) ;
#1796 = ORIENTED_EDGE ( 'NONE', *, *, #2190, .T. ) ;
#1797 = VERTEX_POINT ( 'NONE', #851 ) ;
#1798 = ORIENTED_EDGE ( 'NONE', *, *, #2152, .T. ) ;
#1799 = EDGE_LOOP ( 'NONE', ( #2037, #112, #1908, #2089 ) ) ;
#1800 = EDGE_LOOP ( 'NONE', ( #2065, #114 ) ) ;
#1801 = ADVANCED_FACE ( 'NONE', ( #866 ), #867, .F. ) ;
#1802 = VERTEX_POINT ( 'NONE', #872 ) ;
#1803 = ORIENTED_EDGE ( 'NONE', *, *, #1919, .F. ) ;
#1804 = ORIENTED_EDGE ( 'NONE', *, *, #1246, .F. ) ;
#1805 = EDGE_CURVE ( 'NONE', #87, #2275, #877, .T. ) ;
#1806 = VERTEX_POINT ( 'NONE', #883 ) ;
#1807 = EDGE_LOOP ( 'NONE', ( #1516, #2301, #2195, #396 ) ) ;
#1808 = EDGE_LOOP ( 'NONE', ( #142, #2094, #2082, #2078 ) ) ;
#1809 = EDGE_CURVE ( 'NONE', #1851, #137, #888, .T. ) ;
#1810 = EDGE_CURVE ( 'NONE', #2099, #69, #892, .T. ) ;
#1811 = ORIENTED_EDGE ( 'NONE', *, *, #1958, .T. ) ;
#1812 = EDGE_CURVE ( 'NONE', #1888, #174, #902, .T. ) ;
#1813 = ORIENTED_EDGE ( 'NONE', *, *, #1913, .T. ) ;
#1814 = ORIENTED_EDGE ( 'NONE', *, *, #1846, .F. ) ;
#1815 = ADVANCED_FACE ( 'NONE', ( #907 ), #908, .F. ) ;
#1816 = EDGE_LOOP ( 'NONE', ( #1813, #2163, #1952, #189 ) ) ;
#1817 = ORIENTED_EDGE ( 'NONE', *, *, #156, .T. ) ;
#1818 = ORIENTED_EDGE ( 'NONE', *, *, #1837, .F. ) ;
#1819 = ORIENTED_EDGE ( 'NONE', *, *, #2090, .F. ) ;
#1820 = ADVANCED_FACE ( 'NONE', ( #913 ), #914, .F. ) ;
#1821 = ORIENTED_EDGE ( 'NONE', *, *, #2051, .F. ) ;
#1822 = EDGE_CURVE ( 'NONE', #158, #538, #921, .T. ) ;
#1823 = ADVANCED_FACE ( 'NONE', ( #925 ), #926, .F. ) ;
#1824 = ORIENTED_EDGE ( 'NONE', *, *, #2192, .T. ) ;
#1825 = ADVANCED_FACE ( 'NONE', ( #951 ), #952, .F. ) ;
#1826 = EDGE_LOOP ( 'NONE', ( #2092, #1835, #2170, #1287 ) ) ;
#1827 = VERTEX_POINT ( 'NONE', #958 ) ;
#1828 = ORIENTED_EDGE ( 'NONE', *, *, #2277, .T. ) ;
#1829 = EDGE_CURVE ( 'NONE', #2, #2106, #960, .T. ) ;
#1830 = VERTEX_POINT ( 'NONE', #964 ) ;
#1831 = ORIENTED_EDGE ( 'NONE', *, *, #2252, .F. ) ;
#1832 = ORIENTED_EDGE ( 'NONE', *, *, #779, .T. ) ;
#1833 = VERTEX_POINT ( 'NONE', #966 ) ;
#1834 = VERTEX_POINT ( 'NONE', #967 ) ;
#1835 = ORIENTED_EDGE ( 'NONE', *, *, #1989, .T. ) ;
#1836 = ADVANCED_FACE ( 'NONE', ( #974 ), #975, .F. ) ;
#1837 = EDGE_CURVE ( 'NONE', #2175, #1782, #980, .T. ) ;
#1838 = VERTEX_POINT ( 'NONE', #988 ) ;
#1839 = EDGE_CURVE ( 'NONE', #171, #82, #989, .T. ) ;
#1840 = EDGE_LOOP ( 'NONE', ( #1860, #1934, #2146, #1907 ) ) ;
#1841 = ORIENTED_EDGE ( 'NONE', *, *, #1922, .T. ) ;
#1842 = EDGE_CURVE ( 'NONE', #154, #171, #997, .T. ) ;
#1843 = ORIENTED_EDGE ( 'NONE', *, *, #93, .T. ) ;
#1844 = EDGE_CURVE ( 'NONE', #1834, #413, #1001, .T. ) ;
#1845 = EDGE_CURVE ( 'NONE', #69, #2263, #1006, .T. ) ;
#1846 = EDGE_CURVE ( 'NONE', #47, #2140, #1010, .T. ) ;
#1847 = EDGE_CURVE ( 'NONE', #1787, #184, #1014, .T. ) ;
#1848 = ORIENTED_EDGE ( 'NONE', *, *, #1784, .T. ) ;
#1849 = EDGE_LOOP ( 'NONE', ( #1268, #1803, #1945, #2136 ) ) ;
#1850 = ADVANCED_FACE ( 'NONE', ( #1025 ), #1026, .T. ) ;
#1851 = VERTEX_POINT ( 'NONE', #1031 ) ;
#1852 = VERTEX_POINT ( 'NONE', #1032 ) ;
#1853 = ORIENTED_EDGE ( 'NONE', *, *, #2131, .F. ) ;
#1854 = ORIENTED_EDGE ( 'NONE', *, *, #131, .F. ) ;
#1855 = VERTEX_POINT ( 'NONE', #1035 ) ;
#1856 = EDGE_CURVE ( 'NONE', #2017, #2004, #1036, .T. ) ;
#1857 = ORIENTED_EDGE ( 'NONE', *, *, #2068, .F. ) ;
#1858 = EDGE_CURVE ( 'NONE', #154, #829, #1040, .T. ) ;
#1859 = VERTEX_POINT ( 'NONE', #1044 ) ;
#1860 = ORIENTED_EDGE ( 'NONE', *, *, #1877, .F. ) ;
#1861 = EDGE_CURVE ( 'NONE', #82, #1633, #1045, .T. ) ;
#1862 = ADVANCED_FACE ( 'NONE', ( #1049 ), #1050, .F. ) ;
#1863 = ADVANCED_FACE ( 'NONE', ( #1057 ), #1058, .F. ) ;
#1864 = VERTEX_POINT ( 'NONE', #1063 ) ;
#1865 = EDGE_CURVE ( 'NONE', #1925, #15, #1065, .T. ) ;
#1866 = ORIENTED_EDGE ( 'NONE', *, *, #167, .T. ) ;
#1867 = ORIENTED_EDGE ( 'NONE', *, *, #65, .T. ) ;
#1868 = ORIENTED_EDGE ( 'NONE', *, *, #164, .F. ) ;
#1869 = EDGE_CURVE ( 'NONE', #1616, #1982, #1084, .T. ) ;
#1870 = ORIENTED_EDGE ( 'NONE', *, *, #1829, .T. ) ;
#1871 = ORIENTED_EDGE ( 'NONE', *, *, #55, .T. ) ;
#1872 = EDGE_LOOP ( 'NONE', ( #2240, #202, #1940, #2239 ) ) ;
#1873 = ORIENTED_EDGE ( 'NONE', *, *, #141, .F. ) ;
#1874 = VERTEX_POINT ( 'NONE', #1094 ) ;
#1875 = EDGE_CURVE ( 'NONE', #1864, #1247, #1095, .T. ) ;
#1876 = ORIENTED_EDGE ( 'NONE', *, *, #33, .F. ) ;
#1877 = EDGE_CURVE ( 'NONE', #1782, #1838, #1099, .T. ) ;
#1878 = EDGE_LOOP ( 'NONE', ( #1750, #140 ) ) ;
#1879 = ORIENTED_EDGE ( 'NONE', *, *, #36, .F. ) ;
#1880 = ORIENTED_EDGE ( 'NONE', *, *, #160, .F. ) ;
#1881 = EDGE_LOOP ( 'NONE', ( #1898, #2255, #2268, #2219 ) ) ;
#1882 = EDGE_CURVE ( 'NONE', #1930, #47, #1104, .T. ) ;
#1883 = EDGE_CURVE ( 'NONE', #1895, #128, #1109, .T. ) ;
#1884 = EDGE_LOOP ( 'NONE', ( #1818, #2031, #1817, #1887 ) ) ;
#1885 = ORIENTED_EDGE ( 'NONE', *, *, #139, .F. ) ;
#1886 = ADVANCED_FACE ( 'NONE', ( #1113 ), #1114, .F. ) ;
#1887 = ORIENTED_EDGE ( 'NONE', *, *, #1957, .F. ) ;
#1888 = VERTEX_POINT ( 'NONE', #1119 ) ;
#1889 = VERTEX_POINT ( 'NONE', #1125 ) ;
#1890 = ORIENTED_EDGE ( 'NONE', *, *, #2185, .T. ) ;
#1891 = ADVANCED_FACE ( 'NONE', ( #1130 ), #1131, .F. ) ;
#1892 = EDGE_CURVE ( 'NONE', #99, #1889, #1136, .T. ) ;
#1893 = VERTEX_POINT ( 'NONE', #1141 ) ;
#1894 = EDGE_CURVE ( 'NONE', #538, #1970, #1142, .T. ) ;
#1895 = VERTEX_POINT ( 'NONE', #1150 ) ;
#1896 = EDGE_CURVE ( 'NONE', #150, #2303, #1151, .T. ) ;
#1897 = VERTEX_POINT ( 'NONE', #1155 ) ;
#1898 = ORIENTED_EDGE ( 'NONE', *, *, #164, .T. ) ;
#1899 = ORIENTED_EDGE ( 'NONE', *, *, #1910, .F. ) ;
#1900 = ORIENTED_EDGE ( 'NONE', *, *, #1981, .F. ) ;
#1901 = ORIENTED_EDGE ( 'NONE', *, *, #39, .F. ) ;
#1902 = ADVANCED_FACE ( 'NONE', ( #1170, #1171, #1172 ), #1173, .T. ) ;
#1903 = ORIENTED_EDGE ( 'NONE', *, *, #1846, .T. ) ;
#1904 = ORIENTED_EDGE ( 'NONE', *, *, #1913, .F. ) ;
#1905 = ORIENTED_EDGE ( 'NONE', *, *, #1946, .T. ) ;
#1906 = ORIENTED_EDGE ( 'NONE', *, *, #2138, .F. ) ;
#1907 = ORIENTED_EDGE ( 'NONE', *, *, #1918, .F. ) ;
#1908 = ORIENTED_EDGE ( 'NONE', *, *, #1583, .F. ) ;
#1909 = ORIENTED_EDGE ( 'NONE', *, *, #2143, .F. ) ;
#1910 = EDGE_CURVE ( 'NONE', #2153, #1930, #1197, .T. ) ;
#1911 = EDGE_CURVE ( 'NONE', #2147, #1859, #1201, .T. ) ;
#1912 = ORIENTED_EDGE ( 'NONE', *, *, #1933, .T. ) ;
#1913 = EDGE_CURVE ( 'NONE', #2275, #154, #1209, .T. ) ;
#1914 = ADVANCED_FACE ( 'NONE', ( #1218 ), #1219, .F. ) ;
#1915 = ORIENTED_EDGE ( 'NONE', *, *, #2086, .F. ) ;
#1916 = ORIENTED_EDGE ( 'NONE', *, *, #2138, .T. ) ;
#1917 = EDGE_CURVE ( 'NONE', #2167, #99, #1224, .T. ) ;
#1918 = EDGE_CURVE ( 'NONE', #1838, #29, #1231, .T. ) ;
#1919 = EDGE_CURVE ( 'NONE', #1652, #57, #1235, .T. ) ;
#1920 = VERTEX_POINT ( 'NONE', #1239 ) ;
#1921 = EDGE_LOOP ( 'NONE', ( #1227, #23, #1796, #72 ) ) ;
#1922 = EDGE_CURVE ( 'NONE', #1979, #2017, #1251, .T. ) ;
#1923 = ORIENTED_EDGE ( 'NONE', *, *, #4, .F. ) ;
#1924 = ORIENTED_EDGE ( 'NONE', *, *, #2189, .T. ) ;
#1925 = VERTEX_POINT ( 'NONE', #1255 ) ;
#1926 = EDGE_CURVE ( 'NONE', #1970, #128, #1256, .T. ) ;
#1927 = ADVANCED_FACE ( 'NONE', ( #1260 ), #1261, .F. ) ;
#1928 = EDGE_CURVE ( 'NONE', #1979, #1888, #1269, .T. ) ;
#1929 = EDGE_LOOP ( 'NONE', ( #1890, #3, #1463, #10 ) ) ;
#1930 = VERTEX_POINT ( 'NONE', #1273 ) ;
#1931 = ORIENTED_EDGE ( 'NONE', *, *, #1946, .F. ) ;
#1932 = ADVANCED_FACE ( 'NONE', ( #1274 ), #1275, .F. ) ;
#1933 = EDGE_CURVE ( 'NONE', #2140, #149, #1280, .T. ) ;
#1934 = ORIENTED_EDGE ( 'NONE', *, *, #1957, .T. ) ;
#1935 = ORIENTED_EDGE ( 'NONE', *, *, #1894, .T. ) ;
#1936 = EDGE_CURVE ( 'NONE', #2059, #147, #1293, .T. ) ;
#1937 = EDGE_LOOP ( 'NONE', ( #1899, #2126, #37, #1323 ) ) ;
#1938 = EDGE_LOOP ( 'NONE', ( #90, #1905, #1972, #2032 ) ) ;
#1939 = ORIENTED_EDGE ( 'NONE', *, *, #113, .F. ) ;
#1940 = ORIENTED_EDGE ( 'NONE', *, *, #65, .F. ) ;
#1941 = ORIENTED_EDGE ( 'NONE', *, *, #1974, .T. ) ;
#1942 = VERTEX_POINT ( 'NONE', #1304 ) ;
#1943 = ORIENTED_EDGE ( 'NONE', *, *, #1911, .T. ) ;
#1944 = EDGE_CURVE ( 'NONE', #2220, #102, #1306, .T. ) ;
#1945 = ORIENTED_EDGE ( 'NONE', *, *, #972, .F. ) ;
#1946 = EDGE_CURVE ( 'NONE', #2173, #2151, #1310, .T. ) ;
#1947 = EDGE_CURVE ( 'NONE', #2243, #14, #1314, .T. ) ;
#1948 = ADVANCED_FACE ( 'NONE', ( #1318 ), #1319, .F. ) ;
#1949 = ORIENTED_EDGE ( 'NONE', *, *, #1812, .T. ) ;
#1950 = ORIENTED_EDGE ( 'NONE', *, *, #1956, .T. ) ;
#1951 = EDGE_CURVE ( 'NONE', #2147, #38, #1345, .T. ) ;
#1952 = ORIENTED_EDGE ( 'NONE', *, *, #155, .T. ) ;
#1953 = ORIENTED_EDGE ( 'NONE', *, *, #1810, .F. ) ;
#1954 = EDGE_CURVE ( 'NONE', #1802, #150, #1349, .T. ) ;
#1955 = ORIENTED_EDGE ( 'NONE', *, *, #2149, .T. ) ;
#1956 = EDGE_CURVE ( 'NONE', #2184, #1851, #1353, .T. ) ;
#1957 = EDGE_CURVE ( 'NONE', #1782, #1994, #1357, .T. ) ;
#1958 = EDGE_CURVE ( 'NONE', #180, #191, #1361, .T. ) ;
#1959 = EDGE_LOOP ( 'NONE', ( #1986, #2180, #2186, #49 ) ) ;
#1960 = EDGE_CURVE ( 'NONE', #2004, #2236, #1365, .T. ) ;
#1961 = ORIENTED_EDGE ( 'NONE', *, *, #175, .F. ) ;
#1962 = EDGE_CURVE ( 'NONE', #2061, #2106, #1369, .T. ) ;
#1963 = ORIENTED_EDGE ( 'NONE', *, *, #109, .T. ) ;
#1964 = ORIENTED_EDGE ( 'NONE', *, *, #2294, .T. ) ;
#1965 = ORIENTED_EDGE ( 'NONE', *, *, #1910, .T. ) ;
#1966 = EDGE_CURVE ( 'NONE', #395, #1889, #1373, .T. ) ;
#1967 = EDGE_CURVE ( 'NONE', #147, #2067, #1378, .T. ) ;
#1968 = ORIENTED_EDGE ( 'NONE', *, *, #11, .F. ) ;
#1969 = EDGE_LOOP ( 'NONE', ( #2074, #126, #2157, #200 ) ) ;
#1970 = VERTEX_POINT ( 'NONE', #1382 ) ;
#1971 = ORIENTED_EDGE ( 'NONE', *, *, #1865, .T. ) ;
#1972 = ORIENTED_EDGE ( 'NONE', *, *, #2084, .T. ) ;
#1973 = ORIENTED_EDGE ( 'NONE', *, *, #55, .F. ) ;
#1974 = EDGE_CURVE ( 'NONE', #27, #2047, #1387, .T. ) ;
#1975 = VERTEX_POINT ( 'NONE', #1392 ) ;
#1976 = EDGE_CURVE ( 'NONE', #2100, #1855, #1393, .T. ) ;
#1977 = EDGE_LOOP ( 'NONE', ( #9, #2250, #2188, #378 ) ) ;
#1978 = ORIENTED_EDGE ( 'NONE', *, *, #1882, .F. ) ;
#1979 = VERTEX_POINT ( 'NONE', #1397 ) ;
#1980 = VERTEX_POINT ( 'NONE', #1402 ) ;
#1981 = EDGE_CURVE ( 'NONE', #1895, #1874, #1403, .T. ) ;
#1982 = VERTEX_POINT ( 'NONE', #1407 ) ;
#1983 = ORIENTED_EDGE ( 'NONE', *, *, #2203, .F. ) ;
#1984 = EDGE_CURVE ( 'NONE', #184, #2102, #1416, .T. ) ;
#1985 = VERTEX_POINT ( 'NONE', #1420 ) ;
#1986 = ORIENTED_EDGE ( 'NONE', *, *, #2294, .F. ) ;
#1987 = ADVANCED_FACE ( 'NONE', ( #1421 ), #1422, .F. ) ;
#1988 = ORIENTED_EDGE ( 'NONE', *, *, #1829, .F. ) ;
#1989 = EDGE_CURVE ( 'NONE', #2101, #2059, #1431, .T. ) ;
#1990 = EDGE_CURVE ( 'NONE', #1985, #149, #1435, .T. ) ;
#1991 = EDGE_LOOP ( 'NONE', ( #1950, #1700, #2279, #1867 ) ) ;
#1992 = ORIENTED_EDGE ( 'NONE', *, *, #2191, .F. ) ;
#1993 = ORIENTED_EDGE ( 'NONE', *, *, #2134, .T. ) ;
#1994 = VERTEX_POINT ( 'NONE', #207 ) ;
#1995 = ORIENTED_EDGE ( 'NONE', *, *, #937, .T. ) ;
#1996 = ADVANCED_FACE ( 'NONE', ( #209 ), #210, .T. ) ;
#1997 = ORIENTED_EDGE ( 'NONE', *, *, #2258, .F. ) ;
#1998 = EDGE_CURVE ( 'NONE', #1767, #180, #215, .T. ) ;
#1999 = ORIENTED_EDGE ( 'NONE', *, *, #2073, .F. ) ;
#2000 = EDGE_LOOP ( 'NONE', ( #117, #2241, #2223, #2139 ) ) ;
#2001 = ORIENTED_EDGE ( 'NONE', *, *, #2007, .F. ) ;
#2002 = ORIENTED_EDGE ( 'NONE', *, *, #1882, .T. ) ;
#2003 = ORIENTED_EDGE ( 'NONE', *, *, #2007, .T. ) ;
#2004 = VERTEX_POINT ( 'NONE', #280 ) ;
#2005 = EDGE_LOOP ( 'NONE', ( #2104, #2177, #2034, #185 ) ) ;
#2006 = ORIENTED_EDGE ( 'NONE', *, *, #1896, .F. ) ;
#2007 = EDGE_CURVE ( 'NONE', #177, #2243, #299, .T. ) ;
#2008 = ADVANCED_FACE ( 'NONE', ( #303 ), #304, .F. ) ;
#2009 = EDGE_LOOP ( 'NONE', ( #68, #1854, #2286, #2019 ) ) ;
#2010 = EDGE_CURVE ( 'NONE', #1920, #1975, #309, .T. ) ;
#2011 = ORIENTED_EDGE ( 'NONE', *, *, #2020, .F. ) ;
#2012 = ADVANCED_FACE ( 'NONE', ( #321 ), #322, .T. ) ;
#2013 = EDGE_CURVE ( 'NONE', #2184, #1833, #332, .T. ) ;
#2014 = ORIENTED_EDGE ( 'NONE', *, *, #277, .T. ) ;
#2015 = ADVANCED_FACE ( 'NONE', ( #342 ), #343, .F. ) ;
#2016 = EDGE_LOOP ( 'NONE', ( #146, #186, #2125, #712 ) ) ;
#2017 = VERTEX_POINT ( 'NONE', #349 ) ;
#2018 = VERTEX_POINT ( 'NONE', #350 ) ;
#2019 = ORIENTED_EDGE ( 'NONE', *, *, #2162, .F. ) ;
#2020 = EDGE_CURVE ( 'NONE', #183, #1830, #352, .T. ) ;
#2021 = EDGE_CURVE ( 'NONE', #2183, #1806, #356, .T. ) ;
#2022 = EDGE_LOOP ( 'NONE', ( #1999, #1923, #24, #625 ) ) ;
#2023 = ORIENTED_EDGE ( 'NONE', *, *, #1847, .F. ) ;
#2024 = ORIENTED_EDGE ( 'NONE', *, *, #93, .F. ) ;
#2025 = EDGE_CURVE ( 'NONE', #1480, #2183, #371, .T. ) ;
#2026 = ORIENTED_EDGE ( 'NONE', *, *, #2128, .F. ) ;
#2027 = EDGE_LOOP ( 'NONE', ( #2145, #259, #414, #240 ) ) ;
#2028 = ORIENTED_EDGE ( 'NONE', *, *, #2020, .T. ) ;
#2029 = ADVANCED_FACE ( 'NONE', ( #384 ), #385, .F. ) ;
#2030 = ADVANCED_FACE ( 'NONE', ( #391 ), #392, .F. ) ;
#2031 = ORIENTED_EDGE ( 'NONE', *, *, #1445, .T. ) ;
#2032 = ORIENTED_EDGE ( 'NONE', *, *, #1445, .F. ) ;
#2033 = ORIENTED_EDGE ( 'NONE', *, *, #2231, .F. ) ;
#2034 = ORIENTED_EDGE ( 'NONE', *, *, #2073, .T. ) ;
#2035 = EDGE_CURVE ( 'NONE', #2271, #2018, #408, .T. ) ;
#2036 = ORIENTED_EDGE ( 'NONE', *, *, #1462, .F. ) ;
#2037 = ORIENTED_EDGE ( 'NONE', *, *, #2245, .T. ) ;
#2038 = ORIENTED_EDGE ( 'NONE', *, *, #1892, .T. ) ;
#2039 = EDGE_CURVE ( 'NONE', #1982, #2220, #420, .T. ) ;
#2040 = EDGE_LOOP ( 'NONE', ( #221, #2109, #2207, #165 ) ) ;
#2041 = ORIENTED_EDGE ( 'NONE', *, *, #2272, .F. ) ;
#2042 = ORIENTED_EDGE ( 'NONE', *, *, #124, .T. ) ;
#2043 = ORIENTED_EDGE ( 'NONE', *, *, #1875, .T. ) ;
#2044 = EDGE_LOOP ( 'NONE', ( #83, #761, #170, #91 ) ) ;
#2045 = EDGE_CURVE ( 'NONE', #1616, #1897, #438, .T. ) ;
#2046 = ADVANCED_FACE ( 'NONE', ( #442 ), #443, .F. ) ;
#2047 = VERTEX_POINT ( 'NONE', #457 ) ;
#2048 = ADVANCED_FACE ( 'NONE', ( #458 ), #459, .F. ) ;
#2049 = EDGE_CURVE ( 'NONE', #2083, #191, #465, .T. ) ;
#2050 = ORIENTED_EDGE ( 'NONE', *, *, #2258, .T. ) ;
#2051 = EDGE_CURVE ( 'NONE', #2067, #198, #473, .T. ) ;
#2052 = EDGE_CURVE ( 'NONE', #796, #2265, #491, .T. ) ;
#2053 = EDGE_CURVE ( 'NONE', #1920, #538, #511, .T. ) ;
#2054 = ORIENTED_EDGE ( 'NONE', *, *, #2277, .F. ) ;
#2055 = EDGE_CURVE ( 'NONE', #29, #2151, #516, .T. ) ;
#2056 = EDGE_LOOP ( 'NONE', ( #2242, #2006, #56, #118 ) ) ;
#2057 = ORIENTED_EDGE ( 'NONE', *, *, #2068, .T. ) ;
#2058 = ORIENTED_EDGE ( 'NONE', *, *, #2080, .F. ) ;
#2059 = VERTEX_POINT ( 'NONE', #539 ) ;
#2060 = ADVANCED_FACE ( 'NONE', ( #559 ), #560, .F. ) ;
#2061 = VERTEX_POINT ( 'NONE', #570 ) ;
#2062 = EDGE_LOOP ( 'NONE', ( #2292, #470, #1935, #179 ) ) ;
#2063 = VERTEX_POINT ( 'NONE', #576 ) ;
#2064 = ORIENTED_EDGE ( 'NONE', *, *, #2055, .F. ) ;
#2065 = ORIENTED_EDGE ( 'NONE', *, *, #92, .T. ) ;
#2066 = ORIENTED_EDGE ( 'NONE', *, *, #169, .F. ) ;
#2067 = VERTEX_POINT ( 'NONE', #578 ) ;
#2068 = EDGE_CURVE ( 'NONE', #176, #2018, #608, .T. ) ;
#2069 = EDGE_LOOP ( 'NONE', ( #2202, #197, #2211, #1158 ) ) ;
#2070 = ADVANCED_FACE ( 'NONE', ( #620 ), #621, .F. ) ;
#2071 = ORIENTED_EDGE ( 'NONE', *, *, #1842, .F. ) ;
#2072 = EDGE_CURVE ( 'NONE', #880, #38, #639, .T. ) ;
#2073 = EDGE_CURVE ( 'NONE', #1634, #1247, #648, .T. ) ;
#2074 = ORIENTED_EDGE ( 'NONE', *, *, #166, .T. ) ;
#2075 = ORIENTED_EDGE ( 'NONE', *, *, #1810, .T. ) ;
#2076 = VERTEX_POINT ( 'NONE', #658 ) ;
#2077 = ORIENTED_EDGE ( 'NONE', *, *, #50, .F. ) ;
#2078 = ORIENTED_EDGE ( 'NONE', *, *, #2090, .T. ) ;
#2079 = ORIENTED_EDGE ( 'NONE', *, *, #36, .T. ) ;
#2080 = EDGE_CURVE ( 'NONE', #2063, #101, #661, .T. ) ;
#2081 = EDGE_CURVE ( 'NONE', #2303, #1897, #669, .T. ) ;
#2082 = ORIENTED_EDGE ( 'NONE', *, *, #2080, .T. ) ;
#2083 = VERTEX_POINT ( 'NONE', #674 ) ;
#2084 = EDGE_CURVE ( 'NONE', #2151, #1852, #675, .T. ) ;
#2085 = EDGE_LOOP ( 'NONE', ( #64, #2297, #1993, #2001 ) ) ;
#2086 = EDGE_CURVE ( 'NONE', #623, #1797, #695, .T. ) ;
#2087 = ORIENTED_EDGE ( 'NONE', *, *, #2081, .F. ) ;
#2088 = EDGE_LOOP ( 'NONE', ( #2133, #162, #2079, #2038 ) ) ;
#2089 = ORIENTED_EDGE ( 'NONE', *, *, #1809, .T. ) ;
#2090 = EDGE_CURVE ( 'NONE', #101, #880, #718, .T. ) ;
#2091 = ADVANCED_FACE ( 'NONE', ( #737 ), #738, .T. ) ;
#2092 = ORIENTED_EDGE ( 'NONE', *, *, #2192, .F. ) ;
#2093 = ORIENTED_EDGE ( 'NONE', *, *, #2252, .T. ) ;
#2094 = ORIENTED_EDGE ( 'NONE', *, *, #131, .T. ) ;
#2095 = ORIENTED_EDGE ( 'NONE', *, *, #1089, .T. ) ;
#2096 = EDGE_CURVE ( 'NONE', #102, #2303, #757, .T. ) ;
#2097 = ORIENTED_EDGE ( 'NONE', *, *, #199, .T. ) ;
#2098 = ORIENTED_EDGE ( 'NONE', *, *, #2084, .F. ) ;
#2099 = VERTEX_POINT ( 'NONE', #801 ) ;
#2100 = VERTEX_POINT ( 'NONE', #810 ) ;
#2101 = VERTEX_POINT ( 'NONE', #815 ) ;
#2102 = VERTEX_POINT ( 'NONE', #816 ) ;
#2103 = ORIENTED_EDGE ( 'NONE', *, *, #1917, .F. ) ;
#2104 = ORIENTED_EDGE ( 'NONE', *, *, #2149, .F. ) ;
#2105 = ORIENTED_EDGE ( 'NONE', *, *, #2218, .T. ) ;
#2106 = VERTEX_POINT ( 'NONE', #831 ) ;
#2107 = ORIENTED_EDGE ( 'NONE', *, *, #972, .T. ) ;
#2108 = ORIENTED_EDGE ( 'NONE', *, *, #199, .F. ) ;
#2109 = ORIENTED_EDGE ( 'NONE', *, *, #107, .F. ) ;
#2110 = ORIENTED_EDGE ( 'NONE', *, *, #178, .T. ) ;
#2111 = ORIENTED_EDGE ( 'NONE', *, *, #159, .F. ) ;
#2112 = ORIENTED_EDGE ( 'NONE', *, *, #1812, .F. ) ;
#2113 = EDGE_CURVE ( 'NONE', #1994, #29, #896, .T. ) ;
#2114 = EDGE_LOOP ( 'NONE', ( #1906, #151, #1499, #2050 ) ) ;
#2115 = ORIENTED_EDGE ( 'NONE', *, *, #2113, .F. ) ;
#2116 = ORIENTED_EDGE ( 'NONE', *, *, #1990, .F. ) ;
#2117 = EDGE_LOOP ( 'NONE', ( #694, #2043, #2283, #1885 ) ) ;
#2118 = EDGE_CURVE ( 'NONE', #128, #158, #968, .T. ) ;
#2119 = EDGE_CURVE ( 'NONE', #34, #1806, #984, .T. ) ;
#2120 = ORIENTED_EDGE ( 'NONE', *, *, #2208, .F. ) ;
#2121 = ORIENTED_EDGE ( 'NONE', *, *, #1926, .T. ) ;
#2122 = ORIENTED_EDGE ( 'NONE', *, *, #1462, .T. ) ;
#2123 = ORIENTED_EDGE ( 'NONE', *, *, #50, .T. ) ;
#2124 = ADVANCED_FACE ( 'NONE', ( #1019 ), #1020, .F. ) ;
#2125 = ORIENTED_EDGE ( 'NONE', *, *, #1869, .F. ) ;
#2126 = ORIENTED_EDGE ( 'NONE', *, *, #574, .T. ) ;
#2127 = ORIENTED_EDGE ( 'NONE', *, *, #2119, .F. ) ;
#2128 = EDGE_CURVE ( 'NONE', #1288, #413, #1069, .T. ) ;
#2129 = ADVANCED_FACE ( 'NONE', ( #1074 ), #1075, .T. ) ;
#2130 = ORIENTED_EDGE ( 'NONE', *, *, #1861, .T. ) ;
#2131 = EDGE_CURVE ( 'NONE', #115, #2, #1080, .T. ) ;
#2132 = CLOSED_SHELL ( 'NONE', ( #22, #1987, #2091, #79, #2204, #1409, #2232, #2199, #2030, #1106, #19, #1055, #1321, #1914, #1886, #1801, #1862, #2015, #1178, #1248, #26, #2046, #2029, #2124, #2217, #2254, #1863, #1815, #1948, #2213, #2257, #1932, #1820, #127, #173, #2237, #2144, #2161, #2070, #2048, #2159, #935, #7, #2233, #53, #1927, #1157, #17, #138, #1836, #415, #1823, #2060, #88, #1891, #98, #86, #75, #2267, #1902, #916, #2008, #1850, #2129, #2012, #1825, #2230, #203, #1140, #2154, #2278, #2274, #676, #1481, #144, #1996, #5, #899, #2176 ) ) ;
#2133 = ORIENTED_EDGE ( 'NONE', *, *, #1966, .F. ) ;
#2134 = EDGE_CURVE ( 'NONE', #1806, #2243, #1088, .T. ) ;
#2135 = VERTEX_POINT ( 'NONE', #1093 ) ;
#2136 = ORIENTED_EDGE ( 'NONE', *, *, #133, .F. ) ;
#2137 = EDGE_CURVE ( 'NONE', #1980, #2148, #1126, .T. ) ;
#2138 = EDGE_CURVE ( 'NONE', #2194, #61, #1165, .T. ) ;
#2139 = ORIENTED_EDGE ( 'NONE', *, *, #166, .F. ) ;
#2140 = VERTEX_POINT ( 'NONE', #1169 ) ;
#2141 = ORIENTED_EDGE ( 'NONE', *, *, #1822, .F. ) ;
#2142 = ORIENTED_EDGE ( 'NONE', *, *, #2096, .F. ) ;
#2143 = EDGE_CURVE ( 'NONE', #1633, #95, #1181, .T. ) ;
#2144 = ADVANCED_FACE ( 'NONE', ( #1185 ), #1186, .F. ) ;
#2145 = ORIENTED_EDGE ( 'NONE', *, *, #1837, .T. ) ;
#2146 = ORIENTED_EDGE ( 'NONE', *, *, #2113, .T. ) ;
#2147 = VERTEX_POINT ( 'NONE', #1191 ) ;
#2148 = VERTEX_POINT ( 'NONE', #1192 ) ;
#2149 = EDGE_CURVE ( 'NONE', #1827, #1864, #1193, .T. ) ;
#2150 = ORIENTED_EDGE ( 'NONE', *, *, #1944, .T. ) ;
#2151 = VERTEX_POINT ( 'NONE', #1213 ) ;
#2152 = EDGE_CURVE ( 'NONE', #1982, #1802, #1214, .T. ) ;
#2153 = VERTEX_POINT ( 'NONE', #1240 ) ;
#2154 = ADVANCED_FACE ( 'NONE', ( #1241 ), #1242, .T. ) ;
#2155 = EDGE_CURVE ( 'NONE', #413, #1834, #1284, .T. ) ;
#2156 = ORIENTED_EDGE ( 'NONE', *, *, #2039, .T. ) ;
#2157 = ORIENTED_EDGE ( 'NONE', *, *, #1956, .F. ) ;
#2158 = ORIENTED_EDGE ( 'NONE', *, *, #66, .T. ) ;
#2159 = ADVANCED_FACE ( 'NONE', ( #1298 ), #1299, .F. ) ;
#2160 = ORIENTED_EDGE ( 'NONE', *, *, #1686, .T. ) ;
#2161 = ADVANCED_FACE ( 'NONE', ( #1327 ), #1328, .F. ) ;
#2162 = EDGE_CURVE ( 'NONE', #183, #2147, #1339, .T. ) ;
#2163 = ORIENTED_EDGE ( 'NONE', *, *, #1842, .T. ) ;
#2164 = ORIENTED_EDGE ( 'NONE', *, *, #2169, .F. ) ;
#2165 = EDGE_CURVE ( 'NONE', #116, #198, #1383, .T. ) ;
#2166 = EDGE_CURVE ( 'NONE', #1247, #2135, #1398, .T. ) ;
#2167 = VERTEX_POINT ( 'NONE', #1410 ) ;
#2168 = EDGE_LOOP ( 'NONE', ( #1687, #1955, #1832, #2075 ) ) ;
#2169 = EDGE_CURVE ( 'NONE', #1480, #34, #1412, .T. ) ;
#2170 = ORIENTED_EDGE ( 'NONE', *, *, #1936, .T. ) ;
#2171 = EDGE_CURVE ( 'NONE', #2148, #176, #1443, .T. ) ;
#2172 = ORIENTED_EDGE ( 'NONE', *, *, #2203, .T. ) ;
#2173 = VERTEX_POINT ( 'NONE', #1453 ) ;
#2174 = ORIENTED_EDGE ( 'NONE', *, *, #937, .F. ) ;
#2175 = VERTEX_POINT ( 'NONE', #1454 ) ;
#2176 = ADVANCED_FACE ( 'NONE', ( #1461 ), #1464, .T. ) ;
#2177 = ORIENTED_EDGE ( 'NONE', *, *, #624, .T. ) ;
#2178 = ORIENTED_EDGE ( 'NONE', *, *, #141, .T. ) ;
#2179 = ORIENTED_EDGE ( 'NONE', *, *, #109, .F. ) ;
#2180 = ORIENTED_EDGE ( 'NONE', *, *, #1960, .T. ) ;
#2181 = EDGE_LOOP ( 'NONE', ( #1533, #2270, #242, #1924 ) ) ;
#2182 = ORIENTED_EDGE ( 'NONE', *, *, #1839, .T. ) ;
#2183 = VERTEX_POINT ( 'NONE', #1473 ) ;
#2184 = VERTEX_POINT ( 'NONE', #1474 ) ;
#2185 = EDGE_CURVE ( 'NONE', #2106, #1787, #1475, .T. ) ;
#2186 = ORIENTED_EDGE ( 'NONE', *, *, #39, .T. ) ;
#2187 = EDGE_CURVE ( 'NONE', #61, #1767, #1486, .T. ) ;
#2188 = ORIENTED_EDGE ( 'NONE', *, *, #1966, .T. ) ;
#2189 = EDGE_CURVE ( 'NONE', #520, #2102, #1491, .T. ) ;
#2190 = EDGE_CURVE ( 'NONE', #40, #1767, #1495, .T. ) ;
#2191 = EDGE_CURVE ( 'NONE', #2018, #623, #1501, .T. ) ;
#2192 = EDGE_CURVE ( 'NONE', #2101, #2067, #1505, .T. ) ;
#2193 = EDGE_LOOP ( 'NONE', ( #1749, #2003, #934, #2201 ) ) ;
#2194 = VERTEX_POINT ( 'NONE', #1509 ) ;
#2195 = ORIENTED_EDGE ( 'NONE', *, *, #2143, .T. ) ;
#2196 = ORIENTED_EDGE ( 'NONE', *, *, #1892, .F. ) ;
#2197 = EDGE_LOOP ( 'NONE', ( #1785, #2066, #1821, #1792 ) ) ;
#2198 = EDGE_CURVE ( 'NONE', #2100, #1249, #1530, .T. ) ;
#2199 = ADVANCED_FACE ( 'NONE', ( #1539 ), #1540, .F. ) ;
#2200 = EDGE_LOOP ( 'NONE', ( #1841, #2266, #1964, #2110 ) ) ;
#2201 = ORIENTED_EDGE ( 'NONE', *, *, #74, .F. ) ;
#2202 = ORIENTED_EDGE ( 'NONE', *, *, #2081, .T. ) ;
#2203 = EDGE_CURVE ( 'NONE', #2265, #1985, #1549, .T. ) ;
#2204 = ADVANCED_FACE ( 'NONE', ( #1558, #1559, #1560, #1561, #1562, #1563, #1564, #1565, #1566, #1567, #1568, #1569, #1570 ), #1571, .F. ) ;
#2205 = ORIENTED_EDGE ( 'NONE', *, *, #2208, .T. ) ;
#2206 = ORIENTED_EDGE ( 'NONE', *, *, #1947, .F. ) ;
#2207 = ORIENTED_EDGE ( 'NONE', *, *, #1976, .F. ) ;
#2208 = EDGE_CURVE ( 'NONE', #1980, #1797, #1576, .T. ) ;
#2209 = ORIENTED_EDGE ( 'NONE', *, *, #2222, .F. ) ;
#2210 = EDGE_LOOP ( 'NONE', ( #1123, #2206, #260, #2127 ) ) ;
#2211 = ORIENTED_EDGE ( 'NONE', *, *, #2256, .F. ) ;
#2212 = ORIENTED_EDGE ( 'NONE', *, *, #11, .T. ) ;
#2213 = ADVANCED_FACE ( 'NONE', ( #1591 ), #1592, .F. ) ;
#2214 = ORIENTED_EDGE ( 'NONE', *, *, #32, .F. ) ;
#2215 = ORIENTED_EDGE ( 'NONE', *, *, #2052, .F. ) ;
#2216 = VERTEX_POINT ( 'NONE', #1603 ) ;
#2217 = ADVANCED_FACE ( 'NONE', ( #1610 ), #1611, .F. ) ;
#2218 = EDGE_CURVE ( 'NONE', #2140, #2153, #1617, .T. ) ;
#2219 = ORIENTED_EDGE ( 'NONE', *, *, #2171, .T. ) ;
#2220 = VERTEX_POINT ( 'NONE', #1621 ) ;
#2221 = EDGE_LOOP ( 'NONE', ( #344, #2205, #2212, #2225 ) ) ;
#2222 = EDGE_CURVE ( 'NONE', #1942, #1980, #1622, .T. ) ;
#2223 = ORIENTED_EDGE ( 'NONE', *, *, #2245, .F. ) ;
#2224 = ORIENTED_EDGE ( 'NONE', *, *, #1954, .T. ) ;
#2225 = ORIENTED_EDGE ( 'NONE', *, *, #2295, .F. ) ;
#2226 = EDGE_LOOP ( 'NONE', ( #2103, #2024, #6, #2196 ) ) ;
#2227 = ORIENTED_EDGE ( 'NONE', *, *, #2053, .F. ) ;
#2228 = EDGE_LOOP ( 'NONE', ( #1322, #63, #153, #2164 ) ) ;
#2229 = EDGE_LOOP ( 'NONE', ( #2115, #163, #2098, #2064 ) ) ;
#2230 = ADVANCED_FACE ( 'NONE', ( #1658 ), #1659, .T. ) ;
#2231 = EDGE_CURVE ( 'NONE', #87, #1633, #1664, .T. ) ;
#2232 = ADVANCED_FACE ( 'NONE', ( #1668 ), #1670, .F. ) ;
#2233 = ADVANCED_FACE ( 'NONE', ( #1676 ), #1677, .F. ) ;
#2234 = EDGE_LOOP ( 'NONE', ( #51, #1871, #1824, #1229 ) ) ;
#2235 = ORIENTED_EDGE ( 'NONE', *, *, #1919, .T. ) ;
#2236 = VERTEX_POINT ( 'NONE', #500 ) ;
#2237 = ADVANCED_FACE ( 'NONE', ( #501 ), #502, .F. ) ;
#2238 = ORIENTED_EDGE ( 'NONE', *, *, #1922, .F. ) ;
#2239 = ORIENTED_EDGE ( 'NONE', *, *, #107, .T. ) ;
#2240 = ORIENTED_EDGE ( 'NONE', *, *, #16, .T. ) ;
#2241 = ORIENTED_EDGE ( 'NONE', *, *, #172, .F. ) ;
#2242 = ORIENTED_EDGE ( 'NONE', *, *, #2096, .T. ) ;
#2243 = VERTEX_POINT ( 'NONE', #540 ) ;
#2244 = EDGE_LOOP ( 'NONE', ( #2214, #2174, #487, #1973 ) ) ;
#2245 = EDGE_CURVE ( 'NONE', #137, #1249, #548, .T. ) ;
#2246 = EDGE_CURVE ( 'NONE', #57, #395, #565, .T. ) ;
#2247 = ORIENTED_EDGE ( 'NONE', *, *, #1928, .T. ) ;
#2248 = EDGE_LOOP ( 'NONE', ( #1819, #2111, #143, #125 ) ) ;
#2249 = ORIENTED_EDGE ( 'NONE', *, *, #1933, .F. ) ;
#2250 = ORIENTED_EDGE ( 'NONE', *, *, #2246, .T. ) ;
#2251 = EDGE_LOOP ( 'NONE', ( #2238, #2247, #1949, #1831 ) ) ;
#2252 = EDGE_CURVE ( 'NONE', #2017, #174, #588, .T. ) ;
#2253 = EDGE_CURVE ( 'NONE', #1942, #623, #598, .T. ) ;
#2254 = ADVANCED_FACE ( 'NONE', ( #602 ), #603, .F. ) ;
#2255 = ORIENTED_EDGE ( 'NONE', *, *, #2222, .T. ) ;
#2256 = EDGE_CURVE ( 'NONE', #150, #1616, #616, .T. ) ;
#2257 = ADVANCED_FACE ( 'NONE', ( #633 ), #634, .F. ) ;
#2258 = EDGE_CURVE ( 'NONE', #191, #61, #644, .T. ) ;
#2259 = ORIENTED_EDGE ( 'NONE', *, *, #2190, .F. ) ;
#2260 = ORIENTED_EDGE ( 'NONE', *, *, #2086, .T. ) ;
#2261 = EDGE_LOOP ( 'NONE', ( #1997, #67, #1786, #1635 ) ) ;
#2262 = ORIENTED_EDGE ( 'NONE', *, *, #178, .F. ) ;
#2263 = VERTEX_POINT ( 'NONE', #660 ) ;
#2264 = EDGE_LOOP ( 'NONE', ( #521, #2300, #104, #2141 ) ) ;
#2265 = VERTEX_POINT ( 'NONE', #673 ) ;
#2266 = ORIENTED_EDGE ( 'NONE', *, *, #1856, .T. ) ;
#2267 = ADVANCED_FACE ( 'NONE', ( #680 ), #681, .T. ) ;
#2268 = ORIENTED_EDGE ( 'NONE', *, *, #2137, .T. ) ;
#2269 = ORIENTED_EDGE ( 'NONE', *, *, #1865, .F. ) ;
#2270 = ORIENTED_EDGE ( 'NONE', *, *, #2131, .T. ) ;
#2271 = VERTEX_POINT ( 'NONE', #706 ) ;
#2272 = EDGE_CURVE ( 'NONE', #115, #1787, #707, .T. ) ;
#2273 = EDGE_LOOP ( 'NONE', ( #1879, #2107, #73, #2304 ) ) ;
#2274 = ADVANCED_FACE ( 'NONE', ( #722 ), #723, .T. ) ;
#2275 = VERTEX_POINT ( 'NONE', #728 ) ;
#2276 = ORIENTED_EDGE ( 'NONE', *, *, #21, .F. ) ;
#2277 = EDGE_CURVE ( 'NONE', #1874, #1920, #729, .T. ) ;
#2278 = ADVANCED_FACE ( 'NONE', ( #743 ), #744, .F. ) ;
#2279 = ORIENTED_EDGE ( 'NONE', *, *, #1976, .T. ) ;
#2280 = ORIENTED_EDGE ( 'NONE', *, *, #2055, .T. ) ;
#2281 = ORIENTED_EDGE ( 'NONE', *, *, #2155, .T. ) ;
#2282 = EDGE_LOOP ( 'NONE', ( #2058, #58, #2028, #46 ) ) ;
#2283 = ORIENTED_EDGE ( 'NONE', *, *, #2166, .T. ) ;
#2284 = MANIFOLD_SOLID_BREP ( 'NONE', #2132 ) ;
#2285 = ORIENTED_EDGE ( 'NONE', *, *, #1845, .F. ) ;
#2286 = ORIENTED_EDGE ( 'NONE', *, *, #1911, .F. ) ;
#2287 = EDGE_LOOP ( 'NONE', ( #2142, #85, #1781, #2087 ) ) ;
#2288 = EDGE_CURVE ( 'NONE', #2183, #177, #780, .T. ) ;
#2289 = ORIENTED_EDGE ( 'NONE', *, *, #103, .F. ) ;
#2290 = ORIENTED_EDGE ( 'NONE', *, *, #2256, .T. ) ;
#2291 = EDGE_CURVE ( 'NONE', #2102, #115, #789, .T. ) ;
#2292 = ORIENTED_EDGE ( 'NONE', *, *, #2010, .F. ) ;
#2293 = ORIENTED_EDGE ( 'NONE', *, *, #1883, .T. ) ;
#2294 = EDGE_CURVE ( 'NONE', #2004, #27, #802, .T. ) ;
#2295 = EDGE_CURVE ( 'NONE', #2148, #2271, #811, .T. ) ;
#2296 = EDGE_LOOP ( 'NONE', ( #1285, #1939, #2276, #2289 ) ) ;
#2297 = ORIENTED_EDGE ( 'NONE', *, *, #2021, .T. ) ;
#2298 = ORIENTED_EDGE ( 'NONE', *, *, #1981, .T. ) ;
#2299 = EDGE_LOOP ( 'NONE', ( #1783, #105, #195, #2281 ) ) ;
#2300 = ORIENTED_EDGE ( 'NONE', *, *, #1926, .F. ) ;
#2301 = ORIENTED_EDGE ( 'NONE', *, *, #2231, .T. ) ;
#2302 = EDGE_LOOP ( 'NONE', ( #450, #1943, #1866, #152 ) ) ;
#2303 = VERTEX_POINT ( 'NONE', #819 ) ;
#2304 = ORIENTED_EDGE ( 'NONE', *, *, #1917, .T. ) ;
#2305 = EDGE_CURVE ( 'NONE', #2083, #1374, #826, .T. ) ;
ENDSEC;
END-ISO-10303-21;
