ISO-10303-21;
HEADER;
/* Generated by software containing ST-Developer
 * from STEP Tools, Inc. (www.steptools.com) 
 */

FILE_DESCRIPTION(
/* description */ (''),
/* implementation_level */ '2;1');

FILE_NAME(
/* name */ 
'C:\\Users\\User_99\\Desktop\\3D models\\TE Connectivity 5520426-4.stp',

/* time_stamp */ '2019-06-27T14:31:26+02:00',
/* author */ ('User_99'),
/* organization */ (''),
/* preprocessor_version */ 'ST-DEVELOPER v16.5',
/* originating_system */ 'Autodesk Inventor 2017',
/* authorisation */ '');

FILE_SCHEMA (('AUTOMOTIVE_DESIGN { 1 0 10303 214 3 1 1 }'));
ENDSEC;

DATA;
#10=MECHANICAL_DESIGN_GEOMETRIC_PRESENTATION_REPRESENTATION('',(#10055,
#10220,#10221,#10218,#10217,#10227,#10214,#10225,#10228,#10216,#10229,#10222,
#10226,#10215,#10219,#10224,#10223,#10194,#10197,#10195,#10205,#10207,#10204,
#10199,#10200,#10203,#10198,#10201,#10206,#10208,#10202,#10196,#10211,#10209,
#10210,#10212,#10213,#10235,#10237,#10231,#10238,#10236,#10239,#10230,#10234,
#10233,#10240,#10232,#10249,#10252,#10243,#10246,#10248,#10251,#10253,#10242,
#10250,#10254,#10258,#10256,#10247,#10255,#10241,#10244,#10245,#10257,#10259,
#10267,#10269,#10262,#10270,#10272,#10265,#10263,#10271,#10273,#10264,#10261,
#10274,#10275,#10276,#10268,#10260,#10266,#10284,#10290,#10279,#10286,#10287,
#10277,#10288,#10289,#10280,#10281,#10278,#10283,#10285,#10282,#10294,#10293,
#10295,#10296,#10291,#10292,#10067,#10076,#10078,#10081,#10074,#10077,#10072,
#10070,#10083,#10071,#10075,#10073,#10068,#10069,#10079,#10080,#10082,#10084,
#10085,#10125,#10132,#10123,#10130,#10137,#10139,#10124,#10133,#10134,#10127,
#10136,#10131,#10126,#10135,#10128,#10138,#10129,#10122,#10149,#10141,#10140,
#10146,#10147,#10151,#10150,#10143,#10145,#10148,#10142,#10144,#10153,#10152,
#10180,#10181,#10182,#10173,#10175,#10177,#10188,#10185,#10183,#10190,#10192,
#10191,#10189,#10193,#10179,#10178,#10186,#10174,#10176,#10184,#10187,#10162,
#10164,#10155,#10158,#10157,#10154,#10161,#10160,#10163,#10165,#10159,#10166,
#10156,#10169,#10170,#10171,#10168,#10172,#10167,#10325,#10327,#10319,#10321,
#10328,#10324,#10318,#10329,#10330,#10331,#10326,#10323,#10320,#10322,#10343,
#10338,#10339,#10347,#10349,#10348,#10345,#10341,#10333,#10337,#10336,#10342,
#10340,#10334,#10344,#10335,#10346,#10332,#10353,#10360,#10356,#10362,#10357,
#10352,#10358,#10363,#10355,#10359,#10351,#10364,#10361,#10365,#10366,#10367,
#10354,#10350,#10302,#10304,#10306,#10298,#10303,#10307,#10301,#10308,#10309,
#10299,#10297,#10305,#10300,#10310,#10315,#10312,#10313,#10314,#10317,#10316,
#10311,#10094,#10086,#10092,#10087,#10091,#10089,#10093,#10095,#10090,#10096,
#10097,#10088,#10100,#10103,#10102,#10107,#10114,#10112,#10116,#10104,#10117,
#10110,#10108,#10098,#10101,#10111,#10115,#10113,#10099,#10106,#10109,#10105,
#10119,#10120,#10118,#10121,#10369,#10381,#10382,#10384,#10368,#10386,#10387,
#10371,#10390,#10385,#10373,#10379,#10377,#10380,#10370,#10388,#10383,#10372,
#10374,#10378,#10389,#10376,#10375,#10393,#10392,#10391,#10064,#10058,#10062,
#10065,#10060,#10061,#10059,#10056,#10057,#10063,#10066,#10394,#10395),
#18832);
#11=ITEM_DEFINED_TRANSFORMATION($,$,#10994,#11504);
#12=ITEM_DEFINED_TRANSFORMATION($,$,#11497,#11505);
#13=ITEM_DEFINED_TRANSFORMATION($,$,#11497,#11506);
#14=ITEM_DEFINED_TRANSFORMATION($,$,#11497,#11507);
#15=ITEM_DEFINED_TRANSFORMATION($,$,#11497,#11508);
#16=ITEM_DEFINED_TRANSFORMATION($,$,#11497,#11509);
#17=ITEM_DEFINED_TRANSFORMATION($,$,#11497,#11510);
#18=ITEM_DEFINED_TRANSFORMATION($,$,#11497,#11511);
#19=ITEM_DEFINED_TRANSFORMATION($,$,#11497,#11512);
#20=(
REPRESENTATION_RELATIONSHIP($,$,#18855,#18854)
REPRESENTATION_RELATIONSHIP_WITH_TRANSFORMATION(#11)
SHAPE_REPRESENTATION_RELATIONSHIP()
);
#21=(
REPRESENTATION_RELATIONSHIP($,$,#18856,#18854)
REPRESENTATION_RELATIONSHIP_WITH_TRANSFORMATION(#12)
SHAPE_REPRESENTATION_RELATIONSHIP()
);
#22=(
REPRESENTATION_RELATIONSHIP($,$,#18856,#18854)
REPRESENTATION_RELATIONSHIP_WITH_TRANSFORMATION(#13)
SHAPE_REPRESENTATION_RELATIONSHIP()
);
#23=(
REPRESENTATION_RELATIONSHIP($,$,#18856,#18854)
REPRESENTATION_RELATIONSHIP_WITH_TRANSFORMATION(#14)
SHAPE_REPRESENTATION_RELATIONSHIP()
);
#24=(
REPRESENTATION_RELATIONSHIP($,$,#18856,#18854)
REPRESENTATION_RELATIONSHIP_WITH_TRANSFORMATION(#15)
SHAPE_REPRESENTATION_RELATIONSHIP()
);
#25=(
REPRESENTATION_RELATIONSHIP($,$,#18856,#18854)
REPRESENTATION_RELATIONSHIP_WITH_TRANSFORMATION(#16)
SHAPE_REPRESENTATION_RELATIONSHIP()
);
#26=(
REPRESENTATION_RELATIONSHIP($,$,#18856,#18854)
REPRESENTATION_RELATIONSHIP_WITH_TRANSFORMATION(#17)
SHAPE_REPRESENTATION_RELATIONSHIP()
);
#27=(
REPRESENTATION_RELATIONSHIP($,$,#18856,#18854)
REPRESENTATION_RELATIONSHIP_WITH_TRANSFORMATION(#18)
SHAPE_REPRESENTATION_RELATIONSHIP()
);
#28=(
REPRESENTATION_RELATIONSHIP($,$,#18856,#18854)
REPRESENTATION_RELATIONSHIP_WITH_TRANSFORMATION(#19)
SHAPE_REPRESENTATION_RELATIONSHIP()
);
#29=CONTEXT_DEPENDENT_SHAPE_REPRESENTATION(#20,#18845);
#30=CONTEXT_DEPENDENT_SHAPE_REPRESENTATION(#21,#18846);
#31=CONTEXT_DEPENDENT_SHAPE_REPRESENTATION(#22,#18847);
#32=CONTEXT_DEPENDENT_SHAPE_REPRESENTATION(#23,#18848);
#33=CONTEXT_DEPENDENT_SHAPE_REPRESENTATION(#24,#18849);
#34=CONTEXT_DEPENDENT_SHAPE_REPRESENTATION(#25,#18850);
#35=CONTEXT_DEPENDENT_SHAPE_REPRESENTATION(#26,#18851);
#36=CONTEXT_DEPENDENT_SHAPE_REPRESENTATION(#27,#18852);
#37=CONTEXT_DEPENDENT_SHAPE_REPRESENTATION(#28,#18853);
#38=NEXT_ASSEMBLY_USAGE_OCCURRENCE('c-5520426-4-a-3d:1',
'c-5520426-4-a-3d:1','c-5520426-4-a-3d:1',#18858,#18859,
'c-5520426-4-a-3d:1');
#39=NEXT_ASSEMBLY_USAGE_OCCURRENCE('sdfsdfsdfsdfsdfsdfsdf:1',
'sdfsdfsdfsdfsdfsdfsdf:1','sdfsdfsdfsdfsdfsdfsdf:1',#18858,#18860,
'sdfsdfsdfsdfsdfsdfsdf:1');
#40=NEXT_ASSEMBLY_USAGE_OCCURRENCE('sdfsdfsdfsdfsdfsdfsdf:2',
'sdfsdfsdfsdfsdfsdfsdf:2','sdfsdfsdfsdfsdfsdfsdf:2',#18858,#18860,
'sdfsdfsdfsdfsdfsdfsdf:2');
#41=NEXT_ASSEMBLY_USAGE_OCCURRENCE('sdfsdfsdfsdfsdfsdfsdf:3',
'sdfsdfsdfsdfsdfsdfsdf:3','sdfsdfsdfsdfsdfsdfsdf:3',#18858,#18860,
'sdfsdfsdfsdfsdfsdfsdf:3');
#42=NEXT_ASSEMBLY_USAGE_OCCURRENCE('sdfsdfsdfsdfsdfsdfsdf:4',
'sdfsdfsdfsdfsdfsdfsdf:4','sdfsdfsdfsdfsdfsdfsdf:4',#18858,#18860,
'sdfsdfsdfsdfsdfsdfsdf:4');
#43=NEXT_ASSEMBLY_USAGE_OCCURRENCE('sdfsdfsdfsdfsdfsdfsdf:5',
'sdfsdfsdfsdfsdfsdfsdf:5','sdfsdfsdfsdfsdfsdfsdf:5',#18858,#18860,
'sdfsdfsdfsdfsdfsdfsdf:5');
#44=NEXT_ASSEMBLY_USAGE_OCCURRENCE('sdfsdfsdfsdfsdfsdfsdf:6',
'sdfsdfsdfsdfsdfsdfsdf:6','sdfsdfsdfsdfsdfsdfsdf:6',#18858,#18860,
'sdfsdfsdfsdfsdfsdfsdf:6');
#45=NEXT_ASSEMBLY_USAGE_OCCURRENCE('sdfsdfsdfsdfsdfsdfsdf:7',
'sdfsdfsdfsdfsdfsdfsdf:7','sdfsdfsdfsdfsdfsdfsdf:7',#18858,#18860,
'sdfsdfsdfsdfsdfsdfsdf:7');
#46=NEXT_ASSEMBLY_USAGE_OCCURRENCE('sdfsdfsdfsdfsdfsdfsdf:8',
'sdfsdfsdfsdfsdfsdfsdf:8','sdfsdfsdfsdfsdfsdfsdf:8',#18858,#18860,
'sdfsdfsdfsdfsdfsdfsdf:8');
#47=SHAPE_REPRESENTATION_RELATIONSHIP('SRR','None',#18855,#49);
#48=SHAPE_REPRESENTATION_RELATIONSHIP('SRR','None',#18856,#50);
#49=ADVANCED_BREP_SHAPE_REPRESENTATION('',(#51),#18830);
#50=ADVANCED_BREP_SHAPE_REPRESENTATION('',(#52),#18831);
#51=MANIFOLD_SOLID_BREP('Solid1',#10952);
#52=MANIFOLD_SOLID_BREP('Solid1',#10953);
#53=(
BOUNDED_SURFACE()
B_SPLINE_SURFACE(1,2,((#17605,#17606,#17607),(#17608,#17609,#17610)),
 .UNSPECIFIED.,.F.,.F.,.F.)
B_SPLINE_SURFACE_WITH_KNOTS((2,2),(3,3),(0.,0.329580990597322),(-3.14159265358979,
-1.57079632678999),.UNSPECIFIED.)
GEOMETRIC_REPRESENTATION_ITEM()
RATIONAL_B_SPLINE_SURFACE(((1.,0.707106781184814,1.),(1.,0.707106781184814,
1.)))
REPRESENTATION_ITEM('')
SURFACE()
);
#54=(
BOUNDED_SURFACE()
B_SPLINE_SURFACE(1,2,((#17625,#17626,#17627),(#17628,#17629,#17630)),
 .UNSPECIFIED.,.F.,.F.,.F.)
B_SPLINE_SURFACE_WITH_KNOTS((2,2),(3,3),(0.,0.329580990597322),(1.57079632679778,
3.14159265358979),.UNSPECIFIED.)
GEOMETRIC_REPRESENTATION_ITEM()
RATIONAL_B_SPLINE_SURFACE(((1.,0.707106781187568,1.),(1.,0.707106781187568,
1.)))
REPRESENTATION_ITEM('')
SURFACE()
);
#55=CYLINDRICAL_SURFACE('',#11222,10.);
#56=CYLINDRICAL_SURFACE('',#11255,0.381);
#57=CYLINDRICAL_SURFACE('',#11258,0.381);
#58=CYLINDRICAL_SURFACE('',#11260,0.381);
#59=CYLINDRICAL_SURFACE('',#11262,0.381);
#60=CYLINDRICAL_SURFACE('',#11264,0.381);
#61=CYLINDRICAL_SURFACE('',#11267,0.381);
#62=CYLINDRICAL_SURFACE('',#11279,0.381);
#63=CYLINDRICAL_SURFACE('',#11292,0.127);
#64=CYLINDRICAL_SURFACE('',#11304,1.5494);
#65=CYLINDRICAL_SURFACE('',#11307,1.5494);
#66=CYLINDRICAL_SURFACE('',#11310,1.469073702037);
#67=CYLINDRICAL_SURFACE('',#11324,0.381);
#68=CYLINDRICAL_SURFACE('',#11326,1.5494);
#69=CYLINDRICAL_SURFACE('',#11328,1.5494);
#70=CYLINDRICAL_SURFACE('',#11330,1.469073702037);
#71=CYLINDRICAL_SURFACE('',#11334,0.127);
#72=CYLINDRICAL_SURFACE('',#11338,1.469073702037);
#73=CYLINDRICAL_SURFACE('',#11341,0.127);
#74=CYLINDRICAL_SURFACE('',#11359,0.381);
#75=CYLINDRICAL_SURFACE('',#11362,0.381);
#76=CYLINDRICAL_SURFACE('',#11370,0.762);
#77=CYLINDRICAL_SURFACE('',#11371,0.381);
#78=CYLINDRICAL_SURFACE('',#11372,3.175);
#79=CYLINDRICAL_SURFACE('',#11373,0.127);
#80=CYLINDRICAL_SURFACE('',#11375,1.469073702037);
#81=CYLINDRICAL_SURFACE('',#11386,0.127);
#82=CYLINDRICAL_SURFACE('',#11394,0.381);
#83=CYLINDRICAL_SURFACE('',#11397,0.381);
#84=CYLINDRICAL_SURFACE('',#11398,0.381);
#85=CYLINDRICAL_SURFACE('',#11399,0.381);
#86=CYLINDRICAL_SURFACE('',#11402,0.127);
#87=CYLINDRICAL_SURFACE('',#11405,0.381);
#88=CYLINDRICAL_SURFACE('',#11411,0.381);
#89=CYLINDRICAL_SURFACE('',#11446,0.381);
#90=CYLINDRICAL_SURFACE('',#11448,0.381);
#91=CYLINDRICAL_SURFACE('',#11449,0.381);
#92=CYLINDRICAL_SURFACE('',#11495,0.098244406);
#93=(
BOUNDED_CURVE()
B_SPLINE_CURVE(2,(#17515,#17516,#17517),.UNSPECIFIED.,.F.,.F.)
B_SPLINE_CURVE_WITH_KNOTS((3,3),(0.,0.0365663374454363),.UNSPECIFIED.)
CURVE()
GEOMETRIC_REPRESENTATION_ITEM()
RATIONAL_B_SPLINE_CURVE((1.,1.01672602140522,1.))
REPRESENTATION_ITEM('')
);
#94=(
BOUNDED_CURVE()
B_SPLINE_CURVE(2,(#17521,#17522,#17523),.UNSPECIFIED.,.F.,.F.)
B_SPLINE_CURVE_WITH_KNOTS((3,3),(0.,0.0365663374454362),.UNSPECIFIED.)
CURVE()
GEOMETRIC_REPRESENTATION_ITEM()
RATIONAL_B_SPLINE_CURVE((1.,1.01672602140356,1.))
REPRESENTATION_ITEM('')
);
#95=(
BOUNDED_CURVE()
B_SPLINE_CURVE(2,(#17530,#17531,#17532),.UNSPECIFIED.,.F.,.F.)
B_SPLINE_CURVE_WITH_KNOTS((3,3),(0.,0.0365663374454364),.UNSPECIFIED.)
CURVE()
GEOMETRIC_REPRESENTATION_ITEM()
RATIONAL_B_SPLINE_CURVE((1.,1.01672602140568,1.))
REPRESENTATION_ITEM('')
);
#96=(
BOUNDED_CURVE()
B_SPLINE_CURVE(2,(#17536,#17537,#17538),.UNSPECIFIED.,.F.,.F.)
B_SPLINE_CURVE_WITH_KNOTS((3,3),(0.,0.0365663374454366),.UNSPECIFIED.)
CURVE()
GEOMETRIC_REPRESENTATION_ITEM()
RATIONAL_B_SPLINE_CURVE((1.,1.01672602140396,1.))
REPRESENTATION_ITEM('')
);
#97=(
BOUNDED_CURVE()
B_SPLINE_CURVE(2,(#17545,#17546,#17547),.UNSPECIFIED.,.F.,.F.)
B_SPLINE_CURVE_WITH_KNOTS((3,3),(0.,0.0365663374454366),.UNSPECIFIED.)
CURVE()
GEOMETRIC_REPRESENTATION_ITEM()
RATIONAL_B_SPLINE_CURVE((1.,1.01672602140239,1.))
REPRESENTATION_ITEM('')
);
#98=(
BOUNDED_CURVE()
B_SPLINE_CURVE(2,(#17551,#17552,#17553),.UNSPECIFIED.,.F.,.F.)
B_SPLINE_CURVE_WITH_KNOTS((3,3),(0.,0.0365663374454365),.UNSPECIFIED.)
CURVE()
GEOMETRIC_REPRESENTATION_ITEM()
RATIONAL_B_SPLINE_CURVE((1.,1.01672602140387,1.))
REPRESENTATION_ITEM('')
);
#99=(
BOUNDED_CURVE()
B_SPLINE_CURVE(2,(#17560,#17561,#17562),.UNSPECIFIED.,.F.,.F.)
B_SPLINE_CURVE_WITH_KNOTS((3,3),(0.,0.0365663374454364),.UNSPECIFIED.)
CURVE()
GEOMETRIC_REPRESENTATION_ITEM()
RATIONAL_B_SPLINE_CURVE((1.,1.01672602140243,1.))
REPRESENTATION_ITEM('')
);
#100=(
BOUNDED_CURVE()
B_SPLINE_CURVE(2,(#17566,#17567,#17568),.UNSPECIFIED.,.F.,.F.)
B_SPLINE_CURVE_WITH_KNOTS((3,3),(0.,0.0365663374454364),.UNSPECIFIED.)
CURVE()
GEOMETRIC_REPRESENTATION_ITEM()
RATIONAL_B_SPLINE_CURVE((1.,1.01672602140549,1.))
REPRESENTATION_ITEM('')
);
#101=CONICAL_SURFACE('',#11198,0.7386,45.0000000000004);
#102=CONICAL_SURFACE('',#11202,0.7386,45.0000000000001);
#103=CONICAL_SURFACE('',#11206,0.7386,45.0000000000001);
#104=CONICAL_SURFACE('',#11210,0.7386,45.);
#105=CONICAL_SURFACE('',#11343,1.166336851018,22.);
#106=CONICAL_SURFACE('',#11348,1.166336851018,22.);
#107=CONICAL_SURFACE('',#11379,1.166336851018,22.);
#108=CONICAL_SURFACE('',#11388,1.166336851018,22.);
#109=CIRCLE('',#11191,10.);
#110=CIRCLE('',#11192,3.175);
#111=CIRCLE('',#11199,0.6136);
#112=CIRCLE('',#11200,0.8636);
#113=CIRCLE('',#11203,0.6136);
#114=CIRCLE('',#11204,0.8636);
#115=CIRCLE('',#11207,0.6136);
#116=CIRCLE('',#11208,0.8636);
#117=CIRCLE('',#11211,0.613600000000001);
#118=CIRCLE('',#11212,0.8636);
#119=CIRCLE('',#11219,10.);
#120=CIRCLE('',#11220,3.175);
#121=CIRCLE('',#11230,0.381);
#122=CIRCLE('',#11231,0.381);
#123=CIRCLE('',#11232,0.381);
#124=CIRCLE('',#11233,0.381);
#125=CIRCLE('',#11234,0.381);
#126=CIRCLE('',#11235,0.381);
#127=CIRCLE('',#11236,0.381);
#128=CIRCLE('',#11237,0.127);
#129=CIRCLE('',#11238,0.381);
#130=CIRCLE('',#11239,0.381);
#131=CIRCLE('',#11240,0.127);
#132=CIRCLE('',#11241,0.381);
#133=CIRCLE('',#11243,0.381);
#134=CIRCLE('',#11244,0.381);
#135=CIRCLE('',#11250,0.381);
#136=CIRCLE('',#11251,0.381);
#137=CIRCLE('',#11252,0.381);
#138=CIRCLE('',#11253,0.381);
#139=CIRCLE('',#11273,0.381);
#140=CIRCLE('',#11274,0.127);
#141=CIRCLE('',#11275,0.127);
#142=CIRCLE('',#11276,0.381);
#143=CIRCLE('',#11280,0.381);
#144=CIRCLE('',#11282,0.381);
#145=CIRCLE('',#11283,0.381);
#146=CIRCLE('',#11284,0.381);
#147=CIRCLE('',#11286,0.381);
#148=CIRCLE('',#11287,0.381);
#149=CIRCLE('',#11288,0.381);
#150=CIRCLE('',#11289,0.381);
#151=CIRCLE('',#11294,1.5494);
#152=CIRCLE('',#11295,0.381);
#153=CIRCLE('',#11296,0.381);
#154=CIRCLE('',#11297,1.5494);
#155=CIRCLE('',#11298,1.469073702037);
#156=CIRCLE('',#11299,1.469073702037);
#157=CIRCLE('',#11300,1.5494);
#158=CIRCLE('',#11301,1.5494);
#159=CIRCLE('',#11302,1.469073702037);
#160=CIRCLE('',#11303,1.469073702037);
#161=CIRCLE('',#11305,1.5494);
#162=CIRCLE('',#11306,1.5494);
#163=CIRCLE('',#11308,1.5494);
#164=CIRCLE('',#11309,1.5494);
#165=CIRCLE('',#11311,1.469073702037);
#166=CIRCLE('',#11312,1.469073702037);
#167=CIRCLE('',#11313,1.469073702037);
#168=CIRCLE('',#11317,1.469073702037);
#169=CIRCLE('',#11318,1.5494);
#170=CIRCLE('',#11319,1.469073702037);
#171=CIRCLE('',#11320,1.469073702037);
#172=CIRCLE('',#11321,1.5494);
#173=CIRCLE('',#11322,0.381);
#174=CIRCLE('',#11323,0.381);
#175=CIRCLE('',#11325,0.381);
#176=CIRCLE('',#11327,1.5494);
#177=CIRCLE('',#11329,1.5494);
#178=CIRCLE('',#11331,1.469073702037);
#179=CIRCLE('',#11332,1.469073702037);
#180=CIRCLE('',#11335,0.127);
#181=CIRCLE('',#11337,0.127);
#182=CIRCLE('',#11339,1.469073702037);
#183=CIRCLE('',#11340,1.469073702037);
#184=CIRCLE('',#11355,0.381);
#185=CIRCLE('',#11366,0.762);
#186=CIRCLE('',#11369,0.762);
#187=CIRCLE('',#11374,0.127);
#188=CIRCLE('',#11376,1.469073702037);
#189=CIRCLE('',#11377,1.469073702037);
#190=CIRCLE('',#11385,0.127);
#191=CIRCLE('',#11406,0.381);
#192=CIRCLE('',#11408,0.381);
#193=CIRCLE('',#11459,0.098244406);
#194=CIRCLE('',#11471,0.098244406);
#195=ELLIPSE('',#11014,0.8758143017813,0.363478958391277);
#196=ELLIPSE('',#11015,0.8758143017813,0.363478958391277);
#197=ELLIPSE('',#11177,0.875814301783699,0.363478958391784);
#198=ELLIPSE('',#11178,0.875814301783699,0.363478958391784);
#199=ELLIPSE('',#11224,0.394440224736239,0.381);
#200=ELLIPSE('',#11225,0.394440224736239,0.381);
#201=ELLIPSE('',#11227,0.394440224736239,0.381);
#202=ELLIPSE('',#11228,0.394440224736239,0.381);
#203=ELLIPSE('',#11259,0.384286979406774,0.380999744193922);
#204=ELLIPSE('',#11263,0.384286979406973,0.380999744193937);
#205=ELLIPSE('',#11344,4.08140811894678,1.45776623784432);
#206=ELLIPSE('',#11345,4.08140811894678,1.45776623784432);
#207=ELLIPSE('',#11349,4.08140811895071,1.45776623784572);
#208=ELLIPSE('',#11350,4.08140811895071,1.45776623784572);
#209=ELLIPSE('',#11380,4.0814081189507,1.45776623784572);
#210=ELLIPSE('',#11381,4.0814081189507,1.45776623784572);
#211=ELLIPSE('',#11389,4.08140811894679,1.45776623784432);
#212=ELLIPSE('',#11390,4.08140811894679,1.45776623784432);
#213=B_SPLINE_CURVE_WITH_KNOTS('',2,(#13776,#13777,#13778,#13779),
 .UNSPECIFIED.,.F.,.F.,(3,1,3),(0.,1.,2.),.UNSPECIFIED.);
#214=B_SPLINE_CURVE_WITH_KNOTS('',2,(#13782,#13783,#13784,#13785),
 .UNSPECIFIED.,.F.,.F.,(3,1,3),(0.,1.,2.),.UNSPECIFIED.);
#215=B_SPLINE_CURVE_WITH_KNOTS('',2,(#13795,#13796,#13797,#13798),
 .UNSPECIFIED.,.F.,.F.,(3,1,3),(0.,1.,2.),.UNSPECIFIED.);
#216=B_SPLINE_CURVE_WITH_KNOTS('',2,(#13801,#13802,#13803,#13804),
 .UNSPECIFIED.,.F.,.F.,(3,1,3),(0.,1.,2.),.UNSPECIFIED.);
#217=B_SPLINE_CURVE_WITH_KNOTS('',2,(#13814,#13815,#13816,#13817),
 .UNSPECIFIED.,.F.,.F.,(3,1,3),(0.,1.,2.),.UNSPECIFIED.);
#218=B_SPLINE_CURVE_WITH_KNOTS('',2,(#13820,#13821,#13822,#13823),
 .UNSPECIFIED.,.F.,.F.,(3,1,3),(0.,1.,2.),.UNSPECIFIED.);
#219=B_SPLINE_CURVE_WITH_KNOTS('',2,(#13833,#13834,#13835,#13836),
 .UNSPECIFIED.,.F.,.F.,(3,1,3),(0.,1.,2.),.UNSPECIFIED.);
#220=B_SPLINE_CURVE_WITH_KNOTS('',2,(#13839,#13840,#13841,#13842),
 .UNSPECIFIED.,.F.,.F.,(3,1,3),(0.,1.,2.),.UNSPECIFIED.);
#221=B_SPLINE_CURVE_WITH_KNOTS('',2,(#13852,#13853,#13854,#13855),
 .UNSPECIFIED.,.F.,.F.,(3,1,3),(0.,1.,2.),.UNSPECIFIED.);
#222=B_SPLINE_CURVE_WITH_KNOTS('',2,(#13858,#13859,#13860,#13861),
 .UNSPECIFIED.,.F.,.F.,(3,1,3),(0.,1.,2.),.UNSPECIFIED.);
#223=B_SPLINE_CURVE_WITH_KNOTS('',2,(#13883,#13884,#13885,#13886),
 .UNSPECIFIED.,.F.,.F.,(3,1,3),(0.,1.,2.),.UNSPECIFIED.);
#224=B_SPLINE_CURVE_WITH_KNOTS('',2,(#13889,#13890,#13891,#13892),
 .UNSPECIFIED.,.F.,.F.,(3,1,3),(0.,1.,2.),.UNSPECIFIED.);
#225=B_SPLINE_CURVE_WITH_KNOTS('',2,(#13902,#13903,#13904,#13905),
 .UNSPECIFIED.,.F.,.F.,(3,1,3),(0.,1.,2.),.UNSPECIFIED.);
#226=B_SPLINE_CURVE_WITH_KNOTS('',2,(#13908,#13909,#13910,#13911),
 .UNSPECIFIED.,.F.,.F.,(3,1,3),(0.,1.,2.),.UNSPECIFIED.);
#227=B_SPLINE_CURVE_WITH_KNOTS('',2,(#13934,#13935,#13936,#13937),
 .UNSPECIFIED.,.F.,.F.,(3,1,3),(0.,1.,2.),.UNSPECIFIED.);
#228=B_SPLINE_CURVE_WITH_KNOTS('',2,(#13940,#13941,#13942,#13943),
 .UNSPECIFIED.,.F.,.F.,(3,1,3),(0.,1.,2.),.UNSPECIFIED.);
#229=B_SPLINE_CURVE_WITH_KNOTS('',2,(#13953,#13954,#13955,#13956),
 .UNSPECIFIED.,.F.,.F.,(3,1,3),(0.,1.,2.),.UNSPECIFIED.);
#230=B_SPLINE_CURVE_WITH_KNOTS('',2,(#13959,#13960,#13961,#13962),
 .UNSPECIFIED.,.F.,.F.,(3,1,3),(0.,1.,2.),.UNSPECIFIED.);
#231=B_SPLINE_CURVE_WITH_KNOTS('',2,(#13972,#13973,#13974,#13975),
 .UNSPECIFIED.,.F.,.F.,(3,1,3),(0.,1.,2.),.UNSPECIFIED.);
#232=B_SPLINE_CURVE_WITH_KNOTS('',2,(#13978,#13979,#13980,#13981),
 .UNSPECIFIED.,.F.,.F.,(3,1,3),(0.,1.,2.),.UNSPECIFIED.);
#233=B_SPLINE_CURVE_WITH_KNOTS('',2,(#14087,#14088,#14089,#14090),
 .UNSPECIFIED.,.F.,.F.,(3,1,3),(0.,1.,2.),.UNSPECIFIED.);
#234=B_SPLINE_CURVE_WITH_KNOTS('',2,(#14094,#14095,#14096,#14097),
 .UNSPECIFIED.,.F.,.F.,(3,1,3),(0.,1.,2.),.UNSPECIFIED.);
#235=B_SPLINE_CURVE_WITH_KNOTS('',2,(#14108,#14109,#14110,#14111),
 .UNSPECIFIED.,.F.,.F.,(3,1,3),(0.,1.,2.),.UNSPECIFIED.);
#236=B_SPLINE_CURVE_WITH_KNOTS('',2,(#14113,#14114,#14115,#14116),
 .UNSPECIFIED.,.F.,.F.,(3,1,3),(0.,1.,2.),.UNSPECIFIED.);
#237=B_SPLINE_CURVE_WITH_KNOTS('',2,(#14127,#14128,#14129,#14130),
 .UNSPECIFIED.,.F.,.F.,(3,1,3),(0.,1.,2.),.UNSPECIFIED.);
#238=B_SPLINE_CURVE_WITH_KNOTS('',2,(#14132,#14133,#14134,#14135),
 .UNSPECIFIED.,.F.,.F.,(3,1,3),(0.,1.,2.),.UNSPECIFIED.);
#239=B_SPLINE_CURVE_WITH_KNOTS('',2,(#14146,#14147,#14148,#14149),
 .UNSPECIFIED.,.F.,.F.,(3,1,3),(0.,1.,2.),.UNSPECIFIED.);
#240=B_SPLINE_CURVE_WITH_KNOTS('',2,(#14151,#14152,#14153,#14154),
 .UNSPECIFIED.,.F.,.F.,(3,1,3),(0.,1.,2.),.UNSPECIFIED.);
#241=B_SPLINE_CURVE_WITH_KNOTS('',2,(#14165,#14166,#14167,#14168),
 .UNSPECIFIED.,.F.,.F.,(3,1,3),(0.,1.,2.),.UNSPECIFIED.);
#242=B_SPLINE_CURVE_WITH_KNOTS('',2,(#14170,#14171,#14172,#14173),
 .UNSPECIFIED.,.F.,.F.,(3,1,3),(0.,1.,2.),.UNSPECIFIED.);
#243=B_SPLINE_CURVE_WITH_KNOTS('',2,(#14184,#14185,#14186,#14187),
 .UNSPECIFIED.,.F.,.F.,(3,1,3),(0.,1.,2.),.UNSPECIFIED.);
#244=B_SPLINE_CURVE_WITH_KNOTS('',2,(#14189,#14190,#14191,#14192),
 .UNSPECIFIED.,.F.,.F.,(3,1,3),(0.,1.,2.),.UNSPECIFIED.);
#245=B_SPLINE_CURVE_WITH_KNOTS('',2,(#14203,#14204,#14205,#14206),
 .UNSPECIFIED.,.F.,.F.,(3,1,3),(0.,1.,2.),.UNSPECIFIED.);
#246=B_SPLINE_CURVE_WITH_KNOTS('',2,(#14208,#14209,#14210,#14211),
 .UNSPECIFIED.,.F.,.F.,(3,1,3),(0.,1.,2.),.UNSPECIFIED.);
#247=B_SPLINE_CURVE_WITH_KNOTS('',2,(#14221,#14222,#14223,#14224),
 .UNSPECIFIED.,.F.,.F.,(3,1,3),(0.,1.,2.),.UNSPECIFIED.);
#248=B_SPLINE_CURVE_WITH_KNOTS('',2,(#14225,#14226,#14227,#14228),
 .UNSPECIFIED.,.F.,.F.,(3,1,3),(0.,1.,2.),.UNSPECIFIED.);
#249=B_SPLINE_CURVE_WITH_KNOTS('',2,(#14239,#14240,#14241,#14242),
 .UNSPECIFIED.,.F.,.F.,(3,1,3),(0.,1.,2.),.UNSPECIFIED.);
#250=B_SPLINE_CURVE_WITH_KNOTS('',2,(#14246,#14247,#14248,#14249),
 .UNSPECIFIED.,.F.,.F.,(3,1,3),(0.,1.,2.),.UNSPECIFIED.);
#251=B_SPLINE_CURVE_WITH_KNOTS('',2,(#14260,#14261,#14262,#14263),
 .UNSPECIFIED.,.F.,.F.,(3,1,3),(0.,1.,2.),.UNSPECIFIED.);
#252=B_SPLINE_CURVE_WITH_KNOTS('',2,(#14266,#14267,#14268,#14269),
 .UNSPECIFIED.,.F.,.F.,(3,1,3),(0.,1.,2.),.UNSPECIFIED.);
#253=B_SPLINE_CURVE_WITH_KNOTS('',2,(#14279,#14280,#14281,#14282),
 .UNSPECIFIED.,.F.,.F.,(3,1,3),(0.,1.,2.),.UNSPECIFIED.);
#254=B_SPLINE_CURVE_WITH_KNOTS('',2,(#14285,#14286,#14287,#14288),
 .UNSPECIFIED.,.F.,.F.,(3,1,3),(0.,1.,2.),.UNSPECIFIED.);
#255=B_SPLINE_CURVE_WITH_KNOTS('',2,(#14297,#14298,#14299,#14300),
 .UNSPECIFIED.,.F.,.F.,(3,1,3),(0.,1.,2.),.UNSPECIFIED.);
#256=B_SPLINE_CURVE_WITH_KNOTS('',2,(#14301,#14302,#14303,#14304),
 .UNSPECIFIED.,.F.,.F.,(3,1,3),(0.,1.,2.),.UNSPECIFIED.);
#257=B_SPLINE_CURVE_WITH_KNOTS('',2,(#14316,#14317,#14318,#14319),
 .UNSPECIFIED.,.F.,.F.,(3,1,3),(0.,1.,2.),.UNSPECIFIED.);
#258=B_SPLINE_CURVE_WITH_KNOTS('',2,(#14323,#14324,#14325,#14326),
 .UNSPECIFIED.,.F.,.F.,(3,1,3),(0.,1.,2.),.UNSPECIFIED.);
#259=B_SPLINE_CURVE_WITH_KNOTS('',2,(#14337,#14338,#14339,#14340),
 .UNSPECIFIED.,.F.,.F.,(3,1,3),(0.,1.,2.),.UNSPECIFIED.);
#260=B_SPLINE_CURVE_WITH_KNOTS('',2,(#14343,#14344,#14345,#14346),
 .UNSPECIFIED.,.F.,.F.,(3,1,3),(0.,1.,2.),.UNSPECIFIED.);
#261=B_SPLINE_CURVE_WITH_KNOTS('',2,(#14356,#14357,#14358,#14359),
 .UNSPECIFIED.,.F.,.F.,(3,1,3),(0.,1.,2.),.UNSPECIFIED.);
#262=B_SPLINE_CURVE_WITH_KNOTS('',2,(#14362,#14363,#14364,#14365),
 .UNSPECIFIED.,.F.,.F.,(3,1,3),(0.,1.,2.),.UNSPECIFIED.);
#263=B_SPLINE_CURVE_WITH_KNOTS('',2,(#14405,#14406,#14407,#14408),
 .UNSPECIFIED.,.F.,.F.,(3,1,3),(0.,1.,2.),.UNSPECIFIED.);
#264=B_SPLINE_CURVE_WITH_KNOTS('',2,(#14411,#14412,#14413,#14414),
 .UNSPECIFIED.,.F.,.F.,(3,1,3),(0.,1.,2.),.UNSPECIFIED.);
#265=B_SPLINE_CURVE_WITH_KNOTS('',2,(#14424,#14425,#14426,#14427),
 .UNSPECIFIED.,.F.,.F.,(3,1,3),(0.,1.,2.),.UNSPECIFIED.);
#266=B_SPLINE_CURVE_WITH_KNOTS('',2,(#14430,#14431,#14432,#14433),
 .UNSPECIFIED.,.F.,.F.,(3,1,3),(0.,1.,2.),.UNSPECIFIED.);
#267=B_SPLINE_CURVE_WITH_KNOTS('',2,(#14443,#14444,#14445,#14446),
 .UNSPECIFIED.,.F.,.F.,(3,1,3),(0.,1.,2.),.UNSPECIFIED.);
#268=B_SPLINE_CURVE_WITH_KNOTS('',2,(#14449,#14450,#14451,#14452),
 .UNSPECIFIED.,.F.,.F.,(3,1,3),(0.,1.,2.),.UNSPECIFIED.);
#269=B_SPLINE_CURVE_WITH_KNOTS('',2,(#14462,#14463,#14464,#14465),
 .UNSPECIFIED.,.F.,.F.,(3,1,3),(0.,1.,2.),.UNSPECIFIED.);
#270=B_SPLINE_CURVE_WITH_KNOTS('',2,(#14468,#14469,#14470,#14471),
 .UNSPECIFIED.,.F.,.F.,(3,1,3),(0.,1.,2.),.UNSPECIFIED.);
#271=B_SPLINE_CURVE_WITH_KNOTS('',2,(#14481,#14482,#14483,#14484),
 .UNSPECIFIED.,.F.,.F.,(3,1,3),(0.,1.,2.),.UNSPECIFIED.);
#272=B_SPLINE_CURVE_WITH_KNOTS('',2,(#14487,#14488,#14489,#14490),
 .UNSPECIFIED.,.F.,.F.,(3,1,3),(0.,1.,2.),.UNSPECIFIED.);
#273=B_SPLINE_CURVE_WITH_KNOTS('',2,(#14500,#14501,#14502,#14503),
 .UNSPECIFIED.,.F.,.F.,(3,1,3),(0.,1.,2.),.UNSPECIFIED.);
#274=B_SPLINE_CURVE_WITH_KNOTS('',2,(#14506,#14507,#14508,#14509),
 .UNSPECIFIED.,.F.,.F.,(3,1,3),(0.,1.,2.),.UNSPECIFIED.);
#275=B_SPLINE_CURVE_WITH_KNOTS('',2,(#14519,#14520,#14521,#14522),
 .UNSPECIFIED.,.F.,.F.,(3,1,3),(0.,1.,2.),.UNSPECIFIED.);
#276=B_SPLINE_CURVE_WITH_KNOTS('',2,(#14525,#14526,#14527,#14528),
 .UNSPECIFIED.,.F.,.F.,(3,1,3),(0.,1.,2.),.UNSPECIFIED.);
#277=B_SPLINE_CURVE_WITH_KNOTS('',2,(#14550,#14551,#14552,#14553),
 .UNSPECIFIED.,.F.,.F.,(3,1,3),(0.,1.,2.),.UNSPECIFIED.);
#278=B_SPLINE_CURVE_WITH_KNOTS('',2,(#14556,#14557,#14558,#14559),
 .UNSPECIFIED.,.F.,.F.,(3,1,3),(0.,1.,2.),.UNSPECIFIED.);
#279=B_SPLINE_CURVE_WITH_KNOTS('',2,(#14569,#14570,#14571,#14572),
 .UNSPECIFIED.,.F.,.F.,(3,1,3),(0.,1.,2.),.UNSPECIFIED.);
#280=B_SPLINE_CURVE_WITH_KNOTS('',2,(#14575,#14576,#14577,#14578),
 .UNSPECIFIED.,.F.,.F.,(3,1,3),(0.,1.,2.),.UNSPECIFIED.);
#281=B_SPLINE_CURVE_WITH_KNOTS('',2,(#14587,#14588,#14589,#14590),
 .UNSPECIFIED.,.F.,.F.,(3,1,3),(0.,1.,2.),.UNSPECIFIED.);
#282=B_SPLINE_CURVE_WITH_KNOTS('',2,(#14591,#14592,#14593,#14594),
 .UNSPECIFIED.,.F.,.F.,(3,1,3),(0.,1.,2.),.UNSPECIFIED.);
#283=B_SPLINE_CURVE_WITH_KNOTS('',2,(#14748,#14749,#14750,#14751),
 .UNSPECIFIED.,.F.,.F.,(3,1,3),(0.,1.,2.),.UNSPECIFIED.);
#284=B_SPLINE_CURVE_WITH_KNOTS('',2,(#14755,#14756,#14757,#14758),
 .UNSPECIFIED.,.F.,.F.,(3,1,3),(0.,1.,2.),.UNSPECIFIED.);
#285=B_SPLINE_CURVE_WITH_KNOTS('',2,(#14769,#14770,#14771,#14772),
 .UNSPECIFIED.,.F.,.F.,(3,1,3),(0.,1.,2.),.UNSPECIFIED.);
#286=B_SPLINE_CURVE_WITH_KNOTS('',2,(#14775,#14776,#14777,#14778),
 .UNSPECIFIED.,.F.,.F.,(3,1,3),(0.,1.,2.),.UNSPECIFIED.);
#287=B_SPLINE_CURVE_WITH_KNOTS('',2,(#14800,#14801,#14802,#14803),
 .UNSPECIFIED.,.F.,.F.,(3,1,3),(0.,1.,2.),.UNSPECIFIED.);
#288=B_SPLINE_CURVE_WITH_KNOTS('',2,(#14806,#14807,#14808,#14809),
 .UNSPECIFIED.,.F.,.F.,(3,1,3),(0.,1.,2.),.UNSPECIFIED.);
#289=B_SPLINE_CURVE_WITH_KNOTS('',2,(#14819,#14820,#14821,#14822),
 .UNSPECIFIED.,.F.,.F.,(3,1,3),(0.,1.,2.),.UNSPECIFIED.);
#290=B_SPLINE_CURVE_WITH_KNOTS('',2,(#14825,#14826,#14827,#14828),
 .UNSPECIFIED.,.F.,.F.,(3,1,3),(0.,1.,2.),.UNSPECIFIED.);
#291=B_SPLINE_CURVE_WITH_KNOTS('',2,(#14838,#14839,#14840,#14841),
 .UNSPECIFIED.,.F.,.F.,(3,1,3),(0.,1.,2.),.UNSPECIFIED.);
#292=B_SPLINE_CURVE_WITH_KNOTS('',2,(#14844,#14845,#14846,#14847),
 .UNSPECIFIED.,.F.,.F.,(3,1,3),(0.,1.,2.),.UNSPECIFIED.);
#293=B_SPLINE_CURVE_WITH_KNOTS('',2,(#14857,#14858,#14859,#14860),
 .UNSPECIFIED.,.F.,.F.,(3,1,3),(0.,1.,2.),.UNSPECIFIED.);
#294=B_SPLINE_CURVE_WITH_KNOTS('',2,(#14863,#14864,#14865,#14866),
 .UNSPECIFIED.,.F.,.F.,(3,1,3),(0.,1.,2.),.UNSPECIFIED.);
#295=B_SPLINE_CURVE_WITH_KNOTS('',2,(#14876,#14877,#14878,#14879),
 .UNSPECIFIED.,.F.,.F.,(3,1,3),(0.,1.,2.),.UNSPECIFIED.);
#296=B_SPLINE_CURVE_WITH_KNOTS('',2,(#14882,#14883,#14884,#14885),
 .UNSPECIFIED.,.F.,.F.,(3,1,3),(0.,1.,2.),.UNSPECIFIED.);
#297=B_SPLINE_CURVE_WITH_KNOTS('',2,(#14907,#14908,#14909,#14910),
 .UNSPECIFIED.,.F.,.F.,(3,1,3),(0.,1.,2.),.UNSPECIFIED.);
#298=B_SPLINE_CURVE_WITH_KNOTS('',2,(#14913,#14914,#14915,#14916),
 .UNSPECIFIED.,.F.,.F.,(3,1,3),(0.,1.,2.),.UNSPECIFIED.);
#299=B_SPLINE_CURVE_WITH_KNOTS('',2,(#14926,#14927,#14928,#14929),
 .UNSPECIFIED.,.F.,.F.,(3,1,3),(0.,1.,2.),.UNSPECIFIED.);
#300=B_SPLINE_CURVE_WITH_KNOTS('',2,(#14932,#14933,#14934,#14935),
 .UNSPECIFIED.,.F.,.F.,(3,1,3),(0.,1.,2.),.UNSPECIFIED.);
#301=B_SPLINE_CURVE_WITH_KNOTS('',2,(#14945,#14946,#14947,#14948),
 .UNSPECIFIED.,.F.,.F.,(3,1,3),(0.,1.,2.),.UNSPECIFIED.);
#302=B_SPLINE_CURVE_WITH_KNOTS('',2,(#14951,#14952,#14953,#14954),
 .UNSPECIFIED.,.F.,.F.,(3,1,3),(0.,1.,2.),.UNSPECIFIED.);
#303=B_SPLINE_CURVE_WITH_KNOTS('',2,(#14964,#14965,#14966,#14967),
 .UNSPECIFIED.,.F.,.F.,(3,1,3),(0.,1.,2.),.UNSPECIFIED.);
#304=B_SPLINE_CURVE_WITH_KNOTS('',2,(#14970,#14971,#14972,#14973),
 .UNSPECIFIED.,.F.,.F.,(3,1,3),(0.,1.,2.),.UNSPECIFIED.);
#305=B_SPLINE_CURVE_WITH_KNOTS('',2,(#14982,#14983,#14984,#14985),
 .UNSPECIFIED.,.F.,.F.,(3,1,3),(0.,1.,2.),.UNSPECIFIED.);
#306=B_SPLINE_CURVE_WITH_KNOTS('',2,(#14986,#14987,#14988,#14989),
 .UNSPECIFIED.,.F.,.F.,(3,1,3),(0.,1.,2.),.UNSPECIFIED.);
#307=B_SPLINE_CURVE_WITH_KNOTS('',2,(#15001,#15002,#15003,#15004),
 .UNSPECIFIED.,.F.,.F.,(3,1,3),(0.,1.,2.),.UNSPECIFIED.);
#308=B_SPLINE_CURVE_WITH_KNOTS('',2,(#15008,#15009,#15010,#15011),
 .UNSPECIFIED.,.F.,.F.,(3,1,3),(0.,1.,2.),.UNSPECIFIED.);
#309=B_SPLINE_CURVE_WITH_KNOTS('',2,(#15022,#15023,#15024,#15025),
 .UNSPECIFIED.,.F.,.F.,(3,1,3),(0.,1.,2.),.UNSPECIFIED.);
#310=B_SPLINE_CURVE_WITH_KNOTS('',2,(#15027,#15028,#15029,#15030),
 .UNSPECIFIED.,.F.,.F.,(3,1,3),(0.,1.,2.),.UNSPECIFIED.);
#311=B_SPLINE_CURVE_WITH_KNOTS('',2,(#15041,#15042,#15043,#15044),
 .UNSPECIFIED.,.F.,.F.,(3,1,3),(0.,1.,2.),.UNSPECIFIED.);
#312=B_SPLINE_CURVE_WITH_KNOTS('',2,(#15046,#15047,#15048,#15049),
 .UNSPECIFIED.,.F.,.F.,(3,1,3),(0.,1.,2.),.UNSPECIFIED.);
#313=B_SPLINE_CURVE_WITH_KNOTS('',2,(#15065,#15066,#15067,#15068),
 .UNSPECIFIED.,.F.,.F.,(3,1,3),(0.,1.,2.),.UNSPECIFIED.);
#314=B_SPLINE_CURVE_WITH_KNOTS('',2,(#15069,#15070,#15071,#15072),
 .UNSPECIFIED.,.F.,.F.,(3,1,3),(0.,1.,2.),.UNSPECIFIED.);
#315=B_SPLINE_CURVE_WITH_KNOTS('',2,(#15083,#15084,#15085,#15086),
 .UNSPECIFIED.,.F.,.F.,(3,1,3),(0.,1.,2.),.UNSPECIFIED.);
#316=B_SPLINE_CURVE_WITH_KNOTS('',2,(#15090,#15091,#15092,#15093),
 .UNSPECIFIED.,.F.,.F.,(3,1,3),(0.,1.,2.),.UNSPECIFIED.);
#317=B_SPLINE_CURVE_WITH_KNOTS('',2,(#15104,#15105,#15106,#15107),
 .UNSPECIFIED.,.F.,.F.,(3,1,3),(0.,1.,2.),.UNSPECIFIED.);
#318=B_SPLINE_CURVE_WITH_KNOTS('',2,(#15110,#15111,#15112,#15113),
 .UNSPECIFIED.,.F.,.F.,(3,1,3),(0.,1.,2.),.UNSPECIFIED.);
#319=B_SPLINE_CURVE_WITH_KNOTS('',2,(#15135,#15136,#15137,#15138),
 .UNSPECIFIED.,.F.,.F.,(3,1,3),(0.,1.,2.),.UNSPECIFIED.);
#320=B_SPLINE_CURVE_WITH_KNOTS('',2,(#15141,#15142,#15143,#15144),
 .UNSPECIFIED.,.F.,.F.,(3,1,3),(0.,1.,2.),.UNSPECIFIED.);
#321=B_SPLINE_CURVE_WITH_KNOTS('',2,(#15154,#15155,#15156,#15157),
 .UNSPECIFIED.,.F.,.F.,(3,1,3),(0.,1.,2.),.UNSPECIFIED.);
#322=B_SPLINE_CURVE_WITH_KNOTS('',2,(#15160,#15161,#15162,#15163),
 .UNSPECIFIED.,.F.,.F.,(3,1,3),(0.,1.,2.),.UNSPECIFIED.);
#323=B_SPLINE_CURVE_WITH_KNOTS('',2,(#15173,#15174,#15175,#15176),
 .UNSPECIFIED.,.F.,.F.,(3,1,3),(0.,1.,2.),.UNSPECIFIED.);
#324=B_SPLINE_CURVE_WITH_KNOTS('',2,(#15179,#15180,#15181,#15182),
 .UNSPECIFIED.,.F.,.F.,(3,1,3),(0.,1.,2.),.UNSPECIFIED.);
#325=B_SPLINE_CURVE_WITH_KNOTS('',2,(#15204,#15205,#15206,#15207),
 .UNSPECIFIED.,.F.,.F.,(3,1,3),(0.,1.,2.),.UNSPECIFIED.);
#326=B_SPLINE_CURVE_WITH_KNOTS('',2,(#15210,#15211,#15212,#15213),
 .UNSPECIFIED.,.F.,.F.,(3,1,3),(0.,1.,2.),.UNSPECIFIED.);
#327=B_SPLINE_CURVE_WITH_KNOTS('',2,(#15223,#15224,#15225,#15226),
 .UNSPECIFIED.,.F.,.F.,(3,1,3),(0.,1.,2.),.UNSPECIFIED.);
#328=B_SPLINE_CURVE_WITH_KNOTS('',2,(#15229,#15230,#15231,#15232),
 .UNSPECIFIED.,.F.,.F.,(3,1,3),(0.,1.,2.),.UNSPECIFIED.);
#329=B_SPLINE_CURVE_WITH_KNOTS('',2,(#15242,#15243,#15244,#15245),
 .UNSPECIFIED.,.F.,.F.,(3,1,3),(0.,1.,2.),.UNSPECIFIED.);
#330=B_SPLINE_CURVE_WITH_KNOTS('',2,(#15248,#15249,#15250,#15251),
 .UNSPECIFIED.,.F.,.F.,(3,1,3),(0.,1.,2.),.UNSPECIFIED.);
#331=B_SPLINE_CURVE_WITH_KNOTS('',2,(#15260,#15261,#15262,#15263),
 .UNSPECIFIED.,.F.,.F.,(3,1,3),(0.,1.,2.),.UNSPECIFIED.);
#332=B_SPLINE_CURVE_WITH_KNOTS('',2,(#15264,#15265,#15266,#15267),
 .UNSPECIFIED.,.F.,.F.,(3,1,3),(0.,1.,2.),.UNSPECIFIED.);
#333=B_SPLINE_CURVE_WITH_KNOTS('',2,(#15287,#15288,#15289,#15290),
 .UNSPECIFIED.,.F.,.F.,(3,1,3),(0.,1.,2.),.UNSPECIFIED.);
#334=B_SPLINE_CURVE_WITH_KNOTS('',2,(#15293,#15294,#15295,#15296),
 .UNSPECIFIED.,.F.,.F.,(3,1,3),(0.,1.,2.),.UNSPECIFIED.);
#335=B_SPLINE_CURVE_WITH_KNOTS('',2,(#15306,#15307,#15308,#15309),
 .UNSPECIFIED.,.F.,.F.,(3,1,3),(0.,1.,2.),.UNSPECIFIED.);
#336=B_SPLINE_CURVE_WITH_KNOTS('',2,(#15312,#15313,#15314,#15315),
 .UNSPECIFIED.,.F.,.F.,(3,1,3),(0.,1.,2.),.UNSPECIFIED.);
#337=B_SPLINE_CURVE_WITH_KNOTS('',2,(#15355,#15356,#15357,#15358),
 .UNSPECIFIED.,.F.,.F.,(3,1,3),(0.,1.,2.),.UNSPECIFIED.);
#338=B_SPLINE_CURVE_WITH_KNOTS('',2,(#15361,#15362,#15363,#15364),
 .UNSPECIFIED.,.F.,.F.,(3,1,3),(0.,1.,2.),.UNSPECIFIED.);
#339=B_SPLINE_CURVE_WITH_KNOTS('',2,(#15374,#15375,#15376,#15377),
 .UNSPECIFIED.,.F.,.F.,(3,1,3),(0.,1.,2.),.UNSPECIFIED.);
#340=B_SPLINE_CURVE_WITH_KNOTS('',2,(#15380,#15381,#15382,#15383),
 .UNSPECIFIED.,.F.,.F.,(3,1,3),(0.,1.,2.),.UNSPECIFIED.);
#341=B_SPLINE_CURVE_WITH_KNOTS('',2,(#15393,#15394,#15395,#15396),
 .UNSPECIFIED.,.F.,.F.,(3,1,3),(0.,1.,2.),.UNSPECIFIED.);
#342=B_SPLINE_CURVE_WITH_KNOTS('',2,(#15399,#15400,#15401,#15402),
 .UNSPECIFIED.,.F.,.F.,(3,1,3),(0.,1.,2.),.UNSPECIFIED.);
#343=B_SPLINE_CURVE_WITH_KNOTS('',2,(#15423,#15424,#15425,#15426),
 .UNSPECIFIED.,.F.,.F.,(3,1,3),(0.,1.,2.),.UNSPECIFIED.);
#344=B_SPLINE_CURVE_WITH_KNOTS('',2,(#15430,#15431,#15432,#15433),
 .UNSPECIFIED.,.F.,.F.,(3,1,3),(0.,1.,2.),.UNSPECIFIED.);
#345=B_SPLINE_CURVE_WITH_KNOTS('',2,(#15444,#15445,#15446,#15447),
 .UNSPECIFIED.,.F.,.F.,(3,1,3),(0.,1.,2.),.UNSPECIFIED.);
#346=B_SPLINE_CURVE_WITH_KNOTS('',2,(#15449,#15450,#15451,#15452),
 .UNSPECIFIED.,.F.,.F.,(3,1,3),(0.,1.,2.),.UNSPECIFIED.);
#347=B_SPLINE_CURVE_WITH_KNOTS('',2,(#15463,#15464,#15465,#15466),
 .UNSPECIFIED.,.F.,.F.,(3,1,3),(0.,1.,2.),.UNSPECIFIED.);
#348=B_SPLINE_CURVE_WITH_KNOTS('',2,(#15468,#15469,#15470,#15471),
 .UNSPECIFIED.,.F.,.F.,(3,1,3),(0.,1.,2.),.UNSPECIFIED.);
#349=B_SPLINE_CURVE_WITH_KNOTS('',2,(#15481,#15482,#15483,#15484),
 .UNSPECIFIED.,.F.,.F.,(3,1,3),(0.,1.,2.),.UNSPECIFIED.);
#350=B_SPLINE_CURVE_WITH_KNOTS('',2,(#15485,#15486,#15487,#15488),
 .UNSPECIFIED.,.F.,.F.,(3,1,3),(0.,1.,2.),.UNSPECIFIED.);
#351=B_SPLINE_CURVE_WITH_KNOTS('',2,(#15499,#15500,#15501,#15502),
 .UNSPECIFIED.,.F.,.F.,(3,1,3),(0.,1.,2.),.UNSPECIFIED.);
#352=B_SPLINE_CURVE_WITH_KNOTS('',2,(#15506,#15507,#15508,#15509),
 .UNSPECIFIED.,.F.,.F.,(3,1,3),(0.,1.,2.),.UNSPECIFIED.);
#353=B_SPLINE_CURVE_WITH_KNOTS('',2,(#15520,#15521,#15522,#15523),
 .UNSPECIFIED.,.F.,.F.,(3,1,3),(0.,1.,2.),.UNSPECIFIED.);
#354=B_SPLINE_CURVE_WITH_KNOTS('',2,(#15526,#15527,#15528,#15529),
 .UNSPECIFIED.,.F.,.F.,(3,1,3),(0.,1.,2.),.UNSPECIFIED.);
#355=B_SPLINE_CURVE_WITH_KNOTS('',2,(#15539,#15540,#15541,#15542),
 .UNSPECIFIED.,.F.,.F.,(3,1,3),(0.,1.,2.),.UNSPECIFIED.);
#356=B_SPLINE_CURVE_WITH_KNOTS('',2,(#15545,#15546,#15547,#15548),
 .UNSPECIFIED.,.F.,.F.,(3,1,3),(0.,1.,2.),.UNSPECIFIED.);
#357=B_SPLINE_CURVE_WITH_KNOTS('',2,(#15557,#15558,#15559,#15560),
 .UNSPECIFIED.,.F.,.F.,(3,1,3),(0.,1.,2.),.UNSPECIFIED.);
#358=B_SPLINE_CURVE_WITH_KNOTS('',2,(#15561,#15562,#15563,#15564),
 .UNSPECIFIED.,.F.,.F.,(3,1,3),(0.,1.,2.),.UNSPECIFIED.);
#359=B_SPLINE_CURVE_WITH_KNOTS('',2,(#15698,#15699,#15700,#15701),
 .UNSPECIFIED.,.F.,.F.,(3,1,3),(0.,1.,2.),.UNSPECIFIED.);
#360=B_SPLINE_CURVE_WITH_KNOTS('',2,(#15705,#15706,#15707,#15708),
 .UNSPECIFIED.,.F.,.F.,(3,1,3),(0.,1.,2.),.UNSPECIFIED.);
#361=B_SPLINE_CURVE_WITH_KNOTS('',2,(#15719,#15720,#15721,#15722),
 .UNSPECIFIED.,.F.,.F.,(3,1,3),(0.,1.,2.),.UNSPECIFIED.);
#362=B_SPLINE_CURVE_WITH_KNOTS('',2,(#15725,#15726,#15727,#15728),
 .UNSPECIFIED.,.F.,.F.,(3,1,3),(0.,1.,2.),.UNSPECIFIED.);
#363=B_SPLINE_CURVE_WITH_KNOTS('',2,(#15750,#15751,#15752,#15753),
 .UNSPECIFIED.,.F.,.F.,(3,1,3),(0.,1.,2.),.UNSPECIFIED.);
#364=B_SPLINE_CURVE_WITH_KNOTS('',2,(#15756,#15757,#15758,#15759),
 .UNSPECIFIED.,.F.,.F.,(3,1,3),(0.,1.,2.),.UNSPECIFIED.);
#365=B_SPLINE_CURVE_WITH_KNOTS('',2,(#15769,#15770,#15771,#15772),
 .UNSPECIFIED.,.F.,.F.,(3,1,3),(0.,1.,2.),.UNSPECIFIED.);
#366=B_SPLINE_CURVE_WITH_KNOTS('',2,(#15775,#15776,#15777,#15778),
 .UNSPECIFIED.,.F.,.F.,(3,1,3),(0.,1.,2.),.UNSPECIFIED.);
#367=B_SPLINE_CURVE_WITH_KNOTS('',2,(#15788,#15789,#15790,#15791),
 .UNSPECIFIED.,.F.,.F.,(3,1,3),(0.,1.,2.),.UNSPECIFIED.);
#368=B_SPLINE_CURVE_WITH_KNOTS('',2,(#15794,#15795,#15796,#15797),
 .UNSPECIFIED.,.F.,.F.,(3,1,3),(0.,1.,2.),.UNSPECIFIED.);
#369=B_SPLINE_CURVE_WITH_KNOTS('',2,(#15807,#15808,#15809,#15810),
 .UNSPECIFIED.,.F.,.F.,(3,1,3),(0.,1.,2.),.UNSPECIFIED.);
#370=B_SPLINE_CURVE_WITH_KNOTS('',2,(#15813,#15814,#15815,#15816),
 .UNSPECIFIED.,.F.,.F.,(3,1,3),(0.,1.,2.),.UNSPECIFIED.);
#371=B_SPLINE_CURVE_WITH_KNOTS('',2,(#15826,#15827,#15828,#15829),
 .UNSPECIFIED.,.F.,.F.,(3,1,3),(0.,1.,2.),.UNSPECIFIED.);
#372=B_SPLINE_CURVE_WITH_KNOTS('',2,(#15832,#15833,#15834,#15835),
 .UNSPECIFIED.,.F.,.F.,(3,1,3),(0.,1.,2.),.UNSPECIFIED.);
#373=B_SPLINE_CURVE_WITH_KNOTS('',2,(#15845,#15846,#15847,#15848),
 .UNSPECIFIED.,.F.,.F.,(3,1,3),(0.,1.,2.),.UNSPECIFIED.);
#374=B_SPLINE_CURVE_WITH_KNOTS('',2,(#15851,#15852,#15853,#15854),
 .UNSPECIFIED.,.F.,.F.,(3,1,3),(0.,1.,2.),.UNSPECIFIED.);
#375=B_SPLINE_CURVE_WITH_KNOTS('',2,(#15864,#15865,#15866,#15867),
 .UNSPECIFIED.,.F.,.F.,(3,1,3),(0.,1.,2.),.UNSPECIFIED.);
#376=B_SPLINE_CURVE_WITH_KNOTS('',2,(#15870,#15871,#15872,#15873),
 .UNSPECIFIED.,.F.,.F.,(3,1,3),(0.,1.,2.),.UNSPECIFIED.);
#377=B_SPLINE_CURVE_WITH_KNOTS('',2,(#15883,#15884,#15885,#15886),
 .UNSPECIFIED.,.F.,.F.,(3,1,3),(0.,1.,2.),.UNSPECIFIED.);
#378=B_SPLINE_CURVE_WITH_KNOTS('',2,(#15889,#15890,#15891,#15892),
 .UNSPECIFIED.,.F.,.F.,(3,1,3),(0.,1.,2.),.UNSPECIFIED.);
#379=B_SPLINE_CURVE_WITH_KNOTS('',2,(#15914,#15915,#15916,#15917),
 .UNSPECIFIED.,.F.,.F.,(3,1,3),(0.,1.,2.),.UNSPECIFIED.);
#380=B_SPLINE_CURVE_WITH_KNOTS('',2,(#15920,#15921,#15922,#15923),
 .UNSPECIFIED.,.F.,.F.,(3,1,3),(0.,1.,2.),.UNSPECIFIED.);
#381=B_SPLINE_CURVE_WITH_KNOTS('',2,(#15933,#15934,#15935,#15936),
 .UNSPECIFIED.,.F.,.F.,(3,1,3),(0.,1.,2.),.UNSPECIFIED.);
#382=B_SPLINE_CURVE_WITH_KNOTS('',2,(#15939,#15940,#15941,#15942),
 .UNSPECIFIED.,.F.,.F.,(3,1,3),(0.,1.,2.),.UNSPECIFIED.);
#383=B_SPLINE_CURVE_WITH_KNOTS('',2,(#15952,#15953,#15954,#15955),
 .UNSPECIFIED.,.F.,.F.,(3,1,3),(0.,1.,2.),.UNSPECIFIED.);
#384=B_SPLINE_CURVE_WITH_KNOTS('',2,(#15958,#15959,#15960,#15961),
 .UNSPECIFIED.,.F.,.F.,(3,1,3),(0.,1.,2.),.UNSPECIFIED.);
#385=B_SPLINE_CURVE_WITH_KNOTS('',2,(#15971,#15972,#15973,#15974),
 .UNSPECIFIED.,.F.,.F.,(3,1,3),(0.,1.,2.),.UNSPECIFIED.);
#386=B_SPLINE_CURVE_WITH_KNOTS('',2,(#15977,#15978,#15979,#15980),
 .UNSPECIFIED.,.F.,.F.,(3,1,3),(0.,1.,2.),.UNSPECIFIED.);
#387=B_SPLINE_CURVE_WITH_KNOTS('',2,(#15990,#15991,#15992,#15993),
 .UNSPECIFIED.,.F.,.F.,(3,1,3),(0.,1.,2.),.UNSPECIFIED.);
#388=B_SPLINE_CURVE_WITH_KNOTS('',2,(#15996,#15997,#15998,#15999),
 .UNSPECIFIED.,.F.,.F.,(3,1,3),(0.,1.,2.),.UNSPECIFIED.);
#389=B_SPLINE_CURVE_WITH_KNOTS('',2,(#16008,#16009,#16010,#16011),
 .UNSPECIFIED.,.F.,.F.,(3,1,3),(0.,1.,2.),.UNSPECIFIED.);
#390=B_SPLINE_CURVE_WITH_KNOTS('',2,(#16012,#16013,#16014,#16015),
 .UNSPECIFIED.,.F.,.F.,(3,1,3),(0.,1.,2.),.UNSPECIFIED.);
#391=B_SPLINE_CURVE_WITH_KNOTS('',2,(#16035,#16036,#16037,#16038),
 .UNSPECIFIED.,.F.,.F.,(3,1,3),(0.,1.,2.),.UNSPECIFIED.);
#392=B_SPLINE_CURVE_WITH_KNOTS('',2,(#16041,#16042,#16043,#16044),
 .UNSPECIFIED.,.F.,.F.,(3,1,3),(0.,1.,2.),.UNSPECIFIED.);
#393=B_SPLINE_CURVE_WITH_KNOTS('',2,(#16054,#16055,#16056,#16057),
 .UNSPECIFIED.,.F.,.F.,(3,1,3),(0.,1.,2.),.UNSPECIFIED.);
#394=B_SPLINE_CURVE_WITH_KNOTS('',2,(#16060,#16061,#16062,#16063),
 .UNSPECIFIED.,.F.,.F.,(3,1,3),(0.,1.,2.),.UNSPECIFIED.);
#395=B_SPLINE_CURVE_WITH_KNOTS('',2,(#16103,#16104,#16105,#16106),
 .UNSPECIFIED.,.F.,.F.,(3,1,3),(0.,1.,2.),.UNSPECIFIED.);
#396=B_SPLINE_CURVE_WITH_KNOTS('',2,(#16109,#16110,#16111,#16112),
 .UNSPECIFIED.,.F.,.F.,(3,1,3),(0.,1.,2.),.UNSPECIFIED.);
#397=B_SPLINE_CURVE_WITH_KNOTS('',2,(#16122,#16123,#16124,#16125),
 .UNSPECIFIED.,.F.,.F.,(3,1,3),(0.,1.,2.),.UNSPECIFIED.);
#398=B_SPLINE_CURVE_WITH_KNOTS('',2,(#16128,#16129,#16130,#16131),
 .UNSPECIFIED.,.F.,.F.,(3,1,3),(0.,1.,2.),.UNSPECIFIED.);
#399=B_SPLINE_CURVE_WITH_KNOTS('',2,(#16141,#16142,#16143,#16144),
 .UNSPECIFIED.,.F.,.F.,(3,1,3),(0.,1.,2.),.UNSPECIFIED.);
#400=B_SPLINE_CURVE_WITH_KNOTS('',2,(#16147,#16148,#16149,#16150),
 .UNSPECIFIED.,.F.,.F.,(3,1,3),(0.,1.,2.),.UNSPECIFIED.);
#401=B_SPLINE_CURVE_WITH_KNOTS('',2,(#16171,#16172,#16173,#16174),
 .UNSPECIFIED.,.F.,.F.,(3,1,3),(0.,1.,2.),.UNSPECIFIED.);
#402=B_SPLINE_CURVE_WITH_KNOTS('',2,(#16178,#16179,#16180,#16181),
 .UNSPECIFIED.,.F.,.F.,(3,1,3),(0.,1.,2.),.UNSPECIFIED.);
#403=B_SPLINE_CURVE_WITH_KNOTS('',2,(#16204,#16205,#16206,#16207),
 .UNSPECIFIED.,.F.,.F.,(3,1,3),(0.,1.,2.),.UNSPECIFIED.);
#404=B_SPLINE_CURVE_WITH_KNOTS('',2,(#16210,#16211,#16212,#16213),
 .UNSPECIFIED.,.F.,.F.,(3,1,3),(0.,1.,2.),.UNSPECIFIED.);
#405=B_SPLINE_CURVE_WITH_KNOTS('',2,(#16223,#16224,#16225,#16226),
 .UNSPECIFIED.,.F.,.F.,(3,1,3),(0.,1.,2.),.UNSPECIFIED.);
#406=B_SPLINE_CURVE_WITH_KNOTS('',2,(#16229,#16230,#16231,#16232),
 .UNSPECIFIED.,.F.,.F.,(3,1,3),(0.,1.,2.),.UNSPECIFIED.);
#407=B_SPLINE_CURVE_WITH_KNOTS('',2,(#16242,#16243,#16244,#16245),
 .UNSPECIFIED.,.F.,.F.,(3,1,3),(0.,1.,2.),.UNSPECIFIED.);
#408=B_SPLINE_CURVE_WITH_KNOTS('',2,(#16248,#16249,#16250,#16251),
 .UNSPECIFIED.,.F.,.F.,(3,1,3),(0.,1.,2.),.UNSPECIFIED.);
#409=B_SPLINE_CURVE_WITH_KNOTS('',2,(#16326,#16327,#16328,#16329),
 .UNSPECIFIED.,.F.,.F.,(3,1,3),(0.,1.,2.),.UNSPECIFIED.);
#410=B_SPLINE_CURVE_WITH_KNOTS('',2,(#16330,#16331,#16332,#16333),
 .UNSPECIFIED.,.F.,.F.,(3,1,3),(0.,1.,2.),.UNSPECIFIED.);
#411=B_SPLINE_CURVE_WITH_KNOTS('',2,(#16395,#16396,#16397,#16398),
 .UNSPECIFIED.,.F.,.F.,(3,1,3),(0.,1.,2.),.UNSPECIFIED.);
#412=B_SPLINE_CURVE_WITH_KNOTS('',2,(#16402,#16403,#16404,#16405),
 .UNSPECIFIED.,.F.,.F.,(3,1,3),(0.,1.,2.),.UNSPECIFIED.);
#413=B_SPLINE_CURVE_WITH_KNOTS('',2,(#16428,#16429,#16430,#16431),
 .UNSPECIFIED.,.F.,.F.,(3,1,3),(0.,1.,2.),.UNSPECIFIED.);
#414=B_SPLINE_CURVE_WITH_KNOTS('',2,(#16434,#16435,#16436,#16437),
 .UNSPECIFIED.,.F.,.F.,(3,1,3),(0.,1.,2.),.UNSPECIFIED.);
#415=B_SPLINE_CURVE_WITH_KNOTS('',2,(#16447,#16448,#16449,#16450),
 .UNSPECIFIED.,.F.,.F.,(3,1,3),(0.,1.,2.),.UNSPECIFIED.);
#416=B_SPLINE_CURVE_WITH_KNOTS('',2,(#16453,#16454,#16455,#16456),
 .UNSPECIFIED.,.F.,.F.,(3,1,3),(0.,1.,2.),.UNSPECIFIED.);
#417=B_SPLINE_CURVE_WITH_KNOTS('',2,(#16466,#16467,#16468,#16469),
 .UNSPECIFIED.,.F.,.F.,(3,1,3),(0.,1.,2.),.UNSPECIFIED.);
#418=B_SPLINE_CURVE_WITH_KNOTS('',2,(#16472,#16473,#16474,#16475),
 .UNSPECIFIED.,.F.,.F.,(3,1,3),(0.,1.,2.),.UNSPECIFIED.);
#419=B_SPLINE_CURVE_WITH_KNOTS('',2,(#16550,#16551,#16552,#16553),
 .UNSPECIFIED.,.F.,.F.,(3,1,3),(0.,1.,2.),.UNSPECIFIED.);
#420=B_SPLINE_CURVE_WITH_KNOTS('',2,(#16554,#16555,#16556,#16557),
 .UNSPECIFIED.,.F.,.F.,(3,1,3),(0.,1.,2.),.UNSPECIFIED.);
#421=B_SPLINE_CURVE_WITH_KNOTS('',2,(#16569,#16570,#16571,#16572),
 .UNSPECIFIED.,.F.,.F.,(3,1,3),(0.,1.,2.),.UNSPECIFIED.);
#422=B_SPLINE_CURVE_WITH_KNOTS('',2,(#16576,#16577,#16578,#16579),
 .UNSPECIFIED.,.F.,.F.,(3,1,3),(0.,1.,2.),.UNSPECIFIED.);
#423=B_SPLINE_CURVE_WITH_KNOTS('',2,(#16590,#16591,#16592,#16593),
 .UNSPECIFIED.,.F.,.F.,(3,1,3),(0.,1.,2.),.UNSPECIFIED.);
#424=B_SPLINE_CURVE_WITH_KNOTS('',2,(#16596,#16597,#16598,#16599),
 .UNSPECIFIED.,.F.,.F.,(3,1,3),(0.,1.,2.),.UNSPECIFIED.);
#425=B_SPLINE_CURVE_WITH_KNOTS('',2,(#16609,#16610,#16611,#16612),
 .UNSPECIFIED.,.F.,.F.,(3,1,3),(0.,1.,2.),.UNSPECIFIED.);
#426=B_SPLINE_CURVE_WITH_KNOTS('',2,(#16615,#16616,#16617,#16618),
 .UNSPECIFIED.,.F.,.F.,(3,1,3),(0.,1.,2.),.UNSPECIFIED.);
#427=B_SPLINE_CURVE_WITH_KNOTS('',2,(#16658,#16659,#16660,#16661),
 .UNSPECIFIED.,.F.,.F.,(3,1,3),(0.,1.,2.),.UNSPECIFIED.);
#428=B_SPLINE_CURVE_WITH_KNOTS('',2,(#16664,#16665,#16666,#16667),
 .UNSPECIFIED.,.F.,.F.,(3,1,3),(0.,1.,2.),.UNSPECIFIED.);
#429=B_SPLINE_CURVE_WITH_KNOTS('',2,(#16677,#16678,#16679,#16680),
 .UNSPECIFIED.,.F.,.F.,(3,1,3),(0.,1.,2.),.UNSPECIFIED.);
#430=B_SPLINE_CURVE_WITH_KNOTS('',2,(#16683,#16684,#16685,#16686),
 .UNSPECIFIED.,.F.,.F.,(3,1,3),(0.,1.,2.),.UNSPECIFIED.);
#431=B_SPLINE_CURVE_WITH_KNOTS('',2,(#16696,#16697,#16698,#16699),
 .UNSPECIFIED.,.F.,.F.,(3,1,3),(0.,1.,2.),.UNSPECIFIED.);
#432=B_SPLINE_CURVE_WITH_KNOTS('',2,(#16702,#16703,#16704,#16705),
 .UNSPECIFIED.,.F.,.F.,(3,1,3),(0.,1.,2.),.UNSPECIFIED.);
#433=B_SPLINE_CURVE_WITH_KNOTS('',2,(#16715,#16716,#16717,#16718),
 .UNSPECIFIED.,.F.,.F.,(3,1,3),(0.,1.,2.),.UNSPECIFIED.);
#434=B_SPLINE_CURVE_WITH_KNOTS('',2,(#16721,#16722,#16723,#16724),
 .UNSPECIFIED.,.F.,.F.,(3,1,3),(0.,1.,2.),.UNSPECIFIED.);
#435=B_SPLINE_CURVE_WITH_KNOTS('',2,(#16734,#16735,#16736,#16737),
 .UNSPECIFIED.,.F.,.F.,(3,1,3),(0.,1.,2.),.UNSPECIFIED.);
#436=B_SPLINE_CURVE_WITH_KNOTS('',2,(#16740,#16741,#16742,#16743),
 .UNSPECIFIED.,.F.,.F.,(3,1,3),(0.,1.,2.),.UNSPECIFIED.);
#437=B_SPLINE_CURVE_WITH_KNOTS('',2,(#16753,#16754,#16755,#16756),
 .UNSPECIFIED.,.F.,.F.,(3,1,3),(0.,1.,2.),.UNSPECIFIED.);
#438=B_SPLINE_CURVE_WITH_KNOTS('',2,(#16759,#16760,#16761,#16762),
 .UNSPECIFIED.,.F.,.F.,(3,1,3),(0.,1.,2.),.UNSPECIFIED.);
#439=B_SPLINE_CURVE_WITH_KNOTS('',2,(#16772,#16773,#16774,#16775),
 .UNSPECIFIED.,.F.,.F.,(3,1,3),(0.,1.,2.),.UNSPECIFIED.);
#440=B_SPLINE_CURVE_WITH_KNOTS('',2,(#16778,#16779,#16780,#16781),
 .UNSPECIFIED.,.F.,.F.,(3,1,3),(0.,1.,2.),.UNSPECIFIED.);
#441=B_SPLINE_CURVE_WITH_KNOTS('',2,(#16803,#16804,#16805,#16806),
 .UNSPECIFIED.,.F.,.F.,(3,1,3),(0.,1.,2.),.UNSPECIFIED.);
#442=B_SPLINE_CURVE_WITH_KNOTS('',2,(#16809,#16810,#16811,#16812),
 .UNSPECIFIED.,.F.,.F.,(3,1,3),(0.,1.,2.),.UNSPECIFIED.);
#443=B_SPLINE_CURVE_WITH_KNOTS('',2,(#16822,#16823,#16824,#16825),
 .UNSPECIFIED.,.F.,.F.,(3,1,3),(0.,1.,2.),.UNSPECIFIED.);
#444=B_SPLINE_CURVE_WITH_KNOTS('',2,(#16828,#16829,#16830,#16831),
 .UNSPECIFIED.,.F.,.F.,(3,1,3),(0.,1.,2.),.UNSPECIFIED.);
#445=B_SPLINE_CURVE_WITH_KNOTS('',2,(#16840,#16841,#16842,#16843),
 .UNSPECIFIED.,.F.,.F.,(3,1,3),(0.,1.,2.),.UNSPECIFIED.);
#446=B_SPLINE_CURVE_WITH_KNOTS('',2,(#16844,#16845,#16846,#16847),
 .UNSPECIFIED.,.F.,.F.,(3,1,3),(0.,1.,2.),.UNSPECIFIED.);
#447=B_SPLINE_CURVE_WITH_KNOTS('',2,(#16873,#16874,#16875,#16876),
 .UNSPECIFIED.,.F.,.F.,(3,1,3),(0.,1.,2.),.UNSPECIFIED.);
#448=B_SPLINE_CURVE_WITH_KNOTS('',2,(#16879,#16880,#16881,#16882),
 .UNSPECIFIED.,.F.,.F.,(3,1,3),(0.,1.,2.),.UNSPECIFIED.);
#449=B_SPLINE_CURVE_WITH_KNOTS('',2,(#16892,#16893,#16894,#16895),
 .UNSPECIFIED.,.F.,.F.,(3,1,3),(0.,1.,2.),.UNSPECIFIED.);
#450=B_SPLINE_CURVE_WITH_KNOTS('',2,(#16898,#16899,#16900,#16901),
 .UNSPECIFIED.,.F.,.F.,(3,1,3),(0.,1.,2.),.UNSPECIFIED.);
#451=B_SPLINE_CURVE_WITH_KNOTS('',2,(#16911,#16912,#16913,#16914),
 .UNSPECIFIED.,.F.,.F.,(3,1,3),(0.,1.,2.),.UNSPECIFIED.);
#452=B_SPLINE_CURVE_WITH_KNOTS('',2,(#16917,#16918,#16919,#16920),
 .UNSPECIFIED.,.F.,.F.,(3,1,3),(0.,1.,2.),.UNSPECIFIED.);
#453=B_SPLINE_CURVE_WITH_KNOTS('',2,(#16930,#16931,#16932,#16933),
 .UNSPECIFIED.,.F.,.F.,(3,1,3),(0.,1.,2.),.UNSPECIFIED.);
#454=B_SPLINE_CURVE_WITH_KNOTS('',2,(#16936,#16937,#16938,#16939),
 .UNSPECIFIED.,.F.,.F.,(3,1,3),(0.,1.,2.),.UNSPECIFIED.);
#455=B_SPLINE_CURVE_WITH_KNOTS('',2,(#16949,#16950,#16951,#16952),
 .UNSPECIFIED.,.F.,.F.,(3,1,3),(0.,1.,2.),.UNSPECIFIED.);
#456=B_SPLINE_CURVE_WITH_KNOTS('',2,(#16955,#16956,#16957,#16958),
 .UNSPECIFIED.,.F.,.F.,(3,1,3),(0.,1.,2.),.UNSPECIFIED.);
#457=B_SPLINE_CURVE_WITH_KNOTS('',2,(#16980,#16981,#16982,#16983),
 .UNSPECIFIED.,.F.,.F.,(3,1,3),(0.,1.,2.),.UNSPECIFIED.);
#458=B_SPLINE_CURVE_WITH_KNOTS('',2,(#16986,#16987,#16988,#16989),
 .UNSPECIFIED.,.F.,.F.,(3,1,3),(0.,1.,2.),.UNSPECIFIED.);
#459=B_SPLINE_CURVE_WITH_KNOTS('',2,(#16999,#17000,#17001,#17002),
 .UNSPECIFIED.,.F.,.F.,(3,1,3),(0.,1.,2.),.UNSPECIFIED.);
#460=B_SPLINE_CURVE_WITH_KNOTS('',2,(#17005,#17006,#17007,#17008),
 .UNSPECIFIED.,.F.,.F.,(3,1,3),(0.,1.,2.),.UNSPECIFIED.);
#461=B_SPLINE_CURVE_WITH_KNOTS('',2,(#17031,#17032,#17033,#17034),
 .UNSPECIFIED.,.F.,.F.,(3,1,3),(0.,1.,2.),.UNSPECIFIED.);
#462=B_SPLINE_CURVE_WITH_KNOTS('',2,(#17037,#17038,#17039,#17040),
 .UNSPECIFIED.,.F.,.F.,(3,1,3),(0.,1.,2.),.UNSPECIFIED.);
#463=B_SPLINE_CURVE_WITH_KNOTS('',2,(#17050,#17051,#17052,#17053),
 .UNSPECIFIED.,.F.,.F.,(3,1,3),(0.,1.,2.),.UNSPECIFIED.);
#464=B_SPLINE_CURVE_WITH_KNOTS('',2,(#17056,#17057,#17058,#17059),
 .UNSPECIFIED.,.F.,.F.,(3,1,3),(0.,1.,2.),.UNSPECIFIED.);
#465=B_SPLINE_CURVE_WITH_KNOTS('',2,(#17069,#17070,#17071,#17072),
 .UNSPECIFIED.,.F.,.F.,(3,1,3),(0.,1.,2.),.UNSPECIFIED.);
#466=B_SPLINE_CURVE_WITH_KNOTS('',2,(#17075,#17076,#17077,#17078),
 .UNSPECIFIED.,.F.,.F.,(3,1,3),(0.,1.,2.),.UNSPECIFIED.);
#467=B_SPLINE_CURVE_WITH_KNOTS('',2,(#17099,#17100,#17101,#17102),
 .UNSPECIFIED.,.F.,.F.,(3,1,3),(0.,1.,2.),.UNSPECIFIED.);
#468=B_SPLINE_CURVE_WITH_KNOTS('',2,(#17106,#17107,#17108,#17109),
 .UNSPECIFIED.,.F.,.F.,(3,1,3),(0.,1.,2.),.UNSPECIFIED.);
#469=B_SPLINE_CURVE_WITH_KNOTS('',2,(#17120,#17121,#17122,#17123),
 .UNSPECIFIED.,.F.,.F.,(3,1,3),(0.,1.,2.),.UNSPECIFIED.);
#470=B_SPLINE_CURVE_WITH_KNOTS('',2,(#17125,#17126,#17127,#17128),
 .UNSPECIFIED.,.F.,.F.,(3,1,3),(0.,1.,2.),.UNSPECIFIED.);
#471=B_SPLINE_CURVE_WITH_KNOTS('',2,(#17139,#17140,#17141,#17142),
 .UNSPECIFIED.,.F.,.F.,(3,1,3),(0.,1.,2.),.UNSPECIFIED.);
#472=B_SPLINE_CURVE_WITH_KNOTS('',2,(#17144,#17145,#17146,#17147),
 .UNSPECIFIED.,.F.,.F.,(3,1,3),(0.,1.,2.),.UNSPECIFIED.);
#473=B_SPLINE_CURVE_WITH_KNOTS('',2,(#17158,#17159,#17160,#17161),
 .UNSPECIFIED.,.F.,.F.,(3,1,3),(0.,1.,2.),.UNSPECIFIED.);
#474=B_SPLINE_CURVE_WITH_KNOTS('',2,(#17163,#17164,#17165,#17166),
 .UNSPECIFIED.,.F.,.F.,(3,1,3),(0.,1.,2.),.UNSPECIFIED.);
#475=B_SPLINE_CURVE_WITH_KNOTS('',2,(#17177,#17178,#17179,#17180),
 .UNSPECIFIED.,.F.,.F.,(3,1,3),(0.,1.,2.),.UNSPECIFIED.);
#476=B_SPLINE_CURVE_WITH_KNOTS('',2,(#17182,#17183,#17184,#17185),
 .UNSPECIFIED.,.F.,.F.,(3,1,3),(0.,1.,2.),.UNSPECIFIED.);
#477=B_SPLINE_CURVE_WITH_KNOTS('',2,(#17196,#17197,#17198,#17199),
 .UNSPECIFIED.,.F.,.F.,(3,1,3),(0.,1.,2.),.UNSPECIFIED.);
#478=B_SPLINE_CURVE_WITH_KNOTS('',2,(#17201,#17202,#17203,#17204),
 .UNSPECIFIED.,.F.,.F.,(3,1,3),(0.,1.,2.),.UNSPECIFIED.);
#479=B_SPLINE_CURVE_WITH_KNOTS('',2,(#17214,#17215,#17216,#17217),
 .UNSPECIFIED.,.F.,.F.,(3,1,3),(0.,1.,2.),.UNSPECIFIED.);
#480=B_SPLINE_CURVE_WITH_KNOTS('',2,(#17218,#17219,#17220,#17221),
 .UNSPECIFIED.,.F.,.F.,(3,1,3),(0.,1.,2.),.UNSPECIFIED.);
#481=B_SPLINE_CURVE_WITH_KNOTS('',2,(#17232,#17233,#17234,#17235),
 .UNSPECIFIED.,.F.,.F.,(3,1,3),(0.,1.,2.),.UNSPECIFIED.);
#482=B_SPLINE_CURVE_WITH_KNOTS('',2,(#17239,#17240,#17241,#17242),
 .UNSPECIFIED.,.F.,.F.,(3,1,3),(0.,1.,2.),.UNSPECIFIED.);
#483=B_SPLINE_CURVE_WITH_KNOTS('',2,(#17253,#17254,#17255,#17256),
 .UNSPECIFIED.,.F.,.F.,(3,1,3),(0.,1.,2.),.UNSPECIFIED.);
#484=B_SPLINE_CURVE_WITH_KNOTS('',2,(#17259,#17260,#17261,#17262),
 .UNSPECIFIED.,.F.,.F.,(3,1,3),(0.,1.,2.),.UNSPECIFIED.);
#485=B_SPLINE_CURVE_WITH_KNOTS('',2,(#17272,#17273,#17274,#17275),
 .UNSPECIFIED.,.F.,.F.,(3,1,3),(0.,1.,2.),.UNSPECIFIED.);
#486=B_SPLINE_CURVE_WITH_KNOTS('',2,(#17278,#17279,#17280,#17281),
 .UNSPECIFIED.,.F.,.F.,(3,1,3),(0.,1.,2.),.UNSPECIFIED.);
#487=B_SPLINE_CURVE_WITH_KNOTS('',2,(#17291,#17292,#17293,#17294),
 .UNSPECIFIED.,.F.,.F.,(3,1,3),(0.,1.,2.),.UNSPECIFIED.);
#488=B_SPLINE_CURVE_WITH_KNOTS('',2,(#17297,#17298,#17299,#17300),
 .UNSPECIFIED.,.F.,.F.,(3,1,3),(0.,1.,2.),.UNSPECIFIED.);
#489=B_SPLINE_CURVE_WITH_KNOTS('',2,(#17310,#17311,#17312,#17313),
 .UNSPECIFIED.,.F.,.F.,(3,1,3),(0.,1.,2.),.UNSPECIFIED.);
#490=B_SPLINE_CURVE_WITH_KNOTS('',2,(#17316,#17317,#17318,#17319),
 .UNSPECIFIED.,.F.,.F.,(3,1,3),(0.,1.,2.),.UNSPECIFIED.);
#491=B_SPLINE_CURVE_WITH_KNOTS('',2,(#17341,#17342,#17343,#17344),
 .UNSPECIFIED.,.F.,.F.,(3,1,3),(0.,1.,2.),.UNSPECIFIED.);
#492=B_SPLINE_CURVE_WITH_KNOTS('',2,(#17347,#17348,#17349,#17350),
 .UNSPECIFIED.,.F.,.F.,(3,1,3),(0.,1.,2.),.UNSPECIFIED.);
#493=B_SPLINE_CURVE_WITH_KNOTS('',2,(#17360,#17361,#17362,#17363),
 .UNSPECIFIED.,.F.,.F.,(3,1,3),(0.,1.,2.),.UNSPECIFIED.);
#494=B_SPLINE_CURVE_WITH_KNOTS('',2,(#17366,#17367,#17368,#17369),
 .UNSPECIFIED.,.F.,.F.,(3,1,3),(0.,1.,2.),.UNSPECIFIED.);
#495=B_SPLINE_CURVE_WITH_KNOTS('',2,(#17379,#17380,#17381,#17382),
 .UNSPECIFIED.,.F.,.F.,(3,1,3),(0.,1.,2.),.UNSPECIFIED.);
#496=B_SPLINE_CURVE_WITH_KNOTS('',2,(#17385,#17386,#17387,#17388),
 .UNSPECIFIED.,.F.,.F.,(3,1,3),(0.,1.,2.),.UNSPECIFIED.);
#497=B_SPLINE_CURVE_WITH_KNOTS('',2,(#17398,#17399,#17400,#17401),
 .UNSPECIFIED.,.F.,.F.,(3,1,3),(0.,1.,2.),.UNSPECIFIED.);
#498=B_SPLINE_CURVE_WITH_KNOTS('',2,(#17404,#17405,#17406,#17407),
 .UNSPECIFIED.,.F.,.F.,(3,1,3),(0.,1.,2.),.UNSPECIFIED.);
#499=B_SPLINE_CURVE_WITH_KNOTS('',2,(#17417,#17418,#17419,#17420),
 .UNSPECIFIED.,.F.,.F.,(3,1,3),(0.,1.,2.),.UNSPECIFIED.);
#500=B_SPLINE_CURVE_WITH_KNOTS('',2,(#17423,#17424,#17425,#17426),
 .UNSPECIFIED.,.F.,.F.,(3,1,3),(0.,1.,2.),.UNSPECIFIED.);
#501=B_SPLINE_CURVE_WITH_KNOTS('',2,(#17436,#17437,#17438,#17439),
 .UNSPECIFIED.,.F.,.F.,(3,1,3),(0.,1.,2.),.UNSPECIFIED.);
#502=B_SPLINE_CURVE_WITH_KNOTS('',2,(#17442,#17443,#17444,#17445),
 .UNSPECIFIED.,.F.,.F.,(3,1,3),(0.,1.,2.),.UNSPECIFIED.);
#503=B_SPLINE_CURVE_WITH_KNOTS('',2,(#17454,#17455,#17456,#17457),
 .UNSPECIFIED.,.F.,.F.,(3,1,3),(0.,1.,2.),.UNSPECIFIED.);
#504=B_SPLINE_CURVE_WITH_KNOTS('',2,(#17458,#17459,#17460,#17461),
 .UNSPECIFIED.,.F.,.F.,(3,1,3),(0.,1.,2.),.UNSPECIFIED.);
#505=B_SPLINE_CURVE_WITH_KNOTS('',3,(#18034,#18035,#18036,#18037,#18038,
#18039,#18040,#18041,#18042,#18043,#18044,#18045),.UNSPECIFIED.,.F.,.F.,
(4,2,2,2,2,4),(0.251361717769415,0.262662091024188,0.273962464278961,0.286268361804486,
0.311051236417219,0.377042576654123),.UNSPECIFIED.);
#506=B_SPLINE_CURVE_WITH_KNOTS('',3,(#18065,#18066,#18067,#18068,#18069,
#18070,#18071,#18072,#18073,#18074),.UNSPECIFIED.,.F.,.F.,(4,2,2,2,4),(-0.038364596338158,
-0.0335804362924764,-0.0287962762467948,-0.0240048373527805,-0.0192133984587662),
 .UNSPECIFIED.);
#507=B_SPLINE_CURVE_WITH_KNOTS('',3,(#18128,#18129,#18130,#18131,#18132,
#18133,#18134,#18135,#18136,#18137,#18138,#18139,#18140,#18141),
 .UNSPECIFIED.,.F.,.F.,(4,2,2,2,2,2,4),(-0.513626906963794,-0.466273162339263,
-0.442596290026997,-0.418919417714732,-0.399605112048829,-0.392412646135837,
-0.385220180222845),.UNSPECIFIED.);
#508=B_SPLINE_CURVE_WITH_KNOTS('',3,(#18166,#18167,#18168,#18169,#18170,
#18171,#18172,#18173,#18174,#18175),.UNSPECIFIED.,.F.,.F.,(4,2,2,2,4),(-0.0191511978793918,
-0.0143597589853775,-0.00956832009136314,-0.00478416004568157,0.),
 .UNSPECIFIED.);
#509=B_SPLINE_CURVE_WITH_KNOTS('',3,(#18197,#18198,#18199,#18200,#18201,
#18202,#18203,#18204,#18205,#18206),.UNSPECIFIED.,.F.,.F.,(4,2,2,2,4),(-0.038364596338158,
-0.0335804362924764,-0.0287962762467948,-0.0240048373527805,-0.0192133984587662),
 .UNSPECIFIED.);
#510=B_SPLINE_CURVE_WITH_KNOTS('',3,(#18268,#18269,#18270,#18271,#18272,
#18273,#18274,#18275,#18276,#18277),.UNSPECIFIED.,.F.,.F.,(4,2,2,2,4),(0.057577994796924,
0.0623694336909384,0.0671608725849527,0.0719450326306343,0.0767291926763159),
 .UNSPECIFIED.);
#511=B_SPLINE_CURVE_WITH_KNOTS('',3,(#18566,#18567,#18568,#18569,#18570,
#18571,#18572,#18573,#18574,#18575),.UNSPECIFIED.,.F.,.F.,(4,3,3,4),(0.,
0.500162028279935,0.757504821910396,0.999999968667169),.UNSPECIFIED.);
#512=B_SPLINE_CURVE_WITH_KNOTS('',3,(#18577,#18578,#18579,#18580,#18581,
#18582,#18583,#18584,#18585,#18586),.UNSPECIFIED.,.F.,.F.,(4,3,3,4),(4.1405792850877E-8,
0.242939299455943,0.500168794473816,1.),.UNSPECIFIED.);
#513=B_SPLINE_CURVE_WITH_KNOTS('',3,(#18681,#18682,#18683,#18684,#18685,
#18686,#18687,#18688,#18689,#18690),.UNSPECIFIED.,.F.,.F.,(4,3,3,4),(0.,
0.49983119711934,0.757060687810776,0.999999941780843),.UNSPECIFIED.);
#514=B_SPLINE_CURVE_WITH_KNOTS('',3,(#18692,#18693,#18694,#18695,#18696,
#18697,#18698,#18699,#18700,#18701),.UNSPECIFIED.,.F.,.F.,(4,3,3,4),(4.39465039069301E-8,
0.242495187639981,0.499837978025947,1.),.UNSPECIFIED.);
#515=B_SPLINE_SURFACE_WITH_KNOTS('',2,1,((#13767,#13768),(#13769,#13770),
(#13771,#13772),(#13773,#13774)),.UNSPECIFIED.,.F.,.F.,.F.,(3,1,3),(2,2),
(0.,1.,2.),(0.,0.001),.UNSPECIFIED.);
#516=B_SPLINE_SURFACE_WITH_KNOTS('',2,1,((#13786,#13787),(#13788,#13789),
(#13790,#13791),(#13792,#13793)),.UNSPECIFIED.,.F.,.F.,.F.,(3,1,3),(2,2),
(0.,1.,2.),(0.,0.001),.UNSPECIFIED.);
#517=B_SPLINE_SURFACE_WITH_KNOTS('',2,1,((#13805,#13806),(#13807,#13808),
(#13809,#13810),(#13811,#13812)),.UNSPECIFIED.,.F.,.F.,.F.,(3,1,3),(2,2),
(0.,1.,2.),(0.,0.001),.UNSPECIFIED.);
#518=B_SPLINE_SURFACE_WITH_KNOTS('',2,1,((#13824,#13825),(#13826,#13827),
(#13828,#13829),(#13830,#13831)),.UNSPECIFIED.,.F.,.F.,.F.,(3,1,3),(2,2),
(0.,1.,2.),(0.,0.001),.UNSPECIFIED.);
#519=B_SPLINE_SURFACE_WITH_KNOTS('',2,1,((#13843,#13844),(#13845,#13846),
(#13847,#13848),(#13849,#13850)),.UNSPECIFIED.,.F.,.F.,.F.,(3,1,3),(2,2),
(0.,1.,2.),(0.,0.001),.UNSPECIFIED.);
#520=B_SPLINE_SURFACE_WITH_KNOTS('',2,1,((#13874,#13875),(#13876,#13877),
(#13878,#13879),(#13880,#13881)),.UNSPECIFIED.,.F.,.F.,.F.,(3,1,3),(2,2),
(0.,1.,2.),(0.,0.001),.UNSPECIFIED.);
#521=B_SPLINE_SURFACE_WITH_KNOTS('',2,1,((#13893,#13894),(#13895,#13896),
(#13897,#13898),(#13899,#13900)),.UNSPECIFIED.,.F.,.F.,.F.,(3,1,3),(2,2),
(0.,1.,2.),(0.,0.001),.UNSPECIFIED.);
#522=B_SPLINE_SURFACE_WITH_KNOTS('',2,1,((#13912,#13913),(#13914,#13915),
(#13916,#13917),(#13918,#13919)),.UNSPECIFIED.,.F.,.F.,.F.,(3,1,3),(2,2),
(0.,1.,2.),(0.,0.001),.UNSPECIFIED.);
#523=B_SPLINE_SURFACE_WITH_KNOTS('',2,1,((#13925,#13926),(#13927,#13928),
(#13929,#13930),(#13931,#13932)),.UNSPECIFIED.,.F.,.F.,.F.,(3,1,3),(2,2),
(0.,1.,2.),(0.,0.001),.UNSPECIFIED.);
#524=B_SPLINE_SURFACE_WITH_KNOTS('',2,1,((#13944,#13945),(#13946,#13947),
(#13948,#13949),(#13950,#13951)),.UNSPECIFIED.,.F.,.F.,.F.,(3,1,3),(2,2),
(0.,1.,2.),(0.,0.001),.UNSPECIFIED.);
#525=B_SPLINE_SURFACE_WITH_KNOTS('',2,1,((#13963,#13964),(#13965,#13966),
(#13967,#13968),(#13969,#13970)),.UNSPECIFIED.,.F.,.F.,.F.,(3,1,3),(2,2),
(0.,1.,2.),(0.,0.001),.UNSPECIFIED.);
#526=B_SPLINE_SURFACE_WITH_KNOTS('',2,1,((#14077,#14078),(#14079,#14080),
(#14081,#14082),(#14083,#14084)),.UNSPECIFIED.,.F.,.F.,.F.,(3,1,3),(2,2),
(-2.,-1.,0.),(0.,0.001),.UNSPECIFIED.);
#527=B_SPLINE_SURFACE_WITH_KNOTS('',2,1,((#14099,#14100),(#14101,#14102),
(#14103,#14104),(#14105,#14106)),.UNSPECIFIED.,.F.,.F.,.F.,(3,1,3),(2,2),
(-2.,-1.,0.),(0.,0.001),.UNSPECIFIED.);
#528=B_SPLINE_SURFACE_WITH_KNOTS('',2,1,((#14118,#14119),(#14120,#14121),
(#14122,#14123),(#14124,#14125)),.UNSPECIFIED.,.F.,.F.,.F.,(3,1,3),(2,2),
(-2.,-1.,0.),(0.,0.001),.UNSPECIFIED.);
#529=B_SPLINE_SURFACE_WITH_KNOTS('',2,1,((#14137,#14138),(#14139,#14140),
(#14141,#14142),(#14143,#14144)),.UNSPECIFIED.,.F.,.F.,.F.,(3,1,3),(2,2),
(-2.,-1.,0.),(0.,0.001),.UNSPECIFIED.);
#530=B_SPLINE_SURFACE_WITH_KNOTS('',2,1,((#14156,#14157),(#14158,#14159),
(#14160,#14161),(#14162,#14163)),.UNSPECIFIED.,.F.,.F.,.F.,(3,1,3),(2,2),
(-2.,-1.,0.),(0.,0.001),.UNSPECIFIED.);
#531=B_SPLINE_SURFACE_WITH_KNOTS('',2,1,((#14175,#14176),(#14177,#14178),
(#14179,#14180),(#14181,#14182)),.UNSPECIFIED.,.F.,.F.,.F.,(3,1,3),(2,2),
(-2.,-1.,0.),(0.,0.001),.UNSPECIFIED.);
#532=B_SPLINE_SURFACE_WITH_KNOTS('',2,1,((#14194,#14195),(#14196,#14197),
(#14198,#14199),(#14200,#14201)),.UNSPECIFIED.,.F.,.F.,.F.,(3,1,3),(2,2),
(-2.,-1.,0.),(0.,0.001),.UNSPECIFIED.);
#533=B_SPLINE_SURFACE_WITH_KNOTS('',2,1,((#14213,#14214),(#14215,#14216),
(#14217,#14218),(#14219,#14220)),.UNSPECIFIED.,.F.,.F.,.F.,(3,1,3),(2,2),
(-2.,-1.,0.),(0.,0.001),.UNSPECIFIED.);
#534=B_SPLINE_SURFACE_WITH_KNOTS('',2,1,((#14229,#14230),(#14231,#14232),
(#14233,#14234),(#14235,#14236)),.UNSPECIFIED.,.F.,.F.,.F.,(3,1,3),(2,2),
(0.,1.,2.),(0.,0.001),.UNSPECIFIED.);
#535=B_SPLINE_SURFACE_WITH_KNOTS('',2,1,((#14251,#14252),(#14253,#14254),
(#14255,#14256),(#14257,#14258)),.UNSPECIFIED.,.F.,.F.,.F.,(3,1,3),(2,2),
(0.,1.,2.),(0.,0.001),.UNSPECIFIED.);
#536=B_SPLINE_SURFACE_WITH_KNOTS('',2,1,((#14270,#14271),(#14272,#14273),
(#14274,#14275),(#14276,#14277)),.UNSPECIFIED.,.F.,.F.,.F.,(3,1,3),(2,2),
(0.,1.,2.),(0.,0.001),.UNSPECIFIED.);
#537=B_SPLINE_SURFACE_WITH_KNOTS('',2,1,((#14289,#14290),(#14291,#14292),
(#14293,#14294),(#14295,#14296)),.UNSPECIFIED.,.F.,.F.,.F.,(3,1,3),(2,2),
(0.,1.,2.),(0.,0.001),.UNSPECIFIED.);
#538=B_SPLINE_SURFACE_WITH_KNOTS('',2,1,((#14306,#14307),(#14308,#14309),
(#14310,#14311),(#14312,#14313)),.UNSPECIFIED.,.F.,.F.,.F.,(3,1,3),(2,2),
(0.,1.,2.),(0.,0.001),.UNSPECIFIED.);
#539=B_SPLINE_SURFACE_WITH_KNOTS('',2,1,((#14328,#14329),(#14330,#14331),
(#14332,#14333),(#14334,#14335)),.UNSPECIFIED.,.F.,.F.,.F.,(3,1,3),(2,2),
(0.,1.,2.),(0.,0.001),.UNSPECIFIED.);
#540=B_SPLINE_SURFACE_WITH_KNOTS('',2,1,((#14347,#14348),(#14349,#14350),
(#14351,#14352),(#14353,#14354)),.UNSPECIFIED.,.F.,.F.,.F.,(3,1,3),(2,2),
(0.,1.,2.),(0.,0.001),.UNSPECIFIED.);
#541=B_SPLINE_SURFACE_WITH_KNOTS('',2,1,((#14396,#14397),(#14398,#14399),
(#14400,#14401),(#14402,#14403)),.UNSPECIFIED.,.F.,.F.,.F.,(3,1,3),(2,2),
(0.,1.,2.),(0.,0.001),.UNSPECIFIED.);
#542=B_SPLINE_SURFACE_WITH_KNOTS('',2,1,((#14415,#14416),(#14417,#14418),
(#14419,#14420),(#14421,#14422)),.UNSPECIFIED.,.F.,.F.,.F.,(3,1,3),(2,2),
(0.,1.,2.),(0.,0.001),.UNSPECIFIED.);
#543=B_SPLINE_SURFACE_WITH_KNOTS('',2,1,((#14434,#14435),(#14436,#14437),
(#14438,#14439),(#14440,#14441)),.UNSPECIFIED.,.F.,.F.,.F.,(3,1,3),(2,2),
(0.,1.,2.),(0.,0.001),.UNSPECIFIED.);
#544=B_SPLINE_SURFACE_WITH_KNOTS('',2,1,((#14453,#14454),(#14455,#14456),
(#14457,#14458),(#14459,#14460)),.UNSPECIFIED.,.F.,.F.,.F.,(3,1,3),(2,2),
(0.,1.,2.),(0.,0.001),.UNSPECIFIED.);
#545=B_SPLINE_SURFACE_WITH_KNOTS('',2,1,((#14472,#14473),(#14474,#14475),
(#14476,#14477),(#14478,#14479)),.UNSPECIFIED.,.F.,.F.,.F.,(3,1,3),(2,2),
(0.,1.,2.),(0.,0.001),.UNSPECIFIED.);
#546=B_SPLINE_SURFACE_WITH_KNOTS('',2,1,((#14491,#14492),(#14493,#14494),
(#14495,#14496),(#14497,#14498)),.UNSPECIFIED.,.F.,.F.,.F.,(3,1,3),(2,2),
(0.,1.,2.),(0.,0.001),.UNSPECIFIED.);
#547=B_SPLINE_SURFACE_WITH_KNOTS('',2,1,((#14510,#14511),(#14512,#14513),
(#14514,#14515),(#14516,#14517)),.UNSPECIFIED.,.F.,.F.,.F.,(3,1,3),(2,2),
(0.,1.,2.),(0.,0.001),.UNSPECIFIED.);
#548=B_SPLINE_SURFACE_WITH_KNOTS('',2,1,((#14541,#14542),(#14543,#14544),
(#14545,#14546),(#14547,#14548)),.UNSPECIFIED.,.F.,.F.,.F.,(3,1,3),(2,2),
(0.,1.,2.),(0.,0.001),.UNSPECIFIED.);
#549=B_SPLINE_SURFACE_WITH_KNOTS('',2,1,((#14560,#14561),(#14562,#14563),
(#14564,#14565),(#14566,#14567)),.UNSPECIFIED.,.F.,.F.,.F.,(3,1,3),(2,2),
(0.,1.,2.),(0.,0.001),.UNSPECIFIED.);
#550=B_SPLINE_SURFACE_WITH_KNOTS('',2,1,((#14579,#14580),(#14581,#14582),
(#14583,#14584),(#14585,#14586)),.UNSPECIFIED.,.F.,.F.,.F.,(3,1,3),(2,2),
(0.,1.,2.),(0.,0.001),.UNSPECIFIED.);
#551=B_SPLINE_SURFACE_WITH_KNOTS('',2,1,((#14738,#14739),(#14740,#14741),
(#14742,#14743),(#14744,#14745)),.UNSPECIFIED.,.F.,.F.,.F.,(3,1,3),(2,2),
(0.,1.,2.),(0.,0.001),.UNSPECIFIED.);
#552=B_SPLINE_SURFACE_WITH_KNOTS('',2,1,((#14760,#14761),(#14762,#14763),
(#14764,#14765),(#14766,#14767)),.UNSPECIFIED.,.F.,.F.,.F.,(3,1,3),(2,2),
(0.,1.,2.),(0.,0.001),.UNSPECIFIED.);
#553=B_SPLINE_SURFACE_WITH_KNOTS('',2,1,((#14791,#14792),(#14793,#14794),
(#14795,#14796),(#14797,#14798)),.UNSPECIFIED.,.F.,.F.,.F.,(3,1,3),(2,2),
(0.,1.,2.),(0.,0.001),.UNSPECIFIED.);
#554=B_SPLINE_SURFACE_WITH_KNOTS('',2,1,((#14810,#14811),(#14812,#14813),
(#14814,#14815),(#14816,#14817)),.UNSPECIFIED.,.F.,.F.,.F.,(3,1,3),(2,2),
(0.,1.,2.),(0.,0.001),.UNSPECIFIED.);
#555=B_SPLINE_SURFACE_WITH_KNOTS('',2,1,((#14829,#14830),(#14831,#14832),
(#14833,#14834),(#14835,#14836)),.UNSPECIFIED.,.F.,.F.,.F.,(3,1,3),(2,2),
(0.,1.,2.),(0.,0.001),.UNSPECIFIED.);
#556=B_SPLINE_SURFACE_WITH_KNOTS('',2,1,((#14848,#14849),(#14850,#14851),
(#14852,#14853),(#14854,#14855)),.UNSPECIFIED.,.F.,.F.,.F.,(3,1,3),(2,2),
(0.,1.,2.),(0.,0.001),.UNSPECIFIED.);
#557=B_SPLINE_SURFACE_WITH_KNOTS('',2,1,((#14867,#14868),(#14869,#14870),
(#14871,#14872),(#14873,#14874)),.UNSPECIFIED.,.F.,.F.,.F.,(3,1,3),(2,2),
(0.,1.,2.),(0.,0.001),.UNSPECIFIED.);
#558=B_SPLINE_SURFACE_WITH_KNOTS('',2,1,((#14898,#14899),(#14900,#14901),
(#14902,#14903),(#14904,#14905)),.UNSPECIFIED.,.F.,.F.,.F.,(3,1,3),(2,2),
(0.,1.,2.),(0.,0.001),.UNSPECIFIED.);
#559=B_SPLINE_SURFACE_WITH_KNOTS('',2,1,((#14917,#14918),(#14919,#14920),
(#14921,#14922),(#14923,#14924)),.UNSPECIFIED.,.F.,.F.,.F.,(3,1,3),(2,2),
(0.,1.,2.),(0.,0.001),.UNSPECIFIED.);
#560=B_SPLINE_SURFACE_WITH_KNOTS('',2,1,((#14936,#14937),(#14938,#14939),
(#14940,#14941),(#14942,#14943)),.UNSPECIFIED.,.F.,.F.,.F.,(3,1,3),(2,2),
(0.,1.,2.),(0.,0.001),.UNSPECIFIED.);
#561=B_SPLINE_SURFACE_WITH_KNOTS('',2,1,((#14955,#14956),(#14957,#14958),
(#14959,#14960),(#14961,#14962)),.UNSPECIFIED.,.F.,.F.,.F.,(3,1,3),(2,2),
(0.,1.,2.),(0.,0.001),.UNSPECIFIED.);
#562=B_SPLINE_SURFACE_WITH_KNOTS('',2,1,((#14974,#14975),(#14976,#14977),
(#14978,#14979),(#14980,#14981)),.UNSPECIFIED.,.F.,.F.,.F.,(3,1,3),(2,2),
(0.,1.,2.),(0.,0.001),.UNSPECIFIED.);
#563=B_SPLINE_SURFACE_WITH_KNOTS('',2,1,((#14991,#14992),(#14993,#14994),
(#14995,#14996),(#14997,#14998)),.UNSPECIFIED.,.F.,.F.,.F.,(3,1,3),(2,2),
(-2.,-1.,0.),(0.,0.001),.UNSPECIFIED.);
#564=B_SPLINE_SURFACE_WITH_KNOTS('',2,1,((#15013,#15014),(#15015,#15016),
(#15017,#15018),(#15019,#15020)),.UNSPECIFIED.,.F.,.F.,.F.,(3,1,3),(2,2),
(-2.,-1.,0.),(0.,0.001),.UNSPECIFIED.);
#565=B_SPLINE_SURFACE_WITH_KNOTS('',2,1,((#15032,#15033),(#15034,#15035),
(#15036,#15037),(#15038,#15039)),.UNSPECIFIED.,.F.,.F.,.F.,(3,1,3),(2,2),
(-2.,-1.,0.),(0.,0.001),.UNSPECIFIED.);
#566=B_SPLINE_SURFACE_WITH_KNOTS('',2,1,((#15057,#15058),(#15059,#15060),
(#15061,#15062),(#15063,#15064)),.UNSPECIFIED.,.F.,.F.,.F.,(3,1,3),(2,2),
(-2.,-1.,0.),(0.,0.001),.UNSPECIFIED.);
#567=B_SPLINE_SURFACE_WITH_KNOTS('',2,1,((#15073,#15074),(#15075,#15076),
(#15077,#15078),(#15079,#15080)),.UNSPECIFIED.,.F.,.F.,.F.,(3,1,3),(2,2),
(0.,1.,2.),(0.,0.001),.UNSPECIFIED.);
#568=B_SPLINE_SURFACE_WITH_KNOTS('',2,1,((#15095,#15096),(#15097,#15098),
(#15099,#15100),(#15101,#15102)),.UNSPECIFIED.,.F.,.F.,.F.,(3,1,3),(2,2),
(0.,1.,2.),(0.,0.001),.UNSPECIFIED.);
#569=B_SPLINE_SURFACE_WITH_KNOTS('',2,1,((#15126,#15127),(#15128,#15129),
(#15130,#15131),(#15132,#15133)),.UNSPECIFIED.,.F.,.F.,.F.,(3,1,3),(2,2),
(0.,1.,2.),(0.,0.001),.UNSPECIFIED.);
#570=B_SPLINE_SURFACE_WITH_KNOTS('',2,1,((#15145,#15146),(#15147,#15148),
(#15149,#15150),(#15151,#15152)),.UNSPECIFIED.,.F.,.F.,.F.,(3,1,3),(2,2),
(0.,1.,2.),(0.,0.001),.UNSPECIFIED.);
#571=B_SPLINE_SURFACE_WITH_KNOTS('',2,1,((#15164,#15165),(#15166,#15167),
(#15168,#15169),(#15170,#15171)),.UNSPECIFIED.,.F.,.F.,.F.,(3,1,3),(2,2),
(0.,1.,2.),(0.,0.001),.UNSPECIFIED.);
#572=B_SPLINE_SURFACE_WITH_KNOTS('',2,1,((#15195,#15196),(#15197,#15198),
(#15199,#15200),(#15201,#15202)),.UNSPECIFIED.,.F.,.F.,.F.,(3,1,3),(2,2),
(0.,1.,2.),(0.,0.001),.UNSPECIFIED.);
#573=B_SPLINE_SURFACE_WITH_KNOTS('',2,1,((#15214,#15215),(#15216,#15217),
(#15218,#15219),(#15220,#15221)),.UNSPECIFIED.,.F.,.F.,.F.,(3,1,3),(2,2),
(0.,1.,2.),(0.,0.001),.UNSPECIFIED.);
#574=B_SPLINE_SURFACE_WITH_KNOTS('',2,1,((#15233,#15234),(#15235,#15236),
(#15237,#15238),(#15239,#15240)),.UNSPECIFIED.,.F.,.F.,.F.,(3,1,3),(2,2),
(0.,1.,2.),(0.,0.001),.UNSPECIFIED.);
#575=B_SPLINE_SURFACE_WITH_KNOTS('',2,1,((#15252,#15253),(#15254,#15255),
(#15256,#15257),(#15258,#15259)),.UNSPECIFIED.,.F.,.F.,.F.,(3,1,3),(2,2),
(0.,1.,2.),(0.,0.001),.UNSPECIFIED.);
#576=B_SPLINE_SURFACE_WITH_KNOTS('',2,1,((#15278,#15279),(#15280,#15281),
(#15282,#15283),(#15284,#15285)),.UNSPECIFIED.,.F.,.F.,.F.,(3,1,3),(2,2),
(0.,1.,2.),(0.,0.001),.UNSPECIFIED.);
#577=B_SPLINE_SURFACE_WITH_KNOTS('',2,1,((#15297,#15298),(#15299,#15300),
(#15301,#15302),(#15303,#15304)),.UNSPECIFIED.,.F.,.F.,.F.,(3,1,3),(2,2),
(0.,1.,2.),(0.,0.001),.UNSPECIFIED.);
#578=B_SPLINE_SURFACE_WITH_KNOTS('',2,1,((#15346,#15347),(#15348,#15349),
(#15350,#15351),(#15352,#15353)),.UNSPECIFIED.,.F.,.F.,.F.,(3,1,3),(2,2),
(0.,1.,2.),(0.,0.001),.UNSPECIFIED.);
#579=B_SPLINE_SURFACE_WITH_KNOTS('',2,1,((#15365,#15366),(#15367,#15368),
(#15369,#15370),(#15371,#15372)),.UNSPECIFIED.,.F.,.F.,.F.,(3,1,3),(2,2),
(0.,1.,2.),(0.,0.001),.UNSPECIFIED.);
#580=B_SPLINE_SURFACE_WITH_KNOTS('',2,1,((#15384,#15385),(#15386,#15387),
(#15388,#15389),(#15390,#15391)),.UNSPECIFIED.,.F.,.F.,.F.,(3,1,3),(2,2),
(0.,1.,2.),(0.,0.001),.UNSPECIFIED.);
#581=B_SPLINE_SURFACE_WITH_KNOTS('',2,1,((#15413,#15414),(#15415,#15416),
(#15417,#15418),(#15419,#15420)),.UNSPECIFIED.,.F.,.F.,.F.,(3,1,3),(2,2),
(-2.,-1.,0.),(0.,0.001),.UNSPECIFIED.);
#582=B_SPLINE_SURFACE_WITH_KNOTS('',2,1,((#15435,#15436),(#15437,#15438),
(#15439,#15440),(#15441,#15442)),.UNSPECIFIED.,.F.,.F.,.F.,(3,1,3),(2,2),
(-2.,-1.,0.),(0.,0.001),.UNSPECIFIED.);
#583=B_SPLINE_SURFACE_WITH_KNOTS('',2,1,((#15454,#15455),(#15456,#15457),
(#15458,#15459),(#15460,#15461)),.UNSPECIFIED.,.F.,.F.,.F.,(3,1,3),(2,2),
(-2.,-1.,0.),(0.,0.001),.UNSPECIFIED.);
#584=B_SPLINE_SURFACE_WITH_KNOTS('',2,1,((#15473,#15474),(#15475,#15476),
(#15477,#15478),(#15479,#15480)),.UNSPECIFIED.,.F.,.F.,.F.,(3,1,3),(2,2),
(-2.,-1.,0.),(0.,0.001),.UNSPECIFIED.);
#585=B_SPLINE_SURFACE_WITH_KNOTS('',2,1,((#15489,#15490),(#15491,#15492),
(#15493,#15494),(#15495,#15496)),.UNSPECIFIED.,.F.,.F.,.F.,(3,1,3),(2,2),
(0.,1.,2.),(0.,0.001),.UNSPECIFIED.);
#586=B_SPLINE_SURFACE_WITH_KNOTS('',2,1,((#15511,#15512),(#15513,#15514),
(#15515,#15516),(#15517,#15518)),.UNSPECIFIED.,.F.,.F.,.F.,(3,1,3),(2,2),
(0.,1.,2.),(0.,0.001),.UNSPECIFIED.);
#587=B_SPLINE_SURFACE_WITH_KNOTS('',2,1,((#15530,#15531),(#15532,#15533),
(#15534,#15535),(#15536,#15537)),.UNSPECIFIED.,.F.,.F.,.F.,(3,1,3),(2,2),
(0.,1.,2.),(0.,0.001),.UNSPECIFIED.);
#588=B_SPLINE_SURFACE_WITH_KNOTS('',2,1,((#15549,#15550),(#15551,#15552),
(#15553,#15554),(#15555,#15556)),.UNSPECIFIED.,.F.,.F.,.F.,(3,1,3),(2,2),
(0.,1.,2.),(0.,0.001),.UNSPECIFIED.);
#589=B_SPLINE_SURFACE_WITH_KNOTS('',2,1,((#15688,#15689),(#15690,#15691),
(#15692,#15693),(#15694,#15695)),.UNSPECIFIED.,.F.,.F.,.F.,(3,1,3),(2,2),
(0.,1.,2.),(0.,0.001),.UNSPECIFIED.);
#590=B_SPLINE_SURFACE_WITH_KNOTS('',2,1,((#15710,#15711),(#15712,#15713),
(#15714,#15715),(#15716,#15717)),.UNSPECIFIED.,.F.,.F.,.F.,(3,1,3),(2,2),
(0.,1.,2.),(0.,0.001),.UNSPECIFIED.);
#591=B_SPLINE_SURFACE_WITH_KNOTS('',2,1,((#15741,#15742),(#15743,#15744),
(#15745,#15746),(#15747,#15748)),.UNSPECIFIED.,.F.,.F.,.F.,(3,1,3),(2,2),
(0.,1.,2.),(0.,0.001),.UNSPECIFIED.);
#592=B_SPLINE_SURFACE_WITH_KNOTS('',2,1,((#15760,#15761),(#15762,#15763),
(#15764,#15765),(#15766,#15767)),.UNSPECIFIED.,.F.,.F.,.F.,(3,1,3),(2,2),
(0.,1.,2.),(0.,0.001),.UNSPECIFIED.);
#593=B_SPLINE_SURFACE_WITH_KNOTS('',2,1,((#15779,#15780),(#15781,#15782),
(#15783,#15784),(#15785,#15786)),.UNSPECIFIED.,.F.,.F.,.F.,(3,1,3),(2,2),
(0.,1.,2.),(0.,0.001),.UNSPECIFIED.);
#594=B_SPLINE_SURFACE_WITH_KNOTS('',2,1,((#15798,#15799),(#15800,#15801),
(#15802,#15803),(#15804,#15805)),.UNSPECIFIED.,.F.,.F.,.F.,(3,1,3),(2,2),
(0.,1.,2.),(0.,0.001),.UNSPECIFIED.);
#595=B_SPLINE_SURFACE_WITH_KNOTS('',2,1,((#15817,#15818),(#15819,#15820),
(#15821,#15822),(#15823,#15824)),.UNSPECIFIED.,.F.,.F.,.F.,(3,1,3),(2,2),
(0.,1.,2.),(0.,0.001),.UNSPECIFIED.);
#596=B_SPLINE_SURFACE_WITH_KNOTS('',2,1,((#15836,#15837),(#15838,#15839),
(#15840,#15841),(#15842,#15843)),.UNSPECIFIED.,.F.,.F.,.F.,(3,1,3),(2,2),
(0.,1.,2.),(0.,0.001),.UNSPECIFIED.);
#597=B_SPLINE_SURFACE_WITH_KNOTS('',2,1,((#15855,#15856),(#15857,#15858),
(#15859,#15860),(#15861,#15862)),.UNSPECIFIED.,.F.,.F.,.F.,(3,1,3),(2,2),
(0.,1.,2.),(0.,0.001),.UNSPECIFIED.);
#598=B_SPLINE_SURFACE_WITH_KNOTS('',2,1,((#15874,#15875),(#15876,#15877),
(#15878,#15879),(#15880,#15881)),.UNSPECIFIED.,.F.,.F.,.F.,(3,1,3),(2,2),
(0.,1.,2.),(0.,0.001),.UNSPECIFIED.);
#599=B_SPLINE_SURFACE_WITH_KNOTS('',2,1,((#15905,#15906),(#15907,#15908),
(#15909,#15910),(#15911,#15912)),.UNSPECIFIED.,.F.,.F.,.F.,(3,1,3),(2,2),
(0.,1.,2.),(0.,0.001),.UNSPECIFIED.);
#600=B_SPLINE_SURFACE_WITH_KNOTS('',2,1,((#15924,#15925),(#15926,#15927),
(#15928,#15929),(#15930,#15931)),.UNSPECIFIED.,.F.,.F.,.F.,(3,1,3),(2,2),
(0.,1.,2.),(0.,0.001),.UNSPECIFIED.);
#601=B_SPLINE_SURFACE_WITH_KNOTS('',2,1,((#15943,#15944),(#15945,#15946),
(#15947,#15948),(#15949,#15950)),.UNSPECIFIED.,.F.,.F.,.F.,(3,1,3),(2,2),
(0.,1.,2.),(0.,0.001),.UNSPECIFIED.);
#602=B_SPLINE_SURFACE_WITH_KNOTS('',2,1,((#15962,#15963),(#15964,#15965),
(#15966,#15967),(#15968,#15969)),.UNSPECIFIED.,.F.,.F.,.F.,(3,1,3),(2,2),
(0.,1.,2.),(0.,0.001),.UNSPECIFIED.);
#603=B_SPLINE_SURFACE_WITH_KNOTS('',2,1,((#15981,#15982),(#15983,#15984),
(#15985,#15986),(#15987,#15988)),.UNSPECIFIED.,.F.,.F.,.F.,(3,1,3),(2,2),
(0.,1.,2.),(0.,0.001),.UNSPECIFIED.);
#604=B_SPLINE_SURFACE_WITH_KNOTS('',2,1,((#16000,#16001),(#16002,#16003),
(#16004,#16005),(#16006,#16007)),.UNSPECIFIED.,.F.,.F.,.F.,(3,1,3),(2,2),
(0.,1.,2.),(0.,0.001),.UNSPECIFIED.);
#605=B_SPLINE_SURFACE_WITH_KNOTS('',2,1,((#16026,#16027),(#16028,#16029),
(#16030,#16031),(#16032,#16033)),.UNSPECIFIED.,.F.,.F.,.F.,(3,1,3),(2,2),
(0.,1.,2.),(0.,0.001),.UNSPECIFIED.);
#606=B_SPLINE_SURFACE_WITH_KNOTS('',2,1,((#16045,#16046),(#16047,#16048),
(#16049,#16050),(#16051,#16052)),.UNSPECIFIED.,.F.,.F.,.F.,(3,1,3),(2,2),
(0.,1.,2.),(0.,0.001),.UNSPECIFIED.);
#607=B_SPLINE_SURFACE_WITH_KNOTS('',2,1,((#16094,#16095),(#16096,#16097),
(#16098,#16099),(#16100,#16101)),.UNSPECIFIED.,.F.,.F.,.F.,(3,1,3),(2,2),
(0.,1.,2.),(0.,0.001),.UNSPECIFIED.);
#608=B_SPLINE_SURFACE_WITH_KNOTS('',2,1,((#16113,#16114),(#16115,#16116),
(#16117,#16118),(#16119,#16120)),.UNSPECIFIED.,.F.,.F.,.F.,(3,1,3),(2,2),
(0.,1.,2.),(0.,0.001),.UNSPECIFIED.);
#609=B_SPLINE_SURFACE_WITH_KNOTS('',2,1,((#16132,#16133),(#16134,#16135),
(#16136,#16137),(#16138,#16139)),.UNSPECIFIED.,.F.,.F.,.F.,(3,1,3),(2,2),
(0.,1.,2.),(0.,0.001),.UNSPECIFIED.);
#610=B_SPLINE_SURFACE_WITH_KNOTS('',2,1,((#16161,#16162),(#16163,#16164),
(#16165,#16166),(#16167,#16168)),.UNSPECIFIED.,.F.,.F.,.F.,(3,1,3),(2,2),
(0.,1.,2.),(0.,0.001),.UNSPECIFIED.);
#611=B_SPLINE_SURFACE_WITH_KNOTS('',2,1,((#16195,#16196),(#16197,#16198),
(#16199,#16200),(#16201,#16202)),.UNSPECIFIED.,.F.,.F.,.F.,(3,1,3),(2,2),
(0.,1.,2.),(0.,0.001),.UNSPECIFIED.);
#612=B_SPLINE_SURFACE_WITH_KNOTS('',2,1,((#16214,#16215),(#16216,#16217),
(#16218,#16219),(#16220,#16221)),.UNSPECIFIED.,.F.,.F.,.F.,(3,1,3),(2,2),
(0.,1.,2.),(0.,0.001),.UNSPECIFIED.);
#613=B_SPLINE_SURFACE_WITH_KNOTS('',2,1,((#16233,#16234),(#16235,#16236),
(#16237,#16238),(#16239,#16240)),.UNSPECIFIED.,.F.,.F.,.F.,(3,1,3),(2,2),
(0.,1.,2.),(0.,0.001),.UNSPECIFIED.);
#614=B_SPLINE_SURFACE_WITH_KNOTS('',2,1,((#16318,#16319),(#16320,#16321),
(#16322,#16323),(#16324,#16325)),.UNSPECIFIED.,.F.,.F.,.F.,(3,1,3),(2,2),
(0.,1.,2.),(0.,0.001),.UNSPECIFIED.);
#615=B_SPLINE_SURFACE_WITH_KNOTS('',2,1,((#16385,#16386),(#16387,#16388),
(#16389,#16390),(#16391,#16392)),.UNSPECIFIED.,.F.,.F.,.F.,(3,1,3),(2,2),
(0.,1.,2.),(0.,0.001),.UNSPECIFIED.);
#616=B_SPLINE_SURFACE_WITH_KNOTS('',2,1,((#16419,#16420),(#16421,#16422),
(#16423,#16424),(#16425,#16426)),.UNSPECIFIED.,.F.,.F.,.F.,(3,1,3),(2,2),
(0.,1.,2.),(0.,0.001),.UNSPECIFIED.);
#617=B_SPLINE_SURFACE_WITH_KNOTS('',2,1,((#16438,#16439),(#16440,#16441),
(#16442,#16443),(#16444,#16445)),.UNSPECIFIED.,.F.,.F.,.F.,(3,1,3),(2,2),
(0.,1.,2.),(0.,0.001),.UNSPECIFIED.);
#618=B_SPLINE_SURFACE_WITH_KNOTS('',2,1,((#16457,#16458),(#16459,#16460),
(#16461,#16462),(#16463,#16464)),.UNSPECIFIED.,.F.,.F.,.F.,(3,1,3),(2,2),
(0.,1.,2.),(0.,0.001),.UNSPECIFIED.);
#619=B_SPLINE_SURFACE_WITH_KNOTS('',2,1,((#16542,#16543),(#16544,#16545),
(#16546,#16547),(#16548,#16549)),.UNSPECIFIED.,.F.,.F.,.F.,(3,1,3),(2,2),
(0.,1.,2.),(0.,0.001),.UNSPECIFIED.);
#620=B_SPLINE_SURFACE_WITH_KNOTS('',2,1,((#16559,#16560),(#16561,#16562),
(#16563,#16564),(#16565,#16566)),.UNSPECIFIED.,.F.,.F.,.F.,(3,1,3),(2,2),
(0.,1.,2.),(0.,0.001),.UNSPECIFIED.);
#621=B_SPLINE_SURFACE_WITH_KNOTS('',2,1,((#16581,#16582),(#16583,#16584),
(#16585,#16586),(#16587,#16588)),.UNSPECIFIED.,.F.,.F.,.F.,(3,1,3),(2,2),
(0.,1.,2.),(0.,0.001),.UNSPECIFIED.);
#622=B_SPLINE_SURFACE_WITH_KNOTS('',2,1,((#16600,#16601),(#16602,#16603),
(#16604,#16605),(#16606,#16607)),.UNSPECIFIED.,.F.,.F.,.F.,(3,1,3),(2,2),
(0.,1.,2.),(0.,0.001),.UNSPECIFIED.);
#623=B_SPLINE_SURFACE_WITH_KNOTS('',2,1,((#16649,#16650),(#16651,#16652),
(#16653,#16654),(#16655,#16656)),.UNSPECIFIED.,.F.,.F.,.F.,(3,1,3),(2,2),
(0.,1.,2.),(0.,0.001),.UNSPECIFIED.);
#624=B_SPLINE_SURFACE_WITH_KNOTS('',2,1,((#16668,#16669),(#16670,#16671),
(#16672,#16673),(#16674,#16675)),.UNSPECIFIED.,.F.,.F.,.F.,(3,1,3),(2,2),
(0.,1.,2.),(0.,0.001),.UNSPECIFIED.);
#625=B_SPLINE_SURFACE_WITH_KNOTS('',2,1,((#16687,#16688),(#16689,#16690),
(#16691,#16692),(#16693,#16694)),.UNSPECIFIED.,.F.,.F.,.F.,(3,1,3),(2,2),
(0.,1.,2.),(0.,0.001),.UNSPECIFIED.);
#626=B_SPLINE_SURFACE_WITH_KNOTS('',2,1,((#16706,#16707),(#16708,#16709),
(#16710,#16711),(#16712,#16713)),.UNSPECIFIED.,.F.,.F.,.F.,(3,1,3),(2,2),
(0.,1.,2.),(0.,0.001),.UNSPECIFIED.);
#627=B_SPLINE_SURFACE_WITH_KNOTS('',2,1,((#16725,#16726),(#16727,#16728),
(#16729,#16730),(#16731,#16732)),.UNSPECIFIED.,.F.,.F.,.F.,(3,1,3),(2,2),
(0.,1.,2.),(0.,0.001),.UNSPECIFIED.);
#628=B_SPLINE_SURFACE_WITH_KNOTS('',2,1,((#16744,#16745),(#16746,#16747),
(#16748,#16749),(#16750,#16751)),.UNSPECIFIED.,.F.,.F.,.F.,(3,1,3),(2,2),
(0.,1.,2.),(0.,0.001),.UNSPECIFIED.);
#629=B_SPLINE_SURFACE_WITH_KNOTS('',2,1,((#16763,#16764),(#16765,#16766),
(#16767,#16768),(#16769,#16770)),.UNSPECIFIED.,.F.,.F.,.F.,(3,1,3),(2,2),
(0.,1.,2.),(0.,0.001),.UNSPECIFIED.);
#630=B_SPLINE_SURFACE_WITH_KNOTS('',2,1,((#16794,#16795),(#16796,#16797),
(#16798,#16799),(#16800,#16801)),.UNSPECIFIED.,.F.,.F.,.F.,(3,1,3),(2,2),
(0.,1.,2.),(0.,0.001),.UNSPECIFIED.);
#631=B_SPLINE_SURFACE_WITH_KNOTS('',2,1,((#16813,#16814),(#16815,#16816),
(#16817,#16818),(#16819,#16820)),.UNSPECIFIED.,.F.,.F.,.F.,(3,1,3),(2,2),
(0.,1.,2.),(0.,0.001),.UNSPECIFIED.);
#632=B_SPLINE_SURFACE_WITH_KNOTS('',2,1,((#16832,#16833),(#16834,#16835),
(#16836,#16837),(#16838,#16839)),.UNSPECIFIED.,.F.,.F.,.F.,(3,1,3),(2,2),
(0.,1.,2.),(0.,0.001),.UNSPECIFIED.);
#633=B_SPLINE_SURFACE_WITH_KNOTS('',2,1,((#16864,#16865),(#16866,#16867),
(#16868,#16869),(#16870,#16871)),.UNSPECIFIED.,.F.,.F.,.F.,(3,1,3),(2,2),
(0.,1.,2.),(0.,0.001),.UNSPECIFIED.);
#634=B_SPLINE_SURFACE_WITH_KNOTS('',2,1,((#16883,#16884),(#16885,#16886),
(#16887,#16888),(#16889,#16890)),.UNSPECIFIED.,.F.,.F.,.F.,(3,1,3),(2,2),
(0.,1.,2.),(0.,0.001),.UNSPECIFIED.);
#635=B_SPLINE_SURFACE_WITH_KNOTS('',2,1,((#16902,#16903),(#16904,#16905),
(#16906,#16907),(#16908,#16909)),.UNSPECIFIED.,.F.,.F.,.F.,(3,1,3),(2,2),
(0.,1.,2.),(0.,0.001),.UNSPECIFIED.);
#636=B_SPLINE_SURFACE_WITH_KNOTS('',2,1,((#16921,#16922),(#16923,#16924),
(#16925,#16926),(#16927,#16928)),.UNSPECIFIED.,.F.,.F.,.F.,(3,1,3),(2,2),
(0.,1.,2.),(0.,0.001),.UNSPECIFIED.);
#637=B_SPLINE_SURFACE_WITH_KNOTS('',2,1,((#16940,#16941),(#16942,#16943),
(#16944,#16945),(#16946,#16947)),.UNSPECIFIED.,.F.,.F.,.F.,(3,1,3),(2,2),
(0.,1.,2.),(0.,0.001),.UNSPECIFIED.);
#638=B_SPLINE_SURFACE_WITH_KNOTS('',2,1,((#16971,#16972),(#16973,#16974),
(#16975,#16976),(#16977,#16978)),.UNSPECIFIED.,.F.,.F.,.F.,(3,1,3),(2,2),
(0.,1.,2.),(0.,0.001),.UNSPECIFIED.);
#639=B_SPLINE_SURFACE_WITH_KNOTS('',2,1,((#16990,#16991),(#16992,#16993),
(#16994,#16995),(#16996,#16997)),.UNSPECIFIED.,.F.,.F.,.F.,(3,1,3),(2,2),
(0.,1.,2.),(0.,0.001),.UNSPECIFIED.);
#640=B_SPLINE_SURFACE_WITH_KNOTS('',2,1,((#17009,#17010),(#17011,#17012),
(#17013,#17014),(#17015,#17016)),.UNSPECIFIED.,.F.,.F.,.F.,(3,1,3),(2,2),
(0.,1.,2.),(0.,0.001),.UNSPECIFIED.);
#641=B_SPLINE_SURFACE_WITH_KNOTS('',2,1,((#17022,#17023),(#17024,#17025),
(#17026,#17027),(#17028,#17029)),.UNSPECIFIED.,.F.,.F.,.F.,(3,1,3),(2,2),
(0.,1.,2.),(0.,0.001),.UNSPECIFIED.);
#642=B_SPLINE_SURFACE_WITH_KNOTS('',2,1,((#17041,#17042),(#17043,#17044),
(#17045,#17046),(#17047,#17048)),.UNSPECIFIED.,.F.,.F.,.F.,(3,1,3),(2,2),
(0.,1.,2.),(0.,0.001),.UNSPECIFIED.);
#643=B_SPLINE_SURFACE_WITH_KNOTS('',2,1,((#17060,#17061),(#17062,#17063),
(#17064,#17065),(#17066,#17067)),.UNSPECIFIED.,.F.,.F.,.F.,(3,1,3),(2,2),
(0.,1.,2.),(0.,0.001),.UNSPECIFIED.);
#644=B_SPLINE_SURFACE_WITH_KNOTS('',2,1,((#17089,#17090),(#17091,#17092),
(#17093,#17094),(#17095,#17096)),.UNSPECIFIED.,.F.,.F.,.F.,(3,1,3),(2,2),
(-2.,-1.,0.),(0.,0.001),.UNSPECIFIED.);
#645=B_SPLINE_SURFACE_WITH_KNOTS('',2,1,((#17111,#17112),(#17113,#17114),
(#17115,#17116),(#17117,#17118)),.UNSPECIFIED.,.F.,.F.,.F.,(3,1,3),(2,2),
(-2.,-1.,0.),(0.,0.001),.UNSPECIFIED.);
#646=B_SPLINE_SURFACE_WITH_KNOTS('',2,1,((#17130,#17131),(#17132,#17133),
(#17134,#17135),(#17136,#17137)),.UNSPECIFIED.,.F.,.F.,.F.,(3,1,3),(2,2),
(-2.,-1.,0.),(0.,0.001),.UNSPECIFIED.);
#647=B_SPLINE_SURFACE_WITH_KNOTS('',2,1,((#17149,#17150),(#17151,#17152),
(#17153,#17154),(#17155,#17156)),.UNSPECIFIED.,.F.,.F.,.F.,(3,1,3),(2,2),
(-2.,-1.,0.),(0.,0.001),.UNSPECIFIED.);
#648=B_SPLINE_SURFACE_WITH_KNOTS('',2,1,((#17168,#17169),(#17170,#17171),
(#17172,#17173),(#17174,#17175)),.UNSPECIFIED.,.F.,.F.,.F.,(3,1,3),(2,2),
(-2.,-1.,0.),(0.,0.001),.UNSPECIFIED.);
#649=B_SPLINE_SURFACE_WITH_KNOTS('',2,1,((#17187,#17188),(#17189,#17190),
(#17191,#17192),(#17193,#17194)),.UNSPECIFIED.,.F.,.F.,.F.,(3,1,3),(2,2),
(-2.,-1.,0.),(0.,0.001),.UNSPECIFIED.);
#650=B_SPLINE_SURFACE_WITH_KNOTS('',2,1,((#17206,#17207),(#17208,#17209),
(#17210,#17211),(#17212,#17213)),.UNSPECIFIED.,.F.,.F.,.F.,(3,1,3),(2,2),
(-2.,-1.,0.),(0.,0.001),.UNSPECIFIED.);
#651=B_SPLINE_SURFACE_WITH_KNOTS('',2,1,((#17222,#17223),(#17224,#17225),
(#17226,#17227),(#17228,#17229)),.UNSPECIFIED.,.F.,.F.,.F.,(3,1,3),(2,2),
(0.,1.,2.),(0.,0.001),.UNSPECIFIED.);
#652=B_SPLINE_SURFACE_WITH_KNOTS('',2,1,((#17244,#17245),(#17246,#17247),
(#17248,#17249),(#17250,#17251)),.UNSPECIFIED.,.F.,.F.,.F.,(3,1,3),(2,2),
(0.,1.,2.),(0.,0.001),.UNSPECIFIED.);
#653=B_SPLINE_SURFACE_WITH_KNOTS('',2,1,((#17263,#17264),(#17265,#17266),
(#17267,#17268),(#17269,#17270)),.UNSPECIFIED.,.F.,.F.,.F.,(3,1,3),(2,2),
(0.,1.,2.),(0.,0.001),.UNSPECIFIED.);
#654=B_SPLINE_SURFACE_WITH_KNOTS('',2,1,((#17282,#17283),(#17284,#17285),
(#17286,#17287),(#17288,#17289)),.UNSPECIFIED.,.F.,.F.,.F.,(3,1,3),(2,2),
(0.,1.,2.),(0.,0.001),.UNSPECIFIED.);
#655=B_SPLINE_SURFACE_WITH_KNOTS('',2,1,((#17301,#17302),(#17303,#17304),
(#17305,#17306),(#17307,#17308)),.UNSPECIFIED.,.F.,.F.,.F.,(3,1,3),(2,2),
(0.,1.,2.),(0.,0.001),.UNSPECIFIED.);
#656=B_SPLINE_SURFACE_WITH_KNOTS('',2,1,((#17332,#17333),(#17334,#17335),
(#17336,#17337),(#17338,#17339)),.UNSPECIFIED.,.F.,.F.,.F.,(3,1,3),(2,2),
(0.,1.,2.),(0.,0.001),.UNSPECIFIED.);
#657=B_SPLINE_SURFACE_WITH_KNOTS('',2,1,((#17351,#17352),(#17353,#17354),
(#17355,#17356),(#17357,#17358)),.UNSPECIFIED.,.F.,.F.,.F.,(3,1,3),(2,2),
(0.,1.,2.),(0.,0.001),.UNSPECIFIED.);
#658=B_SPLINE_SURFACE_WITH_KNOTS('',2,1,((#17370,#17371),(#17372,#17373),
(#17374,#17375),(#17376,#17377)),.UNSPECIFIED.,.F.,.F.,.F.,(3,1,3),(2,2),
(0.,1.,2.),(0.,0.001),.UNSPECIFIED.);
#659=B_SPLINE_SURFACE_WITH_KNOTS('',2,1,((#17389,#17390),(#17391,#17392),
(#17393,#17394),(#17395,#17396)),.UNSPECIFIED.,.F.,.F.,.F.,(3,1,3),(2,2),
(0.,1.,2.),(0.,0.001),.UNSPECIFIED.);
#660=B_SPLINE_SURFACE_WITH_KNOTS('',2,1,((#17408,#17409),(#17410,#17411),
(#17412,#17413),(#17414,#17415)),.UNSPECIFIED.,.F.,.F.,.F.,(3,1,3),(2,2),
(0.,1.,2.),(0.,0.001),.UNSPECIFIED.);
#661=B_SPLINE_SURFACE_WITH_KNOTS('',2,1,((#17427,#17428),(#17429,#17430),
(#17431,#17432),(#17433,#17434)),.UNSPECIFIED.,.F.,.F.,.F.,(3,1,3),(2,2),
(0.,1.,2.),(0.,0.001),.UNSPECIFIED.);
#662=B_SPLINE_SURFACE_WITH_KNOTS('',2,1,((#17446,#17447),(#17448,#17449),
(#17450,#17451),(#17452,#17453)),.UNSPECIFIED.,.F.,.F.,.F.,(3,1,3),(2,2),
(0.,1.,2.),(0.,0.001),.UNSPECIFIED.);
#663=B_SPLINE_SURFACE_WITH_KNOTS('',3,1,((#18752,#18753),(#18754,#18755),
(#18756,#18757),(#18758,#18759),(#18760,#18761),(#18762,#18763)),
 .UNSPECIFIED.,.F.,.F.,.F.,(4,1,1,4),(2,2),(0.,0.5,0.75,1.),(-0.152400000016353,
0.304800000011924),.UNSPECIFIED.);
#664=B_SPLINE_SURFACE_WITH_KNOTS('',3,1,((#18765,#18766),(#18767,#18768),
(#18769,#18770),(#18771,#18772),(#18773,#18774),(#18775,#18776)),
 .UNSPECIFIED.,.F.,.F.,.F.,(4,1,1,4),(2,2),(0.,0.25,0.5,1.),(-0.152400000012931,
0.30480000001437),.UNSPECIFIED.);
#665=FACE_BOUND('',#1290,.T.);
#666=FACE_BOUND('',#1324,.T.);
#667=FACE_BOUND('',#1338,.T.);
#668=FACE_BOUND('',#1423,.T.);
#669=FACE_BOUND('',#1447,.T.);
#670=FACE_BOUND('',#1614,.T.);
#671=FACE_BOUND('',#1621,.T.);
#672=FACE_BOUND('',#1622,.T.);
#673=FACE_BOUND('',#1623,.T.);
#674=FACE_BOUND('',#1624,.T.);
#675=FACE_BOUND('',#1625,.T.);
#676=FACE_BOUND('',#1626,.T.);
#677=FACE_BOUND('',#1627,.T.);
#678=FACE_BOUND('',#1628,.T.);
#679=FACE_BOUND('',#1629,.T.);
#680=FACE_BOUND('',#1630,.T.);
#681=FACE_BOUND('',#1631,.T.);
#682=FACE_BOUND('',#1632,.T.);
#683=FACE_BOUND('',#1633,.T.);
#684=FACE_BOUND('',#1634,.T.);
#685=FACE_BOUND('',#1635,.T.);
#686=FACE_BOUND('',#1636,.T.);
#687=FACE_BOUND('',#1637,.T.);
#688=FACE_BOUND('',#1638,.T.);
#689=FACE_BOUND('',#1639,.T.);
#690=FACE_BOUND('',#1640,.T.);
#691=FACE_BOUND('',#1641,.T.);
#692=FACE_BOUND('',#1642,.T.);
#693=FACE_BOUND('',#1643,.T.);
#694=FACE_BOUND('',#1644,.T.);
#695=FACE_BOUND('',#1645,.T.);
#696=FACE_BOUND('',#1671,.T.);
#697=FACE_BOUND('',#1676,.T.);
#698=FACE_BOUND('',#1696,.T.);
#699=FACE_BOUND('',#1697,.T.);
#700=FACE_BOUND('',#1698,.T.);
#701=FACE_BOUND('',#1699,.T.);
#702=FACE_BOUND('',#1700,.T.);
#703=FACE_BOUND('',#1701,.T.);
#704=FACE_BOUND('',#1702,.T.);
#705=FACE_BOUND('',#1703,.T.);
#706=FACE_BOUND('',#1779,.T.);
#707=FACE_BOUND('',#1780,.T.);
#708=FACE_BOUND('',#1781,.T.);
#709=FACE_BOUND('',#1782,.T.);
#710=FACE_BOUND('',#1783,.T.);
#711=FACE_BOUND('',#1784,.T.);
#712=FACE_BOUND('',#1785,.T.);
#713=FACE_BOUND('',#1786,.T.);
#714=FACE_BOUND('',#1834,.T.);
#715=FACE_BOUND('',#1835,.T.);
#716=FACE_BOUND('',#1836,.T.);
#717=FACE_BOUND('',#1848,.T.);
#718=FACE_BOUND('',#1851,.T.);
#719=FACE_OUTER_BOUND('',#1275,.T.);
#720=FACE_OUTER_BOUND('',#1276,.T.);
#721=FACE_OUTER_BOUND('',#1277,.T.);
#722=FACE_OUTER_BOUND('',#1278,.T.);
#723=FACE_OUTER_BOUND('',#1279,.T.);
#724=FACE_OUTER_BOUND('',#1280,.T.);
#725=FACE_OUTER_BOUND('',#1281,.T.);
#726=FACE_OUTER_BOUND('',#1282,.T.);
#727=FACE_OUTER_BOUND('',#1283,.T.);
#728=FACE_OUTER_BOUND('',#1284,.T.);
#729=FACE_OUTER_BOUND('',#1285,.T.);
#730=FACE_OUTER_BOUND('',#1286,.T.);
#731=FACE_OUTER_BOUND('',#1287,.T.);
#732=FACE_OUTER_BOUND('',#1288,.T.);
#733=FACE_OUTER_BOUND('',#1289,.T.);
#734=FACE_OUTER_BOUND('',#1291,.T.);
#735=FACE_OUTER_BOUND('',#1292,.T.);
#736=FACE_OUTER_BOUND('',#1293,.T.);
#737=FACE_OUTER_BOUND('',#1294,.T.);
#738=FACE_OUTER_BOUND('',#1295,.T.);
#739=FACE_OUTER_BOUND('',#1296,.T.);
#740=FACE_OUTER_BOUND('',#1297,.T.);
#741=FACE_OUTER_BOUND('',#1298,.T.);
#742=FACE_OUTER_BOUND('',#1299,.T.);
#743=FACE_OUTER_BOUND('',#1300,.T.);
#744=FACE_OUTER_BOUND('',#1301,.T.);
#745=FACE_OUTER_BOUND('',#1302,.T.);
#746=FACE_OUTER_BOUND('',#1303,.T.);
#747=FACE_OUTER_BOUND('',#1304,.T.);
#748=FACE_OUTER_BOUND('',#1305,.T.);
#749=FACE_OUTER_BOUND('',#1306,.T.);
#750=FACE_OUTER_BOUND('',#1307,.T.);
#751=FACE_OUTER_BOUND('',#1308,.T.);
#752=FACE_OUTER_BOUND('',#1309,.T.);
#753=FACE_OUTER_BOUND('',#1310,.T.);
#754=FACE_OUTER_BOUND('',#1311,.T.);
#755=FACE_OUTER_BOUND('',#1312,.T.);
#756=FACE_OUTER_BOUND('',#1313,.T.);
#757=FACE_OUTER_BOUND('',#1314,.T.);
#758=FACE_OUTER_BOUND('',#1315,.T.);
#759=FACE_OUTER_BOUND('',#1316,.T.);
#760=FACE_OUTER_BOUND('',#1317,.T.);
#761=FACE_OUTER_BOUND('',#1318,.T.);
#762=FACE_OUTER_BOUND('',#1319,.T.);
#763=FACE_OUTER_BOUND('',#1320,.T.);
#764=FACE_OUTER_BOUND('',#1321,.T.);
#765=FACE_OUTER_BOUND('',#1322,.T.);
#766=FACE_OUTER_BOUND('',#1323,.T.);
#767=FACE_OUTER_BOUND('',#1325,.T.);
#768=FACE_OUTER_BOUND('',#1326,.T.);
#769=FACE_OUTER_BOUND('',#1327,.T.);
#770=FACE_OUTER_BOUND('',#1328,.T.);
#771=FACE_OUTER_BOUND('',#1329,.T.);
#772=FACE_OUTER_BOUND('',#1330,.T.);
#773=FACE_OUTER_BOUND('',#1331,.T.);
#774=FACE_OUTER_BOUND('',#1332,.T.);
#775=FACE_OUTER_BOUND('',#1333,.T.);
#776=FACE_OUTER_BOUND('',#1334,.T.);
#777=FACE_OUTER_BOUND('',#1335,.T.);
#778=FACE_OUTER_BOUND('',#1336,.T.);
#779=FACE_OUTER_BOUND('',#1337,.T.);
#780=FACE_OUTER_BOUND('',#1339,.T.);
#781=FACE_OUTER_BOUND('',#1340,.T.);
#782=FACE_OUTER_BOUND('',#1341,.T.);
#783=FACE_OUTER_BOUND('',#1342,.T.);
#784=FACE_OUTER_BOUND('',#1343,.T.);
#785=FACE_OUTER_BOUND('',#1344,.T.);
#786=FACE_OUTER_BOUND('',#1345,.T.);
#787=FACE_OUTER_BOUND('',#1346,.T.);
#788=FACE_OUTER_BOUND('',#1347,.T.);
#789=FACE_OUTER_BOUND('',#1348,.T.);
#790=FACE_OUTER_BOUND('',#1349,.T.);
#791=FACE_OUTER_BOUND('',#1350,.T.);
#792=FACE_OUTER_BOUND('',#1351,.T.);
#793=FACE_OUTER_BOUND('',#1352,.T.);
#794=FACE_OUTER_BOUND('',#1353,.T.);
#795=FACE_OUTER_BOUND('',#1354,.T.);
#796=FACE_OUTER_BOUND('',#1355,.T.);
#797=FACE_OUTER_BOUND('',#1356,.T.);
#798=FACE_OUTER_BOUND('',#1357,.T.);
#799=FACE_OUTER_BOUND('',#1358,.T.);
#800=FACE_OUTER_BOUND('',#1359,.T.);
#801=FACE_OUTER_BOUND('',#1360,.T.);
#802=FACE_OUTER_BOUND('',#1361,.T.);
#803=FACE_OUTER_BOUND('',#1362,.T.);
#804=FACE_OUTER_BOUND('',#1363,.T.);
#805=FACE_OUTER_BOUND('',#1364,.T.);
#806=FACE_OUTER_BOUND('',#1365,.T.);
#807=FACE_OUTER_BOUND('',#1366,.T.);
#808=FACE_OUTER_BOUND('',#1367,.T.);
#809=FACE_OUTER_BOUND('',#1368,.T.);
#810=FACE_OUTER_BOUND('',#1369,.T.);
#811=FACE_OUTER_BOUND('',#1370,.T.);
#812=FACE_OUTER_BOUND('',#1371,.T.);
#813=FACE_OUTER_BOUND('',#1372,.T.);
#814=FACE_OUTER_BOUND('',#1373,.T.);
#815=FACE_OUTER_BOUND('',#1374,.T.);
#816=FACE_OUTER_BOUND('',#1375,.T.);
#817=FACE_OUTER_BOUND('',#1376,.T.);
#818=FACE_OUTER_BOUND('',#1377,.T.);
#819=FACE_OUTER_BOUND('',#1378,.T.);
#820=FACE_OUTER_BOUND('',#1379,.T.);
#821=FACE_OUTER_BOUND('',#1380,.T.);
#822=FACE_OUTER_BOUND('',#1381,.T.);
#823=FACE_OUTER_BOUND('',#1382,.T.);
#824=FACE_OUTER_BOUND('',#1383,.T.);
#825=FACE_OUTER_BOUND('',#1384,.T.);
#826=FACE_OUTER_BOUND('',#1385,.T.);
#827=FACE_OUTER_BOUND('',#1386,.T.);
#828=FACE_OUTER_BOUND('',#1387,.T.);
#829=FACE_OUTER_BOUND('',#1388,.T.);
#830=FACE_OUTER_BOUND('',#1389,.T.);
#831=FACE_OUTER_BOUND('',#1390,.T.);
#832=FACE_OUTER_BOUND('',#1391,.T.);
#833=FACE_OUTER_BOUND('',#1392,.T.);
#834=FACE_OUTER_BOUND('',#1393,.T.);
#835=FACE_OUTER_BOUND('',#1394,.T.);
#836=FACE_OUTER_BOUND('',#1395,.T.);
#837=FACE_OUTER_BOUND('',#1396,.T.);
#838=FACE_OUTER_BOUND('',#1397,.T.);
#839=FACE_OUTER_BOUND('',#1398,.T.);
#840=FACE_OUTER_BOUND('',#1399,.T.);
#841=FACE_OUTER_BOUND('',#1400,.T.);
#842=FACE_OUTER_BOUND('',#1401,.T.);
#843=FACE_OUTER_BOUND('',#1402,.T.);
#844=FACE_OUTER_BOUND('',#1403,.T.);
#845=FACE_OUTER_BOUND('',#1404,.T.);
#846=FACE_OUTER_BOUND('',#1405,.T.);
#847=FACE_OUTER_BOUND('',#1406,.T.);
#848=FACE_OUTER_BOUND('',#1407,.T.);
#849=FACE_OUTER_BOUND('',#1408,.T.);
#850=FACE_OUTER_BOUND('',#1409,.T.);
#851=FACE_OUTER_BOUND('',#1410,.T.);
#852=FACE_OUTER_BOUND('',#1411,.T.);
#853=FACE_OUTER_BOUND('',#1412,.T.);
#854=FACE_OUTER_BOUND('',#1413,.T.);
#855=FACE_OUTER_BOUND('',#1414,.T.);
#856=FACE_OUTER_BOUND('',#1415,.T.);
#857=FACE_OUTER_BOUND('',#1416,.T.);
#858=FACE_OUTER_BOUND('',#1417,.T.);
#859=FACE_OUTER_BOUND('',#1418,.T.);
#860=FACE_OUTER_BOUND('',#1419,.T.);
#861=FACE_OUTER_BOUND('',#1420,.T.);
#862=FACE_OUTER_BOUND('',#1421,.T.);
#863=FACE_OUTER_BOUND('',#1422,.T.);
#864=FACE_OUTER_BOUND('',#1424,.T.);
#865=FACE_OUTER_BOUND('',#1425,.T.);
#866=FACE_OUTER_BOUND('',#1426,.T.);
#867=FACE_OUTER_BOUND('',#1427,.T.);
#868=FACE_OUTER_BOUND('',#1428,.T.);
#869=FACE_OUTER_BOUND('',#1429,.T.);
#870=FACE_OUTER_BOUND('',#1430,.T.);
#871=FACE_OUTER_BOUND('',#1431,.T.);
#872=FACE_OUTER_BOUND('',#1432,.T.);
#873=FACE_OUTER_BOUND('',#1433,.T.);
#874=FACE_OUTER_BOUND('',#1434,.T.);
#875=FACE_OUTER_BOUND('',#1435,.T.);
#876=FACE_OUTER_BOUND('',#1436,.T.);
#877=FACE_OUTER_BOUND('',#1437,.T.);
#878=FACE_OUTER_BOUND('',#1438,.T.);
#879=FACE_OUTER_BOUND('',#1439,.T.);
#880=FACE_OUTER_BOUND('',#1440,.T.);
#881=FACE_OUTER_BOUND('',#1441,.T.);
#882=FACE_OUTER_BOUND('',#1442,.T.);
#883=FACE_OUTER_BOUND('',#1443,.T.);
#884=FACE_OUTER_BOUND('',#1444,.T.);
#885=FACE_OUTER_BOUND('',#1445,.T.);
#886=FACE_OUTER_BOUND('',#1446,.T.);
#887=FACE_OUTER_BOUND('',#1448,.T.);
#888=FACE_OUTER_BOUND('',#1449,.T.);
#889=FACE_OUTER_BOUND('',#1450,.T.);
#890=FACE_OUTER_BOUND('',#1451,.T.);
#891=FACE_OUTER_BOUND('',#1452,.T.);
#892=FACE_OUTER_BOUND('',#1453,.T.);
#893=FACE_OUTER_BOUND('',#1454,.T.);
#894=FACE_OUTER_BOUND('',#1455,.T.);
#895=FACE_OUTER_BOUND('',#1456,.T.);
#896=FACE_OUTER_BOUND('',#1457,.T.);
#897=FACE_OUTER_BOUND('',#1458,.T.);
#898=FACE_OUTER_BOUND('',#1459,.T.);
#899=FACE_OUTER_BOUND('',#1460,.T.);
#900=FACE_OUTER_BOUND('',#1461,.T.);
#901=FACE_OUTER_BOUND('',#1462,.T.);
#902=FACE_OUTER_BOUND('',#1463,.T.);
#903=FACE_OUTER_BOUND('',#1464,.T.);
#904=FACE_OUTER_BOUND('',#1465,.T.);
#905=FACE_OUTER_BOUND('',#1466,.T.);
#906=FACE_OUTER_BOUND('',#1467,.T.);
#907=FACE_OUTER_BOUND('',#1468,.T.);
#908=FACE_OUTER_BOUND('',#1469,.T.);
#909=FACE_OUTER_BOUND('',#1470,.T.);
#910=FACE_OUTER_BOUND('',#1471,.T.);
#911=FACE_OUTER_BOUND('',#1472,.T.);
#912=FACE_OUTER_BOUND('',#1473,.T.);
#913=FACE_OUTER_BOUND('',#1474,.T.);
#914=FACE_OUTER_BOUND('',#1475,.T.);
#915=FACE_OUTER_BOUND('',#1476,.T.);
#916=FACE_OUTER_BOUND('',#1477,.T.);
#917=FACE_OUTER_BOUND('',#1478,.T.);
#918=FACE_OUTER_BOUND('',#1479,.T.);
#919=FACE_OUTER_BOUND('',#1480,.T.);
#920=FACE_OUTER_BOUND('',#1481,.T.);
#921=FACE_OUTER_BOUND('',#1482,.T.);
#922=FACE_OUTER_BOUND('',#1483,.T.);
#923=FACE_OUTER_BOUND('',#1484,.T.);
#924=FACE_OUTER_BOUND('',#1485,.T.);
#925=FACE_OUTER_BOUND('',#1486,.T.);
#926=FACE_OUTER_BOUND('',#1487,.T.);
#927=FACE_OUTER_BOUND('',#1488,.T.);
#928=FACE_OUTER_BOUND('',#1489,.T.);
#929=FACE_OUTER_BOUND('',#1490,.T.);
#930=FACE_OUTER_BOUND('',#1491,.T.);
#931=FACE_OUTER_BOUND('',#1492,.T.);
#932=FACE_OUTER_BOUND('',#1493,.T.);
#933=FACE_OUTER_BOUND('',#1494,.T.);
#934=FACE_OUTER_BOUND('',#1495,.T.);
#935=FACE_OUTER_BOUND('',#1496,.T.);
#936=FACE_OUTER_BOUND('',#1497,.T.);
#937=FACE_OUTER_BOUND('',#1498,.T.);
#938=FACE_OUTER_BOUND('',#1499,.T.);
#939=FACE_OUTER_BOUND('',#1500,.T.);
#940=FACE_OUTER_BOUND('',#1501,.T.);
#941=FACE_OUTER_BOUND('',#1502,.T.);
#942=FACE_OUTER_BOUND('',#1503,.T.);
#943=FACE_OUTER_BOUND('',#1504,.T.);
#944=FACE_OUTER_BOUND('',#1505,.T.);
#945=FACE_OUTER_BOUND('',#1506,.T.);
#946=FACE_OUTER_BOUND('',#1507,.T.);
#947=FACE_OUTER_BOUND('',#1508,.T.);
#948=FACE_OUTER_BOUND('',#1509,.T.);
#949=FACE_OUTER_BOUND('',#1510,.T.);
#950=FACE_OUTER_BOUND('',#1511,.T.);
#951=FACE_OUTER_BOUND('',#1512,.T.);
#952=FACE_OUTER_BOUND('',#1513,.T.);
#953=FACE_OUTER_BOUND('',#1514,.T.);
#954=FACE_OUTER_BOUND('',#1515,.T.);
#955=FACE_OUTER_BOUND('',#1516,.T.);
#956=FACE_OUTER_BOUND('',#1517,.T.);
#957=FACE_OUTER_BOUND('',#1518,.T.);
#958=FACE_OUTER_BOUND('',#1519,.T.);
#959=FACE_OUTER_BOUND('',#1520,.T.);
#960=FACE_OUTER_BOUND('',#1521,.T.);
#961=FACE_OUTER_BOUND('',#1522,.T.);
#962=FACE_OUTER_BOUND('',#1523,.T.);
#963=FACE_OUTER_BOUND('',#1524,.T.);
#964=FACE_OUTER_BOUND('',#1525,.T.);
#965=FACE_OUTER_BOUND('',#1526,.T.);
#966=FACE_OUTER_BOUND('',#1527,.T.);
#967=FACE_OUTER_BOUND('',#1528,.T.);
#968=FACE_OUTER_BOUND('',#1529,.T.);
#969=FACE_OUTER_BOUND('',#1530,.T.);
#970=FACE_OUTER_BOUND('',#1531,.T.);
#971=FACE_OUTER_BOUND('',#1532,.T.);
#972=FACE_OUTER_BOUND('',#1533,.T.);
#973=FACE_OUTER_BOUND('',#1534,.T.);
#974=FACE_OUTER_BOUND('',#1535,.T.);
#975=FACE_OUTER_BOUND('',#1536,.T.);
#976=FACE_OUTER_BOUND('',#1537,.T.);
#977=FACE_OUTER_BOUND('',#1538,.T.);
#978=FACE_OUTER_BOUND('',#1539,.T.);
#979=FACE_OUTER_BOUND('',#1540,.T.);
#980=FACE_OUTER_BOUND('',#1541,.T.);
#981=FACE_OUTER_BOUND('',#1542,.T.);
#982=FACE_OUTER_BOUND('',#1543,.T.);
#983=FACE_OUTER_BOUND('',#1544,.T.);
#984=FACE_OUTER_BOUND('',#1545,.T.);
#985=FACE_OUTER_BOUND('',#1546,.T.);
#986=FACE_OUTER_BOUND('',#1547,.T.);
#987=FACE_OUTER_BOUND('',#1548,.T.);
#988=FACE_OUTER_BOUND('',#1549,.T.);
#989=FACE_OUTER_BOUND('',#1550,.T.);
#990=FACE_OUTER_BOUND('',#1551,.T.);
#991=FACE_OUTER_BOUND('',#1552,.T.);
#992=FACE_OUTER_BOUND('',#1553,.T.);
#993=FACE_OUTER_BOUND('',#1554,.T.);
#994=FACE_OUTER_BOUND('',#1555,.T.);
#995=FACE_OUTER_BOUND('',#1556,.T.);
#996=FACE_OUTER_BOUND('',#1557,.T.);
#997=FACE_OUTER_BOUND('',#1558,.T.);
#998=FACE_OUTER_BOUND('',#1559,.T.);
#999=FACE_OUTER_BOUND('',#1560,.T.);
#1000=FACE_OUTER_BOUND('',#1561,.T.);
#1001=FACE_OUTER_BOUND('',#1562,.T.);
#1002=FACE_OUTER_BOUND('',#1563,.T.);
#1003=FACE_OUTER_BOUND('',#1564,.T.);
#1004=FACE_OUTER_BOUND('',#1565,.T.);
#1005=FACE_OUTER_BOUND('',#1566,.T.);
#1006=FACE_OUTER_BOUND('',#1567,.T.);
#1007=FACE_OUTER_BOUND('',#1568,.T.);
#1008=FACE_OUTER_BOUND('',#1569,.T.);
#1009=FACE_OUTER_BOUND('',#1570,.T.);
#1010=FACE_OUTER_BOUND('',#1571,.T.);
#1011=FACE_OUTER_BOUND('',#1572,.T.);
#1012=FACE_OUTER_BOUND('',#1573,.T.);
#1013=FACE_OUTER_BOUND('',#1574,.T.);
#1014=FACE_OUTER_BOUND('',#1575,.T.);
#1015=FACE_OUTER_BOUND('',#1576,.T.);
#1016=FACE_OUTER_BOUND('',#1577,.T.);
#1017=FACE_OUTER_BOUND('',#1578,.T.);
#1018=FACE_OUTER_BOUND('',#1579,.T.);
#1019=FACE_OUTER_BOUND('',#1580,.T.);
#1020=FACE_OUTER_BOUND('',#1581,.T.);
#1021=FACE_OUTER_BOUND('',#1582,.T.);
#1022=FACE_OUTER_BOUND('',#1583,.T.);
#1023=FACE_OUTER_BOUND('',#1584,.T.);
#1024=FACE_OUTER_BOUND('',#1585,.T.);
#1025=FACE_OUTER_BOUND('',#1586,.T.);
#1026=FACE_OUTER_BOUND('',#1587,.T.);
#1027=FACE_OUTER_BOUND('',#1588,.T.);
#1028=FACE_OUTER_BOUND('',#1589,.T.);
#1029=FACE_OUTER_BOUND('',#1590,.T.);
#1030=FACE_OUTER_BOUND('',#1591,.T.);
#1031=FACE_OUTER_BOUND('',#1592,.T.);
#1032=FACE_OUTER_BOUND('',#1593,.T.);
#1033=FACE_OUTER_BOUND('',#1594,.T.);
#1034=FACE_OUTER_BOUND('',#1595,.T.);
#1035=FACE_OUTER_BOUND('',#1596,.T.);
#1036=FACE_OUTER_BOUND('',#1597,.T.);
#1037=FACE_OUTER_BOUND('',#1598,.T.);
#1038=FACE_OUTER_BOUND('',#1599,.T.);
#1039=FACE_OUTER_BOUND('',#1600,.T.);
#1040=FACE_OUTER_BOUND('',#1601,.T.);
#1041=FACE_OUTER_BOUND('',#1602,.T.);
#1042=FACE_OUTER_BOUND('',#1603,.T.);
#1043=FACE_OUTER_BOUND('',#1604,.T.);
#1044=FACE_OUTER_BOUND('',#1605,.T.);
#1045=FACE_OUTER_BOUND('',#1606,.T.);
#1046=FACE_OUTER_BOUND('',#1607,.T.);
#1047=FACE_OUTER_BOUND('',#1608,.T.);
#1048=FACE_OUTER_BOUND('',#1609,.T.);
#1049=FACE_OUTER_BOUND('',#1610,.T.);
#1050=FACE_OUTER_BOUND('',#1611,.T.);
#1051=FACE_OUTER_BOUND('',#1612,.T.);
#1052=FACE_OUTER_BOUND('',#1613,.T.);
#1053=FACE_OUTER_BOUND('',#1615,.T.);
#1054=FACE_OUTER_BOUND('',#1616,.T.);
#1055=FACE_OUTER_BOUND('',#1617,.T.);
#1056=FACE_OUTER_BOUND('',#1618,.T.);
#1057=FACE_OUTER_BOUND('',#1619,.T.);
#1058=FACE_OUTER_BOUND('',#1620,.T.);
#1059=FACE_OUTER_BOUND('',#1646,.T.);
#1060=FACE_OUTER_BOUND('',#1647,.T.);
#1061=FACE_OUTER_BOUND('',#1648,.T.);
#1062=FACE_OUTER_BOUND('',#1649,.T.);
#1063=FACE_OUTER_BOUND('',#1650,.T.);
#1064=FACE_OUTER_BOUND('',#1651,.T.);
#1065=FACE_OUTER_BOUND('',#1652,.T.);
#1066=FACE_OUTER_BOUND('',#1653,.T.);
#1067=FACE_OUTER_BOUND('',#1654,.T.);
#1068=FACE_OUTER_BOUND('',#1655,.T.);
#1069=FACE_OUTER_BOUND('',#1656,.T.);
#1070=FACE_OUTER_BOUND('',#1657,.T.);
#1071=FACE_OUTER_BOUND('',#1658,.T.);
#1072=FACE_OUTER_BOUND('',#1659,.T.);
#1073=FACE_OUTER_BOUND('',#1660,.T.);
#1074=FACE_OUTER_BOUND('',#1661,.T.);
#1075=FACE_OUTER_BOUND('',#1662,.T.);
#1076=FACE_OUTER_BOUND('',#1663,.T.);
#1077=FACE_OUTER_BOUND('',#1664,.T.);
#1078=FACE_OUTER_BOUND('',#1665,.T.);
#1079=FACE_OUTER_BOUND('',#1666,.T.);
#1080=FACE_OUTER_BOUND('',#1667,.T.);
#1081=FACE_OUTER_BOUND('',#1668,.T.);
#1082=FACE_OUTER_BOUND('',#1669,.T.);
#1083=FACE_OUTER_BOUND('',#1670,.T.);
#1084=FACE_OUTER_BOUND('',#1672,.T.);
#1085=FACE_OUTER_BOUND('',#1673,.T.);
#1086=FACE_OUTER_BOUND('',#1674,.T.);
#1087=FACE_OUTER_BOUND('',#1675,.T.);
#1088=FACE_OUTER_BOUND('',#1677,.T.);
#1089=FACE_OUTER_BOUND('',#1678,.T.);
#1090=FACE_OUTER_BOUND('',#1679,.T.);
#1091=FACE_OUTER_BOUND('',#1680,.T.);
#1092=FACE_OUTER_BOUND('',#1681,.T.);
#1093=FACE_OUTER_BOUND('',#1682,.T.);
#1094=FACE_OUTER_BOUND('',#1683,.T.);
#1095=FACE_OUTER_BOUND('',#1684,.T.);
#1096=FACE_OUTER_BOUND('',#1685,.T.);
#1097=FACE_OUTER_BOUND('',#1686,.T.);
#1098=FACE_OUTER_BOUND('',#1687,.T.);
#1099=FACE_OUTER_BOUND('',#1688,.T.);
#1100=FACE_OUTER_BOUND('',#1689,.T.);
#1101=FACE_OUTER_BOUND('',#1690,.T.);
#1102=FACE_OUTER_BOUND('',#1691,.T.);
#1103=FACE_OUTER_BOUND('',#1692,.T.);
#1104=FACE_OUTER_BOUND('',#1693,.T.);
#1105=FACE_OUTER_BOUND('',#1694,.T.);
#1106=FACE_OUTER_BOUND('',#1695,.T.);
#1107=FACE_OUTER_BOUND('',#1704,.T.);
#1108=FACE_OUTER_BOUND('',#1705,.T.);
#1109=FACE_OUTER_BOUND('',#1706,.T.);
#1110=FACE_OUTER_BOUND('',#1707,.T.);
#1111=FACE_OUTER_BOUND('',#1708,.T.);
#1112=FACE_OUTER_BOUND('',#1709,.T.);
#1113=FACE_OUTER_BOUND('',#1710,.T.);
#1114=FACE_OUTER_BOUND('',#1711,.T.);
#1115=FACE_OUTER_BOUND('',#1712,.T.);
#1116=FACE_OUTER_BOUND('',#1713,.T.);
#1117=FACE_OUTER_BOUND('',#1714,.T.);
#1118=FACE_OUTER_BOUND('',#1715,.T.);
#1119=FACE_OUTER_BOUND('',#1716,.T.);
#1120=FACE_OUTER_BOUND('',#1717,.T.);
#1121=FACE_OUTER_BOUND('',#1718,.T.);
#1122=FACE_OUTER_BOUND('',#1719,.T.);
#1123=FACE_OUTER_BOUND('',#1720,.T.);
#1124=FACE_OUTER_BOUND('',#1721,.T.);
#1125=FACE_OUTER_BOUND('',#1722,.T.);
#1126=FACE_OUTER_BOUND('',#1723,.T.);
#1127=FACE_OUTER_BOUND('',#1724,.T.);
#1128=FACE_OUTER_BOUND('',#1725,.T.);
#1129=FACE_OUTER_BOUND('',#1726,.T.);
#1130=FACE_OUTER_BOUND('',#1727,.T.);
#1131=FACE_OUTER_BOUND('',#1728,.T.);
#1132=FACE_OUTER_BOUND('',#1729,.T.);
#1133=FACE_OUTER_BOUND('',#1730,.T.);
#1134=FACE_OUTER_BOUND('',#1731,.T.);
#1135=FACE_OUTER_BOUND('',#1732,.T.);
#1136=FACE_OUTER_BOUND('',#1733,.T.);
#1137=FACE_OUTER_BOUND('',#1734,.T.);
#1138=FACE_OUTER_BOUND('',#1735,.T.);
#1139=FACE_OUTER_BOUND('',#1736,.T.);
#1140=FACE_OUTER_BOUND('',#1737,.T.);
#1141=FACE_OUTER_BOUND('',#1738,.T.);
#1142=FACE_OUTER_BOUND('',#1739,.T.);
#1143=FACE_OUTER_BOUND('',#1740,.T.);
#1144=FACE_OUTER_BOUND('',#1741,.T.);
#1145=FACE_OUTER_BOUND('',#1742,.T.);
#1146=FACE_OUTER_BOUND('',#1743,.T.);
#1147=FACE_OUTER_BOUND('',#1744,.T.);
#1148=FACE_OUTER_BOUND('',#1745,.T.);
#1149=FACE_OUTER_BOUND('',#1746,.T.);
#1150=FACE_OUTER_BOUND('',#1747,.T.);
#1151=FACE_OUTER_BOUND('',#1748,.T.);
#1152=FACE_OUTER_BOUND('',#1749,.T.);
#1153=FACE_OUTER_BOUND('',#1750,.T.);
#1154=FACE_OUTER_BOUND('',#1751,.T.);
#1155=FACE_OUTER_BOUND('',#1752,.T.);
#1156=FACE_OUTER_BOUND('',#1753,.T.);
#1157=FACE_OUTER_BOUND('',#1754,.T.);
#1158=FACE_OUTER_BOUND('',#1755,.T.);
#1159=FACE_OUTER_BOUND('',#1756,.T.);
#1160=FACE_OUTER_BOUND('',#1757,.T.);
#1161=FACE_OUTER_BOUND('',#1758,.T.);
#1162=FACE_OUTER_BOUND('',#1759,.T.);
#1163=FACE_OUTER_BOUND('',#1760,.T.);
#1164=FACE_OUTER_BOUND('',#1761,.T.);
#1165=FACE_OUTER_BOUND('',#1762,.T.);
#1166=FACE_OUTER_BOUND('',#1763,.T.);
#1167=FACE_OUTER_BOUND('',#1764,.T.);
#1168=FACE_OUTER_BOUND('',#1765,.T.);
#1169=FACE_OUTER_BOUND('',#1766,.T.);
#1170=FACE_OUTER_BOUND('',#1767,.T.);
#1171=FACE_OUTER_BOUND('',#1768,.T.);
#1172=FACE_OUTER_BOUND('',#1769,.T.);
#1173=FACE_OUTER_BOUND('',#1770,.T.);
#1174=FACE_OUTER_BOUND('',#1771,.T.);
#1175=FACE_OUTER_BOUND('',#1772,.T.);
#1176=FACE_OUTER_BOUND('',#1773,.T.);
#1177=FACE_OUTER_BOUND('',#1774,.T.);
#1178=FACE_OUTER_BOUND('',#1775,.T.);
#1179=FACE_OUTER_BOUND('',#1776,.T.);
#1180=FACE_OUTER_BOUND('',#1777,.T.);
#1181=FACE_OUTER_BOUND('',#1778,.T.);
#1182=FACE_OUTER_BOUND('',#1787,.T.);
#1183=FACE_OUTER_BOUND('',#1788,.T.);
#1184=FACE_OUTER_BOUND('',#1789,.T.);
#1185=FACE_OUTER_BOUND('',#1790,.T.);
#1186=FACE_OUTER_BOUND('',#1791,.T.);
#1187=FACE_OUTER_BOUND('',#1792,.T.);
#1188=FACE_OUTER_BOUND('',#1793,.T.);
#1189=FACE_OUTER_BOUND('',#1794,.T.);
#1190=FACE_OUTER_BOUND('',#1795,.T.);
#1191=FACE_OUTER_BOUND('',#1796,.T.);
#1192=FACE_OUTER_BOUND('',#1797,.T.);
#1193=FACE_OUTER_BOUND('',#1798,.T.);
#1194=FACE_OUTER_BOUND('',#1799,.T.);
#1195=FACE_OUTER_BOUND('',#1800,.T.);
#1196=FACE_OUTER_BOUND('',#1801,.T.);
#1197=FACE_OUTER_BOUND('',#1802,.T.);
#1198=FACE_OUTER_BOUND('',#1803,.T.);
#1199=FACE_OUTER_BOUND('',#1804,.T.);
#1200=FACE_OUTER_BOUND('',#1805,.T.);
#1201=FACE_OUTER_BOUND('',#1806,.T.);
#1202=FACE_OUTER_BOUND('',#1807,.T.);
#1203=FACE_OUTER_BOUND('',#1808,.T.);
#1204=FACE_OUTER_BOUND('',#1809,.T.);
#1205=FACE_OUTER_BOUND('',#1810,.T.);
#1206=FACE_OUTER_BOUND('',#1811,.T.);
#1207=FACE_OUTER_BOUND('',#1812,.T.);
#1208=FACE_OUTER_BOUND('',#1813,.T.);
#1209=FACE_OUTER_BOUND('',#1814,.T.);
#1210=FACE_OUTER_BOUND('',#1815,.T.);
#1211=FACE_OUTER_BOUND('',#1816,.T.);
#1212=FACE_OUTER_BOUND('',#1817,.T.);
#1213=FACE_OUTER_BOUND('',#1818,.T.);
#1214=FACE_OUTER_BOUND('',#1819,.T.);
#1215=FACE_OUTER_BOUND('',#1820,.T.);
#1216=FACE_OUTER_BOUND('',#1821,.T.);
#1217=FACE_OUTER_BOUND('',#1822,.T.);
#1218=FACE_OUTER_BOUND('',#1823,.T.);
#1219=FACE_OUTER_BOUND('',#1824,.T.);
#1220=FACE_OUTER_BOUND('',#1825,.T.);
#1221=FACE_OUTER_BOUND('',#1826,.T.);
#1222=FACE_OUTER_BOUND('',#1827,.T.);
#1223=FACE_OUTER_BOUND('',#1828,.T.);
#1224=FACE_OUTER_BOUND('',#1829,.T.);
#1225=FACE_OUTER_BOUND('',#1830,.T.);
#1226=FACE_OUTER_BOUND('',#1831,.T.);
#1227=FACE_OUTER_BOUND('',#1832,.T.);
#1228=FACE_OUTER_BOUND('',#1833,.T.);
#1229=FACE_OUTER_BOUND('',#1837,.T.);
#1230=FACE_OUTER_BOUND('',#1838,.T.);
#1231=FACE_OUTER_BOUND('',#1839,.T.);
#1232=FACE_OUTER_BOUND('',#1840,.T.);
#1233=FACE_OUTER_BOUND('',#1841,.T.);
#1234=FACE_OUTER_BOUND('',#1842,.T.);
#1235=FACE_OUTER_BOUND('',#1843,.T.);
#1236=FACE_OUTER_BOUND('',#1844,.T.);
#1237=FACE_OUTER_BOUND('',#1845,.T.);
#1238=FACE_OUTER_BOUND('',#1846,.T.);
#1239=FACE_OUTER_BOUND('',#1847,.T.);
#1240=FACE_OUTER_BOUND('',#1849,.T.);
#1241=FACE_OUTER_BOUND('',#1850,.T.);
#1242=FACE_OUTER_BOUND('',#1852,.T.);
#1243=FACE_OUTER_BOUND('',#1853,.T.);
#1244=FACE_OUTER_BOUND('',#1854,.T.);
#1245=FACE_OUTER_BOUND('',#1855,.T.);
#1246=FACE_OUTER_BOUND('',#1856,.T.);
#1247=FACE_OUTER_BOUND('',#1857,.T.);
#1248=FACE_OUTER_BOUND('',#1858,.T.);
#1249=FACE_OUTER_BOUND('',#1859,.T.);
#1250=FACE_OUTER_BOUND('',#1860,.T.);
#1251=FACE_OUTER_BOUND('',#1861,.T.);
#1252=FACE_OUTER_BOUND('',#1862,.T.);
#1253=FACE_OUTER_BOUND('',#1863,.T.);
#1254=FACE_OUTER_BOUND('',#1864,.T.);
#1255=FACE_OUTER_BOUND('',#1865,.T.);
#1256=FACE_OUTER_BOUND('',#1866,.T.);
#1257=FACE_OUTER_BOUND('',#1867,.T.);
#1258=FACE_OUTER_BOUND('',#1868,.T.);
#1259=FACE_OUTER_BOUND('',#1869,.T.);
#1260=FACE_OUTER_BOUND('',#1870,.T.);
#1261=FACE_OUTER_BOUND('',#1871,.T.);
#1262=FACE_OUTER_BOUND('',#1872,.T.);
#1263=FACE_OUTER_BOUND('',#1873,.T.);
#1264=FACE_OUTER_BOUND('',#1874,.T.);
#1265=FACE_OUTER_BOUND('',#1875,.T.);
#1266=FACE_OUTER_BOUND('',#1876,.T.);
#1267=FACE_OUTER_BOUND('',#1877,.T.);
#1268=FACE_OUTER_BOUND('',#1878,.T.);
#1269=FACE_OUTER_BOUND('',#1879,.T.);
#1270=FACE_OUTER_BOUND('',#1880,.T.);
#1271=FACE_OUTER_BOUND('',#1881,.T.);
#1272=FACE_OUTER_BOUND('',#1882,.T.);
#1273=FACE_OUTER_BOUND('',#1883,.T.);
#1274=FACE_OUTER_BOUND('',#1884,.T.);
#1275=EDGE_LOOP('',(#6645,#6646,#6647,#6648));
#1276=EDGE_LOOP('',(#6649,#6650,#6651,#6652));
#1277=EDGE_LOOP('',(#6653,#6654,#6655,#6656));
#1278=EDGE_LOOP('',(#6657,#6658,#6659,#6660));
#1279=EDGE_LOOP('',(#6661,#6662,#6663,#6664));
#1280=EDGE_LOOP('',(#6665,#6666,#6667,#6668));
#1281=EDGE_LOOP('',(#6669,#6670,#6671,#6672));
#1282=EDGE_LOOP('',(#6673,#6674,#6675,#6676));
#1283=EDGE_LOOP('',(#6677,#6678,#6679,#6680));
#1284=EDGE_LOOP('',(#6681,#6682,#6683,#6684));
#1285=EDGE_LOOP('',(#6685,#6686,#6687,#6688));
#1286=EDGE_LOOP('',(#6689,#6690,#6691,#6692));
#1287=EDGE_LOOP('',(#6693,#6694,#6695,#6696));
#1288=EDGE_LOOP('',(#6697,#6698,#6699,#6700));
#1289=EDGE_LOOP('',(#6701,#6702,#6703,#6704,#6705,#6706,#6707,#6708,#6709,
#6710,#6711));
#1290=EDGE_LOOP('',(#6712,#6713,#6714));
#1291=EDGE_LOOP('',(#6715,#6716,#6717,#6718));
#1292=EDGE_LOOP('',(#6719,#6720,#6721,#6722));
#1293=EDGE_LOOP('',(#6723,#6724,#6725,#6726));
#1294=EDGE_LOOP('',(#6727,#6728,#6729,#6730));
#1295=EDGE_LOOP('',(#6731,#6732,#6733,#6734));
#1296=EDGE_LOOP('',(#6735,#6736,#6737,#6738));
#1297=EDGE_LOOP('',(#6739,#6740,#6741,#6742));
#1298=EDGE_LOOP('',(#6743,#6744,#6745,#6746));
#1299=EDGE_LOOP('',(#6747,#6748,#6749,#6750));
#1300=EDGE_LOOP('',(#6751,#6752,#6753,#6754));
#1301=EDGE_LOOP('',(#6755,#6756,#6757,#6758));
#1302=EDGE_LOOP('',(#6759,#6760,#6761,#6762));
#1303=EDGE_LOOP('',(#6763,#6764,#6765,#6766));
#1304=EDGE_LOOP('',(#6767,#6768,#6769,#6770));
#1305=EDGE_LOOP('',(#6771,#6772,#6773,#6774));
#1306=EDGE_LOOP('',(#6775,#6776,#6777,#6778));
#1307=EDGE_LOOP('',(#6779,#6780,#6781,#6782));
#1308=EDGE_LOOP('',(#6783,#6784,#6785,#6786,#6787,#6788,#6789,#6790,#6791,
#6792,#6793,#6794,#6795,#6796,#6797,#6798,#6799));
#1309=EDGE_LOOP('',(#6800,#6801,#6802,#6803));
#1310=EDGE_LOOP('',(#6804,#6805,#6806,#6807));
#1311=EDGE_LOOP('',(#6808,#6809,#6810,#6811));
#1312=EDGE_LOOP('',(#6812,#6813,#6814,#6815));
#1313=EDGE_LOOP('',(#6816,#6817,#6818,#6819));
#1314=EDGE_LOOP('',(#6820,#6821,#6822,#6823));
#1315=EDGE_LOOP('',(#6824,#6825,#6826,#6827));
#1316=EDGE_LOOP('',(#6828,#6829,#6830,#6831));
#1317=EDGE_LOOP('',(#6832,#6833,#6834,#6835));
#1318=EDGE_LOOP('',(#6836,#6837,#6838,#6839));
#1319=EDGE_LOOP('',(#6840,#6841,#6842,#6843));
#1320=EDGE_LOOP('',(#6844,#6845,#6846,#6847));
#1321=EDGE_LOOP('',(#6848,#6849,#6850,#6851));
#1322=EDGE_LOOP('',(#6852,#6853,#6854,#6855));
#1323=EDGE_LOOP('',(#6856,#6857,#6858,#6859,#6860,#6861,#6862,#6863,#6864,
#6865,#6866));
#1324=EDGE_LOOP('',(#6867,#6868,#6869));
#1325=EDGE_LOOP('',(#6870,#6871,#6872,#6873));
#1326=EDGE_LOOP('',(#6874,#6875,#6876,#6877));
#1327=EDGE_LOOP('',(#6878,#6879,#6880,#6881));
#1328=EDGE_LOOP('',(#6882,#6883,#6884,#6885));
#1329=EDGE_LOOP('',(#6886,#6887,#6888,#6889));
#1330=EDGE_LOOP('',(#6890,#6891,#6892,#6893));
#1331=EDGE_LOOP('',(#6894,#6895,#6896,#6897));
#1332=EDGE_LOOP('',(#6898,#6899,#6900,#6901));
#1333=EDGE_LOOP('',(#6902,#6903,#6904,#6905));
#1334=EDGE_LOOP('',(#6906,#6907,#6908,#6909));
#1335=EDGE_LOOP('',(#6910,#6911,#6912,#6913));
#1336=EDGE_LOOP('',(#6914,#6915,#6916,#6917));
#1337=EDGE_LOOP('',(#6918,#6919,#6920,#6921));
#1338=EDGE_LOOP('',(#6922,#6923,#6924,#6925,#6926,#6927,#6928,#6929));
#1339=EDGE_LOOP('',(#6930,#6931,#6932,#6933));
#1340=EDGE_LOOP('',(#6934,#6935,#6936,#6937));
#1341=EDGE_LOOP('',(#6938,#6939,#6940,#6941));
#1342=EDGE_LOOP('',(#6942,#6943,#6944,#6945));
#1343=EDGE_LOOP('',(#6946,#6947,#6948,#6949));
#1344=EDGE_LOOP('',(#6950,#6951,#6952,#6953));
#1345=EDGE_LOOP('',(#6954,#6955,#6956,#6957));
#1346=EDGE_LOOP('',(#6958,#6959,#6960,#6961));
#1347=EDGE_LOOP('',(#6962,#6963,#6964,#6965));
#1348=EDGE_LOOP('',(#6966,#6967,#6968,#6969));
#1349=EDGE_LOOP('',(#6970,#6971,#6972,#6973));
#1350=EDGE_LOOP('',(#6974,#6975,#6976,#6977));
#1351=EDGE_LOOP('',(#6978,#6979,#6980,#6981));
#1352=EDGE_LOOP('',(#6982,#6983,#6984,#6985));
#1353=EDGE_LOOP('',(#6986,#6987,#6988,#6989));
#1354=EDGE_LOOP('',(#6990,#6991,#6992,#6993));
#1355=EDGE_LOOP('',(#6994,#6995,#6996,#6997));
#1356=EDGE_LOOP('',(#6998,#6999,#7000,#7001));
#1357=EDGE_LOOP('',(#7002,#7003,#7004,#7005));
#1358=EDGE_LOOP('',(#7006,#7007,#7008,#7009));
#1359=EDGE_LOOP('',(#7010,#7011,#7012,#7013,#7014,#7015,#7016,#7017,#7018,
#7019,#7020,#7021,#7022,#7023,#7024,#7025,#7026,#7027,#7028,#7029));
#1360=EDGE_LOOP('',(#7030,#7031,#7032,#7033));
#1361=EDGE_LOOP('',(#7034,#7035,#7036,#7037));
#1362=EDGE_LOOP('',(#7038,#7039,#7040,#7041));
#1363=EDGE_LOOP('',(#7042,#7043,#7044,#7045));
#1364=EDGE_LOOP('',(#7046,#7047,#7048,#7049));
#1365=EDGE_LOOP('',(#7050,#7051,#7052,#7053));
#1366=EDGE_LOOP('',(#7054,#7055,#7056,#7057));
#1367=EDGE_LOOP('',(#7058,#7059,#7060,#7061));
#1368=EDGE_LOOP('',(#7062,#7063,#7064,#7065,#7066,#7067,#7068,#7069));
#1369=EDGE_LOOP('',(#7070,#7071,#7072,#7073));
#1370=EDGE_LOOP('',(#7074,#7075,#7076,#7077));
#1371=EDGE_LOOP('',(#7078,#7079,#7080,#7081));
#1372=EDGE_LOOP('',(#7082,#7083,#7084,#7085));
#1373=EDGE_LOOP('',(#7086,#7087,#7088,#7089));
#1374=EDGE_LOOP('',(#7090,#7091,#7092,#7093));
#1375=EDGE_LOOP('',(#7094,#7095,#7096,#7097));
#1376=EDGE_LOOP('',(#7098,#7099,#7100,#7101));
#1377=EDGE_LOOP('',(#7102,#7103,#7104,#7105));
#1378=EDGE_LOOP('',(#7106,#7107,#7108,#7109));
#1379=EDGE_LOOP('',(#7110,#7111,#7112,#7113));
#1380=EDGE_LOOP('',(#7114,#7115,#7116,#7117));
#1381=EDGE_LOOP('',(#7118,#7119,#7120,#7121,#7122,#7123,#7124));
#1382=EDGE_LOOP('',(#7125,#7126,#7127,#7128));
#1383=EDGE_LOOP('',(#7129,#7130,#7131,#7132));
#1384=EDGE_LOOP('',(#7133,#7134,#7135,#7136));
#1385=EDGE_LOOP('',(#7137,#7138,#7139,#7140));
#1386=EDGE_LOOP('',(#7141,#7142,#7143,#7144));
#1387=EDGE_LOOP('',(#7145,#7146,#7147,#7148));
#1388=EDGE_LOOP('',(#7149,#7150,#7151,#7152));
#1389=EDGE_LOOP('',(#7153,#7154,#7155,#7156));
#1390=EDGE_LOOP('',(#7157,#7158,#7159,#7160));
#1391=EDGE_LOOP('',(#7161,#7162,#7163,#7164));
#1392=EDGE_LOOP('',(#7165,#7166,#7167,#7168));
#1393=EDGE_LOOP('',(#7169,#7170,#7171,#7172));
#1394=EDGE_LOOP('',(#7173,#7174,#7175,#7176));
#1395=EDGE_LOOP('',(#7177,#7178,#7179,#7180));
#1396=EDGE_LOOP('',(#7181,#7182,#7183,#7184));
#1397=EDGE_LOOP('',(#7185,#7186,#7187,#7188));
#1398=EDGE_LOOP('',(#7189,#7190,#7191,#7192));
#1399=EDGE_LOOP('',(#7193,#7194,#7195,#7196));
#1400=EDGE_LOOP('',(#7197,#7198,#7199,#7200));
#1401=EDGE_LOOP('',(#7201,#7202,#7203,#7204));
#1402=EDGE_LOOP('',(#7205,#7206,#7207,#7208));
#1403=EDGE_LOOP('',(#7209,#7210,#7211,#7212,#7213,#7214,#7215,#7216,#7217,
#7218,#7219,#7220,#7221,#7222,#7223,#7224));
#1404=EDGE_LOOP('',(#7225,#7226,#7227,#7228));
#1405=EDGE_LOOP('',(#7229,#7230,#7231,#7232));
#1406=EDGE_LOOP('',(#7233,#7234,#7235,#7236));
#1407=EDGE_LOOP('',(#7237,#7238,#7239,#7240));
#1408=EDGE_LOOP('',(#7241,#7242,#7243,#7244));
#1409=EDGE_LOOP('',(#7245,#7246,#7247,#7248));
#1410=EDGE_LOOP('',(#7249,#7250,#7251,#7252));
#1411=EDGE_LOOP('',(#7253,#7254,#7255,#7256));
#1412=EDGE_LOOP('',(#7257,#7258,#7259,#7260));
#1413=EDGE_LOOP('',(#7261,#7262,#7263,#7264));
#1414=EDGE_LOOP('',(#7265,#7266,#7267,#7268));
#1415=EDGE_LOOP('',(#7269,#7270,#7271,#7272));
#1416=EDGE_LOOP('',(#7273,#7274,#7275,#7276));
#1417=EDGE_LOOP('',(#7277,#7278,#7279,#7280));
#1418=EDGE_LOOP('',(#7281,#7282,#7283,#7284));
#1419=EDGE_LOOP('',(#7285,#7286,#7287,#7288));
#1420=EDGE_LOOP('',(#7289,#7290,#7291,#7292));
#1421=EDGE_LOOP('',(#7293,#7294,#7295,#7296));
#1422=EDGE_LOOP('',(#7297,#7298,#7299,#7300,#7301,#7302,#7303,#7304,#7305,
#7306,#7307,#7308,#7309));
#1423=EDGE_LOOP('',(#7310,#7311,#7312,#7313,#7314));
#1424=EDGE_LOOP('',(#7315,#7316,#7317,#7318));
#1425=EDGE_LOOP('',(#7319,#7320,#7321,#7322));
#1426=EDGE_LOOP('',(#7323,#7324,#7325,#7326));
#1427=EDGE_LOOP('',(#7327,#7328,#7329,#7330));
#1428=EDGE_LOOP('',(#7331,#7332,#7333,#7334));
#1429=EDGE_LOOP('',(#7335,#7336,#7337,#7338));
#1430=EDGE_LOOP('',(#7339,#7340,#7341,#7342));
#1431=EDGE_LOOP('',(#7343,#7344,#7345,#7346));
#1432=EDGE_LOOP('',(#7347,#7348,#7349,#7350));
#1433=EDGE_LOOP('',(#7351,#7352,#7353,#7354));
#1434=EDGE_LOOP('',(#7355,#7356,#7357,#7358));
#1435=EDGE_LOOP('',(#7359,#7360,#7361,#7362));
#1436=EDGE_LOOP('',(#7363,#7364,#7365,#7366));
#1437=EDGE_LOOP('',(#7367,#7368,#7369,#7370,#7371,#7372,#7373,#7374,#7375,
#7376,#7377,#7378,#7379));
#1438=EDGE_LOOP('',(#7380,#7381,#7382,#7383));
#1439=EDGE_LOOP('',(#7384,#7385,#7386,#7387));
#1440=EDGE_LOOP('',(#7388,#7389,#7390,#7391));
#1441=EDGE_LOOP('',(#7392,#7393,#7394,#7395));
#1442=EDGE_LOOP('',(#7396,#7397,#7398,#7399));
#1443=EDGE_LOOP('',(#7400,#7401,#7402,#7403));
#1444=EDGE_LOOP('',(#7404,#7405,#7406,#7407));
#1445=EDGE_LOOP('',(#7408,#7409,#7410,#7411));
#1446=EDGE_LOOP('',(#7412,#7413,#7414,#7415));
#1447=EDGE_LOOP('',(#7416,#7417,#7418,#7419));
#1448=EDGE_LOOP('',(#7420,#7421,#7422,#7423));
#1449=EDGE_LOOP('',(#7424,#7425,#7426,#7427));
#1450=EDGE_LOOP('',(#7428,#7429,#7430,#7431));
#1451=EDGE_LOOP('',(#7432,#7433,#7434,#7435));
#1452=EDGE_LOOP('',(#7436,#7437,#7438,#7439));
#1453=EDGE_LOOP('',(#7440,#7441,#7442,#7443));
#1454=EDGE_LOOP('',(#7444,#7445,#7446,#7447));
#1455=EDGE_LOOP('',(#7448,#7449,#7450,#7451));
#1456=EDGE_LOOP('',(#7452,#7453,#7454,#7455));
#1457=EDGE_LOOP('',(#7456,#7457,#7458,#7459));
#1458=EDGE_LOOP('',(#7460,#7461,#7462,#7463));
#1459=EDGE_LOOP('',(#7464,#7465,#7466,#7467));
#1460=EDGE_LOOP('',(#7468,#7469,#7470,#7471,#7472,#7473,#7474,#7475,#7476,
#7477,#7478,#7479));
#1461=EDGE_LOOP('',(#7480,#7481,#7482,#7483));
#1462=EDGE_LOOP('',(#7484,#7485,#7486,#7487));
#1463=EDGE_LOOP('',(#7488,#7489,#7490,#7491));
#1464=EDGE_LOOP('',(#7492,#7493,#7494,#7495));
#1465=EDGE_LOOP('',(#7496,#7497,#7498,#7499));
#1466=EDGE_LOOP('',(#7500,#7501,#7502,#7503));
#1467=EDGE_LOOP('',(#7504,#7505,#7506,#7507));
#1468=EDGE_LOOP('',(#7508,#7509,#7510,#7511));
#1469=EDGE_LOOP('',(#7512,#7513,#7514,#7515,#7516,#7517,#7518,#7519));
#1470=EDGE_LOOP('',(#7520,#7521,#7522,#7523));
#1471=EDGE_LOOP('',(#7524,#7525,#7526,#7527));
#1472=EDGE_LOOP('',(#7528,#7529,#7530,#7531));
#1473=EDGE_LOOP('',(#7532,#7533,#7534,#7535));
#1474=EDGE_LOOP('',(#7536,#7537,#7538,#7539));
#1475=EDGE_LOOP('',(#7540,#7541,#7542,#7543));
#1476=EDGE_LOOP('',(#7544,#7545,#7546,#7547));
#1477=EDGE_LOOP('',(#7548,#7549,#7550,#7551));
#1478=EDGE_LOOP('',(#7552,#7553,#7554,#7555));
#1479=EDGE_LOOP('',(#7556,#7557,#7558,#7559));
#1480=EDGE_LOOP('',(#7560,#7561,#7562,#7563));
#1481=EDGE_LOOP('',(#7564,#7565,#7566,#7567));
#1482=EDGE_LOOP('',(#7568,#7569,#7570,#7571));
#1483=EDGE_LOOP('',(#7572,#7573,#7574,#7575));
#1484=EDGE_LOOP('',(#7576,#7577,#7578,#7579));
#1485=EDGE_LOOP('',(#7580,#7581,#7582,#7583));
#1486=EDGE_LOOP('',(#7584,#7585,#7586,#7587));
#1487=EDGE_LOOP('',(#7588,#7589,#7590,#7591));
#1488=EDGE_LOOP('',(#7592,#7593,#7594,#7595));
#1489=EDGE_LOOP('',(#7596,#7597,#7598,#7599));
#1490=EDGE_LOOP('',(#7600,#7601,#7602,#7603,#7604,#7605,#7606,#7607,#7608,
#7609,#7610,#7611,#7612,#7613,#7614,#7615,#7616,#7617,#7618,#7619));
#1491=EDGE_LOOP('',(#7620,#7621,#7622,#7623));
#1492=EDGE_LOOP('',(#7624,#7625,#7626,#7627));
#1493=EDGE_LOOP('',(#7628,#7629,#7630,#7631));
#1494=EDGE_LOOP('',(#7632,#7633,#7634,#7635));
#1495=EDGE_LOOP('',(#7636,#7637,#7638,#7639));
#1496=EDGE_LOOP('',(#7640,#7641,#7642,#7643));
#1497=EDGE_LOOP('',(#7644,#7645,#7646,#7647));
#1498=EDGE_LOOP('',(#7648,#7649,#7650,#7651));
#1499=EDGE_LOOP('',(#7652,#7653,#7654,#7655));
#1500=EDGE_LOOP('',(#7656,#7657,#7658,#7659));
#1501=EDGE_LOOP('',(#7660,#7661,#7662,#7663));
#1502=EDGE_LOOP('',(#7664,#7665,#7666,#7667));
#1503=EDGE_LOOP('',(#7668,#7669,#7670,#7671));
#1504=EDGE_LOOP('',(#7672,#7673,#7674,#7675,#7676,#7677,#7678,#7679,#7680,
#7681,#7682,#7683,#7684));
#1505=EDGE_LOOP('',(#7685,#7686,#7687,#7688));
#1506=EDGE_LOOP('',(#7689,#7690,#7691,#7692));
#1507=EDGE_LOOP('',(#7693,#7694,#7695,#7696));
#1508=EDGE_LOOP('',(#7697,#7698,#7699,#7700));
#1509=EDGE_LOOP('',(#7701,#7702,#7703,#7704));
#1510=EDGE_LOOP('',(#7705,#7706,#7707,#7708));
#1511=EDGE_LOOP('',(#7709,#7710,#7711,#7712));
#1512=EDGE_LOOP('',(#7713,#7714,#7715,#7716));
#1513=EDGE_LOOP('',(#7717,#7718,#7719,#7720));
#1514=EDGE_LOOP('',(#7721,#7722,#7723,#7724));
#1515=EDGE_LOOP('',(#7725,#7726,#7727,#7728));
#1516=EDGE_LOOP('',(#7729,#7730,#7731,#7732));
#1517=EDGE_LOOP('',(#7733,#7734,#7735,#7736));
#1518=EDGE_LOOP('',(#7737,#7738,#7739,#7740));
#1519=EDGE_LOOP('',(#7741,#7742,#7743,#7744));
#1520=EDGE_LOOP('',(#7745,#7746,#7747,#7748));
#1521=EDGE_LOOP('',(#7749,#7750,#7751,#7752));
#1522=EDGE_LOOP('',(#7753,#7754,#7755,#7756));
#1523=EDGE_LOOP('',(#7757,#7758,#7759,#7760,#7761,#7762,#7763,#7764,#7765,
#7766,#7767,#7768,#7769,#7770,#7771,#7772,#7773,#7774));
#1524=EDGE_LOOP('',(#7775,#7776,#7777,#7778));
#1525=EDGE_LOOP('',(#7779,#7780,#7781,#7782));
#1526=EDGE_LOOP('',(#7783,#7784,#7785,#7786));
#1527=EDGE_LOOP('',(#7787,#7788,#7789,#7790));
#1528=EDGE_LOOP('',(#7791,#7792,#7793,#7794));
#1529=EDGE_LOOP('',(#7795,#7796,#7797,#7798));
#1530=EDGE_LOOP('',(#7799,#7800,#7801,#7802));
#1531=EDGE_LOOP('',(#7803,#7804,#7805,#7806));
#1532=EDGE_LOOP('',(#7807,#7808,#7809,#7810));
#1533=EDGE_LOOP('',(#7811,#7812,#7813,#7814));
#1534=EDGE_LOOP('',(#7815,#7816,#7817,#7818));
#1535=EDGE_LOOP('',(#7819,#7820,#7821,#7822));
#1536=EDGE_LOOP('',(#7823,#7824,#7825,#7826));
#1537=EDGE_LOOP('',(#7827,#7828,#7829,#7830));
#1538=EDGE_LOOP('',(#7831,#7832,#7833,#7834));
#1539=EDGE_LOOP('',(#7835,#7836,#7837,#7838));
#1540=EDGE_LOOP('',(#7839,#7840,#7841,#7842));
#1541=EDGE_LOOP('',(#7843,#7844,#7845,#7846));
#1542=EDGE_LOOP('',(#7847,#7848,#7849,#7850));
#1543=EDGE_LOOP('',(#7851,#7852,#7853,#7854));
#1544=EDGE_LOOP('',(#7855,#7856,#7857,#7858));
#1545=EDGE_LOOP('',(#7859,#7860,#7861,#7862));
#1546=EDGE_LOOP('',(#7863,#7864,#7865,#7866));
#1547=EDGE_LOOP('',(#7867,#7868,#7869,#7870));
#1548=EDGE_LOOP('',(#7871,#7872,#7873,#7874));
#1549=EDGE_LOOP('',(#7875,#7876,#7877,#7878));
#1550=EDGE_LOOP('',(#7879,#7880,#7881,#7882));
#1551=EDGE_LOOP('',(#7883,#7884,#7885,#7886));
#1552=EDGE_LOOP('',(#7887,#7888,#7889,#7890,#7891,#7892,#7893,#7894,#7895,
#7896,#7897,#7898,#7899,#7900,#7901,#7902,#7903,#7904));
#1553=EDGE_LOOP('',(#7905,#7906,#7907,#7908));
#1554=EDGE_LOOP('',(#7909,#7910,#7911,#7912));
#1555=EDGE_LOOP('',(#7913,#7914,#7915,#7916));
#1556=EDGE_LOOP('',(#7917,#7918,#7919,#7920));
#1557=EDGE_LOOP('',(#7921,#7922,#7923,#7924));
#1558=EDGE_LOOP('',(#7925,#7926,#7927,#7928));
#1559=EDGE_LOOP('',(#7929,#7930,#7931,#7932));
#1560=EDGE_LOOP('',(#7933,#7934,#7935,#7936));
#1561=EDGE_LOOP('',(#7937,#7938,#7939,#7940));
#1562=EDGE_LOOP('',(#7941,#7942,#7943,#7944));
#1563=EDGE_LOOP('',(#7945,#7946,#7947,#7948));
#1564=EDGE_LOOP('',(#7949,#7950,#7951,#7952));
#1565=EDGE_LOOP('',(#7953,#7954,#7955,#7956));
#1566=EDGE_LOOP('',(#7957,#7958,#7959,#7960));
#1567=EDGE_LOOP('',(#7961,#7962,#7963,#7964));
#1568=EDGE_LOOP('',(#7965,#7966,#7967,#7968));
#1569=EDGE_LOOP('',(#7969,#7970,#7971,#7972));
#1570=EDGE_LOOP('',(#7973,#7974,#7975,#7976));
#1571=EDGE_LOOP('',(#7977,#7978,#7979,#7980));
#1572=EDGE_LOOP('',(#7981,#7982,#7983,#7984));
#1573=EDGE_LOOP('',(#7985,#7986,#7987,#7988,#7989,#7990,#7991,#7992,#7993,
#7994,#7995,#7996,#7997,#7998,#7999,#8000,#8001,#8002,#8003,#8004));
#1574=EDGE_LOOP('',(#8005,#8006,#8007,#8008));
#1575=EDGE_LOOP('',(#8009,#8010,#8011,#8012));
#1576=EDGE_LOOP('',(#8013,#8014,#8015,#8016));
#1577=EDGE_LOOP('',(#8017,#8018,#8019,#8020));
#1578=EDGE_LOOP('',(#8021,#8022,#8023,#8024));
#1579=EDGE_LOOP('',(#8025,#8026,#8027,#8028));
#1580=EDGE_LOOP('',(#8029,#8030,#8031,#8032));
#1581=EDGE_LOOP('',(#8033,#8034,#8035,#8036));
#1582=EDGE_LOOP('',(#8037,#8038,#8039,#8040));
#1583=EDGE_LOOP('',(#8041,#8042,#8043,#8044));
#1584=EDGE_LOOP('',(#8045,#8046,#8047,#8048));
#1585=EDGE_LOOP('',(#8049,#8050,#8051,#8052));
#1586=EDGE_LOOP('',(#8053,#8054,#8055,#8056));
#1587=EDGE_LOOP('',(#8057,#8058,#8059,#8060));
#1588=EDGE_LOOP('',(#8061,#8062,#8063,#8064));
#1589=EDGE_LOOP('',(#8065,#8066,#8067,#8068));
#1590=EDGE_LOOP('',(#8069,#8070,#8071,#8072));
#1591=EDGE_LOOP('',(#8073,#8074,#8075,#8076,#8077,#8078,#8079,#8080,#8081,
#8082,#8083,#8084,#8085,#8086,#8087,#8088,#8089));
#1592=EDGE_LOOP('',(#8090,#8091,#8092,#8093));
#1593=EDGE_LOOP('',(#8094,#8095,#8096,#8097));
#1594=EDGE_LOOP('',(#8098,#8099,#8100,#8101));
#1595=EDGE_LOOP('',(#8102,#8103,#8104,#8105));
#1596=EDGE_LOOP('',(#8106,#8107,#8108,#8109));
#1597=EDGE_LOOP('',(#8110,#8111,#8112,#8113));
#1598=EDGE_LOOP('',(#8114,#8115,#8116,#8117));
#1599=EDGE_LOOP('',(#8118,#8119,#8120,#8121));
#1600=EDGE_LOOP('',(#8122,#8123,#8124,#8125));
#1601=EDGE_LOOP('',(#8126,#8127,#8128,#8129));
#1602=EDGE_LOOP('',(#8130,#8131,#8132,#8133));
#1603=EDGE_LOOP('',(#8134,#8135,#8136,#8137));
#1604=EDGE_LOOP('',(#8138,#8139,#8140,#8141));
#1605=EDGE_LOOP('',(#8142,#8143,#8144,#8145));
#1606=EDGE_LOOP('',(#8146,#8147,#8148,#8149));
#1607=EDGE_LOOP('',(#8150,#8151,#8152,#8153));
#1608=EDGE_LOOP('',(#8154,#8155,#8156,#8157));
#1609=EDGE_LOOP('',(#8158,#8159,#8160,#8161));
#1610=EDGE_LOOP('',(#8162,#8163,#8164,#8165));
#1611=EDGE_LOOP('',(#8166,#8167,#8168,#8169));
#1612=EDGE_LOOP('',(#8170,#8171,#8172,#8173));
#1613=EDGE_LOOP('',(#8174,#8175,#8176,#8177,#8178,#8179,#8180,#8181,#8182,
#8183,#8184,#8185,#8186,#8187));
#1614=EDGE_LOOP('',(#8188,#8189,#8190,#8191,#8192,#8193,#8194));
#1615=EDGE_LOOP('',(#8195,#8196,#8197,#8198));
#1616=EDGE_LOOP('',(#8199,#8200,#8201,#8202));
#1617=EDGE_LOOP('',(#8203,#8204,#8205,#8206));
#1618=EDGE_LOOP('',(#8207,#8208,#8209,#8210));
#1619=EDGE_LOOP('',(#8211,#8212,#8213,#8214));
#1620=EDGE_LOOP('',(#8215,#8216,#8217,#8218,#8219,#8220,#8221,#8222,#8223));
#1621=EDGE_LOOP('',(#8224,#8225,#8226,#8227,#8228,#8229,#8230,#8231,#8232,
#8233,#8234));
#1622=EDGE_LOOP('',(#8235,#8236,#8237,#8238,#8239,#8240,#8241,#8242,#8243,
#8244,#8245,#8246,#8247,#8248,#8249,#8250,#8251));
#1623=EDGE_LOOP('',(#8252,#8253,#8254,#8255,#8256,#8257,#8258,#8259,#8260,
#8261,#8262));
#1624=EDGE_LOOP('',(#8263,#8264,#8265,#8266));
#1625=EDGE_LOOP('',(#8267,#8268,#8269,#8270,#8271,#8272,#8273,#8274,#8275,
#8276,#8277,#8278,#8279,#8280,#8281,#8282,#8283,#8284,#8285,#8286));
#1626=EDGE_LOOP('',(#8287,#8288,#8289,#8290,#8291,#8292,#8293,#8294));
#1627=EDGE_LOOP('',(#8295,#8296,#8297,#8298));
#1628=EDGE_LOOP('',(#8299,#8300,#8301,#8302,#8303,#8304,#8305));
#1629=EDGE_LOOP('',(#8306,#8307,#8308,#8309));
#1630=EDGE_LOOP('',(#8310,#8311,#8312,#8313,#8314,#8315,#8316,#8317,#8318,
#8319,#8320,#8321,#8322,#8323,#8324,#8325));
#1631=EDGE_LOOP('',(#8326,#8327,#8328,#8329,#8330,#8331,#8332,#8333,#8334,
#8335,#8336,#8337,#8338));
#1632=EDGE_LOOP('',(#8339,#8340,#8341,#8342,#8343,#8344,#8345,#8346,#8347,
#8348,#8349,#8350,#8351));
#1633=EDGE_LOOP('',(#8352,#8353,#8354,#8355));
#1634=EDGE_LOOP('',(#8356,#8357,#8358,#8359,#8360,#8361,#8362,#8363,#8364,
#8365,#8366,#8367));
#1635=EDGE_LOOP('',(#8368,#8369,#8370,#8371,#8372,#8373,#8374,#8375));
#1636=EDGE_LOOP('',(#8376,#8377,#8378,#8379,#8380,#8381,#8382,#8383,#8384,
#8385,#8386,#8387,#8388,#8389,#8390,#8391,#8392,#8393,#8394,#8395));
#1637=EDGE_LOOP('',(#8396,#8397,#8398,#8399,#8400,#8401,#8402,#8403,#8404,
#8405,#8406,#8407,#8408));
#1638=EDGE_LOOP('',(#8409,#8410,#8411,#8412,#8413,#8414,#8415,#8416,#8417,
#8418,#8419,#8420,#8421,#8422,#8423,#8424,#8425,#8426));
#1639=EDGE_LOOP('',(#8427,#8428,#8429,#8430));
#1640=EDGE_LOOP('',(#8431,#8432,#8433,#8434));
#1641=EDGE_LOOP('',(#8435,#8436,#8437,#8438,#8439,#8440,#8441,#8442,#8443,
#8444,#8445,#8446,#8447,#8448,#8449,#8450,#8451,#8452));
#1642=EDGE_LOOP('',(#8453,#8454,#8455,#8456,#8457,#8458,#8459,#8460,#8461,
#8462,#8463,#8464,#8465,#8466,#8467,#8468,#8469,#8470,#8471,#8472));
#1643=EDGE_LOOP('',(#8473,#8474,#8475,#8476,#8477,#8478,#8479,#8480,#8481,
#8482,#8483,#8484,#8485,#8486,#8487,#8488,#8489));
#1644=EDGE_LOOP('',(#8490,#8491,#8492,#8493,#8494,#8495,#8496,#8497,#8498,
#8499,#8500,#8501,#8502,#8503));
#1645=EDGE_LOOP('',(#8504,#8505,#8506,#8507));
#1646=EDGE_LOOP('',(#8508,#8509,#8510,#8511,#8512,#8513,#8514));
#1647=EDGE_LOOP('',(#8515,#8516,#8517,#8518));
#1648=EDGE_LOOP('',(#8519,#8520,#8521,#8522,#8523));
#1649=EDGE_LOOP('',(#8524,#8525,#8526,#8527,#8528,#8529,#8530,#8531));
#1650=EDGE_LOOP('',(#8532,#8533,#8534));
#1651=EDGE_LOOP('',(#8535,#8536,#8537,#8538));
#1652=EDGE_LOOP('',(#8539,#8540));
#1653=EDGE_LOOP('',(#8541,#8542,#8543,#8544));
#1654=EDGE_LOOP('',(#8545,#8546));
#1655=EDGE_LOOP('',(#8547,#8548,#8549,#8550));
#1656=EDGE_LOOP('',(#8551,#8552));
#1657=EDGE_LOOP('',(#8553,#8554,#8555,#8556));
#1658=EDGE_LOOP('',(#8557,#8558));
#1659=EDGE_LOOP('',(#8559,#8560,#8561,#8562));
#1660=EDGE_LOOP('',(#8563,#8564,#8565,#8566));
#1661=EDGE_LOOP('',(#8567,#8568,#8569,#8570));
#1662=EDGE_LOOP('',(#8571,#8572,#8573,#8574));
#1663=EDGE_LOOP('',(#8575,#8576,#8577,#8578,#8579,#8580,#8581,#8582,#8583));
#1664=EDGE_LOOP('',(#8584,#8585,#8586));
#1665=EDGE_LOOP('',(#8587,#8588,#8589,#8590));
#1666=EDGE_LOOP('',(#8591,#8592,#8593,#8594));
#1667=EDGE_LOOP('',(#8595,#8596,#8597,#8598));
#1668=EDGE_LOOP('',(#8599,#8600,#8601,#8602));
#1669=EDGE_LOOP('',(#8603,#8604,#8605,#8606));
#1670=EDGE_LOOP('',(#8607,#8608,#8609,#8610));
#1671=EDGE_LOOP('',(#8611,#8612,#8613,#8614,#8615,#8616,#8617,#8618,#8619,
#8620,#8621,#8622,#8623,#8624,#8625,#8626,#8627,#8628,#8629,#8630,#8631,
#8632,#8633,#8634,#8635,#8636,#8637,#8638,#8639,#8640,#8641,#8642,#8643,
#8644));
#1672=EDGE_LOOP('',(#8645,#8646,#8647,#8648,#8649,#8650,#8651,#8652,#8653,
#8654));
#1673=EDGE_LOOP('',(#8655,#8656,#8657,#8658));
#1674=EDGE_LOOP('',(#8659,#8660,#8661,#8662,#8663));
#1675=EDGE_LOOP('',(#8664,#8665,#8666,#8667,#8668,#8669,#8670,#8671));
#1676=EDGE_LOOP('',(#8672,#8673,#8674,#8675));
#1677=EDGE_LOOP('',(#8676,#8677,#8678,#8679,#8680));
#1678=EDGE_LOOP('',(#8681,#8682,#8683,#8684,#8685,#8686,#8687,#8688,#8689,
#8690,#8691,#8692,#8693,#8694,#8695,#8696));
#1679=EDGE_LOOP('',(#8697,#8698,#8699,#8700,#8701,#8702));
#1680=EDGE_LOOP('',(#8703,#8704,#8705,#8706));
#1681=EDGE_LOOP('',(#8707,#8708,#8709,#8710));
#1682=EDGE_LOOP('',(#8711,#8712,#8713,#8714,#8715,#8716));
#1683=EDGE_LOOP('',(#8717,#8718,#8719));
#1684=EDGE_LOOP('',(#8720,#8721,#8722,#8723));
#1685=EDGE_LOOP('',(#8724,#8725,#8726,#8727));
#1686=EDGE_LOOP('',(#8728,#8729,#8730,#8731));
#1687=EDGE_LOOP('',(#8732,#8733,#8734));
#1688=EDGE_LOOP('',(#8735,#8736,#8737,#8738,#8739,#8740));
#1689=EDGE_LOOP('',(#8741,#8742,#8743,#8744));
#1690=EDGE_LOOP('',(#8745,#8746,#8747,#8748));
#1691=EDGE_LOOP('',(#8749,#8750,#8751,#8752,#8753,#8754));
#1692=EDGE_LOOP('',(#8755,#8756,#8757,#8758));
#1693=EDGE_LOOP('',(#8759,#8760,#8761,#8762));
#1694=EDGE_LOOP('',(#8763,#8764,#8765,#8766,#8767,#8768));
#1695=EDGE_LOOP('',(#8769,#8770,#8771,#8772,#8773,#8774,#8775,#8776,#8777,
#8778,#8779,#8780,#8781,#8782,#8783,#8784,#8785,#8786,#8787,#8788));
#1696=EDGE_LOOP('',(#8789,#8790,#8791,#8792));
#1697=EDGE_LOOP('',(#8793,#8794,#8795,#8796));
#1698=EDGE_LOOP('',(#8797,#8798,#8799,#8800));
#1699=EDGE_LOOP('',(#8801,#8802,#8803,#8804));
#1700=EDGE_LOOP('',(#8805,#8806,#8807,#8808));
#1701=EDGE_LOOP('',(#8809,#8810,#8811,#8812));
#1702=EDGE_LOOP('',(#8813,#8814,#8815,#8816));
#1703=EDGE_LOOP('',(#8817,#8818,#8819,#8820));
#1704=EDGE_LOOP('',(#8821,#8822,#8823,#8824,#8825,#8826));
#1705=EDGE_LOOP('',(#8827,#8828,#8829,#8830,#8831,#8832));
#1706=EDGE_LOOP('',(#8833,#8834,#8835,#8836));
#1707=EDGE_LOOP('',(#8837,#8838,#8839,#8840,#8841,#8842,#8843,#8844,#8845,
#8846));
#1708=EDGE_LOOP('',(#8847,#8848,#8849,#8850,#8851,#8852,#8853,#8854,#8855,
#8856));
#1709=EDGE_LOOP('',(#8857,#8858,#8859,#8860,#8861,#8862));
#1710=EDGE_LOOP('',(#8863,#8864,#8865,#8866));
#1711=EDGE_LOOP('',(#8867,#8868,#8869,#8870));
#1712=EDGE_LOOP('',(#8871,#8872,#8873,#8874,#8875,#8876,#8877,#8878,#8879,
#8880,#8881,#8882,#8883,#8884,#8885,#8886,#8887,#8888,#8889,#8890,#8891,
#8892,#8893,#8894,#8895,#8896));
#1713=EDGE_LOOP('',(#8897,#8898,#8899,#8900,#8901,#8902));
#1714=EDGE_LOOP('',(#8903,#8904,#8905,#8906,#8907,#8908,#8909));
#1715=EDGE_LOOP('',(#8910,#8911,#8912,#8913,#8914,#8915,#8916,#8917,#8918,
#8919));
#1716=EDGE_LOOP('',(#8920,#8921,#8922,#8923));
#1717=EDGE_LOOP('',(#8924,#8925,#8926,#8927));
#1718=EDGE_LOOP('',(#8928,#8929,#8930,#8931,#8932,#8933,#8934,#8935,#8936,
#8937,#8938,#8939,#8940,#8941,#8942,#8943,#8944,#8945,#8946,#8947,#8948,
#8949,#8950,#8951,#8952,#8953));
#1719=EDGE_LOOP('',(#8954,#8955,#8956,#8957,#8958));
#1720=EDGE_LOOP('',(#8959,#8960,#8961,#8962,#8963,#8964));
#1721=EDGE_LOOP('',(#8965,#8966,#8967,#8968,#8969,#8970,#8971));
#1722=EDGE_LOOP('',(#8972,#8973,#8974,#8975,#8976,#8977,#8978,#8979,#8980,
#8981));
#1723=EDGE_LOOP('',(#8982,#8983,#8984,#8985,#8986,#8987));
#1724=EDGE_LOOP('',(#8988,#8989,#8990,#8991));
#1725=EDGE_LOOP('',(#8992,#8993,#8994,#8995,#8996,#8997));
#1726=EDGE_LOOP('',(#8998,#8999,#9000,#9001,#9002,#9003,#9004,#9005,#9006,
#9007));
#1727=EDGE_LOOP('',(#9008,#9009,#9010,#9011));
#1728=EDGE_LOOP('',(#9012,#9013,#9014,#9015,#9016,#9017));
#1729=EDGE_LOOP('',(#9018,#9019,#9020,#9021,#9022,#9023));
#1730=EDGE_LOOP('',(#9024,#9025,#9026,#9027));
#1731=EDGE_LOOP('',(#9028,#9029));
#1732=EDGE_LOOP('',(#9030,#9031,#9032,#9033,#9034,#9035));
#1733=EDGE_LOOP('',(#9036,#9037,#9038,#9039));
#1734=EDGE_LOOP('',(#9040,#9041));
#1735=EDGE_LOOP('',(#9042,#9043,#9044,#9045));
#1736=EDGE_LOOP('',(#9046,#9047,#9048,#9049,#9050));
#1737=EDGE_LOOP('',(#9051,#9052,#9053,#9054));
#1738=EDGE_LOOP('',(#9055,#9056,#9057,#9058,#9059));
#1739=EDGE_LOOP('',(#9060,#9061,#9062,#9063));
#1740=EDGE_LOOP('',(#9064,#9065,#9066,#9067));
#1741=EDGE_LOOP('',(#9068,#9069,#9070,#9071));
#1742=EDGE_LOOP('',(#9072,#9073,#9074,#9075));
#1743=EDGE_LOOP('',(#9076,#9077,#9078,#9079));
#1744=EDGE_LOOP('',(#9080,#9081,#9082,#9083));
#1745=EDGE_LOOP('',(#9084,#9085,#9086,#9087,#9088));
#1746=EDGE_LOOP('',(#9089,#9090,#9091,#9092));
#1747=EDGE_LOOP('',(#9093,#9094,#9095,#9096,#9097));
#1748=EDGE_LOOP('',(#9098,#9099,#9100,#9101));
#1749=EDGE_LOOP('',(#9102,#9103,#9104,#9105));
#1750=EDGE_LOOP('',(#9106,#9107,#9108,#9109,#9110));
#1751=EDGE_LOOP('',(#9111,#9112,#9113,#9114));
#1752=EDGE_LOOP('',(#9115,#9116,#9117,#9118));
#1753=EDGE_LOOP('',(#9119,#9120,#9121,#9122,#9123,#9124,#9125,#9126,#9127,
#9128));
#1754=EDGE_LOOP('',(#9129,#9130,#9131,#9132,#9133,#9134));
#1755=EDGE_LOOP('',(#9135,#9136,#9137,#9138,#9139,#9140));
#1756=EDGE_LOOP('',(#9141,#9142,#9143,#9144));
#1757=EDGE_LOOP('',(#9145,#9146));
#1758=EDGE_LOOP('',(#9147,#9148,#9149,#9150,#9151,#9152));
#1759=EDGE_LOOP('',(#9153,#9154,#9155,#9156));
#1760=EDGE_LOOP('',(#9157,#9158,#9159,#9160,#9161,#9162));
#1761=EDGE_LOOP('',(#9163,#9164,#9165,#9166,#9167,#9168));
#1762=EDGE_LOOP('',(#9169,#9170,#9171,#9172));
#1763=EDGE_LOOP('',(#9173,#9174));
#1764=EDGE_LOOP('',(#9175,#9176,#9177,#9178));
#1765=EDGE_LOOP('',(#9179,#9180,#9181,#9182));
#1766=EDGE_LOOP('',(#9183,#9184,#9185,#9186));
#1767=EDGE_LOOP('',(#9187,#9188,#9189,#9190,#9191,#9192));
#1768=EDGE_LOOP('',(#9193,#9194,#9195,#9196));
#1769=EDGE_LOOP('',(#9197,#9198,#9199,#9200));
#1770=EDGE_LOOP('',(#9201,#9202,#9203,#9204));
#1771=EDGE_LOOP('',(#9205,#9206,#9207,#9208));
#1772=EDGE_LOOP('',(#9209,#9210,#9211,#9212));
#1773=EDGE_LOOP('',(#9213,#9214,#9215,#9216));
#1774=EDGE_LOOP('',(#9217,#9218,#9219,#9220));
#1775=EDGE_LOOP('',(#9221,#9222,#9223,#9224,#9225,#9226));
#1776=EDGE_LOOP('',(#9227,#9228,#9229,#9230));
#1777=EDGE_LOOP('',(#9231,#9232,#9233,#9234,#9235,#9236));
#1778=EDGE_LOOP('',(#9237,#9238,#9239,#9240));
#1779=EDGE_LOOP('',(#9241,#9242,#9243,#9244));
#1780=EDGE_LOOP('',(#9245,#9246,#9247,#9248));
#1781=EDGE_LOOP('',(#9249,#9250,#9251,#9252));
#1782=EDGE_LOOP('',(#9253,#9254,#9255,#9256));
#1783=EDGE_LOOP('',(#9257,#9258,#9259,#9260));
#1784=EDGE_LOOP('',(#9261,#9262,#9263,#9264));
#1785=EDGE_LOOP('',(#9265,#9266,#9267,#9268));
#1786=EDGE_LOOP('',(#9269,#9270,#9271,#9272));
#1787=EDGE_LOOP('',(#9273,#9274,#9275,#9276,#9277,#9278));
#1788=EDGE_LOOP('',(#9279,#9280,#9281,#9282));
#1789=EDGE_LOOP('',(#9283,#9284,#9285,#9286));
#1790=EDGE_LOOP('',(#9287,#9288,#9289,#9290));
#1791=EDGE_LOOP('',(#9291,#9292,#9293,#9294));
#1792=EDGE_LOOP('',(#9295,#9296,#9297,#9298));
#1793=EDGE_LOOP('',(#9299,#9300,#9301,#9302));
#1794=EDGE_LOOP('',(#9303,#9304,#9305,#9306));
#1795=EDGE_LOOP('',(#9307,#9308,#9309,#9310));
#1796=EDGE_LOOP('',(#9311,#9312,#9313,#9314));
#1797=EDGE_LOOP('',(#9315,#9316,#9317,#9318));
#1798=EDGE_LOOP('',(#9319,#9320,#9321,#9322));
#1799=EDGE_LOOP('',(#9323,#9324,#9325,#9326));
#1800=EDGE_LOOP('',(#9327,#9328,#9329,#9330));
#1801=EDGE_LOOP('',(#9331,#9332,#9333,#9334));
#1802=EDGE_LOOP('',(#9335,#9336,#9337,#9338));
#1803=EDGE_LOOP('',(#9339,#9340,#9341,#9342));
#1804=EDGE_LOOP('',(#9343,#9344,#9345,#9346));
#1805=EDGE_LOOP('',(#9347,#9348,#9349,#9350));
#1806=EDGE_LOOP('',(#9351,#9352,#9353,#9354));
#1807=EDGE_LOOP('',(#9355,#9356,#9357,#9358));
#1808=EDGE_LOOP('',(#9359,#9360,#9361,#9362));
#1809=EDGE_LOOP('',(#9363,#9364,#9365,#9366));
#1810=EDGE_LOOP('',(#9367,#9368,#9369,#9370));
#1811=EDGE_LOOP('',(#9371,#9372,#9373,#9374));
#1812=EDGE_LOOP('',(#9375,#9376,#9377,#9378));
#1813=EDGE_LOOP('',(#9379,#9380,#9381,#9382));
#1814=EDGE_LOOP('',(#9383,#9384,#9385,#9386));
#1815=EDGE_LOOP('',(#9387,#9388,#9389,#9390));
#1816=EDGE_LOOP('',(#9391,#9392,#9393,#9394));
#1817=EDGE_LOOP('',(#9395,#9396,#9397,#9398));
#1818=EDGE_LOOP('',(#9399,#9400,#9401,#9402));
#1819=EDGE_LOOP('',(#9403,#9404,#9405,#9406));
#1820=EDGE_LOOP('',(#9407,#9408,#9409,#9410));
#1821=EDGE_LOOP('',(#9411,#9412,#9413,#9414));
#1822=EDGE_LOOP('',(#9415,#9416,#9417,#9418));
#1823=EDGE_LOOP('',(#9419,#9420,#9421,#9422));
#1824=EDGE_LOOP('',(#9423,#9424,#9425,#9426));
#1825=EDGE_LOOP('',(#9427,#9428,#9429,#9430));
#1826=EDGE_LOOP('',(#9431,#9432,#9433,#9434));
#1827=EDGE_LOOP('',(#9435,#9436,#9437,#9438));
#1828=EDGE_LOOP('',(#9439,#9440,#9441,#9442));
#1829=EDGE_LOOP('',(#9443,#9444,#9445,#9446));
#1830=EDGE_LOOP('',(#9447,#9448,#9449,#9450));
#1831=EDGE_LOOP('',(#9451,#9452,#9453,#9454));
#1832=EDGE_LOOP('',(#9455,#9456,#9457,#9458));
#1833=EDGE_LOOP('',(#9459,#9460,#9461,#9462));
#1834=EDGE_LOOP('',(#9463,#9464,#9465,#9466,#9467,#9468,#9469,#9470));
#1835=EDGE_LOOP('',(#9471,#9472,#9473,#9474,#9475,#9476,#9477,#9478,#9479,
#9480,#9481,#9482,#9483));
#1836=EDGE_LOOP('',(#9484,#9485,#9486,#9487,#9488,#9489,#9490));
#1837=EDGE_LOOP('',(#9491,#9492,#9493));
#1838=EDGE_LOOP('',(#9494,#9495,#9496,#9497));
#1839=EDGE_LOOP('',(#9498,#9499,#9500,#9501));
#1840=EDGE_LOOP('',(#9502,#9503,#9504,#9505));
#1841=EDGE_LOOP('',(#9506,#9507,#9508,#9509));
#1842=EDGE_LOOP('',(#9510,#9511,#9512,#9513));
#1843=EDGE_LOOP('',(#9514,#9515,#9516,#9517));
#1844=EDGE_LOOP('',(#9518,#9519,#9520,#9521));
#1845=EDGE_LOOP('',(#9522,#9523,#9524,#9525));
#1846=EDGE_LOOP('',(#9526,#9527,#9528,#9529));
#1847=EDGE_LOOP('',(#9530,#9531,#9532,#9533,#9534,#9535,#9536,#9537));
#1848=EDGE_LOOP('',(#9538,#9539,#9540));
#1849=EDGE_LOOP('',(#9541,#9542,#9543,#9544,#9545,#9546,#9547,#9548,#9549,
#9550,#9551,#9552,#9553));
#1850=EDGE_LOOP('',(#9554,#9555,#9556,#9557,#9558,#9559,#9560));
#1851=EDGE_LOOP('',(#9561,#9562,#9563,#9564));
#1852=EDGE_LOOP('',(#9565,#9566,#9567,#9568));
#1853=EDGE_LOOP('',(#9569,#9570,#9571,#9572));
#1854=EDGE_LOOP('',(#9573,#9574,#9575,#9576));
#1855=EDGE_LOOP('',(#9577,#9578,#9579,#9580));
#1856=EDGE_LOOP('',(#9581,#9582,#9583,#9584));
#1857=EDGE_LOOP('',(#9585,#9586,#9587,#9588));
#1858=EDGE_LOOP('',(#9589,#9590,#9591,#9592));
#1859=EDGE_LOOP('',(#9593,#9594,#9595,#9596));
#1860=EDGE_LOOP('',(#9597,#9598,#9599,#9600));
#1861=EDGE_LOOP('',(#9601,#9602,#9603,#9604));
#1862=EDGE_LOOP('',(#9605,#9606,#9607,#9608));
#1863=EDGE_LOOP('',(#9609,#9610,#9611,#9612));
#1864=EDGE_LOOP('',(#9613,#9614,#9615,#9616));
#1865=EDGE_LOOP('',(#9617,#9618,#9619,#9620));
#1866=EDGE_LOOP('',(#9621,#9622,#9623,#9624));
#1867=EDGE_LOOP('',(#9625,#9626,#9627,#9628));
#1868=EDGE_LOOP('',(#9629,#9630,#9631,#9632));
#1869=EDGE_LOOP('',(#9633,#9634,#9635,#9636));
#1870=EDGE_LOOP('',(#9637,#9638,#9639,#9640));
#1871=EDGE_LOOP('',(#9641,#9642,#9643,#9644));
#1872=EDGE_LOOP('',(#9645,#9646,#9647,#9648));
#1873=EDGE_LOOP('',(#9649,#9650,#9651,#9652));
#1874=EDGE_LOOP('',(#9653,#9654,#9655,#9656));
#1875=EDGE_LOOP('',(#9657,#9658,#9659,#9660));
#1876=EDGE_LOOP('',(#9661,#9662,#9663,#9664));
#1877=EDGE_LOOP('',(#9665,#9666,#9667,#9668));
#1878=EDGE_LOOP('',(#9669,#9670,#9671,#9672));
#1879=EDGE_LOOP('',(#9673,#9674,#9675,#9676));
#1880=EDGE_LOOP('',(#9677,#9678,#9679,#9680));
#1881=EDGE_LOOP('',(#9681,#9682,#9683,#9684));
#1882=EDGE_LOOP('',(#9685,#9686,#9687,#9688));
#1883=EDGE_LOOP('',(#9689,#9690,#9691,#9692));
#1884=EDGE_LOOP('',(#9693,#9694,#9695,#9696));
#1885=LINE('',#13670,#2997);
#1886=LINE('',#13672,#2998);
#1887=LINE('',#13674,#2999);
#1888=LINE('',#13675,#3000);
#1889=LINE('',#13678,#3001);
#1890=LINE('',#13680,#3002);
#1891=LINE('',#13681,#3003);
#1892=LINE('',#13683,#3004);
#1893=LINE('',#13684,#3005);
#1894=LINE('',#13688,#3006);
#1895=LINE('',#13690,#3007);
#1896=LINE('',#13692,#3008);
#1897=LINE('',#13693,#3009);
#1898=LINE('',#13696,#3010);
#1899=LINE('',#13698,#3011);
#1900=LINE('',#13699,#3012);
#1901=LINE('',#13702,#3013);
#1902=LINE('',#13704,#3014);
#1903=LINE('',#13705,#3015);
#1904=LINE('',#13708,#3016);
#1905=LINE('',#13710,#3017);
#1906=LINE('',#13711,#3018);
#1907=LINE('',#13714,#3019);
#1908=LINE('',#13716,#3020);
#1909=LINE('',#13717,#3021);
#1910=LINE('',#13720,#3022);
#1911=LINE('',#13722,#3023);
#1912=LINE('',#13723,#3024);
#1913=LINE('',#13726,#3025);
#1914=LINE('',#13728,#3026);
#1915=LINE('',#13729,#3027);
#1916=LINE('',#13732,#3028);
#1917=LINE('',#13734,#3029);
#1918=LINE('',#13735,#3030);
#1919=LINE('',#13738,#3031);
#1920=LINE('',#13740,#3032);
#1921=LINE('',#13741,#3033);
#1922=LINE('',#13744,#3034);
#1923=LINE('',#13746,#3035);
#1924=LINE('',#13747,#3036);
#1925=LINE('',#13749,#3037);
#1926=LINE('',#13750,#3038);
#1927=LINE('',#13755,#3039);
#1928=LINE('',#13757,#3040);
#1929=LINE('',#13759,#3041);
#1930=LINE('',#13760,#3042);
#1931=LINE('',#13763,#3043);
#1932=LINE('',#13765,#3044);
#1933=LINE('',#13766,#3045);
#1934=LINE('',#13781,#3046);
#1935=LINE('',#13800,#3047);
#1936=LINE('',#13819,#3048);
#1937=LINE('',#13838,#3049);
#1938=LINE('',#13857,#3050);
#1939=LINE('',#13864,#3051);
#1940=LINE('',#13866,#3052);
#1941=LINE('',#13867,#3053);
#1942=LINE('',#13870,#3054);
#1943=LINE('',#13872,#3055);
#1944=LINE('',#13873,#3056);
#1945=LINE('',#13888,#3057);
#1946=LINE('',#13907,#3058);
#1947=LINE('',#13923,#3059);
#1948=LINE('',#13939,#3060);
#1949=LINE('',#13958,#3061);
#1950=LINE('',#13977,#3062);
#1951=LINE('',#13984,#3063);
#1952=LINE('',#13986,#3064);
#1953=LINE('',#13987,#3065);
#1954=LINE('',#13989,#3066);
#1955=LINE('',#13990,#3067);
#1956=LINE('',#13995,#3068);
#1957=LINE('',#13997,#3069);
#1958=LINE('',#13999,#3070);
#1959=LINE('',#14000,#3071);
#1960=LINE('',#14003,#3072);
#1961=LINE('',#14005,#3073);
#1962=LINE('',#14006,#3074);
#1963=LINE('',#14008,#3075);
#1964=LINE('',#14009,#3076);
#1965=LINE('',#14013,#3077);
#1966=LINE('',#14015,#3078);
#1967=LINE('',#14017,#3079);
#1968=LINE('',#14018,#3080);
#1969=LINE('',#14021,#3081);
#1970=LINE('',#14023,#3082);
#1971=LINE('',#14024,#3083);
#1972=LINE('',#14027,#3084);
#1973=LINE('',#14029,#3085);
#1974=LINE('',#14030,#3086);
#1975=LINE('',#14033,#3087);
#1976=LINE('',#14035,#3088);
#1977=LINE('',#14036,#3089);
#1978=LINE('',#14039,#3090);
#1979=LINE('',#14041,#3091);
#1980=LINE('',#14042,#3092);
#1981=LINE('',#14045,#3093);
#1982=LINE('',#14047,#3094);
#1983=LINE('',#14048,#3095);
#1984=LINE('',#14051,#3096);
#1985=LINE('',#14053,#3097);
#1986=LINE('',#14054,#3098);
#1987=LINE('',#14057,#3099);
#1988=LINE('',#14059,#3100);
#1989=LINE('',#14060,#3101);
#1990=LINE('',#14063,#3102);
#1991=LINE('',#14065,#3103);
#1992=LINE('',#14066,#3104);
#1993=LINE('',#14069,#3105);
#1994=LINE('',#14071,#3106);
#1995=LINE('',#14072,#3107);
#1996=LINE('',#14074,#3108);
#1997=LINE('',#14075,#3109);
#1998=LINE('',#14092,#3110);
#1999=LINE('',#14098,#3111);
#2000=LINE('',#14117,#3112);
#2001=LINE('',#14136,#3113);
#2002=LINE('',#14155,#3114);
#2003=LINE('',#14174,#3115);
#2004=LINE('',#14193,#3116);
#2005=LINE('',#14212,#3117);
#2006=LINE('',#14244,#3118);
#2007=LINE('',#14250,#3119);
#2008=LINE('',#14265,#3120);
#2009=LINE('',#14284,#3121);
#2010=LINE('',#14321,#3122);
#2011=LINE('',#14327,#3123);
#2012=LINE('',#14342,#3124);
#2013=LINE('',#14361,#3125);
#2014=LINE('',#14368,#3126);
#2015=LINE('',#14370,#3127);
#2016=LINE('',#14371,#3128);
#2017=LINE('',#14374,#3129);
#2018=LINE('',#14376,#3130);
#2019=LINE('',#14377,#3131);
#2020=LINE('',#14380,#3132);
#2021=LINE('',#14382,#3133);
#2022=LINE('',#14383,#3134);
#2023=LINE('',#14386,#3135);
#2024=LINE('',#14388,#3136);
#2025=LINE('',#14389,#3137);
#2026=LINE('',#14392,#3138);
#2027=LINE('',#14394,#3139);
#2028=LINE('',#14395,#3140);
#2029=LINE('',#14410,#3141);
#2030=LINE('',#14429,#3142);
#2031=LINE('',#14448,#3143);
#2032=LINE('',#14467,#3144);
#2033=LINE('',#14486,#3145);
#2034=LINE('',#14505,#3146);
#2035=LINE('',#14524,#3147);
#2036=LINE('',#14531,#3148);
#2037=LINE('',#14533,#3149);
#2038=LINE('',#14534,#3150);
#2039=LINE('',#14537,#3151);
#2040=LINE('',#14539,#3152);
#2041=LINE('',#14540,#3153);
#2042=LINE('',#14555,#3154);
#2043=LINE('',#14574,#3155);
#2044=LINE('',#14599,#3156);
#2045=LINE('',#14601,#3157);
#2046=LINE('',#14603,#3158);
#2047=LINE('',#14604,#3159);
#2048=LINE('',#14607,#3160);
#2049=LINE('',#14609,#3161);
#2050=LINE('',#14610,#3162);
#2051=LINE('',#14613,#3163);
#2052=LINE('',#14615,#3164);
#2053=LINE('',#14616,#3165);
#2054=LINE('',#14619,#3166);
#2055=LINE('',#14621,#3167);
#2056=LINE('',#14622,#3168);
#2057=LINE('',#14625,#3169);
#2058=LINE('',#14627,#3170);
#2059=LINE('',#14628,#3171);
#2060=LINE('',#14631,#3172);
#2061=LINE('',#14633,#3173);
#2062=LINE('',#14634,#3174);
#2063=LINE('',#14637,#3175);
#2064=LINE('',#14639,#3176);
#2065=LINE('',#14640,#3177);
#2066=LINE('',#14642,#3178);
#2067=LINE('',#14643,#3179);
#2068=LINE('',#14648,#3180);
#2069=LINE('',#14650,#3181);
#2070=LINE('',#14652,#3182);
#2071=LINE('',#14653,#3183);
#2072=LINE('',#14656,#3184);
#2073=LINE('',#14658,#3185);
#2074=LINE('',#14659,#3186);
#2075=LINE('',#14662,#3187);
#2076=LINE('',#14664,#3188);
#2077=LINE('',#14665,#3189);
#2078=LINE('',#14667,#3190);
#2079=LINE('',#14668,#3191);
#2080=LINE('',#14673,#3192);
#2081=LINE('',#14675,#3193);
#2082=LINE('',#14677,#3194);
#2083=LINE('',#14678,#3195);
#2084=LINE('',#14681,#3196);
#2085=LINE('',#14683,#3197);
#2086=LINE('',#14684,#3198);
#2087=LINE('',#14687,#3199);
#2088=LINE('',#14689,#3200);
#2089=LINE('',#14690,#3201);
#2090=LINE('',#14693,#3202);
#2091=LINE('',#14695,#3203);
#2092=LINE('',#14696,#3204);
#2093=LINE('',#14699,#3205);
#2094=LINE('',#14701,#3206);
#2095=LINE('',#14702,#3207);
#2096=LINE('',#14705,#3208);
#2097=LINE('',#14707,#3209);
#2098=LINE('',#14708,#3210);
#2099=LINE('',#14710,#3211);
#2100=LINE('',#14711,#3212);
#2101=LINE('',#14716,#3213);
#2102=LINE('',#14718,#3214);
#2103=LINE('',#14720,#3215);
#2104=LINE('',#14721,#3216);
#2105=LINE('',#14724,#3217);
#2106=LINE('',#14726,#3218);
#2107=LINE('',#14727,#3219);
#2108=LINE('',#14730,#3220);
#2109=LINE('',#14732,#3221);
#2110=LINE('',#14733,#3222);
#2111=LINE('',#14735,#3223);
#2112=LINE('',#14736,#3224);
#2113=LINE('',#14753,#3225);
#2114=LINE('',#14759,#3226);
#2115=LINE('',#14774,#3227);
#2116=LINE('',#14781,#3228);
#2117=LINE('',#14783,#3229);
#2118=LINE('',#14784,#3230);
#2119=LINE('',#14787,#3231);
#2120=LINE('',#14789,#3232);
#2121=LINE('',#14790,#3233);
#2122=LINE('',#14805,#3234);
#2123=LINE('',#14824,#3235);
#2124=LINE('',#14843,#3236);
#2125=LINE('',#14862,#3237);
#2126=LINE('',#14881,#3238);
#2127=LINE('',#14888,#3239);
#2128=LINE('',#14890,#3240);
#2129=LINE('',#14891,#3241);
#2130=LINE('',#14894,#3242);
#2131=LINE('',#14896,#3243);
#2132=LINE('',#14897,#3244);
#2133=LINE('',#14912,#3245);
#2134=LINE('',#14931,#3246);
#2135=LINE('',#14950,#3247);
#2136=LINE('',#14969,#3248);
#2137=LINE('',#15006,#3249);
#2138=LINE('',#15012,#3250);
#2139=LINE('',#15031,#3251);
#2140=LINE('',#15050,#3252);
#2141=LINE('',#15053,#3253);
#2142=LINE('',#15055,#3254);
#2143=LINE('',#15056,#3255);
#2144=LINE('',#15088,#3256);
#2145=LINE('',#15094,#3257);
#2146=LINE('',#15109,#3258);
#2147=LINE('',#15116,#3259);
#2148=LINE('',#15118,#3260);
#2149=LINE('',#15119,#3261);
#2150=LINE('',#15122,#3262);
#2151=LINE('',#15124,#3263);
#2152=LINE('',#15125,#3264);
#2153=LINE('',#15140,#3265);
#2154=LINE('',#15159,#3266);
#2155=LINE('',#15178,#3267);
#2156=LINE('',#15185,#3268);
#2157=LINE('',#15187,#3269);
#2158=LINE('',#15188,#3270);
#2159=LINE('',#15191,#3271);
#2160=LINE('',#15193,#3272);
#2161=LINE('',#15194,#3273);
#2162=LINE('',#15209,#3274);
#2163=LINE('',#15228,#3275);
#2164=LINE('',#15247,#3276);
#2165=LINE('',#15272,#3277);
#2166=LINE('',#15274,#3278);
#2167=LINE('',#15276,#3279);
#2168=LINE('',#15277,#3280);
#2169=LINE('',#15292,#3281);
#2170=LINE('',#15311,#3282);
#2171=LINE('',#15318,#3283);
#2172=LINE('',#15320,#3284);
#2173=LINE('',#15321,#3285);
#2174=LINE('',#15324,#3286);
#2175=LINE('',#15326,#3287);
#2176=LINE('',#15327,#3288);
#2177=LINE('',#15330,#3289);
#2178=LINE('',#15332,#3290);
#2179=LINE('',#15333,#3291);
#2180=LINE('',#15336,#3292);
#2181=LINE('',#15338,#3293);
#2182=LINE('',#15339,#3294);
#2183=LINE('',#15342,#3295);
#2184=LINE('',#15344,#3296);
#2185=LINE('',#15345,#3297);
#2186=LINE('',#15360,#3298);
#2187=LINE('',#15379,#3299);
#2188=LINE('',#15398,#3300);
#2189=LINE('',#15405,#3301);
#2190=LINE('',#15407,#3302);
#2191=LINE('',#15408,#3303);
#2192=LINE('',#15410,#3304);
#2193=LINE('',#15411,#3305);
#2194=LINE('',#15428,#3306);
#2195=LINE('',#15434,#3307);
#2196=LINE('',#15453,#3308);
#2197=LINE('',#15472,#3309);
#2198=LINE('',#15504,#3310);
#2199=LINE('',#15510,#3311);
#2200=LINE('',#15525,#3312);
#2201=LINE('',#15544,#3313);
#2202=LINE('',#15569,#3314);
#2203=LINE('',#15571,#3315);
#2204=LINE('',#15573,#3316);
#2205=LINE('',#15574,#3317);
#2206=LINE('',#15577,#3318);
#2207=LINE('',#15579,#3319);
#2208=LINE('',#15580,#3320);
#2209=LINE('',#15583,#3321);
#2210=LINE('',#15585,#3322);
#2211=LINE('',#15586,#3323);
#2212=LINE('',#15589,#3324);
#2213=LINE('',#15591,#3325);
#2214=LINE('',#15592,#3326);
#2215=LINE('',#15595,#3327);
#2216=LINE('',#15597,#3328);
#2217=LINE('',#15598,#3329);
#2218=LINE('',#15601,#3330);
#2219=LINE('',#15603,#3331);
#2220=LINE('',#15604,#3332);
#2221=LINE('',#15607,#3333);
#2222=LINE('',#15609,#3334);
#2223=LINE('',#15610,#3335);
#2224=LINE('',#15613,#3336);
#2225=LINE('',#15615,#3337);
#2226=LINE('',#15616,#3338);
#2227=LINE('',#15619,#3339);
#2228=LINE('',#15621,#3340);
#2229=LINE('',#15622,#3341);
#2230=LINE('',#15625,#3342);
#2231=LINE('',#15627,#3343);
#2232=LINE('',#15628,#3344);
#2233=LINE('',#15631,#3345);
#2234=LINE('',#15633,#3346);
#2235=LINE('',#15634,#3347);
#2236=LINE('',#15636,#3348);
#2237=LINE('',#15637,#3349);
#2238=LINE('',#15642,#3350);
#2239=LINE('',#15644,#3351);
#2240=LINE('',#15646,#3352);
#2241=LINE('',#15647,#3353);
#2242=LINE('',#15650,#3354);
#2243=LINE('',#15652,#3355);
#2244=LINE('',#15653,#3356);
#2245=LINE('',#15656,#3357);
#2246=LINE('',#15658,#3358);
#2247=LINE('',#15659,#3359);
#2248=LINE('',#15662,#3360);
#2249=LINE('',#15664,#3361);
#2250=LINE('',#15665,#3362);
#2251=LINE('',#15668,#3363);
#2252=LINE('',#15670,#3364);
#2253=LINE('',#15671,#3365);
#2254=LINE('',#15674,#3366);
#2255=LINE('',#15676,#3367);
#2256=LINE('',#15677,#3368);
#2257=LINE('',#15680,#3369);
#2258=LINE('',#15682,#3370);
#2259=LINE('',#15683,#3371);
#2260=LINE('',#15685,#3372);
#2261=LINE('',#15686,#3373);
#2262=LINE('',#15703,#3374);
#2263=LINE('',#15709,#3375);
#2264=LINE('',#15724,#3376);
#2265=LINE('',#15731,#3377);
#2266=LINE('',#15733,#3378);
#2267=LINE('',#15734,#3379);
#2268=LINE('',#15737,#3380);
#2269=LINE('',#15739,#3381);
#2270=LINE('',#15740,#3382);
#2271=LINE('',#15755,#3383);
#2272=LINE('',#15774,#3384);
#2273=LINE('',#15793,#3385);
#2274=LINE('',#15812,#3386);
#2275=LINE('',#15831,#3387);
#2276=LINE('',#15850,#3388);
#2277=LINE('',#15869,#3389);
#2278=LINE('',#15888,#3390);
#2279=LINE('',#15895,#3391);
#2280=LINE('',#15897,#3392);
#2281=LINE('',#15898,#3393);
#2282=LINE('',#15901,#3394);
#2283=LINE('',#15903,#3395);
#2284=LINE('',#15904,#3396);
#2285=LINE('',#15919,#3397);
#2286=LINE('',#15938,#3398);
#2287=LINE('',#15957,#3399);
#2288=LINE('',#15976,#3400);
#2289=LINE('',#15995,#3401);
#2290=LINE('',#16020,#3402);
#2291=LINE('',#16022,#3403);
#2292=LINE('',#16024,#3404);
#2293=LINE('',#16025,#3405);
#2294=LINE('',#16040,#3406);
#2295=LINE('',#16059,#3407);
#2296=LINE('',#16066,#3408);
#2297=LINE('',#16068,#3409);
#2298=LINE('',#16069,#3410);
#2299=LINE('',#16072,#3411);
#2300=LINE('',#16074,#3412);
#2301=LINE('',#16075,#3413);
#2302=LINE('',#16078,#3414);
#2303=LINE('',#16080,#3415);
#2304=LINE('',#16081,#3416);
#2305=LINE('',#16084,#3417);
#2306=LINE('',#16086,#3418);
#2307=LINE('',#16087,#3419);
#2308=LINE('',#16090,#3420);
#2309=LINE('',#16092,#3421);
#2310=LINE('',#16093,#3422);
#2311=LINE('',#16108,#3423);
#2312=LINE('',#16127,#3424);
#2313=LINE('',#16146,#3425);
#2314=LINE('',#16153,#3426);
#2315=LINE('',#16155,#3427);
#2316=LINE('',#16156,#3428);
#2317=LINE('',#16158,#3429);
#2318=LINE('',#16159,#3430);
#2319=LINE('',#16176,#3431);
#2320=LINE('',#16182,#3432);
#2321=LINE('',#16185,#3433);
#2322=LINE('',#16187,#3434);
#2323=LINE('',#16188,#3435);
#2324=LINE('',#16191,#3436);
#2325=LINE('',#16193,#3437);
#2326=LINE('',#16194,#3438);
#2327=LINE('',#16209,#3439);
#2328=LINE('',#16228,#3440);
#2329=LINE('',#16247,#3441);
#2330=LINE('',#16254,#3442);
#2331=LINE('',#16256,#3443);
#2332=LINE('',#16257,#3444);
#2333=LINE('',#16260,#3445);
#2334=LINE('',#16262,#3446);
#2335=LINE('',#16263,#3447);
#2336=LINE('',#16266,#3448);
#2337=LINE('',#16268,#3449);
#2338=LINE('',#16269,#3450);
#2339=LINE('',#16272,#3451);
#2340=LINE('',#16274,#3452);
#2341=LINE('',#16275,#3453);
#2342=LINE('',#16278,#3454);
#2343=LINE('',#16280,#3455);
#2344=LINE('',#16281,#3456);
#2345=LINE('',#16284,#3457);
#2346=LINE('',#16286,#3458);
#2347=LINE('',#16287,#3459);
#2348=LINE('',#16290,#3460);
#2349=LINE('',#16292,#3461);
#2350=LINE('',#16293,#3462);
#2351=LINE('',#16296,#3463);
#2352=LINE('',#16298,#3464);
#2353=LINE('',#16299,#3465);
#2354=LINE('',#16302,#3466);
#2355=LINE('',#16304,#3467);
#2356=LINE('',#16305,#3468);
#2357=LINE('',#16308,#3469);
#2358=LINE('',#16310,#3470);
#2359=LINE('',#16311,#3471);
#2360=LINE('',#16314,#3472);
#2361=LINE('',#16316,#3473);
#2362=LINE('',#16317,#3474);
#2363=LINE('',#16338,#3475);
#2364=LINE('',#16340,#3476);
#2365=LINE('',#16342,#3477);
#2366=LINE('',#16343,#3478);
#2367=LINE('',#16346,#3479);
#2368=LINE('',#16348,#3480);
#2369=LINE('',#16349,#3481);
#2370=LINE('',#16352,#3482);
#2371=LINE('',#16354,#3483);
#2372=LINE('',#16355,#3484);
#2373=LINE('',#16357,#3485);
#2374=LINE('',#16358,#3486);
#2375=LINE('',#16363,#3487);
#2376=LINE('',#16365,#3488);
#2377=LINE('',#16367,#3489);
#2378=LINE('',#16368,#3490);
#2379=LINE('',#16371,#3491);
#2380=LINE('',#16373,#3492);
#2381=LINE('',#16374,#3493);
#2382=LINE('',#16377,#3494);
#2383=LINE('',#16379,#3495);
#2384=LINE('',#16380,#3496);
#2385=LINE('',#16382,#3497);
#2386=LINE('',#16383,#3498);
#2387=LINE('',#16400,#3499);
#2388=LINE('',#16406,#3500);
#2389=LINE('',#16409,#3501);
#2390=LINE('',#16411,#3502);
#2391=LINE('',#16412,#3503);
#2392=LINE('',#16415,#3504);
#2393=LINE('',#16417,#3505);
#2394=LINE('',#16418,#3506);
#2395=LINE('',#16433,#3507);
#2396=LINE('',#16452,#3508);
#2397=LINE('',#16471,#3509);
#2398=LINE('',#16478,#3510);
#2399=LINE('',#16480,#3511);
#2400=LINE('',#16481,#3512);
#2401=LINE('',#16484,#3513);
#2402=LINE('',#16486,#3514);
#2403=LINE('',#16487,#3515);
#2404=LINE('',#16490,#3516);
#2405=LINE('',#16492,#3517);
#2406=LINE('',#16493,#3518);
#2407=LINE('',#16496,#3519);
#2408=LINE('',#16498,#3520);
#2409=LINE('',#16499,#3521);
#2410=LINE('',#16502,#3522);
#2411=LINE('',#16504,#3523);
#2412=LINE('',#16505,#3524);
#2413=LINE('',#16508,#3525);
#2414=LINE('',#16510,#3526);
#2415=LINE('',#16511,#3527);
#2416=LINE('',#16514,#3528);
#2417=LINE('',#16516,#3529);
#2418=LINE('',#16517,#3530);
#2419=LINE('',#16520,#3531);
#2420=LINE('',#16522,#3532);
#2421=LINE('',#16523,#3533);
#2422=LINE('',#16526,#3534);
#2423=LINE('',#16528,#3535);
#2424=LINE('',#16529,#3536);
#2425=LINE('',#16532,#3537);
#2426=LINE('',#16534,#3538);
#2427=LINE('',#16535,#3539);
#2428=LINE('',#16538,#3540);
#2429=LINE('',#16540,#3541);
#2430=LINE('',#16541,#3542);
#2431=LINE('',#16574,#3543);
#2432=LINE('',#16580,#3544);
#2433=LINE('',#16595,#3545);
#2434=LINE('',#16614,#3546);
#2435=LINE('',#16621,#3547);
#2436=LINE('',#16623,#3548);
#2437=LINE('',#16624,#3549);
#2438=LINE('',#16627,#3550);
#2439=LINE('',#16629,#3551);
#2440=LINE('',#16630,#3552);
#2441=LINE('',#16633,#3553);
#2442=LINE('',#16635,#3554);
#2443=LINE('',#16636,#3555);
#2444=LINE('',#16639,#3556);
#2445=LINE('',#16641,#3557);
#2446=LINE('',#16642,#3558);
#2447=LINE('',#16645,#3559);
#2448=LINE('',#16647,#3560);
#2449=LINE('',#16648,#3561);
#2450=LINE('',#16663,#3562);
#2451=LINE('',#16682,#3563);
#2452=LINE('',#16701,#3564);
#2453=LINE('',#16720,#3565);
#2454=LINE('',#16739,#3566);
#2455=LINE('',#16758,#3567);
#2456=LINE('',#16777,#3568);
#2457=LINE('',#16784,#3569);
#2458=LINE('',#16786,#3570);
#2459=LINE('',#16787,#3571);
#2460=LINE('',#16790,#3572);
#2461=LINE('',#16792,#3573);
#2462=LINE('',#16793,#3574);
#2463=LINE('',#16808,#3575);
#2464=LINE('',#16827,#3576);
#2465=LINE('',#16852,#3577);
#2466=LINE('',#16854,#3578);
#2467=LINE('',#16856,#3579);
#2468=LINE('',#16857,#3580);
#2469=LINE('',#16860,#3581);
#2470=LINE('',#16862,#3582);
#2471=LINE('',#16863,#3583);
#2472=LINE('',#16878,#3584);
#2473=LINE('',#16897,#3585);
#2474=LINE('',#16916,#3586);
#2475=LINE('',#16935,#3587);
#2476=LINE('',#16954,#3588);
#2477=LINE('',#16961,#3589);
#2478=LINE('',#16963,#3590);
#2479=LINE('',#16964,#3591);
#2480=LINE('',#16967,#3592);
#2481=LINE('',#16969,#3593);
#2482=LINE('',#16970,#3594);
#2483=LINE('',#16985,#3595);
#2484=LINE('',#17004,#3596);
#2485=LINE('',#17020,#3597);
#2486=LINE('',#17036,#3598);
#2487=LINE('',#17055,#3599);
#2488=LINE('',#17074,#3600);
#2489=LINE('',#17081,#3601);
#2490=LINE('',#17083,#3602);
#2491=LINE('',#17084,#3603);
#2492=LINE('',#17086,#3604);
#2493=LINE('',#17087,#3605);
#2494=LINE('',#17104,#3606);
#2495=LINE('',#17110,#3607);
#2496=LINE('',#17129,#3608);
#2497=LINE('',#17148,#3609);
#2498=LINE('',#17167,#3610);
#2499=LINE('',#17186,#3611);
#2500=LINE('',#17205,#3612);
#2501=LINE('',#17237,#3613);
#2502=LINE('',#17243,#3614);
#2503=LINE('',#17258,#3615);
#2504=LINE('',#17277,#3616);
#2505=LINE('',#17296,#3617);
#2506=LINE('',#17315,#3618);
#2507=LINE('',#17322,#3619);
#2508=LINE('',#17324,#3620);
#2509=LINE('',#17325,#3621);
#2510=LINE('',#17328,#3622);
#2511=LINE('',#17330,#3623);
#2512=LINE('',#17331,#3624);
#2513=LINE('',#17346,#3625);
#2514=LINE('',#17365,#3626);
#2515=LINE('',#17384,#3627);
#2516=LINE('',#17403,#3628);
#2517=LINE('',#17422,#3629);
#2518=LINE('',#17441,#3630);
#2519=LINE('',#17466,#3631);
#2520=LINE('',#17468,#3632);
#2521=LINE('',#17470,#3633);
#2522=LINE('',#17471,#3634);
#2523=LINE('',#17474,#3635);
#2524=LINE('',#17476,#3636);
#2525=LINE('',#17477,#3637);
#2526=LINE('',#17480,#3638);
#2527=LINE('',#17482,#3639);
#2528=LINE('',#17483,#3640);
#2529=LINE('',#17485,#3641);
#2530=LINE('',#17486,#3642);
#2531=LINE('',#17493,#3643);
#2532=LINE('',#17495,#3644);
#2533=LINE('',#17497,#3645);
#2534=LINE('',#17499,#3646);
#2535=LINE('',#17501,#3647);
#2536=LINE('',#17503,#3648);
#2537=LINE('',#17505,#3649);
#2538=LINE('',#17526,#3650);
#2539=LINE('',#17541,#3651);
#2540=LINE('',#17556,#3652);
#2541=LINE('',#17571,#3653);
#2542=LINE('',#17573,#3654);
#2543=LINE('',#17575,#3655);
#2544=LINE('',#17577,#3656);
#2545=LINE('',#17579,#3657);
#2546=LINE('',#17587,#3658);
#2547=LINE('',#17589,#3659);
#2548=LINE('',#17591,#3660);
#2549=LINE('',#17593,#3661);
#2550=LINE('',#17595,#3662);
#2551=LINE('',#17597,#3663);
#2552=LINE('',#17598,#3664);
#2553=LINE('',#17601,#3665);
#2554=LINE('',#17602,#3666);
#2555=LINE('',#17604,#3667);
#2556=LINE('',#17615,#3668);
#2557=LINE('',#17618,#3669);
#2558=LINE('',#17621,#3670);
#2559=LINE('',#17623,#3671);
#2560=LINE('',#17624,#3672);
#2561=LINE('',#17634,#3673);
#2562=LINE('',#17637,#3674);
#2563=LINE('',#17642,#3675);
#2564=LINE('',#17646,#3676);
#2565=LINE('',#17648,#3677);
#2566=LINE('',#17652,#3678);
#2567=LINE('',#17653,#3679);
#2568=LINE('',#17655,#3680);
#2569=LINE('',#17657,#3681);
#2570=LINE('',#17661,#3682);
#2571=LINE('',#17663,#3683);
#2572=LINE('',#17667,#3684);
#2573=LINE('',#17671,#3685);
#2574=LINE('',#17675,#3686);
#2575=LINE('',#17679,#3687);
#2576=LINE('',#17681,#3688);
#2577=LINE('',#17685,#3689);
#2578=LINE('',#17689,#3690);
#2579=LINE('',#17691,#3691);
#2580=LINE('',#17695,#3692);
#2581=LINE('',#17698,#3693);
#2582=LINE('',#17702,#3694);
#2583=LINE('',#17703,#3695);
#2584=LINE('',#17705,#3696);
#2585=LINE('',#17709,#3697);
#2586=LINE('',#17712,#3698);
#2587=LINE('',#17713,#3699);
#2588=LINE('',#17716,#3700);
#2589=LINE('',#17718,#3701);
#2590=LINE('',#17719,#3702);
#2591=LINE('',#17722,#3703);
#2592=LINE('',#17724,#3704);
#2593=LINE('',#17726,#3705);
#2594=LINE('',#17727,#3706);
#2595=LINE('',#17730,#3707);
#2596=LINE('',#17731,#3708);
#2597=LINE('',#17732,#3709);
#2598=LINE('',#17735,#3710);
#2599=LINE('',#17737,#3711);
#2600=LINE('',#17739,#3712);
#2601=LINE('',#17740,#3713);
#2602=LINE('',#17743,#3714);
#2603=LINE('',#17745,#3715);
#2604=LINE('',#17746,#3716);
#2605=LINE('',#17750,#3717);
#2606=LINE('',#17754,#3718);
#2607=LINE('',#17756,#3719);
#2608=LINE('',#17760,#3720);
#2609=LINE('',#17764,#3721);
#2610=LINE('',#17766,#3722);
#2611=LINE('',#17770,#3723);
#2612=LINE('',#17771,#3724);
#2613=LINE('',#17772,#3725);
#2614=LINE('',#17775,#3726);
#2615=LINE('',#17777,#3727);
#2616=LINE('',#17778,#3728);
#2617=LINE('',#17779,#3729);
#2618=LINE('',#17781,#3730);
#2619=LINE('',#17783,#3731);
#2620=LINE('',#17786,#3732);
#2621=LINE('',#17787,#3733);
#2622=LINE('',#17791,#3734);
#2623=LINE('',#17793,#3735);
#2624=LINE('',#17796,#3736);
#2625=LINE('',#17799,#3737);
#2626=LINE('',#17801,#3738);
#2627=LINE('',#17803,#3739);
#2628=LINE('',#17805,#3740);
#2629=LINE('',#17808,#3741);
#2630=LINE('',#17810,#3742);
#2631=LINE('',#17811,#3743);
#2632=LINE('',#17813,#3744);
#2633=LINE('',#17815,#3745);
#2634=LINE('',#17817,#3746);
#2635=LINE('',#17820,#3747);
#2636=LINE('',#17822,#3748);
#2637=LINE('',#17824,#3749);
#2638=LINE('',#17828,#3750);
#2639=LINE('',#17832,#3751);
#2640=LINE('',#17834,#3752);
#2641=LINE('',#17836,#3753);
#2642=LINE('',#17838,#3754);
#2643=LINE('',#17840,#3755);
#2644=LINE('',#17844,#3756);
#2645=LINE('',#17848,#3757);
#2646=LINE('',#17850,#3758);
#2647=LINE('',#17851,#3759);
#2648=LINE('',#17854,#3760);
#2649=LINE('',#17856,#3761);
#2650=LINE('',#17858,#3762);
#2651=LINE('',#17859,#3763);
#2652=LINE('',#17862,#3764);
#2653=LINE('',#17864,#3765);
#2654=LINE('',#17866,#3766);
#2655=LINE('',#17867,#3767);
#2656=LINE('',#17870,#3768);
#2657=LINE('',#17872,#3769);
#2658=LINE('',#17874,#3770);
#2659=LINE('',#17875,#3771);
#2660=LINE('',#17878,#3772);
#2661=LINE('',#17880,#3773);
#2662=LINE('',#17882,#3774);
#2663=LINE('',#17883,#3775);
#2664=LINE('',#17886,#3776);
#2665=LINE('',#17888,#3777);
#2666=LINE('',#17890,#3778);
#2667=LINE('',#17891,#3779);
#2668=LINE('',#17894,#3780);
#2669=LINE('',#17896,#3781);
#2670=LINE('',#17898,#3782);
#2671=LINE('',#17899,#3783);
#2672=LINE('',#17902,#3784);
#2673=LINE('',#17904,#3785);
#2674=LINE('',#17906,#3786);
#2675=LINE('',#17907,#3787);
#2676=LINE('',#17910,#3788);
#2677=LINE('',#17912,#3789);
#2678=LINE('',#17914,#3790);
#2679=LINE('',#17915,#3791);
#2680=LINE('',#17918,#3792);
#2681=LINE('',#17920,#3793);
#2682=LINE('',#17921,#3794);
#2683=LINE('',#17924,#3795);
#2684=LINE('',#17926,#3796);
#2685=LINE('',#17927,#3797);
#2686=LINE('',#17931,#3798);
#2687=LINE('',#17934,#3799);
#2688=LINE('',#17936,#3800);
#2689=LINE('',#17938,#3801);
#2690=LINE('',#17942,#3802);
#2691=LINE('',#17946,#3803);
#2692=LINE('',#17951,#3804);
#2693=LINE('',#17952,#3805);
#2694=LINE('',#17956,#3806);
#2695=LINE('',#17960,#3807);
#2696=LINE('',#17964,#3808);
#2697=LINE('',#17967,#3809);
#2698=LINE('',#17968,#3810);
#2699=LINE('',#17969,#3811);
#2700=LINE('',#17971,#3812);
#2701=LINE('',#17973,#3813);
#2702=LINE('',#17979,#3814);
#2703=LINE('',#17981,#3815);
#2704=LINE('',#17985,#3816);
#2705=LINE('',#17987,#3817);
#2706=LINE('',#17989,#3818);
#2707=LINE('',#17991,#3819);
#2708=LINE('',#17993,#3820);
#2709=LINE('',#17997,#3821);
#2710=LINE('',#17999,#3822);
#2711=LINE('',#18005,#3823);
#2712=LINE('',#18010,#3824);
#2713=LINE('',#18012,#3825);
#2714=LINE('',#18018,#3826);
#2715=LINE('',#18022,#3827);
#2716=LINE('',#18026,#3828);
#2717=LINE('',#18029,#3829);
#2718=LINE('',#18032,#3830);
#2719=LINE('',#18049,#3831);
#2720=LINE('',#18052,#3832);
#2721=LINE('',#18058,#3833);
#2722=LINE('',#18060,#3834);
#2723=LINE('',#18064,#3835);
#2724=LINE('',#18077,#3836);
#2725=LINE('',#18078,#3837);
#2726=LINE('',#18081,#3838);
#2727=LINE('',#18082,#3839);
#2728=LINE('',#18086,#3840);
#2729=LINE('',#18088,#3841);
#2730=LINE('',#18090,#3842);
#2731=LINE('',#18096,#3843);
#2732=LINE('',#18098,#3844);
#2733=LINE('',#18100,#3845);
#2734=LINE('',#18106,#3846);
#2735=LINE('',#18108,#3847);
#2736=LINE('',#18112,#3848);
#2737=LINE('',#18114,#3849);
#2738=LINE('',#18116,#3850);
#2739=LINE('',#18120,#3851);
#2740=LINE('',#18121,#3852);
#2741=LINE('',#18123,#3853);
#2742=LINE('',#18124,#3854);
#2743=LINE('',#18144,#3855);
#2744=LINE('',#18145,#3856);
#2745=LINE('',#18147,#3857);
#2746=LINE('',#18150,#3858);
#2747=LINE('',#18152,#3859);
#2748=LINE('',#18155,#3860);
#2749=LINE('',#18159,#3861);
#2750=LINE('',#18163,#3862);
#2751=LINE('',#18164,#3863);
#2752=LINE('',#18177,#3864);
#2753=LINE('',#18179,#3865);
#2754=LINE('',#18181,#3866);
#2755=LINE('',#18182,#3867);
#2756=LINE('',#18188,#3868);
#2757=LINE('',#18192,#3869);
#2758=LINE('',#18196,#3870);
#2759=LINE('',#18208,#3871);
#2760=LINE('',#18211,#3872);
#2761=LINE('',#18213,#3873);
#2762=LINE('',#18214,#3874);
#2763=LINE('',#18226,#3875);
#2764=LINE('',#18230,#3876);
#2765=LINE('',#18233,#3877);
#2766=LINE('',#18235,#3878);
#2767=LINE('',#18237,#3879);
#2768=LINE('',#18238,#3880);
#2769=LINE('',#18240,#3881);
#2770=LINE('',#18242,#3882);
#2771=LINE('',#18246,#3883);
#2772=LINE('',#18248,#3884);
#2773=LINE('',#18249,#3885);
#2774=LINE('',#18253,#3886);
#2775=LINE('',#18256,#3887);
#2776=LINE('',#18257,#3888);
#2777=LINE('',#18267,#3889);
#2778=LINE('',#18280,#3890);
#2779=LINE('',#18283,#3891);
#2780=LINE('',#18284,#3892);
#2781=LINE('',#18288,#3893);
#2782=LINE('',#18290,#3894);
#2783=LINE('',#18291,#3895);
#2784=LINE('',#18300,#3896);
#2785=LINE('',#18303,#3897);
#2786=LINE('',#18305,#3898);
#2787=LINE('',#18306,#3899);
#2788=LINE('',#18313,#3900);
#2789=LINE('',#18314,#3901);
#2790=LINE('',#18316,#3902);
#2791=LINE('',#18318,#3903);
#2792=LINE('',#18320,#3904);
#2793=LINE('',#18321,#3905);
#2794=LINE('',#18322,#3906);
#2795=LINE('',#18326,#3907);
#2796=LINE('',#18328,#3908);
#2797=LINE('',#18331,#3909);
#2798=LINE('',#18333,#3910);
#2799=LINE('',#18336,#3911);
#2800=LINE('',#18338,#3912);
#2801=LINE('',#18339,#3913);
#2802=LINE('',#18343,#3914);
#2803=LINE('',#18346,#3915);
#2804=LINE('',#18350,#3916);
#2805=LINE('',#18351,#3917);
#2806=LINE('',#18353,#3918);
#2807=LINE('',#18356,#3919);
#2808=LINE('',#18358,#3920);
#2809=LINE('',#18360,#3921);
#2810=LINE('',#18361,#3922);
#2811=LINE('',#18364,#3923);
#2812=LINE('',#18366,#3924);
#2813=LINE('',#18368,#3925);
#2814=LINE('',#18369,#3926);
#2815=LINE('',#18372,#3927);
#2816=LINE('',#18374,#3928);
#2817=LINE('',#18376,#3929);
#2818=LINE('',#18377,#3930);
#2819=LINE('',#18380,#3931);
#2820=LINE('',#18382,#3932);
#2821=LINE('',#18384,#3933);
#2822=LINE('',#18385,#3934);
#2823=LINE('',#18388,#3935);
#2824=LINE('',#18390,#3936);
#2825=LINE('',#18392,#3937);
#2826=LINE('',#18393,#3938);
#2827=LINE('',#18396,#3939);
#2828=LINE('',#18398,#3940);
#2829=LINE('',#18400,#3941);
#2830=LINE('',#18401,#3942);
#2831=LINE('',#18404,#3943);
#2832=LINE('',#18406,#3944);
#2833=LINE('',#18408,#3945);
#2834=LINE('',#18409,#3946);
#2835=LINE('',#18412,#3947);
#2836=LINE('',#18414,#3948);
#2837=LINE('',#18416,#3949);
#2838=LINE('',#18417,#3950);
#2839=LINE('',#18419,#3951);
#2840=LINE('',#18420,#3952);
#2841=LINE('',#18422,#3953);
#2842=LINE('',#18426,#3954);
#2843=LINE('',#18427,#3955);
#2844=LINE('',#18429,#3956);
#2845=LINE('',#18431,#3957);
#2846=LINE('',#18434,#3958);
#2847=LINE('',#18435,#3959);
#2848=LINE('',#18437,#3960);
#2849=LINE('',#18439,#3961);
#2850=LINE('',#18442,#3962);
#2851=LINE('',#18443,#3963);
#2852=LINE('',#18445,#3964);
#2853=LINE('',#18447,#3965);
#2854=LINE('',#18450,#3966);
#2855=LINE('',#18451,#3967);
#2856=LINE('',#18453,#3968);
#2857=LINE('',#18455,#3969);
#2858=LINE('',#18458,#3970);
#2859=LINE('',#18459,#3971);
#2860=LINE('',#18461,#3972);
#2861=LINE('',#18463,#3973);
#2862=LINE('',#18466,#3974);
#2863=LINE('',#18467,#3975);
#2864=LINE('',#18469,#3976);
#2865=LINE('',#18471,#3977);
#2866=LINE('',#18474,#3978);
#2867=LINE('',#18475,#3979);
#2868=LINE('',#18477,#3980);
#2869=LINE('',#18479,#3981);
#2870=LINE('',#18482,#3982);
#2871=LINE('',#18483,#3983);
#2872=LINE('',#18485,#3984);
#2873=LINE('',#18487,#3985);
#2874=LINE('',#18490,#3986);
#2875=LINE('',#18492,#3987);
#2876=LINE('',#18495,#3988);
#2877=LINE('',#18497,#3989);
#2878=LINE('',#18501,#3990);
#2879=LINE('',#18503,#3991);
#2880=LINE('',#18504,#3992);
#2881=LINE('',#18507,#3993);
#2882=LINE('',#18508,#3994);
#2883=LINE('',#18511,#3995);
#2884=LINE('',#18512,#3996);
#2885=LINE('',#18514,#3997);
#2886=LINE('',#18518,#3998);
#2887=LINE('',#18520,#3999);
#2888=LINE('',#18522,#4000);
#2889=LINE('',#18524,#4001);
#2890=LINE('',#18526,#4002);
#2891=LINE('',#18528,#4003);
#2892=LINE('',#18530,#4004);
#2893=LINE('',#18531,#4005);
#2894=LINE('',#18534,#4006);
#2895=LINE('',#18536,#4007);
#2896=LINE('',#18538,#4008);
#2897=LINE('',#18540,#4009);
#2898=LINE('',#18542,#4010);
#2899=LINE('',#18544,#4011);
#2900=LINE('',#18546,#4012);
#2901=LINE('',#18548,#4013);
#2902=LINE('',#18550,#4014);
#2903=LINE('',#18552,#4015);
#2904=LINE('',#18554,#4016);
#2905=LINE('',#18556,#4017);
#2906=LINE('',#18557,#4018);
#2907=LINE('',#18560,#4019);
#2908=LINE('',#18562,#4020);
#2909=LINE('',#18564,#4021);
#2910=LINE('',#18588,#4022);
#2911=LINE('',#18589,#4023);
#2912=LINE('',#18593,#4024);
#2913=LINE('',#18595,#4025);
#2914=LINE('',#18596,#4026);
#2915=LINE('',#18600,#4027);
#2916=LINE('',#18602,#4028);
#2917=LINE('',#18605,#4029);
#2918=LINE('',#18608,#4030);
#2919=LINE('',#18610,#4031);
#2920=LINE('',#18611,#4032);
#2921=LINE('',#18614,#4033);
#2922=LINE('',#18615,#4034);
#2923=LINE('',#18618,#4035);
#2924=LINE('',#18619,#4036);
#2925=LINE('',#18622,#4037);
#2926=LINE('',#18623,#4038);
#2927=LINE('',#18626,#4039);
#2928=LINE('',#18627,#4040);
#2929=LINE('',#18630,#4041);
#2930=LINE('',#18631,#4042);
#2931=LINE('',#18634,#4043);
#2932=LINE('',#18635,#4044);
#2933=LINE('',#18637,#4045);
#2934=LINE('',#18641,#4046);
#2935=LINE('',#18643,#4047);
#2936=LINE('',#18644,#4048);
#2937=LINE('',#18648,#4049);
#2938=LINE('',#18650,#4050);
#2939=LINE('',#18652,#4051);
#2940=LINE('',#18654,#4052);
#2941=LINE('',#18656,#4053);
#2942=LINE('',#18658,#4054);
#2943=LINE('',#18660,#4055);
#2944=LINE('',#18662,#4056);
#2945=LINE('',#18664,#4057);
#2946=LINE('',#18666,#4058);
#2947=LINE('',#18668,#4059);
#2948=LINE('',#18670,#4060);
#2949=LINE('',#18671,#4061);
#2950=LINE('',#18675,#4062);
#2951=LINE('',#18677,#4063);
#2952=LINE('',#18679,#4064);
#2953=LINE('',#18703,#4065);
#2954=LINE('',#18704,#4066);
#2955=LINE('',#18707,#4067);
#2956=LINE('',#18709,#4068);
#2957=LINE('',#18712,#4069);
#2958=LINE('',#18714,#4070);
#2959=LINE('',#18715,#4071);
#2960=LINE('',#18717,#4072);
#2961=LINE('',#18720,#4073);
#2962=LINE('',#18721,#4074);
#2963=LINE('',#18723,#4075);
#2964=LINE('',#18725,#4076);
#2965=LINE('',#18727,#4077);
#2966=LINE('',#18729,#4078);
#2967=LINE('',#18731,#4079);
#2968=LINE('',#18733,#4080);
#2969=LINE('',#18735,#4081);
#2970=LINE('',#18737,#4082);
#2971=LINE('',#18739,#4083);
#2972=LINE('',#18741,#4084);
#2973=LINE('',#18743,#4085);
#2974=LINE('',#18746,#4086);
#2975=LINE('',#18747,#4087);
#2976=LINE('',#18749,#4088);
#2977=LINE('',#18751,#4089);
#2978=LINE('',#18764,#4090);
#2979=LINE('',#18777,#4091);
#2980=LINE('',#18779,#4092);
#2981=LINE('',#18782,#4093);
#2982=LINE('',#18783,#4094);
#2983=LINE('',#18785,#4095);
#2984=LINE('',#18787,#4096);
#2985=LINE('',#18793,#4097);
#2986=LINE('',#18795,#4098);
#2987=LINE('',#18797,#4099);
#2988=LINE('',#18798,#4100);
#2989=LINE('',#18801,#4101);
#2990=LINE('',#18803,#4102);
#2991=LINE('',#18804,#4103);
#2992=LINE('',#18807,#4104);
#2993=LINE('',#18809,#4105);
#2994=LINE('',#18810,#4106);
#2995=LINE('',#18812,#4107);
#2996=LINE('',#18813,#4108);
#2997=VECTOR('',#11519,10.);
#2998=VECTOR('',#11520,10.);
#2999=VECTOR('',#11521,10.);
#3000=VECTOR('',#11522,10.);
#3001=VECTOR('',#11525,10.);
#3002=VECTOR('',#11526,10.);
#3003=VECTOR('',#11527,10.);
#3004=VECTOR('',#11530,10.);
#3005=VECTOR('',#11531,10.);
#3006=VECTOR('',#11534,10.);
#3007=VECTOR('',#11535,10.);
#3008=VECTOR('',#11536,10.);
#3009=VECTOR('',#11537,10.);
#3010=VECTOR('',#11540,10.);
#3011=VECTOR('',#11541,10.);
#3012=VECTOR('',#11542,10.);
#3013=VECTOR('',#11545,10.);
#3014=VECTOR('',#11546,10.);
#3015=VECTOR('',#11547,10.);
#3016=VECTOR('',#11550,10.);
#3017=VECTOR('',#11551,10.);
#3018=VECTOR('',#11552,10.);
#3019=VECTOR('',#11555,10.);
#3020=VECTOR('',#11556,10.);
#3021=VECTOR('',#11557,10.);
#3022=VECTOR('',#11560,10.);
#3023=VECTOR('',#11561,10.);
#3024=VECTOR('',#11562,10.);
#3025=VECTOR('',#11565,10.);
#3026=VECTOR('',#11566,10.);
#3027=VECTOR('',#11567,10.);
#3028=VECTOR('',#11570,10.);
#3029=VECTOR('',#11571,10.);
#3030=VECTOR('',#11572,10.);
#3031=VECTOR('',#11575,10.);
#3032=VECTOR('',#11576,10.);
#3033=VECTOR('',#11577,10.);
#3034=VECTOR('',#11580,10.);
#3035=VECTOR('',#11581,10.);
#3036=VECTOR('',#11582,10.);
#3037=VECTOR('',#11585,10.);
#3038=VECTOR('',#11586,10.);
#3039=VECTOR('',#11591,10.);
#3040=VECTOR('',#11592,10.);
#3041=VECTOR('',#11593,10.);
#3042=VECTOR('',#11594,10.);
#3043=VECTOR('',#11597,10.);
#3044=VECTOR('',#11598,10.);
#3045=VECTOR('',#11599,10.);
#3046=VECTOR('',#11600,10.);
#3047=VECTOR('',#11601,10.);
#3048=VECTOR('',#11602,10.);
#3049=VECTOR('',#11603,10.);
#3050=VECTOR('',#11604,10.);
#3051=VECTOR('',#11607,10.);
#3052=VECTOR('',#11608,10.);
#3053=VECTOR('',#11609,10.);
#3054=VECTOR('',#11612,10.);
#3055=VECTOR('',#11613,10.);
#3056=VECTOR('',#11614,10.);
#3057=VECTOR('',#11615,10.);
#3058=VECTOR('',#11616,10.);
#3059=VECTOR('',#11619,10.);
#3060=VECTOR('',#11622,10.);
#3061=VECTOR('',#11623,10.);
#3062=VECTOR('',#11624,10.);
#3063=VECTOR('',#11627,10.);
#3064=VECTOR('',#11628,10.);
#3065=VECTOR('',#11629,10.);
#3066=VECTOR('',#11632,10.);
#3067=VECTOR('',#11633,10.);
#3068=VECTOR('',#11638,10.);
#3069=VECTOR('',#11639,10.);
#3070=VECTOR('',#11640,10.);
#3071=VECTOR('',#11641,10.);
#3072=VECTOR('',#11644,10.);
#3073=VECTOR('',#11645,10.);
#3074=VECTOR('',#11646,10.);
#3075=VECTOR('',#11649,10.);
#3076=VECTOR('',#11650,10.);
#3077=VECTOR('',#11653,10.);
#3078=VECTOR('',#11654,10.);
#3079=VECTOR('',#11655,10.);
#3080=VECTOR('',#11656,10.);
#3081=VECTOR('',#11659,10.);
#3082=VECTOR('',#11660,10.);
#3083=VECTOR('',#11661,10.);
#3084=VECTOR('',#11664,10.);
#3085=VECTOR('',#11665,10.);
#3086=VECTOR('',#11666,10.);
#3087=VECTOR('',#11669,10.);
#3088=VECTOR('',#11670,10.);
#3089=VECTOR('',#11671,10.);
#3090=VECTOR('',#11674,10.);
#3091=VECTOR('',#11675,10.);
#3092=VECTOR('',#11676,10.);
#3093=VECTOR('',#11679,10.);
#3094=VECTOR('',#11680,10.);
#3095=VECTOR('',#11681,10.);
#3096=VECTOR('',#11684,10.);
#3097=VECTOR('',#11685,10.);
#3098=VECTOR('',#11686,10.);
#3099=VECTOR('',#11689,10.);
#3100=VECTOR('',#11690,10.);
#3101=VECTOR('',#11691,10.);
#3102=VECTOR('',#11694,10.);
#3103=VECTOR('',#11695,10.);
#3104=VECTOR('',#11696,10.);
#3105=VECTOR('',#11699,10.);
#3106=VECTOR('',#11700,10.);
#3107=VECTOR('',#11701,10.);
#3108=VECTOR('',#11704,10.);
#3109=VECTOR('',#11705,10.);
#3110=VECTOR('',#11708,10.);
#3111=VECTOR('',#11709,10.);
#3112=VECTOR('',#11710,10.);
#3113=VECTOR('',#11711,10.);
#3114=VECTOR('',#11712,10.);
#3115=VECTOR('',#11713,10.);
#3116=VECTOR('',#11714,10.);
#3117=VECTOR('',#11715,10.);
#3118=VECTOR('',#11716,10.);
#3119=VECTOR('',#11717,10.);
#3120=VECTOR('',#11718,10.);
#3121=VECTOR('',#11719,10.);
#3122=VECTOR('',#11722,10.);
#3123=VECTOR('',#11723,10.);
#3124=VECTOR('',#11724,10.);
#3125=VECTOR('',#11725,10.);
#3126=VECTOR('',#11728,10.);
#3127=VECTOR('',#11729,10.);
#3128=VECTOR('',#11730,10.);
#3129=VECTOR('',#11733,10.);
#3130=VECTOR('',#11734,10.);
#3131=VECTOR('',#11735,10.);
#3132=VECTOR('',#11738,10.);
#3133=VECTOR('',#11739,10.);
#3134=VECTOR('',#11740,10.);
#3135=VECTOR('',#11743,10.);
#3136=VECTOR('',#11744,10.);
#3137=VECTOR('',#11745,10.);
#3138=VECTOR('',#11748,10.);
#3139=VECTOR('',#11749,10.);
#3140=VECTOR('',#11750,10.);
#3141=VECTOR('',#11751,10.);
#3142=VECTOR('',#11752,10.);
#3143=VECTOR('',#11753,10.);
#3144=VECTOR('',#11754,10.);
#3145=VECTOR('',#11755,10.);
#3146=VECTOR('',#11756,10.);
#3147=VECTOR('',#11757,10.);
#3148=VECTOR('',#11760,10.);
#3149=VECTOR('',#11761,10.);
#3150=VECTOR('',#11762,10.);
#3151=VECTOR('',#11765,10.);
#3152=VECTOR('',#11766,10.);
#3153=VECTOR('',#11767,10.);
#3154=VECTOR('',#11768,10.);
#3155=VECTOR('',#11769,10.);
#3156=VECTOR('',#11774,10.);
#3157=VECTOR('',#11775,10.);
#3158=VECTOR('',#11776,10.);
#3159=VECTOR('',#11777,10.);
#3160=VECTOR('',#11780,10.);
#3161=VECTOR('',#11781,10.);
#3162=VECTOR('',#11782,10.);
#3163=VECTOR('',#11785,10.);
#3164=VECTOR('',#11786,10.);
#3165=VECTOR('',#11787,10.);
#3166=VECTOR('',#11790,10.);
#3167=VECTOR('',#11791,10.);
#3168=VECTOR('',#11792,10.);
#3169=VECTOR('',#11795,10.);
#3170=VECTOR('',#11796,10.);
#3171=VECTOR('',#11797,10.);
#3172=VECTOR('',#11800,10.);
#3173=VECTOR('',#11801,10.);
#3174=VECTOR('',#11802,10.);
#3175=VECTOR('',#11805,10.);
#3176=VECTOR('',#11806,10.);
#3177=VECTOR('',#11807,10.);
#3178=VECTOR('',#11810,10.);
#3179=VECTOR('',#11811,10.);
#3180=VECTOR('',#11816,10.);
#3181=VECTOR('',#11817,10.);
#3182=VECTOR('',#11818,10.);
#3183=VECTOR('',#11819,10.);
#3184=VECTOR('',#11822,10.);
#3185=VECTOR('',#11823,10.);
#3186=VECTOR('',#11824,10.);
#3187=VECTOR('',#11827,10.);
#3188=VECTOR('',#11828,10.);
#3189=VECTOR('',#11829,10.);
#3190=VECTOR('',#11832,10.);
#3191=VECTOR('',#11833,10.);
#3192=VECTOR('',#11838,10.);
#3193=VECTOR('',#11839,10.);
#3194=VECTOR('',#11840,10.);
#3195=VECTOR('',#11841,10.);
#3196=VECTOR('',#11844,10.);
#3197=VECTOR('',#11845,10.);
#3198=VECTOR('',#11846,10.);
#3199=VECTOR('',#11849,10.);
#3200=VECTOR('',#11850,10.);
#3201=VECTOR('',#11851,10.);
#3202=VECTOR('',#11854,10.);
#3203=VECTOR('',#11855,10.);
#3204=VECTOR('',#11856,10.);
#3205=VECTOR('',#11859,10.);
#3206=VECTOR('',#11860,10.);
#3207=VECTOR('',#11861,10.);
#3208=VECTOR('',#11864,10.);
#3209=VECTOR('',#11865,10.);
#3210=VECTOR('',#11866,10.);
#3211=VECTOR('',#11869,10.);
#3212=VECTOR('',#11870,10.);
#3213=VECTOR('',#11875,10.);
#3214=VECTOR('',#11876,10.);
#3215=VECTOR('',#11877,10.);
#3216=VECTOR('',#11878,10.);
#3217=VECTOR('',#11881,10.);
#3218=VECTOR('',#11882,10.);
#3219=VECTOR('',#11883,10.);
#3220=VECTOR('',#11886,10.);
#3221=VECTOR('',#11887,10.);
#3222=VECTOR('',#11888,10.);
#3223=VECTOR('',#11891,10.);
#3224=VECTOR('',#11892,10.);
#3225=VECTOR('',#11895,10.);
#3226=VECTOR('',#11896,10.);
#3227=VECTOR('',#11897,10.);
#3228=VECTOR('',#11900,10.);
#3229=VECTOR('',#11901,10.);
#3230=VECTOR('',#11902,10.);
#3231=VECTOR('',#11905,10.);
#3232=VECTOR('',#11906,10.);
#3233=VECTOR('',#11907,10.);
#3234=VECTOR('',#11908,10.);
#3235=VECTOR('',#11909,10.);
#3236=VECTOR('',#11910,10.);
#3237=VECTOR('',#11911,10.);
#3238=VECTOR('',#11912,10.);
#3239=VECTOR('',#11915,10.);
#3240=VECTOR('',#11916,10.);
#3241=VECTOR('',#11917,10.);
#3242=VECTOR('',#11920,10.);
#3243=VECTOR('',#11921,10.);
#3244=VECTOR('',#11922,10.);
#3245=VECTOR('',#11923,10.);
#3246=VECTOR('',#11924,10.);
#3247=VECTOR('',#11925,10.);
#3248=VECTOR('',#11926,10.);
#3249=VECTOR('',#11929,10.);
#3250=VECTOR('',#11930,10.);
#3251=VECTOR('',#11931,10.);
#3252=VECTOR('',#11932,10.);
#3253=VECTOR('',#11935,10.);
#3254=VECTOR('',#11936,10.);
#3255=VECTOR('',#11937,10.);
#3256=VECTOR('',#11938,10.);
#3257=VECTOR('',#11939,10.);
#3258=VECTOR('',#11940,10.);
#3259=VECTOR('',#11943,10.);
#3260=VECTOR('',#11944,10.);
#3261=VECTOR('',#11945,10.);
#3262=VECTOR('',#11948,10.);
#3263=VECTOR('',#11949,10.);
#3264=VECTOR('',#11950,10.);
#3265=VECTOR('',#11951,10.);
#3266=VECTOR('',#11952,10.);
#3267=VECTOR('',#11953,10.);
#3268=VECTOR('',#11956,10.);
#3269=VECTOR('',#11957,10.);
#3270=VECTOR('',#11958,10.);
#3271=VECTOR('',#11961,10.);
#3272=VECTOR('',#11962,10.);
#3273=VECTOR('',#11963,10.);
#3274=VECTOR('',#11964,10.);
#3275=VECTOR('',#11965,10.);
#3276=VECTOR('',#11966,10.);
#3277=VECTOR('',#11971,10.);
#3278=VECTOR('',#11972,10.);
#3279=VECTOR('',#11973,10.);
#3280=VECTOR('',#11974,10.);
#3281=VECTOR('',#11975,10.);
#3282=VECTOR('',#11976,10.);
#3283=VECTOR('',#11979,10.);
#3284=VECTOR('',#11980,10.);
#3285=VECTOR('',#11981,10.);
#3286=VECTOR('',#11984,10.);
#3287=VECTOR('',#11985,10.);
#3288=VECTOR('',#11986,10.);
#3289=VECTOR('',#11989,10.);
#3290=VECTOR('',#11990,10.);
#3291=VECTOR('',#11991,10.);
#3292=VECTOR('',#11994,10.);
#3293=VECTOR('',#11995,10.);
#3294=VECTOR('',#11996,10.);
#3295=VECTOR('',#11999,10.);
#3296=VECTOR('',#12000,10.);
#3297=VECTOR('',#12001,10.);
#3298=VECTOR('',#12002,10.);
#3299=VECTOR('',#12003,10.);
#3300=VECTOR('',#12004,10.);
#3301=VECTOR('',#12007,10.);
#3302=VECTOR('',#12008,10.);
#3303=VECTOR('',#12009,10.);
#3304=VECTOR('',#12012,10.);
#3305=VECTOR('',#12013,10.);
#3306=VECTOR('',#12016,10.);
#3307=VECTOR('',#12017,10.);
#3308=VECTOR('',#12018,10.);
#3309=VECTOR('',#12019,10.);
#3310=VECTOR('',#12020,10.);
#3311=VECTOR('',#12021,10.);
#3312=VECTOR('',#12022,10.);
#3313=VECTOR('',#12023,10.);
#3314=VECTOR('',#12028,10.);
#3315=VECTOR('',#12029,10.);
#3316=VECTOR('',#12030,10.);
#3317=VECTOR('',#12031,10.);
#3318=VECTOR('',#12034,10.);
#3319=VECTOR('',#12035,10.);
#3320=VECTOR('',#12036,10.);
#3321=VECTOR('',#12039,10.);
#3322=VECTOR('',#12040,10.);
#3323=VECTOR('',#12041,10.);
#3324=VECTOR('',#12044,10.);
#3325=VECTOR('',#12045,10.);
#3326=VECTOR('',#12046,10.);
#3327=VECTOR('',#12049,10.);
#3328=VECTOR('',#12050,10.);
#3329=VECTOR('',#12051,10.);
#3330=VECTOR('',#12054,10.);
#3331=VECTOR('',#12055,10.);
#3332=VECTOR('',#12056,10.);
#3333=VECTOR('',#12059,10.);
#3334=VECTOR('',#12060,10.);
#3335=VECTOR('',#12061,10.);
#3336=VECTOR('',#12064,10.);
#3337=VECTOR('',#12065,10.);
#3338=VECTOR('',#12066,10.);
#3339=VECTOR('',#12069,10.);
#3340=VECTOR('',#12070,10.);
#3341=VECTOR('',#12071,10.);
#3342=VECTOR('',#12074,10.);
#3343=VECTOR('',#12075,10.);
#3344=VECTOR('',#12076,10.);
#3345=VECTOR('',#12079,10.);
#3346=VECTOR('',#12080,10.);
#3347=VECTOR('',#12081,10.);
#3348=VECTOR('',#12084,10.);
#3349=VECTOR('',#12085,10.);
#3350=VECTOR('',#12090,10.);
#3351=VECTOR('',#12091,10.);
#3352=VECTOR('',#12092,10.);
#3353=VECTOR('',#12093,10.);
#3354=VECTOR('',#12096,10.);
#3355=VECTOR('',#12097,10.);
#3356=VECTOR('',#12098,10.);
#3357=VECTOR('',#12101,10.);
#3358=VECTOR('',#12102,10.);
#3359=VECTOR('',#12103,10.);
#3360=VECTOR('',#12106,10.);
#3361=VECTOR('',#12107,10.);
#3362=VECTOR('',#12108,10.);
#3363=VECTOR('',#12111,10.);
#3364=VECTOR('',#12112,10.);
#3365=VECTOR('',#12113,10.);
#3366=VECTOR('',#12116,10.);
#3367=VECTOR('',#12117,10.);
#3368=VECTOR('',#12118,10.);
#3369=VECTOR('',#12121,10.);
#3370=VECTOR('',#12122,10.);
#3371=VECTOR('',#12123,10.);
#3372=VECTOR('',#12126,10.);
#3373=VECTOR('',#12127,10.);
#3374=VECTOR('',#12130,10.);
#3375=VECTOR('',#12131,10.);
#3376=VECTOR('',#12132,10.);
#3377=VECTOR('',#12135,10.);
#3378=VECTOR('',#12136,10.);
#3379=VECTOR('',#12137,10.);
#3380=VECTOR('',#12140,10.);
#3381=VECTOR('',#12141,10.);
#3382=VECTOR('',#12142,10.);
#3383=VECTOR('',#12143,10.);
#3384=VECTOR('',#12144,10.);
#3385=VECTOR('',#12145,10.);
#3386=VECTOR('',#12146,10.);
#3387=VECTOR('',#12147,10.);
#3388=VECTOR('',#12148,10.);
#3389=VECTOR('',#12149,10.);
#3390=VECTOR('',#12150,10.);
#3391=VECTOR('',#12153,10.);
#3392=VECTOR('',#12154,10.);
#3393=VECTOR('',#12155,10.);
#3394=VECTOR('',#12158,10.);
#3395=VECTOR('',#12159,10.);
#3396=VECTOR('',#12160,10.);
#3397=VECTOR('',#12161,10.);
#3398=VECTOR('',#12162,10.);
#3399=VECTOR('',#12163,10.);
#3400=VECTOR('',#12164,10.);
#3401=VECTOR('',#12165,10.);
#3402=VECTOR('',#12170,10.);
#3403=VECTOR('',#12171,10.);
#3404=VECTOR('',#12172,10.);
#3405=VECTOR('',#12173,10.);
#3406=VECTOR('',#12174,10.);
#3407=VECTOR('',#12175,10.);
#3408=VECTOR('',#12178,10.);
#3409=VECTOR('',#12179,10.);
#3410=VECTOR('',#12180,10.);
#3411=VECTOR('',#12183,10.);
#3412=VECTOR('',#12184,10.);
#3413=VECTOR('',#12185,10.);
#3414=VECTOR('',#12188,10.);
#3415=VECTOR('',#12189,10.);
#3416=VECTOR('',#12190,10.);
#3417=VECTOR('',#12193,10.);
#3418=VECTOR('',#12194,10.);
#3419=VECTOR('',#12195,10.);
#3420=VECTOR('',#12198,10.);
#3421=VECTOR('',#12199,10.);
#3422=VECTOR('',#12200,10.);
#3423=VECTOR('',#12201,10.);
#3424=VECTOR('',#12202,10.);
#3425=VECTOR('',#12203,10.);
#3426=VECTOR('',#12206,10.);
#3427=VECTOR('',#12207,10.);
#3428=VECTOR('',#12208,10.);
#3429=VECTOR('',#12211,10.);
#3430=VECTOR('',#12212,10.);
#3431=VECTOR('',#12215,10.);
#3432=VECTOR('',#12216,10.);
#3433=VECTOR('',#12219,10.);
#3434=VECTOR('',#12220,10.);
#3435=VECTOR('',#12221,10.);
#3436=VECTOR('',#12224,10.);
#3437=VECTOR('',#12225,10.);
#3438=VECTOR('',#12226,10.);
#3439=VECTOR('',#12227,10.);
#3440=VECTOR('',#12228,10.);
#3441=VECTOR('',#12229,10.);
#3442=VECTOR('',#12232,10.);
#3443=VECTOR('',#12233,10.);
#3444=VECTOR('',#12234,10.);
#3445=VECTOR('',#12237,10.);
#3446=VECTOR('',#12238,10.);
#3447=VECTOR('',#12239,10.);
#3448=VECTOR('',#12242,10.);
#3449=VECTOR('',#12243,10.);
#3450=VECTOR('',#12244,10.);
#3451=VECTOR('',#12247,10.);
#3452=VECTOR('',#12248,10.);
#3453=VECTOR('',#12249,10.);
#3454=VECTOR('',#12252,10.);
#3455=VECTOR('',#12253,10.);
#3456=VECTOR('',#12254,10.);
#3457=VECTOR('',#12257,10.);
#3458=VECTOR('',#12258,10.);
#3459=VECTOR('',#12259,10.);
#3460=VECTOR('',#12262,10.);
#3461=VECTOR('',#12263,10.);
#3462=VECTOR('',#12264,10.);
#3463=VECTOR('',#12267,10.);
#3464=VECTOR('',#12268,10.);
#3465=VECTOR('',#12269,10.);
#3466=VECTOR('',#12272,10.);
#3467=VECTOR('',#12273,10.);
#3468=VECTOR('',#12274,10.);
#3469=VECTOR('',#12277,10.);
#3470=VECTOR('',#12278,10.);
#3471=VECTOR('',#12279,10.);
#3472=VECTOR('',#12282,10.);
#3473=VECTOR('',#12283,10.);
#3474=VECTOR('',#12284,10.);
#3475=VECTOR('',#12289,10.);
#3476=VECTOR('',#12290,10.);
#3477=VECTOR('',#12291,10.);
#3478=VECTOR('',#12292,10.);
#3479=VECTOR('',#12295,10.);
#3480=VECTOR('',#12296,10.);
#3481=VECTOR('',#12297,10.);
#3482=VECTOR('',#12300,10.);
#3483=VECTOR('',#12301,10.);
#3484=VECTOR('',#12302,10.);
#3485=VECTOR('',#12305,10.);
#3486=VECTOR('',#12306,10.);
#3487=VECTOR('',#12311,10.);
#3488=VECTOR('',#12312,10.);
#3489=VECTOR('',#12313,10.);
#3490=VECTOR('',#12314,10.);
#3491=VECTOR('',#12317,10.);
#3492=VECTOR('',#12318,10.);
#3493=VECTOR('',#12319,10.);
#3494=VECTOR('',#12322,10.);
#3495=VECTOR('',#12323,10.);
#3496=VECTOR('',#12324,10.);
#3497=VECTOR('',#12327,10.);
#3498=VECTOR('',#12328,10.);
#3499=VECTOR('',#12331,10.);
#3500=VECTOR('',#12332,10.);
#3501=VECTOR('',#12335,10.);
#3502=VECTOR('',#12336,10.);
#3503=VECTOR('',#12337,10.);
#3504=VECTOR('',#12340,10.);
#3505=VECTOR('',#12341,10.);
#3506=VECTOR('',#12342,10.);
#3507=VECTOR('',#12343,10.);
#3508=VECTOR('',#12344,10.);
#3509=VECTOR('',#12345,10.);
#3510=VECTOR('',#12348,10.);
#3511=VECTOR('',#12349,10.);
#3512=VECTOR('',#12350,10.);
#3513=VECTOR('',#12353,10.);
#3514=VECTOR('',#12354,10.);
#3515=VECTOR('',#12355,10.);
#3516=VECTOR('',#12358,10.);
#3517=VECTOR('',#12359,10.);
#3518=VECTOR('',#12360,10.);
#3519=VECTOR('',#12363,10.);
#3520=VECTOR('',#12364,10.);
#3521=VECTOR('',#12365,10.);
#3522=VECTOR('',#12368,10.);
#3523=VECTOR('',#12369,10.);
#3524=VECTOR('',#12370,10.);
#3525=VECTOR('',#12373,10.);
#3526=VECTOR('',#12374,10.);
#3527=VECTOR('',#12375,10.);
#3528=VECTOR('',#12378,10.);
#3529=VECTOR('',#12379,10.);
#3530=VECTOR('',#12380,10.);
#3531=VECTOR('',#12383,10.);
#3532=VECTOR('',#12384,10.);
#3533=VECTOR('',#12385,10.);
#3534=VECTOR('',#12388,10.);
#3535=VECTOR('',#12389,10.);
#3536=VECTOR('',#12390,10.);
#3537=VECTOR('',#12393,10.);
#3538=VECTOR('',#12394,10.);
#3539=VECTOR('',#12395,10.);
#3540=VECTOR('',#12398,10.);
#3541=VECTOR('',#12399,10.);
#3542=VECTOR('',#12400,10.);
#3543=VECTOR('',#12403,10.);
#3544=VECTOR('',#12404,10.);
#3545=VECTOR('',#12405,10.);
#3546=VECTOR('',#12406,10.);
#3547=VECTOR('',#12409,10.);
#3548=VECTOR('',#12410,10.);
#3549=VECTOR('',#12411,10.);
#3550=VECTOR('',#12414,10.);
#3551=VECTOR('',#12415,10.);
#3552=VECTOR('',#12416,10.);
#3553=VECTOR('',#12419,10.);
#3554=VECTOR('',#12420,10.);
#3555=VECTOR('',#12421,10.);
#3556=VECTOR('',#12424,10.);
#3557=VECTOR('',#12425,10.);
#3558=VECTOR('',#12426,10.);
#3559=VECTOR('',#12429,10.);
#3560=VECTOR('',#12430,10.);
#3561=VECTOR('',#12431,10.);
#3562=VECTOR('',#12432,10.);
#3563=VECTOR('',#12433,10.);
#3564=VECTOR('',#12434,10.);
#3565=VECTOR('',#12435,10.);
#3566=VECTOR('',#12436,10.);
#3567=VECTOR('',#12437,10.);
#3568=VECTOR('',#12438,10.);
#3569=VECTOR('',#12441,10.);
#3570=VECTOR('',#12442,10.);
#3571=VECTOR('',#12443,10.);
#3572=VECTOR('',#12446,10.);
#3573=VECTOR('',#12447,10.);
#3574=VECTOR('',#12448,10.);
#3575=VECTOR('',#12449,10.);
#3576=VECTOR('',#12450,10.);
#3577=VECTOR('',#12455,10.);
#3578=VECTOR('',#12456,10.);
#3579=VECTOR('',#12457,10.);
#3580=VECTOR('',#12458,10.);
#3581=VECTOR('',#12461,10.);
#3582=VECTOR('',#12462,10.);
#3583=VECTOR('',#12463,10.);
#3584=VECTOR('',#12464,10.);
#3585=VECTOR('',#12465,10.);
#3586=VECTOR('',#12466,10.);
#3587=VECTOR('',#12467,10.);
#3588=VECTOR('',#12468,10.);
#3589=VECTOR('',#12471,10.);
#3590=VECTOR('',#12472,10.);
#3591=VECTOR('',#12473,10.);
#3592=VECTOR('',#12476,10.);
#3593=VECTOR('',#12477,10.);
#3594=VECTOR('',#12478,10.);
#3595=VECTOR('',#12479,10.);
#3596=VECTOR('',#12480,10.);
#3597=VECTOR('',#12483,10.);
#3598=VECTOR('',#12486,10.);
#3599=VECTOR('',#12487,10.);
#3600=VECTOR('',#12488,10.);
#3601=VECTOR('',#12491,10.);
#3602=VECTOR('',#12492,10.);
#3603=VECTOR('',#12493,10.);
#3604=VECTOR('',#12496,10.);
#3605=VECTOR('',#12497,10.);
#3606=VECTOR('',#12500,10.);
#3607=VECTOR('',#12501,10.);
#3608=VECTOR('',#12502,10.);
#3609=VECTOR('',#12503,10.);
#3610=VECTOR('',#12504,10.);
#3611=VECTOR('',#12505,10.);
#3612=VECTOR('',#12506,10.);
#3613=VECTOR('',#12507,10.);
#3614=VECTOR('',#12508,10.);
#3615=VECTOR('',#12509,10.);
#3616=VECTOR('',#12510,10.);
#3617=VECTOR('',#12511,10.);
#3618=VECTOR('',#12512,10.);
#3619=VECTOR('',#12515,10.);
#3620=VECTOR('',#12516,10.);
#3621=VECTOR('',#12517,10.);
#3622=VECTOR('',#12520,10.);
#3623=VECTOR('',#12521,10.);
#3624=VECTOR('',#12522,10.);
#3625=VECTOR('',#12523,10.);
#3626=VECTOR('',#12524,10.);
#3627=VECTOR('',#12525,10.);
#3628=VECTOR('',#12526,10.);
#3629=VECTOR('',#12527,10.);
#3630=VECTOR('',#12528,10.);
#3631=VECTOR('',#12533,10.);
#3632=VECTOR('',#12534,10.);
#3633=VECTOR('',#12535,10.);
#3634=VECTOR('',#12536,10.);
#3635=VECTOR('',#12539,10.);
#3636=VECTOR('',#12540,10.);
#3637=VECTOR('',#12541,10.);
#3638=VECTOR('',#12544,10.);
#3639=VECTOR('',#12545,10.);
#3640=VECTOR('',#12546,10.);
#3641=VECTOR('',#12549,10.);
#3642=VECTOR('',#12550,10.);
#3643=VECTOR('',#12557,10.);
#3644=VECTOR('',#12558,10.);
#3645=VECTOR('',#12559,10.);
#3646=VECTOR('',#12560,10.);
#3647=VECTOR('',#12561,10.);
#3648=VECTOR('',#12562,10.);
#3649=VECTOR('',#12563,10.);
#3650=VECTOR('',#12584,10.);
#3651=VECTOR('',#12593,10.);
#3652=VECTOR('',#12602,10.);
#3653=VECTOR('',#12611,10.);
#3654=VECTOR('',#12614,1.650804603822);
#3655=VECTOR('',#12617,1.650804603822);
#3656=VECTOR('',#12620,1.650804603822);
#3657=VECTOR('',#12623,1.650804603822);
#3658=VECTOR('',#12630,10.);
#3659=VECTOR('',#12631,10.);
#3660=VECTOR('',#12632,10.);
#3661=VECTOR('',#12633,10.);
#3662=VECTOR('',#12634,10.);
#3663=VECTOR('',#12635,10.);
#3664=VECTOR('',#12636,10.);
#3665=VECTOR('',#12641,10.);
#3666=VECTOR('',#12642,10.);
#3667=VECTOR('',#12645,10.);
#3668=VECTOR('',#12648,10.);
#3669=VECTOR('',#12651,10.);
#3670=VECTOR('',#12654,3.302);
#3671=VECTOR('',#12655,10.);
#3672=VECTOR('',#12656,10.);
#3673=VECTOR('',#12659,10.);
#3674=VECTOR('',#12664,10.);
#3675=VECTOR('',#12667,10.);
#3676=VECTOR('',#12670,10.);
#3677=VECTOR('',#12671,10.);
#3678=VECTOR('',#12674,10.);
#3679=VECTOR('',#12675,10.);
#3680=VECTOR('',#12676,10.);
#3681=VECTOR('',#12677,10.);
#3682=VECTOR('',#12680,10.);
#3683=VECTOR('',#12681,10.);
#3684=VECTOR('',#12684,10.);
#3685=VECTOR('',#12687,10.);
#3686=VECTOR('',#12690,10.);
#3687=VECTOR('',#12693,10.);
#3688=VECTOR('',#12694,10.);
#3689=VECTOR('',#12697,10.);
#3690=VECTOR('',#12700,10.);
#3691=VECTOR('',#12701,10.);
#3692=VECTOR('',#12704,10.);
#3693=VECTOR('',#12707,10.);
#3694=VECTOR('',#12710,9.271);
#3695=VECTOR('',#12711,10.);
#3696=VECTOR('',#12712,0.127);
#3697=VECTOR('',#12715,13.716);
#3698=VECTOR('',#12718,0.127);
#3699=VECTOR('',#12719,3.1115);
#3700=VECTOR('',#12722,16.256);
#3701=VECTOR('',#12723,9.271);
#3702=VECTOR('',#12724,16.256);
#3703=VECTOR('',#12727,2.8618369629949);
#3704=VECTOR('',#12728,2.037854873801);
#3705=VECTOR('',#12729,9.42836992548856);
#3706=VECTOR('',#12730,6.238585112576);
#3707=VECTOR('',#12733,2.8618369629949);
#3708=VECTOR('',#12734,10.);
#3709=VECTOR('',#12735,9.271);
#3710=VECTOR('',#12736,8.001);
#3711=VECTOR('',#12737,1.39699999999995);
#3712=VECTOR('',#12738,8.001);
#3713=VECTOR('',#12739,1.39699999999995);
#3714=VECTOR('',#12742,6.238585112576);
#3715=VECTOR('',#12743,9.42836992548856);
#3716=VECTOR('',#12744,2.037854873801);
#3717=VECTOR('',#12747,0.1836548738012);
#3718=VECTOR('',#12750,0.7366);
#3719=VECTOR('',#12751,0.9652);
#3720=VECTOR('',#12754,3.302);
#3721=VECTOR('',#12757,0.9652);
#3722=VECTOR('',#12758,0.7366);
#3723=VECTOR('',#12761,0.1836548738012);
#3724=VECTOR('',#12762,1.4859);
#3725=VECTOR('',#12763,1.4859);
#3726=VECTOR('',#12766,9.42836992548856);
#3727=VECTOR('',#12767,0.3556);
#3728=VECTOR('',#12768,13.97);
#3729=VECTOR('',#12769,4.572);
#3730=VECTOR('',#12772,4.572);
#3731=VECTOR('',#12775,4.572);
#3732=VECTOR('',#12778,4.68135365609912);
#3733=VECTOR('',#12779,0.0501596015808);
#3734=VECTOR('',#12786,4.73328269683512);
#3735=VECTOR('',#12789,4.73328269683512);
#3736=VECTOR('',#12792,4.68135365609912);
#3737=VECTOR('',#12797,0.05015960158079);
#3738=VECTOR('',#12800,4.572);
#3739=VECTOR('',#12803,4.572);
#3740=VECTOR('',#12806,4.572);
#3741=VECTOR('',#12809,13.97);
#3742=VECTOR('',#12810,0.3556);
#3743=VECTOR('',#12811,9.42836992548856);
#3744=VECTOR('',#12814,1.4859);
#3745=VECTOR('',#12817,1.4859);
#3746=VECTOR('',#12820,6.2992);
#3747=VECTOR('',#12823,0.6858);
#3748=VECTOR('',#12824,1.2446);
#3749=VECTOR('',#12825,1.7399);
#3750=VECTOR('',#12828,5.08);
#3751=VECTOR('',#12831,1.5113);
#3752=VECTOR('',#12832,0.254);
#3753=VECTOR('',#12833,8.636);
#3754=VECTOR('',#12834,0.254);
#3755=VECTOR('',#12835,1.5113);
#3756=VECTOR('',#12838,5.08);
#3757=VECTOR('',#12841,1.7399);
#3758=VECTOR('',#12842,1.2446);
#3759=VECTOR('',#12843,0.6858);
#3760=VECTOR('',#12844,0.3968379422609);
#3761=VECTOR('',#12845,0.4318);
#3762=VECTOR('',#12846,0.3968379422609);
#3763=VECTOR('',#12847,0.4318);
#3764=VECTOR('',#12848,0.3968379422609);
#3765=VECTOR('',#12849,0.4318);
#3766=VECTOR('',#12850,0.3968379422609);
#3767=VECTOR('',#12851,0.4318);
#3768=VECTOR('',#12852,0.3968379422609);
#3769=VECTOR('',#12853,0.4318);
#3770=VECTOR('',#12854,0.3968379422609);
#3771=VECTOR('',#12855,0.4318);
#3772=VECTOR('',#12856,0.3968379422609);
#3773=VECTOR('',#12857,0.4318);
#3774=VECTOR('',#12858,0.3968379422609);
#3775=VECTOR('',#12859,0.4318);
#3776=VECTOR('',#12860,0.3968379422609);
#3777=VECTOR('',#12861,0.4318);
#3778=VECTOR('',#12862,0.3968379422609);
#3779=VECTOR('',#12863,0.4318);
#3780=VECTOR('',#12864,0.3968379422609);
#3781=VECTOR('',#12865,0.4318);
#3782=VECTOR('',#12866,0.3968379422609);
#3783=VECTOR('',#12867,0.4318);
#3784=VECTOR('',#12868,0.3968379422609);
#3785=VECTOR('',#12869,0.4318);
#3786=VECTOR('',#12870,0.3968379422609);
#3787=VECTOR('',#12871,0.4318);
#3788=VECTOR('',#12872,0.3968379422609);
#3789=VECTOR('',#12873,0.4318);
#3790=VECTOR('',#12874,0.3968379422609);
#3791=VECTOR('',#12875,0.4318);
#3792=VECTOR('',#12878,11.3284);
#3793=VECTOR('',#12879,2.6416);
#3794=VECTOR('',#12880,1.7399);
#3795=VECTOR('',#12883,11.3284);
#3796=VECTOR('',#12884,1.7399);
#3797=VECTOR('',#12885,2.6416);
#3798=VECTOR('',#12890,11.3284);
#3799=VECTOR('',#12893,1.143);
#3800=VECTOR('',#12894,1.2446);
#3801=VECTOR('',#12895,1.7399);
#3802=VECTOR('',#12898,1.9812);
#3803=VECTOR('',#12901,1.35589832852);
#3804=VECTOR('',#12906,1.7399);
#3805=VECTOR('',#12907,1.2446);
#3806=VECTOR('',#12910,1.143);
#3807=VECTOR('',#12913,1.35589832852);
#3808=VECTOR('',#12916,1.9812);
#3809=VECTOR('',#12921,13.97);
#3810=VECTOR('',#12922,11.3284);
#3811=VECTOR('',#12923,2.6416);
#3812=VECTOR('',#12926,11.3284);
#3813=VECTOR('',#12929,13.97);
#3814=VECTOR('',#12934,1.0795);
#3815=VECTOR('',#12935,3.22046116500385);
#3816=VECTOR('',#12938,1.663868135201);
#3817=VECTOR('',#12939,10.922);
#3818=VECTOR('',#12940,1.27);
#3819=VECTOR('',#12941,10.922);
#3820=VECTOR('',#12942,1.917868135201);
#3821=VECTOR('',#12945,3.22046116500385);
#3822=VECTOR('',#12946,1.0795);
#3823=VECTOR('',#12951,0.508);
#3824=VECTOR('',#12956,10.);
#3825=VECTOR('',#12957,0.4826);
#3826=VECTOR('',#12962,0.508);
#3827=VECTOR('',#12967,2.7686);
#3828=VECTOR('',#12970,2.1336);
#3829=VECTOR('',#12973,0.635);
#3830=VECTOR('',#12976,1.015152390496);
#3831=VECTOR('',#12979,2.1336);
#3832=VECTOR('',#12982,2.7686);
#3833=VECTOR('',#12989,0.7619992425238);
#3834=VECTOR('',#12990,2.260600757476);
#3835=VECTOR('',#12993,2.2606);
#3836=VECTOR('',#12996,10.287);
#3837=VECTOR('',#12997,10.);
#3838=VECTOR('',#13000,10.287);
#3839=VECTOR('',#13001,0.127);
#3840=VECTOR('',#13004,2.932647595632);
#3841=VECTOR('',#13007,9.240963977676);
#3842=VECTOR('',#13008,9.240963977676);
#3843=VECTOR('',#13013,2.932647595632);
#3844=VECTOR('',#13014,0.254);
#3845=VECTOR('',#13015,2.932647595632);
#3846=VECTOR('',#13020,1.0795);
#3847=VECTOR('',#13021,3.22046116500385);
#3848=VECTOR('',#13024,1.917868135201);
#3849=VECTOR('',#13025,1.27);
#3850=VECTOR('',#13026,1.663868135201);
#3851=VECTOR('',#13029,3.22046116500385);
#3852=VECTOR('',#13030,1.0795);
#3853=VECTOR('',#13031,2.932647595632);
#3854=VECTOR('',#13032,0.254);
#3855=VECTOR('',#13039,2.7686);
#3856=VECTOR('',#13040,0.635);
#3857=VECTOR('',#13041,2.1336);
#3858=VECTOR('',#13046,1.015152390496);
#3859=VECTOR('',#13047,2.7686);
#3860=VECTOR('',#13050,2.1336);
#3861=VECTOR('',#13053,2.2606);
#3862=VECTOR('',#13056,2.260621738863);
#3863=VECTOR('',#13057,0.7619782611367);
#3864=VECTOR('',#13062,2.93814740415392);
#3865=VECTOR('',#13063,1.14180061447701);
#3866=VECTOR('',#13064,2.082695326974);
#3867=VECTOR('',#13065,1.14180061447701);
#3868=VECTOR('',#13074,0.7619992421263);
#3869=VECTOR('',#13079,2.260600757874);
#3870=VECTOR('',#13082,2.2606);
#3871=VECTOR('',#13085,2.9381474040731);
#3872=VECTOR('',#13088,1.14180061447701);
#3873=VECTOR('',#13089,2.082695326974);
#3874=VECTOR('',#13090,1.14180061447701);
#3875=VECTOR('',#13113,0.635);
#3876=VECTOR('',#13120,0.635);
#3877=VECTOR('',#13125,0.635);
#3878=VECTOR('',#13128,0.635);
#3879=VECTOR('',#13131,0.635);
#3880=VECTOR('',#13132,0.635);
#3881=VECTOR('',#13135,0.635);
#3882=VECTOR('',#13138,0.635);
#3883=VECTOR('',#13143,0.6752113483751);
#3884=VECTOR('',#13144,10.922);
#3885=VECTOR('',#13145,0.04021134837513);
#3886=VECTOR('',#13150,0.04021134837513);
#3887=VECTOR('',#13153,10.922);
#3888=VECTOR('',#13154,0.6752113483751);
#3889=VECTOR('',#13169,2.93814740415392);
#3890=VECTOR('',#13172,2.2606);
#3891=VECTOR('',#13175,2.260621738878);
#3892=VECTOR('',#13176,0.7619782611221);
#3893=VECTOR('',#13181,1.14180061447701);
#3894=VECTOR('',#13182,2.082695326974);
#3895=VECTOR('',#13183,1.14180061447701);
#3896=VECTOR('',#13200,2.9381474040731);
#3897=VECTOR('',#13203,1.14180061447701);
#3898=VECTOR('',#13204,2.082695326974);
#3899=VECTOR('',#13205,1.14180061447701);
#3900=VECTOR('',#13218,10.);
#3901=VECTOR('',#13219,11.3284);
#3902=VECTOR('',#13222,10.);
#3903=VECTOR('',#13225,10.);
#3904=VECTOR('',#13228,10.);
#3905=VECTOR('',#13229,10.);
#3906=VECTOR('',#13230,2.6416);
#3907=VECTOR('',#13237,2.6416);
#3908=VECTOR('',#13240,2.6416);
#3909=VECTOR('',#13245,10.);
#3910=VECTOR('',#13248,10.);
#3911=VECTOR('',#13251,10.);
#3912=VECTOR('',#13252,1.7018);
#3913=VECTOR('',#13253,10.668);
#3914=VECTOR('',#13258,10.);
#3915=VECTOR('',#13261,7.874);
#3916=VECTOR('',#13264,1.7018);
#3917=VECTOR('',#13265,8.636);
#3918=VECTOR('',#13268,10.668);
#3919=VECTOR('',#13269,0.8011080663406);
#3920=VECTOR('',#13270,0.4318);
#3921=VECTOR('',#13271,0.8011080663406);
#3922=VECTOR('',#13272,0.4318);
#3923=VECTOR('',#13273,0.8011080663406);
#3924=VECTOR('',#13274,0.4318);
#3925=VECTOR('',#13275,0.8011080663406);
#3926=VECTOR('',#13276,0.4318);
#3927=VECTOR('',#13277,0.8011080663406);
#3928=VECTOR('',#13278,0.4318);
#3929=VECTOR('',#13279,0.8011080663406);
#3930=VECTOR('',#13280,0.4318);
#3931=VECTOR('',#13281,0.8011080663406);
#3932=VECTOR('',#13282,0.4318);
#3933=VECTOR('',#13283,0.8011080663406);
#3934=VECTOR('',#13284,0.4318);
#3935=VECTOR('',#13285,0.8011080663406);
#3936=VECTOR('',#13286,0.4318);
#3937=VECTOR('',#13287,0.8011080663406);
#3938=VECTOR('',#13288,0.4318);
#3939=VECTOR('',#13289,0.8011080663406);
#3940=VECTOR('',#13290,0.4318);
#3941=VECTOR('',#13291,0.8011080663406);
#3942=VECTOR('',#13292,0.4318);
#3943=VECTOR('',#13293,0.8011080663406);
#3944=VECTOR('',#13294,0.4318);
#3945=VECTOR('',#13295,0.8011080663406);
#3946=VECTOR('',#13296,0.4318);
#3947=VECTOR('',#13297,0.8011080663406);
#3948=VECTOR('',#13298,0.4318);
#3949=VECTOR('',#13299,0.8011080663406);
#3950=VECTOR('',#13300,0.4318);
#3951=VECTOR('',#13303,10.);
#3952=VECTOR('',#13304,10.);
#3953=VECTOR('',#13307,10.);
#3954=VECTOR('',#13314,9.67051880082616);
#3955=VECTOR('',#13315,8.77650846175115);
#3956=VECTOR('',#13318,8.77650846175115);
#3957=VECTOR('',#13321,9.67051880082616);
#3958=VECTOR('',#13326,9.67051880082616);
#3959=VECTOR('',#13327,8.77650846175115);
#3960=VECTOR('',#13330,8.77650846175115);
#3961=VECTOR('',#13333,9.67051880082616);
#3962=VECTOR('',#13338,9.67051880082616);
#3963=VECTOR('',#13339,8.77650846175115);
#3964=VECTOR('',#13342,8.77650846175115);
#3965=VECTOR('',#13345,9.67051880082616);
#3966=VECTOR('',#13350,9.67051880082616);
#3967=VECTOR('',#13351,8.77650846175115);
#3968=VECTOR('',#13354,8.77650846175115);
#3969=VECTOR('',#13357,9.67051880082616);
#3970=VECTOR('',#13362,9.67051880082616);
#3971=VECTOR('',#13363,8.77650846175115);
#3972=VECTOR('',#13366,8.77650846175115);
#3973=VECTOR('',#13369,9.67051880082616);
#3974=VECTOR('',#13374,9.67051880082616);
#3975=VECTOR('',#13375,8.77650846175115);
#3976=VECTOR('',#13378,8.77650846175115);
#3977=VECTOR('',#13381,9.67051880082616);
#3978=VECTOR('',#13386,9.67051880082616);
#3979=VECTOR('',#13387,8.77650846175115);
#3980=VECTOR('',#13390,8.77650846175115);
#3981=VECTOR('',#13393,9.67051880082616);
#3982=VECTOR('',#13398,9.67051880082616);
#3983=VECTOR('',#13399,8.77650846175115);
#3984=VECTOR('',#13402,8.77650846175115);
#3985=VECTOR('',#13405,9.67051880082616);
#3986=VECTOR('',#13410,10.);
#3987=VECTOR('',#13413,10.);
#3988=VECTOR('',#13418,2.6416);
#3989=VECTOR('',#13421,2.6416);
#3990=VECTOR('',#13426,0.152399999999995);
#3991=VECTOR('',#13427,8.001);
#3992=VECTOR('',#13428,0.152399999999995);
#3993=VECTOR('',#13431,1.39699999999995);
#3994=VECTOR('',#13432,0.152399999999995);
#3995=VECTOR('',#13435,8.001);
#3996=VECTOR('',#13436,0.152399999999995);
#3997=VECTOR('',#13439,1.39699999999995);
#3998=VECTOR('',#13442,0.829984116);
#3999=VECTOR('',#13443,1.51014205284697);
#4000=VECTOR('',#13444,0.9979699280824);
#4001=VECTOR('',#13445,1.51014205284697);
#4002=VECTOR('',#13446,0.829984116);
#4003=VECTOR('',#13447,0.155241560104595);
#4004=VECTOR('',#13448,0.6702801032983);
#4005=VECTOR('',#13449,0.154730324957802);
#4006=VECTOR('',#13450,0.736724407019684);
#4007=VECTOR('',#13451,1.1479548288);
#4008=VECTOR('',#13452,1.32079999999996);
#4009=VECTOR('',#13453,0.72644);
#4010=VECTOR('',#13454,0.852405356399972);
#4011=VECTOR('',#13455,0.925450358613216);
#4012=VECTOR('',#13456,0.6742604752);
#4013=VECTOR('',#13457,0.925450872926992);
#4014=VECTOR('',#13458,0.852405356399972);
#4015=VECTOR('',#13459,0.72644);
#4016=VECTOR('',#13460,1.32079999999996);
#4017=VECTOR('',#13461,1.1479548288);
#4018=VECTOR('',#13462,0.736724407019684);
#4019=VECTOR('',#13463,0.7297010552);
#4020=VECTOR('',#13464,1.32079999999996);
#4021=VECTOR('',#13465,1.3419975192);
#4022=VECTOR('',#13466,0.612296464);
#4023=VECTOR('',#13467,0.385640579999987);
#4024=VECTOR('',#13470,0.420145601523886);
#4025=VECTOR('',#13471,0.418761995238905);
#4026=VECTOR('',#13472,0.3572024011654);
#4027=VECTOR('',#13475,0.196488811999993);
#4028=VECTOR('',#13476,0.612296464);
#4029=VECTOR('',#13479,0.612296464);
#4030=VECTOR('',#13482,0.152399999999995);
#4031=VECTOR('',#13483,0.152399999999995);
#4032=VECTOR('',#13484,0.829984116);
#4033=VECTOR('',#13487,0.152399999999995);
#4034=VECTOR('',#13488,1.51014205284697);
#4035=VECTOR('',#13491,0.152399999999995);
#4036=VECTOR('',#13492,0.9979699280824);
#4037=VECTOR('',#13495,1.51014205284697);
#4038=VECTOR('',#13496,0.152399999999995);
#4039=VECTOR('',#13499,0.152399999999995);
#4040=VECTOR('',#13500,0.829984116);
#4041=VECTOR('',#13503,0.152399999999995);
#4042=VECTOR('',#13504,0.155241560104595);
#4043=VECTOR('',#13507,0.152399999999995);
#4044=VECTOR('',#13508,0.6702801032983);
#4045=VECTOR('',#13511,0.154730324957802);
#4046=VECTOR('',#13514,0.420145601523886);
#4047=VECTOR('',#13515,0.3572024011654);
#4048=VECTOR('',#13516,0.418761995238905);
#4049=VECTOR('',#13519,1.1479548288);
#4050=VECTOR('',#13520,0.736724407019684);
#4051=VECTOR('',#13521,0.736724407019684);
#4052=VECTOR('',#13522,1.1479548288);
#4053=VECTOR('',#13523,1.32079999999996);
#4054=VECTOR('',#13524,0.72644);
#4055=VECTOR('',#13525,0.852405356399972);
#4056=VECTOR('',#13526,0.925450872926992);
#4057=VECTOR('',#13527,0.6742604752);
#4058=VECTOR('',#13528,0.925450358613216);
#4059=VECTOR('',#13529,0.852405356399972);
#4060=VECTOR('',#13530,0.72644);
#4061=VECTOR('',#13531,1.32079999999996);
#4062=VECTOR('',#13534,0.7297010552);
#4063=VECTOR('',#13535,0.385640579999987);
#4064=VECTOR('',#13536,0.612296464);
#4065=VECTOR('',#13537,1.3419975192);
#4066=VECTOR('',#13538,1.32079999999996);
#4067=VECTOR('',#13539,0.196488811999993);
#4068=VECTOR('',#13540,0.612296464);
#4069=VECTOR('',#13543,0.612296464);
#4070=VECTOR('',#13546,0.152399999999995);
#4071=VECTOR('',#13547,0.152399999999995);
#4072=VECTOR('',#13550,0.152399999999995);
#4073=VECTOR('',#13555,0.152399999999995);
#4074=VECTOR('',#13556,0.152399999999995);
#4075=VECTOR('',#13559,0.152399999999995);
#4076=VECTOR('',#13562,0.152399999999995);
#4077=VECTOR('',#13565,0.152399999999995);
#4078=VECTOR('',#13568,0.152399999999995);
#4079=VECTOR('',#13571,0.152399999999995);
#4080=VECTOR('',#13574,0.152399999999995);
#4081=VECTOR('',#13577,0.152399999999995);
#4082=VECTOR('',#13580,0.152399999999995);
#4083=VECTOR('',#13583,0.152399999999995);
#4084=VECTOR('',#13586,0.152399999999995);
#4085=VECTOR('',#13589,0.152399999999995);
#4086=VECTOR('',#13594,0.152399999999995);
#4087=VECTOR('',#13595,0.152399999999995);
#4088=VECTOR('',#13598,0.152399999999995);
#4089=VECTOR('',#13601,0.152399999999995);
#4090=VECTOR('',#13602,0.152399999999995);
#4091=VECTOR('',#13603,0.152399999999995);
#4092=VECTOR('',#13606,0.152399999999995);
#4093=VECTOR('',#13611,0.152399999999995);
#4094=VECTOR('',#13612,0.152399999999995);
#4095=VECTOR('',#13615,0.152399999999995);
#4096=VECTOR('',#13618,0.152399999999995);
#4097=VECTOR('',#13625,10.);
#4098=VECTOR('',#13626,10.);
#4099=VECTOR('',#13627,10.);
#4100=VECTOR('',#13628,10.);
#4101=VECTOR('',#13631,10.);
#4102=VECTOR('',#13632,10.);
#4103=VECTOR('',#13633,10.);
#4104=VECTOR('',#13636,10.);
#4105=VECTOR('',#13637,10.);
#4106=VECTOR('',#13638,10.);
#4107=VECTOR('',#13641,10.);
#4108=VECTOR('',#13642,10.);
#4109=VERTEX_POINT('',#13668);
#4110=VERTEX_POINT('',#13669);
#4111=VERTEX_POINT('',#13671);
#4112=VERTEX_POINT('',#13673);
#4113=VERTEX_POINT('',#13677);
#4114=VERTEX_POINT('',#13679);
#4115=VERTEX_POINT('',#13686);
#4116=VERTEX_POINT('',#13687);
#4117=VERTEX_POINT('',#13689);
#4118=VERTEX_POINT('',#13691);
#4119=VERTEX_POINT('',#13695);
#4120=VERTEX_POINT('',#13697);
#4121=VERTEX_POINT('',#13701);
#4122=VERTEX_POINT('',#13703);
#4123=VERTEX_POINT('',#13707);
#4124=VERTEX_POINT('',#13709);
#4125=VERTEX_POINT('',#13713);
#4126=VERTEX_POINT('',#13715);
#4127=VERTEX_POINT('',#13719);
#4128=VERTEX_POINT('',#13721);
#4129=VERTEX_POINT('',#13725);
#4130=VERTEX_POINT('',#13727);
#4131=VERTEX_POINT('',#13731);
#4132=VERTEX_POINT('',#13733);
#4133=VERTEX_POINT('',#13737);
#4134=VERTEX_POINT('',#13739);
#4135=VERTEX_POINT('',#13743);
#4136=VERTEX_POINT('',#13745);
#4137=VERTEX_POINT('',#13753);
#4138=VERTEX_POINT('',#13754);
#4139=VERTEX_POINT('',#13756);
#4140=VERTEX_POINT('',#13758);
#4141=VERTEX_POINT('',#13762);
#4142=VERTEX_POINT('',#13764);
#4143=VERTEX_POINT('',#13775);
#4144=VERTEX_POINT('',#13780);
#4145=VERTEX_POINT('',#13794);
#4146=VERTEX_POINT('',#13799);
#4147=VERTEX_POINT('',#13813);
#4148=VERTEX_POINT('',#13818);
#4149=VERTEX_POINT('',#13832);
#4150=VERTEX_POINT('',#13837);
#4151=VERTEX_POINT('',#13851);
#4152=VERTEX_POINT('',#13856);
#4153=VERTEX_POINT('',#13863);
#4154=VERTEX_POINT('',#13865);
#4155=VERTEX_POINT('',#13869);
#4156=VERTEX_POINT('',#13871);
#4157=VERTEX_POINT('',#13882);
#4158=VERTEX_POINT('',#13887);
#4159=VERTEX_POINT('',#13901);
#4160=VERTEX_POINT('',#13906);
#4161=VERTEX_POINT('',#13920);
#4162=VERTEX_POINT('',#13922);
#4163=VERTEX_POINT('',#13933);
#4164=VERTEX_POINT('',#13938);
#4165=VERTEX_POINT('',#13952);
#4166=VERTEX_POINT('',#13957);
#4167=VERTEX_POINT('',#13971);
#4168=VERTEX_POINT('',#13976);
#4169=VERTEX_POINT('',#13983);
#4170=VERTEX_POINT('',#13985);
#4171=VERTEX_POINT('',#13993);
#4172=VERTEX_POINT('',#13994);
#4173=VERTEX_POINT('',#13996);
#4174=VERTEX_POINT('',#13998);
#4175=VERTEX_POINT('',#14002);
#4176=VERTEX_POINT('',#14004);
#4177=VERTEX_POINT('',#14011);
#4178=VERTEX_POINT('',#14012);
#4179=VERTEX_POINT('',#14014);
#4180=VERTEX_POINT('',#14016);
#4181=VERTEX_POINT('',#14020);
#4182=VERTEX_POINT('',#14022);
#4183=VERTEX_POINT('',#14026);
#4184=VERTEX_POINT('',#14028);
#4185=VERTEX_POINT('',#14032);
#4186=VERTEX_POINT('',#14034);
#4187=VERTEX_POINT('',#14038);
#4188=VERTEX_POINT('',#14040);
#4189=VERTEX_POINT('',#14044);
#4190=VERTEX_POINT('',#14046);
#4191=VERTEX_POINT('',#14050);
#4192=VERTEX_POINT('',#14052);
#4193=VERTEX_POINT('',#14056);
#4194=VERTEX_POINT('',#14058);
#4195=VERTEX_POINT('',#14062);
#4196=VERTEX_POINT('',#14064);
#4197=VERTEX_POINT('',#14068);
#4198=VERTEX_POINT('',#14070);
#4199=VERTEX_POINT('',#14085);
#4200=VERTEX_POINT('',#14086);
#4201=VERTEX_POINT('',#14091);
#4202=VERTEX_POINT('',#14093);
#4203=VERTEX_POINT('',#14107);
#4204=VERTEX_POINT('',#14112);
#4205=VERTEX_POINT('',#14126);
#4206=VERTEX_POINT('',#14131);
#4207=VERTEX_POINT('',#14145);
#4208=VERTEX_POINT('',#14150);
#4209=VERTEX_POINT('',#14164);
#4210=VERTEX_POINT('',#14169);
#4211=VERTEX_POINT('',#14183);
#4212=VERTEX_POINT('',#14188);
#4213=VERTEX_POINT('',#14202);
#4214=VERTEX_POINT('',#14207);
#4215=VERTEX_POINT('',#14237);
#4216=VERTEX_POINT('',#14238);
#4217=VERTEX_POINT('',#14243);
#4218=VERTEX_POINT('',#14245);
#4219=VERTEX_POINT('',#14259);
#4220=VERTEX_POINT('',#14264);
#4221=VERTEX_POINT('',#14278);
#4222=VERTEX_POINT('',#14283);
#4223=VERTEX_POINT('',#14314);
#4224=VERTEX_POINT('',#14315);
#4225=VERTEX_POINT('',#14320);
#4226=VERTEX_POINT('',#14322);
#4227=VERTEX_POINT('',#14336);
#4228=VERTEX_POINT('',#14341);
#4229=VERTEX_POINT('',#14355);
#4230=VERTEX_POINT('',#14360);
#4231=VERTEX_POINT('',#14367);
#4232=VERTEX_POINT('',#14369);
#4233=VERTEX_POINT('',#14373);
#4234=VERTEX_POINT('',#14375);
#4235=VERTEX_POINT('',#14379);
#4236=VERTEX_POINT('',#14381);
#4237=VERTEX_POINT('',#14385);
#4238=VERTEX_POINT('',#14387);
#4239=VERTEX_POINT('',#14391);
#4240=VERTEX_POINT('',#14393);
#4241=VERTEX_POINT('',#14404);
#4242=VERTEX_POINT('',#14409);
#4243=VERTEX_POINT('',#14423);
#4244=VERTEX_POINT('',#14428);
#4245=VERTEX_POINT('',#14442);
#4246=VERTEX_POINT('',#14447);
#4247=VERTEX_POINT('',#14461);
#4248=VERTEX_POINT('',#14466);
#4249=VERTEX_POINT('',#14480);
#4250=VERTEX_POINT('',#14485);
#4251=VERTEX_POINT('',#14499);
#4252=VERTEX_POINT('',#14504);
#4253=VERTEX_POINT('',#14518);
#4254=VERTEX_POINT('',#14523);
#4255=VERTEX_POINT('',#14530);
#4256=VERTEX_POINT('',#14532);
#4257=VERTEX_POINT('',#14536);
#4258=VERTEX_POINT('',#14538);
#4259=VERTEX_POINT('',#14549);
#4260=VERTEX_POINT('',#14554);
#4261=VERTEX_POINT('',#14568);
#4262=VERTEX_POINT('',#14573);
#4263=VERTEX_POINT('',#14597);
#4264=VERTEX_POINT('',#14598);
#4265=VERTEX_POINT('',#14600);
#4266=VERTEX_POINT('',#14602);
#4267=VERTEX_POINT('',#14606);
#4268=VERTEX_POINT('',#14608);
#4269=VERTEX_POINT('',#14612);
#4270=VERTEX_POINT('',#14614);
#4271=VERTEX_POINT('',#14618);
#4272=VERTEX_POINT('',#14620);
#4273=VERTEX_POINT('',#14624);
#4274=VERTEX_POINT('',#14626);
#4275=VERTEX_POINT('',#14630);
#4276=VERTEX_POINT('',#14632);
#4277=VERTEX_POINT('',#14636);
#4278=VERTEX_POINT('',#14638);
#4279=VERTEX_POINT('',#14646);
#4280=VERTEX_POINT('',#14647);
#4281=VERTEX_POINT('',#14649);
#4282=VERTEX_POINT('',#14651);
#4283=VERTEX_POINT('',#14655);
#4284=VERTEX_POINT('',#14657);
#4285=VERTEX_POINT('',#14661);
#4286=VERTEX_POINT('',#14663);
#4287=VERTEX_POINT('',#14671);
#4288=VERTEX_POINT('',#14672);
#4289=VERTEX_POINT('',#14674);
#4290=VERTEX_POINT('',#14676);
#4291=VERTEX_POINT('',#14680);
#4292=VERTEX_POINT('',#14682);
#4293=VERTEX_POINT('',#14686);
#4294=VERTEX_POINT('',#14688);
#4295=VERTEX_POINT('',#14692);
#4296=VERTEX_POINT('',#14694);
#4297=VERTEX_POINT('',#14698);
#4298=VERTEX_POINT('',#14700);
#4299=VERTEX_POINT('',#14704);
#4300=VERTEX_POINT('',#14706);
#4301=VERTEX_POINT('',#14714);
#4302=VERTEX_POINT('',#14715);
#4303=VERTEX_POINT('',#14717);
#4304=VERTEX_POINT('',#14719);
#4305=VERTEX_POINT('',#14723);
#4306=VERTEX_POINT('',#14725);
#4307=VERTEX_POINT('',#14729);
#4308=VERTEX_POINT('',#14731);
#4309=VERTEX_POINT('',#14746);
#4310=VERTEX_POINT('',#14747);
#4311=VERTEX_POINT('',#14752);
#4312=VERTEX_POINT('',#14754);
#4313=VERTEX_POINT('',#14768);
#4314=VERTEX_POINT('',#14773);
#4315=VERTEX_POINT('',#14780);
#4316=VERTEX_POINT('',#14782);
#4317=VERTEX_POINT('',#14786);
#4318=VERTEX_POINT('',#14788);
#4319=VERTEX_POINT('',#14799);
#4320=VERTEX_POINT('',#14804);
#4321=VERTEX_POINT('',#14818);
#4322=VERTEX_POINT('',#14823);
#4323=VERTEX_POINT('',#14837);
#4324=VERTEX_POINT('',#14842);
#4325=VERTEX_POINT('',#14856);
#4326=VERTEX_POINT('',#14861);
#4327=VERTEX_POINT('',#14875);
#4328=VERTEX_POINT('',#14880);
#4329=VERTEX_POINT('',#14887);
#4330=VERTEX_POINT('',#14889);
#4331=VERTEX_POINT('',#14893);
#4332=VERTEX_POINT('',#14895);
#4333=VERTEX_POINT('',#14906);
#4334=VERTEX_POINT('',#14911);
#4335=VERTEX_POINT('',#14925);
#4336=VERTEX_POINT('',#14930);
#4337=VERTEX_POINT('',#14944);
#4338=VERTEX_POINT('',#14949);
#4339=VERTEX_POINT('',#14963);
#4340=VERTEX_POINT('',#14968);
#4341=VERTEX_POINT('',#14999);
#4342=VERTEX_POINT('',#15000);
#4343=VERTEX_POINT('',#15005);
#4344=VERTEX_POINT('',#15007);
#4345=VERTEX_POINT('',#15021);
#4346=VERTEX_POINT('',#15026);
#4347=VERTEX_POINT('',#15040);
#4348=VERTEX_POINT('',#15045);
#4349=VERTEX_POINT('',#15052);
#4350=VERTEX_POINT('',#15054);
#4351=VERTEX_POINT('',#15081);
#4352=VERTEX_POINT('',#15082);
#4353=VERTEX_POINT('',#15087);
#4354=VERTEX_POINT('',#15089);
#4355=VERTEX_POINT('',#15103);
#4356=VERTEX_POINT('',#15108);
#4357=VERTEX_POINT('',#15115);
#4358=VERTEX_POINT('',#15117);
#4359=VERTEX_POINT('',#15121);
#4360=VERTEX_POINT('',#15123);
#4361=VERTEX_POINT('',#15134);
#4362=VERTEX_POINT('',#15139);
#4363=VERTEX_POINT('',#15153);
#4364=VERTEX_POINT('',#15158);
#4365=VERTEX_POINT('',#15172);
#4366=VERTEX_POINT('',#15177);
#4367=VERTEX_POINT('',#15184);
#4368=VERTEX_POINT('',#15186);
#4369=VERTEX_POINT('',#15190);
#4370=VERTEX_POINT('',#15192);
#4371=VERTEX_POINT('',#15203);
#4372=VERTEX_POINT('',#15208);
#4373=VERTEX_POINT('',#15222);
#4374=VERTEX_POINT('',#15227);
#4375=VERTEX_POINT('',#15241);
#4376=VERTEX_POINT('',#15246);
#4377=VERTEX_POINT('',#15270);
#4378=VERTEX_POINT('',#15271);
#4379=VERTEX_POINT('',#15273);
#4380=VERTEX_POINT('',#15275);
#4381=VERTEX_POINT('',#15286);
#4382=VERTEX_POINT('',#15291);
#4383=VERTEX_POINT('',#15305);
#4384=VERTEX_POINT('',#15310);
#4385=VERTEX_POINT('',#15317);
#4386=VERTEX_POINT('',#15319);
#4387=VERTEX_POINT('',#15323);
#4388=VERTEX_POINT('',#15325);
#4389=VERTEX_POINT('',#15329);
#4390=VERTEX_POINT('',#15331);
#4391=VERTEX_POINT('',#15335);
#4392=VERTEX_POINT('',#15337);
#4393=VERTEX_POINT('',#15341);
#4394=VERTEX_POINT('',#15343);
#4395=VERTEX_POINT('',#15354);
#4396=VERTEX_POINT('',#15359);
#4397=VERTEX_POINT('',#15373);
#4398=VERTEX_POINT('',#15378);
#4399=VERTEX_POINT('',#15392);
#4400=VERTEX_POINT('',#15397);
#4401=VERTEX_POINT('',#15404);
#4402=VERTEX_POINT('',#15406);
#4403=VERTEX_POINT('',#15421);
#4404=VERTEX_POINT('',#15422);
#4405=VERTEX_POINT('',#15427);
#4406=VERTEX_POINT('',#15429);
#4407=VERTEX_POINT('',#15443);
#4408=VERTEX_POINT('',#15448);
#4409=VERTEX_POINT('',#15462);
#4410=VERTEX_POINT('',#15467);
#4411=VERTEX_POINT('',#15497);
#4412=VERTEX_POINT('',#15498);
#4413=VERTEX_POINT('',#15503);
#4414=VERTEX_POINT('',#15505);
#4415=VERTEX_POINT('',#15519);
#4416=VERTEX_POINT('',#15524);
#4417=VERTEX_POINT('',#15538);
#4418=VERTEX_POINT('',#15543);
#4419=VERTEX_POINT('',#15567);
#4420=VERTEX_POINT('',#15568);
#4421=VERTEX_POINT('',#15570);
#4422=VERTEX_POINT('',#15572);
#4423=VERTEX_POINT('',#15576);
#4424=VERTEX_POINT('',#15578);
#4425=VERTEX_POINT('',#15582);
#4426=VERTEX_POINT('',#15584);
#4427=VERTEX_POINT('',#15588);
#4428=VERTEX_POINT('',#15590);
#4429=VERTEX_POINT('',#15594);
#4430=VERTEX_POINT('',#15596);
#4431=VERTEX_POINT('',#15600);
#4432=VERTEX_POINT('',#15602);
#4433=VERTEX_POINT('',#15606);
#4434=VERTEX_POINT('',#15608);
#4435=VERTEX_POINT('',#15612);
#4436=VERTEX_POINT('',#15614);
#4437=VERTEX_POINT('',#15618);
#4438=VERTEX_POINT('',#15620);
#4439=VERTEX_POINT('',#15624);
#4440=VERTEX_POINT('',#15626);
#4441=VERTEX_POINT('',#15630);
#4442=VERTEX_POINT('',#15632);
#4443=VERTEX_POINT('',#15640);
#4444=VERTEX_POINT('',#15641);
#4445=VERTEX_POINT('',#15643);
#4446=VERTEX_POINT('',#15645);
#4447=VERTEX_POINT('',#15649);
#4448=VERTEX_POINT('',#15651);
#4449=VERTEX_POINT('',#15655);
#4450=VERTEX_POINT('',#15657);
#4451=VERTEX_POINT('',#15661);
#4452=VERTEX_POINT('',#15663);
#4453=VERTEX_POINT('',#15667);
#4454=VERTEX_POINT('',#15669);
#4455=VERTEX_POINT('',#15673);
#4456=VERTEX_POINT('',#15675);
#4457=VERTEX_POINT('',#15679);
#4458=VERTEX_POINT('',#15681);
#4459=VERTEX_POINT('',#15696);
#4460=VERTEX_POINT('',#15697);
#4461=VERTEX_POINT('',#15702);
#4462=VERTEX_POINT('',#15704);
#4463=VERTEX_POINT('',#15718);
#4464=VERTEX_POINT('',#15723);
#4465=VERTEX_POINT('',#15730);
#4466=VERTEX_POINT('',#15732);
#4467=VERTEX_POINT('',#15736);
#4468=VERTEX_POINT('',#15738);
#4469=VERTEX_POINT('',#15749);
#4470=VERTEX_POINT('',#15754);
#4471=VERTEX_POINT('',#15768);
#4472=VERTEX_POINT('',#15773);
#4473=VERTEX_POINT('',#15787);
#4474=VERTEX_POINT('',#15792);
#4475=VERTEX_POINT('',#15806);
#4476=VERTEX_POINT('',#15811);
#4477=VERTEX_POINT('',#15825);
#4478=VERTEX_POINT('',#15830);
#4479=VERTEX_POINT('',#15844);
#4480=VERTEX_POINT('',#15849);
#4481=VERTEX_POINT('',#15863);
#4482=VERTEX_POINT('',#15868);
#4483=VERTEX_POINT('',#15882);
#4484=VERTEX_POINT('',#15887);
#4485=VERTEX_POINT('',#15894);
#4486=VERTEX_POINT('',#15896);
#4487=VERTEX_POINT('',#15900);
#4488=VERTEX_POINT('',#15902);
#4489=VERTEX_POINT('',#15913);
#4490=VERTEX_POINT('',#15918);
#4491=VERTEX_POINT('',#15932);
#4492=VERTEX_POINT('',#15937);
#4493=VERTEX_POINT('',#15951);
#4494=VERTEX_POINT('',#15956);
#4495=VERTEX_POINT('',#15970);
#4496=VERTEX_POINT('',#15975);
#4497=VERTEX_POINT('',#15989);
#4498=VERTEX_POINT('',#15994);
#4499=VERTEX_POINT('',#16018);
#4500=VERTEX_POINT('',#16019);
#4501=VERTEX_POINT('',#16021);
#4502=VERTEX_POINT('',#16023);
#4503=VERTEX_POINT('',#16034);
#4504=VERTEX_POINT('',#16039);
#4505=VERTEX_POINT('',#16053);
#4506=VERTEX_POINT('',#16058);
#4507=VERTEX_POINT('',#16065);
#4508=VERTEX_POINT('',#16067);
#4509=VERTEX_POINT('',#16071);
#4510=VERTEX_POINT('',#16073);
#4511=VERTEX_POINT('',#16077);
#4512=VERTEX_POINT('',#16079);
#4513=VERTEX_POINT('',#16083);
#4514=VERTEX_POINT('',#16085);
#4515=VERTEX_POINT('',#16089);
#4516=VERTEX_POINT('',#16091);
#4517=VERTEX_POINT('',#16102);
#4518=VERTEX_POINT('',#16107);
#4519=VERTEX_POINT('',#16121);
#4520=VERTEX_POINT('',#16126);
#4521=VERTEX_POINT('',#16140);
#4522=VERTEX_POINT('',#16145);
#4523=VERTEX_POINT('',#16152);
#4524=VERTEX_POINT('',#16154);
#4525=VERTEX_POINT('',#16169);
#4526=VERTEX_POINT('',#16170);
#4527=VERTEX_POINT('',#16175);
#4528=VERTEX_POINT('',#16177);
#4529=VERTEX_POINT('',#16184);
#4530=VERTEX_POINT('',#16186);
#4531=VERTEX_POINT('',#16190);
#4532=VERTEX_POINT('',#16192);
#4533=VERTEX_POINT('',#16203);
#4534=VERTEX_POINT('',#16208);
#4535=VERTEX_POINT('',#16222);
#4536=VERTEX_POINT('',#16227);
#4537=VERTEX_POINT('',#16241);
#4538=VERTEX_POINT('',#16246);
#4539=VERTEX_POINT('',#16253);
#4540=VERTEX_POINT('',#16255);
#4541=VERTEX_POINT('',#16259);
#4542=VERTEX_POINT('',#16261);
#4543=VERTEX_POINT('',#16265);
#4544=VERTEX_POINT('',#16267);
#4545=VERTEX_POINT('',#16271);
#4546=VERTEX_POINT('',#16273);
#4547=VERTEX_POINT('',#16277);
#4548=VERTEX_POINT('',#16279);
#4549=VERTEX_POINT('',#16283);
#4550=VERTEX_POINT('',#16285);
#4551=VERTEX_POINT('',#16289);
#4552=VERTEX_POINT('',#16291);
#4553=VERTEX_POINT('',#16295);
#4554=VERTEX_POINT('',#16297);
#4555=VERTEX_POINT('',#16301);
#4556=VERTEX_POINT('',#16303);
#4557=VERTEX_POINT('',#16307);
#4558=VERTEX_POINT('',#16309);
#4559=VERTEX_POINT('',#16313);
#4560=VERTEX_POINT('',#16315);
#4561=VERTEX_POINT('',#16336);
#4562=VERTEX_POINT('',#16337);
#4563=VERTEX_POINT('',#16339);
#4564=VERTEX_POINT('',#16341);
#4565=VERTEX_POINT('',#16345);
#4566=VERTEX_POINT('',#16347);
#4567=VERTEX_POINT('',#16351);
#4568=VERTEX_POINT('',#16353);
#4569=VERTEX_POINT('',#16361);
#4570=VERTEX_POINT('',#16362);
#4571=VERTEX_POINT('',#16364);
#4572=VERTEX_POINT('',#16366);
#4573=VERTEX_POINT('',#16370);
#4574=VERTEX_POINT('',#16372);
#4575=VERTEX_POINT('',#16376);
#4576=VERTEX_POINT('',#16378);
#4577=VERTEX_POINT('',#16393);
#4578=VERTEX_POINT('',#16394);
#4579=VERTEX_POINT('',#16399);
#4580=VERTEX_POINT('',#16401);
#4581=VERTEX_POINT('',#16408);
#4582=VERTEX_POINT('',#16410);
#4583=VERTEX_POINT('',#16414);
#4584=VERTEX_POINT('',#16416);
#4585=VERTEX_POINT('',#16427);
#4586=VERTEX_POINT('',#16432);
#4587=VERTEX_POINT('',#16446);
#4588=VERTEX_POINT('',#16451);
#4589=VERTEX_POINT('',#16465);
#4590=VERTEX_POINT('',#16470);
#4591=VERTEX_POINT('',#16477);
#4592=VERTEX_POINT('',#16479);
#4593=VERTEX_POINT('',#16483);
#4594=VERTEX_POINT('',#16485);
#4595=VERTEX_POINT('',#16489);
#4596=VERTEX_POINT('',#16491);
#4597=VERTEX_POINT('',#16495);
#4598=VERTEX_POINT('',#16497);
#4599=VERTEX_POINT('',#16501);
#4600=VERTEX_POINT('',#16503);
#4601=VERTEX_POINT('',#16507);
#4602=VERTEX_POINT('',#16509);
#4603=VERTEX_POINT('',#16513);
#4604=VERTEX_POINT('',#16515);
#4605=VERTEX_POINT('',#16519);
#4606=VERTEX_POINT('',#16521);
#4607=VERTEX_POINT('',#16525);
#4608=VERTEX_POINT('',#16527);
#4609=VERTEX_POINT('',#16531);
#4610=VERTEX_POINT('',#16533);
#4611=VERTEX_POINT('',#16537);
#4612=VERTEX_POINT('',#16539);
#4613=VERTEX_POINT('',#16567);
#4614=VERTEX_POINT('',#16568);
#4615=VERTEX_POINT('',#16573);
#4616=VERTEX_POINT('',#16575);
#4617=VERTEX_POINT('',#16589);
#4618=VERTEX_POINT('',#16594);
#4619=VERTEX_POINT('',#16608);
#4620=VERTEX_POINT('',#16613);
#4621=VERTEX_POINT('',#16620);
#4622=VERTEX_POINT('',#16622);
#4623=VERTEX_POINT('',#16626);
#4624=VERTEX_POINT('',#16628);
#4625=VERTEX_POINT('',#16632);
#4626=VERTEX_POINT('',#16634);
#4627=VERTEX_POINT('',#16638);
#4628=VERTEX_POINT('',#16640);
#4629=VERTEX_POINT('',#16644);
#4630=VERTEX_POINT('',#16646);
#4631=VERTEX_POINT('',#16657);
#4632=VERTEX_POINT('',#16662);
#4633=VERTEX_POINT('',#16676);
#4634=VERTEX_POINT('',#16681);
#4635=VERTEX_POINT('',#16695);
#4636=VERTEX_POINT('',#16700);
#4637=VERTEX_POINT('',#16714);
#4638=VERTEX_POINT('',#16719);
#4639=VERTEX_POINT('',#16733);
#4640=VERTEX_POINT('',#16738);
#4641=VERTEX_POINT('',#16752);
#4642=VERTEX_POINT('',#16757);
#4643=VERTEX_POINT('',#16771);
#4644=VERTEX_POINT('',#16776);
#4645=VERTEX_POINT('',#16783);
#4646=VERTEX_POINT('',#16785);
#4647=VERTEX_POINT('',#16789);
#4648=VERTEX_POINT('',#16791);
#4649=VERTEX_POINT('',#16802);
#4650=VERTEX_POINT('',#16807);
#4651=VERTEX_POINT('',#16821);
#4652=VERTEX_POINT('',#16826);
#4653=VERTEX_POINT('',#16850);
#4654=VERTEX_POINT('',#16851);
#4655=VERTEX_POINT('',#16853);
#4656=VERTEX_POINT('',#16855);
#4657=VERTEX_POINT('',#16859);
#4658=VERTEX_POINT('',#16861);
#4659=VERTEX_POINT('',#16872);
#4660=VERTEX_POINT('',#16877);
#4661=VERTEX_POINT('',#16891);
#4662=VERTEX_POINT('',#16896);
#4663=VERTEX_POINT('',#16910);
#4664=VERTEX_POINT('',#16915);
#4665=VERTEX_POINT('',#16929);
#4666=VERTEX_POINT('',#16934);
#4667=VERTEX_POINT('',#16948);
#4668=VERTEX_POINT('',#16953);
#4669=VERTEX_POINT('',#16960);
#4670=VERTEX_POINT('',#16962);
#4671=VERTEX_POINT('',#16966);
#4672=VERTEX_POINT('',#16968);
#4673=VERTEX_POINT('',#16979);
#4674=VERTEX_POINT('',#16984);
#4675=VERTEX_POINT('',#16998);
#4676=VERTEX_POINT('',#17003);
#4677=VERTEX_POINT('',#17017);
#4678=VERTEX_POINT('',#17019);
#4679=VERTEX_POINT('',#17030);
#4680=VERTEX_POINT('',#17035);
#4681=VERTEX_POINT('',#17049);
#4682=VERTEX_POINT('',#17054);
#4683=VERTEX_POINT('',#17068);
#4684=VERTEX_POINT('',#17073);
#4685=VERTEX_POINT('',#17080);
#4686=VERTEX_POINT('',#17082);
#4687=VERTEX_POINT('',#17097);
#4688=VERTEX_POINT('',#17098);
#4689=VERTEX_POINT('',#17103);
#4690=VERTEX_POINT('',#17105);
#4691=VERTEX_POINT('',#17119);
#4692=VERTEX_POINT('',#17124);
#4693=VERTEX_POINT('',#17138);
#4694=VERTEX_POINT('',#17143);
#4695=VERTEX_POINT('',#17157);
#4696=VERTEX_POINT('',#17162);
#4697=VERTEX_POINT('',#17176);
#4698=VERTEX_POINT('',#17181);
#4699=VERTEX_POINT('',#17195);
#4700=VERTEX_POINT('',#17200);
#4701=VERTEX_POINT('',#17230);
#4702=VERTEX_POINT('',#17231);
#4703=VERTEX_POINT('',#17236);
#4704=VERTEX_POINT('',#17238);
#4705=VERTEX_POINT('',#17252);
#4706=VERTEX_POINT('',#17257);
#4707=VERTEX_POINT('',#17271);
#4708=VERTEX_POINT('',#17276);
#4709=VERTEX_POINT('',#17290);
#4710=VERTEX_POINT('',#17295);
#4711=VERTEX_POINT('',#17309);
#4712=VERTEX_POINT('',#17314);
#4713=VERTEX_POINT('',#17321);
#4714=VERTEX_POINT('',#17323);
#4715=VERTEX_POINT('',#17327);
#4716=VERTEX_POINT('',#17329);
#4717=VERTEX_POINT('',#17340);
#4718=VERTEX_POINT('',#17345);
#4719=VERTEX_POINT('',#17359);
#4720=VERTEX_POINT('',#17364);
#4721=VERTEX_POINT('',#17378);
#4722=VERTEX_POINT('',#17383);
#4723=VERTEX_POINT('',#17397);
#4724=VERTEX_POINT('',#17402);
#4725=VERTEX_POINT('',#17416);
#4726=VERTEX_POINT('',#17421);
#4727=VERTEX_POINT('',#17435);
#4728=VERTEX_POINT('',#17440);
#4729=VERTEX_POINT('',#17464);
#4730=VERTEX_POINT('',#17465);
#4731=VERTEX_POINT('',#17467);
#4732=VERTEX_POINT('',#17469);
#4733=VERTEX_POINT('',#17473);
#4734=VERTEX_POINT('',#17475);
#4735=VERTEX_POINT('',#17479);
#4736=VERTEX_POINT('',#17481);
#4737=VERTEX_POINT('',#17489);
#4738=VERTEX_POINT('',#17490);
#4739=VERTEX_POINT('',#17492);
#4740=VERTEX_POINT('',#17494);
#4741=VERTEX_POINT('',#17496);
#4742=VERTEX_POINT('',#17498);
#4743=VERTEX_POINT('',#17500);
#4744=VERTEX_POINT('',#17502);
#4745=VERTEX_POINT('',#17504);
#4746=VERTEX_POINT('',#17513);
#4747=VERTEX_POINT('',#17514);
#4748=VERTEX_POINT('',#17518);
#4749=VERTEX_POINT('',#17520);
#4750=VERTEX_POINT('',#17528);
#4751=VERTEX_POINT('',#17529);
#4752=VERTEX_POINT('',#17533);
#4753=VERTEX_POINT('',#17535);
#4754=VERTEX_POINT('',#17543);
#4755=VERTEX_POINT('',#17544);
#4756=VERTEX_POINT('',#17548);
#4757=VERTEX_POINT('',#17550);
#4758=VERTEX_POINT('',#17558);
#4759=VERTEX_POINT('',#17559);
#4760=VERTEX_POINT('',#17563);
#4761=VERTEX_POINT('',#17565);
#4762=VERTEX_POINT('',#17581);
#4763=VERTEX_POINT('',#17582);
#4764=VERTEX_POINT('',#17584);
#4765=VERTEX_POINT('',#17586);
#4766=VERTEX_POINT('',#17588);
#4767=VERTEX_POINT('',#17590);
#4768=VERTEX_POINT('',#17592);
#4769=VERTEX_POINT('',#17594);
#4770=VERTEX_POINT('',#17596);
#4771=VERTEX_POINT('',#17611);
#4772=VERTEX_POINT('',#17612);
#4773=VERTEX_POINT('',#17614);
#4774=VERTEX_POINT('',#17616);
#4775=VERTEX_POINT('',#17620);
#4776=VERTEX_POINT('',#17622);
#4777=VERTEX_POINT('',#17631);
#4778=VERTEX_POINT('',#17633);
#4779=VERTEX_POINT('',#17638);
#4780=VERTEX_POINT('',#17639);
#4781=VERTEX_POINT('',#17641);
#4782=VERTEX_POINT('',#17643);
#4783=VERTEX_POINT('',#17645);
#4784=VERTEX_POINT('',#17647);
#4785=VERTEX_POINT('',#17649);
#4786=VERTEX_POINT('',#17651);
#4787=VERTEX_POINT('',#17654);
#4788=VERTEX_POINT('',#17656);
#4789=VERTEX_POINT('',#17658);
#4790=VERTEX_POINT('',#17660);
#4791=VERTEX_POINT('',#17662);
#4792=VERTEX_POINT('',#17664);
#4793=VERTEX_POINT('',#17666);
#4794=VERTEX_POINT('',#17668);
#4795=VERTEX_POINT('',#17670);
#4796=VERTEX_POINT('',#17672);
#4797=VERTEX_POINT('',#17674);
#4798=VERTEX_POINT('',#17676);
#4799=VERTEX_POINT('',#17678);
#4800=VERTEX_POINT('',#17680);
#4801=VERTEX_POINT('',#17682);
#4802=VERTEX_POINT('',#17684);
#4803=VERTEX_POINT('',#17686);
#4804=VERTEX_POINT('',#17688);
#4805=VERTEX_POINT('',#17690);
#4806=VERTEX_POINT('',#17692);
#4807=VERTEX_POINT('',#17694);
#4808=VERTEX_POINT('',#17696);
#4809=VERTEX_POINT('',#17700);
#4810=VERTEX_POINT('',#17701);
#4811=VERTEX_POINT('',#17704);
#4812=VERTEX_POINT('',#17706);
#4813=VERTEX_POINT('',#17708);
#4814=VERTEX_POINT('',#17710);
#4815=VERTEX_POINT('',#17715);
#4816=VERTEX_POINT('',#17717);
#4817=VERTEX_POINT('',#17721);
#4818=VERTEX_POINT('',#17723);
#4819=VERTEX_POINT('',#17725);
#4820=VERTEX_POINT('',#17729);
#4821=VERTEX_POINT('',#17733);
#4822=VERTEX_POINT('',#17734);
#4823=VERTEX_POINT('',#17736);
#4824=VERTEX_POINT('',#17738);
#4825=VERTEX_POINT('',#17742);
#4826=VERTEX_POINT('',#17744);
#4827=VERTEX_POINT('',#17748);
#4828=VERTEX_POINT('',#17749);
#4829=VERTEX_POINT('',#17751);
#4830=VERTEX_POINT('',#17753);
#4831=VERTEX_POINT('',#17755);
#4832=VERTEX_POINT('',#17757);
#4833=VERTEX_POINT('',#17759);
#4834=VERTEX_POINT('',#17761);
#4835=VERTEX_POINT('',#17763);
#4836=VERTEX_POINT('',#17765);
#4837=VERTEX_POINT('',#17767);
#4838=VERTEX_POINT('',#17769);
#4839=VERTEX_POINT('',#17774);
#4840=VERTEX_POINT('',#17776);
#4841=VERTEX_POINT('',#17785);
#4842=VERTEX_POINT('',#17795);
#4843=VERTEX_POINT('',#17807);
#4844=VERTEX_POINT('',#17809);
#4845=VERTEX_POINT('',#17819);
#4846=VERTEX_POINT('',#17821);
#4847=VERTEX_POINT('',#17823);
#4848=VERTEX_POINT('',#17825);
#4849=VERTEX_POINT('',#17827);
#4850=VERTEX_POINT('',#17829);
#4851=VERTEX_POINT('',#17831);
#4852=VERTEX_POINT('',#17833);
#4853=VERTEX_POINT('',#17835);
#4854=VERTEX_POINT('',#17837);
#4855=VERTEX_POINT('',#17839);
#4856=VERTEX_POINT('',#17841);
#4857=VERTEX_POINT('',#17843);
#4858=VERTEX_POINT('',#17845);
#4859=VERTEX_POINT('',#17847);
#4860=VERTEX_POINT('',#17849);
#4861=VERTEX_POINT('',#17852);
#4862=VERTEX_POINT('',#17853);
#4863=VERTEX_POINT('',#17855);
#4864=VERTEX_POINT('',#17857);
#4865=VERTEX_POINT('',#17860);
#4866=VERTEX_POINT('',#17861);
#4867=VERTEX_POINT('',#17863);
#4868=VERTEX_POINT('',#17865);
#4869=VERTEX_POINT('',#17868);
#4870=VERTEX_POINT('',#17869);
#4871=VERTEX_POINT('',#17871);
#4872=VERTEX_POINT('',#17873);
#4873=VERTEX_POINT('',#17876);
#4874=VERTEX_POINT('',#17877);
#4875=VERTEX_POINT('',#17879);
#4876=VERTEX_POINT('',#17881);
#4877=VERTEX_POINT('',#17884);
#4878=VERTEX_POINT('',#17885);
#4879=VERTEX_POINT('',#17887);
#4880=VERTEX_POINT('',#17889);
#4881=VERTEX_POINT('',#17892);
#4882=VERTEX_POINT('',#17893);
#4883=VERTEX_POINT('',#17895);
#4884=VERTEX_POINT('',#17897);
#4885=VERTEX_POINT('',#17900);
#4886=VERTEX_POINT('',#17901);
#4887=VERTEX_POINT('',#17903);
#4888=VERTEX_POINT('',#17905);
#4889=VERTEX_POINT('',#17908);
#4890=VERTEX_POINT('',#17909);
#4891=VERTEX_POINT('',#17911);
#4892=VERTEX_POINT('',#17913);
#4893=VERTEX_POINT('',#17917);
#4894=VERTEX_POINT('',#17919);
#4895=VERTEX_POINT('',#17923);
#4896=VERTEX_POINT('',#17925);
#4897=VERTEX_POINT('',#17929);
#4898=VERTEX_POINT('',#17933);
#4899=VERTEX_POINT('',#17935);
#4900=VERTEX_POINT('',#17937);
#4901=VERTEX_POINT('',#17939);
#4902=VERTEX_POINT('',#17941);
#4903=VERTEX_POINT('',#17943);
#4904=VERTEX_POINT('',#17945);
#4905=VERTEX_POINT('',#17949);
#4906=VERTEX_POINT('',#17950);
#4907=VERTEX_POINT('',#17953);
#4908=VERTEX_POINT('',#17955);
#4909=VERTEX_POINT('',#17957);
#4910=VERTEX_POINT('',#17959);
#4911=VERTEX_POINT('',#17961);
#4912=VERTEX_POINT('',#17963);
#4913=VERTEX_POINT('',#17975);
#4914=VERTEX_POINT('',#17976);
#4915=VERTEX_POINT('',#17978);
#4916=VERTEX_POINT('',#17980);
#4917=VERTEX_POINT('',#17982);
#4918=VERTEX_POINT('',#17984);
#4919=VERTEX_POINT('',#17986);
#4920=VERTEX_POINT('',#17988);
#4921=VERTEX_POINT('',#17990);
#4922=VERTEX_POINT('',#17992);
#4923=VERTEX_POINT('',#17994);
#4924=VERTEX_POINT('',#17996);
#4925=VERTEX_POINT('',#17998);
#4926=VERTEX_POINT('',#18000);
#4927=VERTEX_POINT('',#18002);
#4928=VERTEX_POINT('',#18004);
#4929=VERTEX_POINT('',#18006);
#4930=VERTEX_POINT('',#18008);
#4931=VERTEX_POINT('',#18011);
#4932=VERTEX_POINT('',#18013);
#4933=VERTEX_POINT('',#18015);
#4934=VERTEX_POINT('',#18017);
#4935=VERTEX_POINT('',#18021);
#4936=VERTEX_POINT('',#18023);
#4937=VERTEX_POINT('',#18025);
#4938=VERTEX_POINT('',#18027);
#4939=VERTEX_POINT('',#18031);
#4940=VERTEX_POINT('',#18033);
#4941=VERTEX_POINT('',#18046);
#4942=VERTEX_POINT('',#18048);
#4943=VERTEX_POINT('',#18050);
#4944=VERTEX_POINT('',#18054);
#4945=VERTEX_POINT('',#18057);
#4946=VERTEX_POINT('',#18059);
#4947=VERTEX_POINT('',#18061);
#4948=VERTEX_POINT('',#18063);
#4949=VERTEX_POINT('',#18076);
#4950=VERTEX_POINT('',#18080);
#4951=VERTEX_POINT('',#18084);
#4952=VERTEX_POINT('',#18085);
#4953=VERTEX_POINT('',#18089);
#4954=VERTEX_POINT('',#18091);
#4955=VERTEX_POINT('',#18093);
#4956=VERTEX_POINT('',#18095);
#4957=VERTEX_POINT('',#18097);
#4958=VERTEX_POINT('',#18099);
#4959=VERTEX_POINT('',#18101);
#4960=VERTEX_POINT('',#18103);
#4961=VERTEX_POINT('',#18105);
#4962=VERTEX_POINT('',#18107);
#4963=VERTEX_POINT('',#18109);
#4964=VERTEX_POINT('',#18111);
#4965=VERTEX_POINT('',#18113);
#4966=VERTEX_POINT('',#18115);
#4967=VERTEX_POINT('',#18117);
#4968=VERTEX_POINT('',#18119);
#4969=VERTEX_POINT('',#18122);
#4970=VERTEX_POINT('',#18126);
#4971=VERTEX_POINT('',#18143);
#4972=VERTEX_POINT('',#18146);
#4973=VERTEX_POINT('',#18151);
#4974=VERTEX_POINT('',#18153);
#4975=VERTEX_POINT('',#18157);
#4976=VERTEX_POINT('',#18158);
#4977=VERTEX_POINT('',#18160);
#4978=VERTEX_POINT('',#18162);
#4979=VERTEX_POINT('',#18178);
#4980=VERTEX_POINT('',#18180);
#4981=VERTEX_POINT('',#18186);
#4982=VERTEX_POINT('',#18191);
#4983=VERTEX_POINT('',#18193);
#4984=VERTEX_POINT('',#18195);
#4985=VERTEX_POINT('',#18210);
#4986=VERTEX_POINT('',#18212);
#4987=VERTEX_POINT('',#18245);
#4988=VERTEX_POINT('',#18247);
#4989=VERTEX_POINT('',#18251);
#4990=VERTEX_POINT('',#18255);
#4991=VERTEX_POINT('',#18264);
#4992=VERTEX_POINT('',#18266);
#4993=VERTEX_POINT('',#18279);
#4994=VERTEX_POINT('',#18281);
#4995=VERTEX_POINT('',#18287);
#4996=VERTEX_POINT('',#18289);
#4997=VERTEX_POINT('',#18302);
#4998=VERTEX_POINT('',#18304);
#4999=VERTEX_POINT('',#18335);
#5000=VERTEX_POINT('',#18337);
#5001=VERTEX_POINT('',#18341);
#5002=VERTEX_POINT('',#18345);
#5003=VERTEX_POINT('',#18347);
#5004=VERTEX_POINT('',#18349);
#5005=VERTEX_POINT('',#18354);
#5006=VERTEX_POINT('',#18355);
#5007=VERTEX_POINT('',#18357);
#5008=VERTEX_POINT('',#18359);
#5009=VERTEX_POINT('',#18362);
#5010=VERTEX_POINT('',#18363);
#5011=VERTEX_POINT('',#18365);
#5012=VERTEX_POINT('',#18367);
#5013=VERTEX_POINT('',#18370);
#5014=VERTEX_POINT('',#18371);
#5015=VERTEX_POINT('',#18373);
#5016=VERTEX_POINT('',#18375);
#5017=VERTEX_POINT('',#18378);
#5018=VERTEX_POINT('',#18379);
#5019=VERTEX_POINT('',#18381);
#5020=VERTEX_POINT('',#18383);
#5021=VERTEX_POINT('',#18386);
#5022=VERTEX_POINT('',#18387);
#5023=VERTEX_POINT('',#18389);
#5024=VERTEX_POINT('',#18391);
#5025=VERTEX_POINT('',#18394);
#5026=VERTEX_POINT('',#18395);
#5027=VERTEX_POINT('',#18397);
#5028=VERTEX_POINT('',#18399);
#5029=VERTEX_POINT('',#18402);
#5030=VERTEX_POINT('',#18403);
#5031=VERTEX_POINT('',#18405);
#5032=VERTEX_POINT('',#18407);
#5033=VERTEX_POINT('',#18410);
#5034=VERTEX_POINT('',#18411);
#5035=VERTEX_POINT('',#18413);
#5036=VERTEX_POINT('',#18415);
#5037=VERTEX_POINT('',#18500);
#5038=VERTEX_POINT('',#18502);
#5039=VERTEX_POINT('',#18506);
#5040=VERTEX_POINT('',#18510);
#5041=VERTEX_POINT('',#18516);
#5042=VERTEX_POINT('',#18517);
#5043=VERTEX_POINT('',#18519);
#5044=VERTEX_POINT('',#18521);
#5045=VERTEX_POINT('',#18523);
#5046=VERTEX_POINT('',#18525);
#5047=VERTEX_POINT('',#18527);
#5048=VERTEX_POINT('',#18529);
#5049=VERTEX_POINT('',#18532);
#5050=VERTEX_POINT('',#18533);
#5051=VERTEX_POINT('',#18535);
#5052=VERTEX_POINT('',#18537);
#5053=VERTEX_POINT('',#18539);
#5054=VERTEX_POINT('',#18541);
#5055=VERTEX_POINT('',#18543);
#5056=VERTEX_POINT('',#18545);
#5057=VERTEX_POINT('',#18547);
#5058=VERTEX_POINT('',#18549);
#5059=VERTEX_POINT('',#18551);
#5060=VERTEX_POINT('',#18553);
#5061=VERTEX_POINT('',#18555);
#5062=VERTEX_POINT('',#18558);
#5063=VERTEX_POINT('',#18559);
#5064=VERTEX_POINT('',#18561);
#5065=VERTEX_POINT('',#18563);
#5066=VERTEX_POINT('',#18565);
#5067=VERTEX_POINT('',#18576);
#5068=VERTEX_POINT('',#18587);
#5069=VERTEX_POINT('',#18591);
#5070=VERTEX_POINT('',#18592);
#5071=VERTEX_POINT('',#18594);
#5072=VERTEX_POINT('',#18598);
#5073=VERTEX_POINT('',#18599);
#5074=VERTEX_POINT('',#18601);
#5075=VERTEX_POINT('',#18603);
#5076=VERTEX_POINT('',#18607);
#5077=VERTEX_POINT('',#18609);
#5078=VERTEX_POINT('',#18613);
#5079=VERTEX_POINT('',#18617);
#5080=VERTEX_POINT('',#18621);
#5081=VERTEX_POINT('',#18625);
#5082=VERTEX_POINT('',#18629);
#5083=VERTEX_POINT('',#18633);
#5084=VERTEX_POINT('',#18639);
#5085=VERTEX_POINT('',#18640);
#5086=VERTEX_POINT('',#18642);
#5087=VERTEX_POINT('',#18646);
#5088=VERTEX_POINT('',#18647);
#5089=VERTEX_POINT('',#18649);
#5090=VERTEX_POINT('',#18651);
#5091=VERTEX_POINT('',#18653);
#5092=VERTEX_POINT('',#18655);
#5093=VERTEX_POINT('',#18657);
#5094=VERTEX_POINT('',#18659);
#5095=VERTEX_POINT('',#18661);
#5096=VERTEX_POINT('',#18663);
#5097=VERTEX_POINT('',#18665);
#5098=VERTEX_POINT('',#18667);
#5099=VERTEX_POINT('',#18669);
#5100=VERTEX_POINT('',#18673);
#5101=VERTEX_POINT('',#18674);
#5102=VERTEX_POINT('',#18676);
#5103=VERTEX_POINT('',#18678);
#5104=VERTEX_POINT('',#18680);
#5105=VERTEX_POINT('',#18691);
#5106=VERTEX_POINT('',#18702);
#5107=VERTEX_POINT('',#18705);
#5108=VERTEX_POINT('',#18706);
#5109=VERTEX_POINT('',#18708);
#5110=VERTEX_POINT('',#18710);
#5111=VERTEX_POINT('',#18791);
#5112=VERTEX_POINT('',#18792);
#5113=VERTEX_POINT('',#18794);
#5114=VERTEX_POINT('',#18796);
#5115=VERTEX_POINT('',#18800);
#5116=VERTEX_POINT('',#18802);
#5117=VERTEX_POINT('',#18806);
#5118=VERTEX_POINT('',#18808);
#5119=EDGE_CURVE('',#4109,#4110,#1885,.T.);
#5120=EDGE_CURVE('',#4109,#4111,#1886,.T.);
#5121=EDGE_CURVE('',#4111,#4112,#1887,.T.);
#5122=EDGE_CURVE('',#4110,#4112,#1888,.T.);
#5123=EDGE_CURVE('',#4110,#4113,#1889,.T.);
#5124=EDGE_CURVE('',#4112,#4114,#1890,.T.);
#5125=EDGE_CURVE('',#4113,#4114,#1891,.T.);
#5126=EDGE_CURVE('',#4113,#4109,#1892,.T.);
#5127=EDGE_CURVE('',#4114,#4111,#1893,.T.);
#5128=EDGE_CURVE('',#4115,#4116,#1894,.T.);
#5129=EDGE_CURVE('',#4115,#4117,#1895,.T.);
#5130=EDGE_CURVE('',#4117,#4118,#1896,.T.);
#5131=EDGE_CURVE('',#4116,#4118,#1897,.T.);
#5132=EDGE_CURVE('',#4119,#4115,#1898,.T.);
#5133=EDGE_CURVE('',#4119,#4120,#1899,.T.);
#5134=EDGE_CURVE('',#4120,#4117,#1900,.T.);
#5135=EDGE_CURVE('',#4121,#4119,#1901,.T.);
#5136=EDGE_CURVE('',#4121,#4122,#1902,.T.);
#5137=EDGE_CURVE('',#4122,#4120,#1903,.T.);
#5138=EDGE_CURVE('',#4123,#4121,#1904,.T.);
#5139=EDGE_CURVE('',#4123,#4124,#1905,.T.);
#5140=EDGE_CURVE('',#4124,#4122,#1906,.T.);
#5141=EDGE_CURVE('',#4125,#4123,#1907,.T.);
#5142=EDGE_CURVE('',#4125,#4126,#1908,.T.);
#5143=EDGE_CURVE('',#4126,#4124,#1909,.T.);
#5144=EDGE_CURVE('',#4127,#4125,#1910,.T.);
#5145=EDGE_CURVE('',#4127,#4128,#1911,.T.);
#5146=EDGE_CURVE('',#4128,#4126,#1912,.T.);
#5147=EDGE_CURVE('',#4129,#4127,#1913,.T.);
#5148=EDGE_CURVE('',#4129,#4130,#1914,.T.);
#5149=EDGE_CURVE('',#4130,#4128,#1915,.T.);
#5150=EDGE_CURVE('',#4131,#4129,#1916,.T.);
#5151=EDGE_CURVE('',#4131,#4132,#1917,.T.);
#5152=EDGE_CURVE('',#4132,#4130,#1918,.T.);
#5153=EDGE_CURVE('',#4133,#4131,#1919,.T.);
#5154=EDGE_CURVE('',#4133,#4134,#1920,.T.);
#5155=EDGE_CURVE('',#4134,#4132,#1921,.T.);
#5156=EDGE_CURVE('',#4135,#4133,#1922,.T.);
#5157=EDGE_CURVE('',#4135,#4136,#1923,.T.);
#5158=EDGE_CURVE('',#4136,#4134,#1924,.T.);
#5159=EDGE_CURVE('',#4116,#4135,#1925,.T.);
#5160=EDGE_CURVE('',#4118,#4136,#1926,.T.);
#5161=EDGE_CURVE('',#4137,#4138,#1927,.T.);
#5162=EDGE_CURVE('',#4137,#4139,#1928,.T.);
#5163=EDGE_CURVE('',#4139,#4140,#1929,.T.);
#5164=EDGE_CURVE('',#4138,#4140,#1930,.T.);
#5165=EDGE_CURVE('',#4141,#4137,#1931,.T.);
#5166=EDGE_CURVE('',#4141,#4142,#1932,.T.);
#5167=EDGE_CURVE('',#4142,#4139,#1933,.T.);
#5168=EDGE_CURVE('',#4143,#4141,#213,.T.);
#5169=EDGE_CURVE('',#4143,#4144,#1934,.T.);
#5170=EDGE_CURVE('',#4144,#4142,#214,.T.);
#5171=EDGE_CURVE('',#4145,#4143,#215,.T.);
#5172=EDGE_CURVE('',#4145,#4146,#1935,.T.);
#5173=EDGE_CURVE('',#4146,#4144,#216,.T.);
#5174=EDGE_CURVE('',#4147,#4145,#217,.T.);
#5175=EDGE_CURVE('',#4147,#4148,#1936,.T.);
#5176=EDGE_CURVE('',#4148,#4146,#218,.T.);
#5177=EDGE_CURVE('',#4149,#4147,#219,.T.);
#5178=EDGE_CURVE('',#4149,#4150,#1937,.T.);
#5179=EDGE_CURVE('',#4150,#4148,#220,.T.);
#5180=EDGE_CURVE('',#4151,#4149,#221,.T.);
#5181=EDGE_CURVE('',#4151,#4152,#1938,.T.);
#5182=EDGE_CURVE('',#4152,#4150,#222,.T.);
#5183=EDGE_CURVE('',#4153,#4151,#1939,.T.);
#5184=EDGE_CURVE('',#4153,#4154,#1940,.T.);
#5185=EDGE_CURVE('',#4154,#4152,#1941,.T.);
#5186=EDGE_CURVE('',#4155,#4153,#1942,.T.);
#5187=EDGE_CURVE('',#4155,#4156,#1943,.T.);
#5188=EDGE_CURVE('',#4156,#4154,#1944,.T.);
#5189=EDGE_CURVE('',#4157,#4155,#223,.T.);
#5190=EDGE_CURVE('',#4157,#4158,#1945,.T.);
#5191=EDGE_CURVE('',#4158,#4156,#224,.T.);
#5192=EDGE_CURVE('',#4159,#4157,#225,.T.);
#5193=EDGE_CURVE('',#4159,#4160,#1946,.T.);
#5194=EDGE_CURVE('',#4160,#4158,#226,.T.);
#5195=EDGE_CURVE('',#4161,#4159,#195,.T.);
#5196=EDGE_CURVE('',#4161,#4162,#1947,.T.);
#5197=EDGE_CURVE('',#4162,#4160,#196,.T.);
#5198=EDGE_CURVE('',#4163,#4161,#227,.T.);
#5199=EDGE_CURVE('',#4163,#4164,#1948,.T.);
#5200=EDGE_CURVE('',#4164,#4162,#228,.T.);
#5201=EDGE_CURVE('',#4165,#4163,#229,.T.);
#5202=EDGE_CURVE('',#4165,#4166,#1949,.T.);
#5203=EDGE_CURVE('',#4166,#4164,#230,.T.);
#5204=EDGE_CURVE('',#4167,#4165,#231,.T.);
#5205=EDGE_CURVE('',#4167,#4168,#1950,.T.);
#5206=EDGE_CURVE('',#4168,#4166,#232,.T.);
#5207=EDGE_CURVE('',#4169,#4167,#1951,.T.);
#5208=EDGE_CURVE('',#4169,#4170,#1952,.T.);
#5209=EDGE_CURVE('',#4170,#4168,#1953,.T.);
#5210=EDGE_CURVE('',#4138,#4169,#1954,.T.);
#5211=EDGE_CURVE('',#4140,#4170,#1955,.T.);
#5212=EDGE_CURVE('',#4171,#4172,#1956,.T.);
#5213=EDGE_CURVE('',#4171,#4173,#1957,.T.);
#5214=EDGE_CURVE('',#4173,#4174,#1958,.T.);
#5215=EDGE_CURVE('',#4172,#4174,#1959,.T.);
#5216=EDGE_CURVE('',#4172,#4175,#1960,.T.);
#5217=EDGE_CURVE('',#4174,#4176,#1961,.T.);
#5218=EDGE_CURVE('',#4175,#4176,#1962,.T.);
#5219=EDGE_CURVE('',#4175,#4171,#1963,.T.);
#5220=EDGE_CURVE('',#4176,#4173,#1964,.T.);
#5221=EDGE_CURVE('',#4177,#4178,#1965,.T.);
#5222=EDGE_CURVE('',#4177,#4179,#1966,.T.);
#5223=EDGE_CURVE('',#4179,#4180,#1967,.T.);
#5224=EDGE_CURVE('',#4178,#4180,#1968,.T.);
#5225=EDGE_CURVE('',#4181,#4177,#1969,.T.);
#5226=EDGE_CURVE('',#4181,#4182,#1970,.T.);
#5227=EDGE_CURVE('',#4182,#4179,#1971,.T.);
#5228=EDGE_CURVE('',#4183,#4181,#1972,.T.);
#5229=EDGE_CURVE('',#4183,#4184,#1973,.T.);
#5230=EDGE_CURVE('',#4184,#4182,#1974,.T.);
#5231=EDGE_CURVE('',#4185,#4183,#1975,.T.);
#5232=EDGE_CURVE('',#4185,#4186,#1976,.T.);
#5233=EDGE_CURVE('',#4186,#4184,#1977,.T.);
#5234=EDGE_CURVE('',#4187,#4185,#1978,.T.);
#5235=EDGE_CURVE('',#4187,#4188,#1979,.T.);
#5236=EDGE_CURVE('',#4188,#4186,#1980,.T.);
#5237=EDGE_CURVE('',#4189,#4187,#1981,.T.);
#5238=EDGE_CURVE('',#4189,#4190,#1982,.T.);
#5239=EDGE_CURVE('',#4190,#4188,#1983,.T.);
#5240=EDGE_CURVE('',#4191,#4189,#1984,.T.);
#5241=EDGE_CURVE('',#4191,#4192,#1985,.T.);
#5242=EDGE_CURVE('',#4192,#4190,#1986,.T.);
#5243=EDGE_CURVE('',#4193,#4191,#1987,.T.);
#5244=EDGE_CURVE('',#4193,#4194,#1988,.T.);
#5245=EDGE_CURVE('',#4194,#4192,#1989,.T.);
#5246=EDGE_CURVE('',#4195,#4193,#1990,.T.);
#5247=EDGE_CURVE('',#4195,#4196,#1991,.T.);
#5248=EDGE_CURVE('',#4196,#4194,#1992,.T.);
#5249=EDGE_CURVE('',#4197,#4195,#1993,.T.);
#5250=EDGE_CURVE('',#4197,#4198,#1994,.T.);
#5251=EDGE_CURVE('',#4198,#4196,#1995,.T.);
#5252=EDGE_CURVE('',#4178,#4197,#1996,.T.);
#5253=EDGE_CURVE('',#4180,#4198,#1997,.T.);
#5254=EDGE_CURVE('',#4199,#4200,#233,.T.);
#5255=EDGE_CURVE('',#4199,#4201,#1998,.T.);
#5256=EDGE_CURVE('',#4201,#4202,#234,.T.);
#5257=EDGE_CURVE('',#4200,#4202,#1999,.T.);
#5258=EDGE_CURVE('',#4200,#4203,#235,.T.);
#5259=EDGE_CURVE('',#4202,#4204,#236,.T.);
#5260=EDGE_CURVE('',#4203,#4204,#2000,.T.);
#5261=EDGE_CURVE('',#4203,#4205,#237,.T.);
#5262=EDGE_CURVE('',#4204,#4206,#238,.T.);
#5263=EDGE_CURVE('',#4205,#4206,#2001,.T.);
#5264=EDGE_CURVE('',#4205,#4207,#239,.T.);
#5265=EDGE_CURVE('',#4206,#4208,#240,.T.);
#5266=EDGE_CURVE('',#4207,#4208,#2002,.T.);
#5267=EDGE_CURVE('',#4207,#4209,#241,.T.);
#5268=EDGE_CURVE('',#4208,#4210,#242,.T.);
#5269=EDGE_CURVE('',#4209,#4210,#2003,.T.);
#5270=EDGE_CURVE('',#4209,#4211,#243,.T.);
#5271=EDGE_CURVE('',#4210,#4212,#244,.T.);
#5272=EDGE_CURVE('',#4211,#4212,#2004,.T.);
#5273=EDGE_CURVE('',#4211,#4213,#245,.T.);
#5274=EDGE_CURVE('',#4212,#4214,#246,.T.);
#5275=EDGE_CURVE('',#4213,#4214,#2005,.T.);
#5276=EDGE_CURVE('',#4213,#4199,#247,.T.);
#5277=EDGE_CURVE('',#4214,#4201,#248,.T.);
#5278=EDGE_CURVE('',#4215,#4216,#249,.T.);
#5279=EDGE_CURVE('',#4215,#4217,#2006,.T.);
#5280=EDGE_CURVE('',#4217,#4218,#250,.T.);
#5281=EDGE_CURVE('',#4216,#4218,#2007,.T.);
#5282=EDGE_CURVE('',#4219,#4215,#251,.T.);
#5283=EDGE_CURVE('',#4219,#4220,#2008,.T.);
#5284=EDGE_CURVE('',#4220,#4217,#252,.T.);
#5285=EDGE_CURVE('',#4221,#4219,#253,.T.);
#5286=EDGE_CURVE('',#4221,#4222,#2009,.T.);
#5287=EDGE_CURVE('',#4222,#4220,#254,.T.);
#5288=EDGE_CURVE('',#4216,#4221,#255,.T.);
#5289=EDGE_CURVE('',#4218,#4222,#256,.T.);
#5290=EDGE_CURVE('',#4223,#4224,#257,.T.);
#5291=EDGE_CURVE('',#4223,#4225,#2010,.T.);
#5292=EDGE_CURVE('',#4225,#4226,#258,.T.);
#5293=EDGE_CURVE('',#4224,#4226,#2011,.T.);
#5294=EDGE_CURVE('',#4227,#4223,#259,.T.);
#5295=EDGE_CURVE('',#4227,#4228,#2012,.T.);
#5296=EDGE_CURVE('',#4228,#4225,#260,.T.);
#5297=EDGE_CURVE('',#4229,#4227,#261,.T.);
#5298=EDGE_CURVE('',#4229,#4230,#2013,.T.);
#5299=EDGE_CURVE('',#4230,#4228,#262,.T.);
#5300=EDGE_CURVE('',#4231,#4229,#2014,.T.);
#5301=EDGE_CURVE('',#4231,#4232,#2015,.T.);
#5302=EDGE_CURVE('',#4232,#4230,#2016,.T.);
#5303=EDGE_CURVE('',#4233,#4231,#2017,.T.);
#5304=EDGE_CURVE('',#4233,#4234,#2018,.T.);
#5305=EDGE_CURVE('',#4234,#4232,#2019,.T.);
#5306=EDGE_CURVE('',#4235,#4233,#2020,.T.);
#5307=EDGE_CURVE('',#4235,#4236,#2021,.T.);
#5308=EDGE_CURVE('',#4236,#4234,#2022,.T.);
#5309=EDGE_CURVE('',#4237,#4235,#2023,.T.);
#5310=EDGE_CURVE('',#4237,#4238,#2024,.T.);
#5311=EDGE_CURVE('',#4238,#4236,#2025,.T.);
#5312=EDGE_CURVE('',#4239,#4237,#2026,.T.);
#5313=EDGE_CURVE('',#4239,#4240,#2027,.T.);
#5314=EDGE_CURVE('',#4240,#4238,#2028,.T.);
#5315=EDGE_CURVE('',#4241,#4239,#263,.T.);
#5316=EDGE_CURVE('',#4241,#4242,#2029,.T.);
#5317=EDGE_CURVE('',#4242,#4240,#264,.T.);
#5318=EDGE_CURVE('',#4243,#4241,#265,.T.);
#5319=EDGE_CURVE('',#4243,#4244,#2030,.T.);
#5320=EDGE_CURVE('',#4244,#4242,#266,.T.);
#5321=EDGE_CURVE('',#4245,#4243,#267,.T.);
#5322=EDGE_CURVE('',#4245,#4246,#2031,.T.);
#5323=EDGE_CURVE('',#4246,#4244,#268,.T.);
#5324=EDGE_CURVE('',#4247,#4245,#269,.T.);
#5325=EDGE_CURVE('',#4247,#4248,#2032,.T.);
#5326=EDGE_CURVE('',#4248,#4246,#270,.T.);
#5327=EDGE_CURVE('',#4249,#4247,#271,.T.);
#5328=EDGE_CURVE('',#4249,#4250,#2033,.T.);
#5329=EDGE_CURVE('',#4250,#4248,#272,.T.);
#5330=EDGE_CURVE('',#4251,#4249,#273,.T.);
#5331=EDGE_CURVE('',#4251,#4252,#2034,.T.);
#5332=EDGE_CURVE('',#4252,#4250,#274,.T.);
#5333=EDGE_CURVE('',#4253,#4251,#275,.T.);
#5334=EDGE_CURVE('',#4253,#4254,#2035,.T.);
#5335=EDGE_CURVE('',#4254,#4252,#276,.T.);
#5336=EDGE_CURVE('',#4255,#4253,#2036,.T.);
#5337=EDGE_CURVE('',#4255,#4256,#2037,.T.);
#5338=EDGE_CURVE('',#4256,#4254,#2038,.T.);
#5339=EDGE_CURVE('',#4257,#4255,#2039,.T.);
#5340=EDGE_CURVE('',#4257,#4258,#2040,.T.);
#5341=EDGE_CURVE('',#4258,#4256,#2041,.T.);
#5342=EDGE_CURVE('',#4259,#4257,#277,.T.);
#5343=EDGE_CURVE('',#4259,#4260,#2042,.T.);
#5344=EDGE_CURVE('',#4260,#4258,#278,.T.);
#5345=EDGE_CURVE('',#4261,#4259,#279,.T.);
#5346=EDGE_CURVE('',#4261,#4262,#2043,.T.);
#5347=EDGE_CURVE('',#4262,#4260,#280,.T.);
#5348=EDGE_CURVE('',#4224,#4261,#281,.T.);
#5349=EDGE_CURVE('',#4226,#4262,#282,.T.);
#5350=EDGE_CURVE('',#4263,#4264,#2044,.T.);
#5351=EDGE_CURVE('',#4263,#4265,#2045,.T.);
#5352=EDGE_CURVE('',#4265,#4266,#2046,.T.);
#5353=EDGE_CURVE('',#4264,#4266,#2047,.T.);
#5354=EDGE_CURVE('',#4267,#4263,#2048,.T.);
#5355=EDGE_CURVE('',#4267,#4268,#2049,.T.);
#5356=EDGE_CURVE('',#4268,#4265,#2050,.T.);
#5357=EDGE_CURVE('',#4269,#4267,#2051,.T.);
#5358=EDGE_CURVE('',#4269,#4270,#2052,.T.);
#5359=EDGE_CURVE('',#4270,#4268,#2053,.T.);
#5360=EDGE_CURVE('',#4271,#4269,#2054,.T.);
#5361=EDGE_CURVE('',#4271,#4272,#2055,.T.);
#5362=EDGE_CURVE('',#4272,#4270,#2056,.T.);
#5363=EDGE_CURVE('',#4273,#4271,#2057,.T.);
#5364=EDGE_CURVE('',#4273,#4274,#2058,.T.);
#5365=EDGE_CURVE('',#4274,#4272,#2059,.T.);
#5366=EDGE_CURVE('',#4275,#4273,#2060,.T.);
#5367=EDGE_CURVE('',#4275,#4276,#2061,.T.);
#5368=EDGE_CURVE('',#4276,#4274,#2062,.T.);
#5369=EDGE_CURVE('',#4277,#4275,#2063,.T.);
#5370=EDGE_CURVE('',#4277,#4278,#2064,.T.);
#5371=EDGE_CURVE('',#4278,#4276,#2065,.T.);
#5372=EDGE_CURVE('',#4264,#4277,#2066,.T.);
#5373=EDGE_CURVE('',#4266,#4278,#2067,.T.);
#5374=EDGE_CURVE('',#4279,#4280,#2068,.T.);
#5375=EDGE_CURVE('',#4279,#4281,#2069,.T.);
#5376=EDGE_CURVE('',#4281,#4282,#2070,.T.);
#5377=EDGE_CURVE('',#4280,#4282,#2071,.T.);
#5378=EDGE_CURVE('',#4283,#4279,#2072,.T.);
#5379=EDGE_CURVE('',#4283,#4284,#2073,.T.);
#5380=EDGE_CURVE('',#4284,#4281,#2074,.T.);
#5381=EDGE_CURVE('',#4285,#4283,#2075,.T.);
#5382=EDGE_CURVE('',#4285,#4286,#2076,.T.);
#5383=EDGE_CURVE('',#4286,#4284,#2077,.T.);
#5384=EDGE_CURVE('',#4280,#4285,#2078,.T.);
#5385=EDGE_CURVE('',#4282,#4286,#2079,.T.);
#5386=EDGE_CURVE('',#4287,#4288,#2080,.T.);
#5387=EDGE_CURVE('',#4287,#4289,#2081,.T.);
#5388=EDGE_CURVE('',#4289,#4290,#2082,.T.);
#5389=EDGE_CURVE('',#4288,#4290,#2083,.T.);
#5390=EDGE_CURVE('',#4291,#4287,#2084,.T.);
#5391=EDGE_CURVE('',#4291,#4292,#2085,.T.);
#5392=EDGE_CURVE('',#4292,#4289,#2086,.T.);
#5393=EDGE_CURVE('',#4293,#4291,#2087,.T.);
#5394=EDGE_CURVE('',#4293,#4294,#2088,.T.);
#5395=EDGE_CURVE('',#4294,#4292,#2089,.T.);
#5396=EDGE_CURVE('',#4295,#4293,#2090,.T.);
#5397=EDGE_CURVE('',#4295,#4296,#2091,.T.);
#5398=EDGE_CURVE('',#4296,#4294,#2092,.T.);
#5399=EDGE_CURVE('',#4297,#4295,#2093,.T.);
#5400=EDGE_CURVE('',#4297,#4298,#2094,.T.);
#5401=EDGE_CURVE('',#4298,#4296,#2095,.T.);
#5402=EDGE_CURVE('',#4299,#4297,#2096,.T.);
#5403=EDGE_CURVE('',#4299,#4300,#2097,.T.);
#5404=EDGE_CURVE('',#4300,#4298,#2098,.T.);
#5405=EDGE_CURVE('',#4288,#4299,#2099,.T.);
#5406=EDGE_CURVE('',#4290,#4300,#2100,.T.);
#5407=EDGE_CURVE('',#4301,#4302,#2101,.T.);
#5408=EDGE_CURVE('',#4301,#4303,#2102,.T.);
#5409=EDGE_CURVE('',#4303,#4304,#2103,.T.);
#5410=EDGE_CURVE('',#4302,#4304,#2104,.T.);
#5411=EDGE_CURVE('',#4305,#4301,#2105,.T.);
#5412=EDGE_CURVE('',#4305,#4306,#2106,.T.);
#5413=EDGE_CURVE('',#4306,#4303,#2107,.T.);
#5414=EDGE_CURVE('',#4307,#4305,#2108,.T.);
#5415=EDGE_CURVE('',#4307,#4308,#2109,.T.);
#5416=EDGE_CURVE('',#4308,#4306,#2110,.T.);
#5417=EDGE_CURVE('',#4302,#4307,#2111,.T.);
#5418=EDGE_CURVE('',#4304,#4308,#2112,.T.);
#5419=EDGE_CURVE('',#4309,#4310,#283,.T.);
#5420=EDGE_CURVE('',#4309,#4311,#2113,.T.);
#5421=EDGE_CURVE('',#4311,#4312,#284,.T.);
#5422=EDGE_CURVE('',#4310,#4312,#2114,.T.);
#5423=EDGE_CURVE('',#4313,#4309,#285,.T.);
#5424=EDGE_CURVE('',#4313,#4314,#2115,.T.);
#5425=EDGE_CURVE('',#4314,#4311,#286,.T.);
#5426=EDGE_CURVE('',#4315,#4313,#2116,.T.);
#5427=EDGE_CURVE('',#4315,#4316,#2117,.T.);
#5428=EDGE_CURVE('',#4316,#4314,#2118,.T.);
#5429=EDGE_CURVE('',#4317,#4315,#2119,.T.);
#5430=EDGE_CURVE('',#4317,#4318,#2120,.T.);
#5431=EDGE_CURVE('',#4318,#4316,#2121,.T.);
#5432=EDGE_CURVE('',#4319,#4317,#287,.T.);
#5433=EDGE_CURVE('',#4319,#4320,#2122,.T.);
#5434=EDGE_CURVE('',#4320,#4318,#288,.T.);
#5435=EDGE_CURVE('',#4321,#4319,#289,.T.);
#5436=EDGE_CURVE('',#4321,#4322,#2123,.T.);
#5437=EDGE_CURVE('',#4322,#4320,#290,.T.);
#5438=EDGE_CURVE('',#4323,#4321,#291,.T.);
#5439=EDGE_CURVE('',#4323,#4324,#2124,.T.);
#5440=EDGE_CURVE('',#4324,#4322,#292,.T.);
#5441=EDGE_CURVE('',#4325,#4323,#293,.T.);
#5442=EDGE_CURVE('',#4325,#4326,#2125,.T.);
#5443=EDGE_CURVE('',#4326,#4324,#294,.T.);
#5444=EDGE_CURVE('',#4327,#4325,#295,.T.);
#5445=EDGE_CURVE('',#4327,#4328,#2126,.T.);
#5446=EDGE_CURVE('',#4328,#4326,#296,.T.);
#5447=EDGE_CURVE('',#4329,#4327,#2127,.T.);
#5448=EDGE_CURVE('',#4329,#4330,#2128,.T.);
#5449=EDGE_CURVE('',#4330,#4328,#2129,.T.);
#5450=EDGE_CURVE('',#4331,#4329,#2130,.T.);
#5451=EDGE_CURVE('',#4331,#4332,#2131,.T.);
#5452=EDGE_CURVE('',#4332,#4330,#2132,.T.);
#5453=EDGE_CURVE('',#4333,#4331,#297,.T.);
#5454=EDGE_CURVE('',#4333,#4334,#2133,.T.);
#5455=EDGE_CURVE('',#4334,#4332,#298,.T.);
#5456=EDGE_CURVE('',#4335,#4333,#299,.T.);
#5457=EDGE_CURVE('',#4335,#4336,#2134,.T.);
#5458=EDGE_CURVE('',#4336,#4334,#300,.T.);
#5459=EDGE_CURVE('',#4337,#4335,#301,.T.);
#5460=EDGE_CURVE('',#4337,#4338,#2135,.T.);
#5461=EDGE_CURVE('',#4338,#4336,#302,.T.);
#5462=EDGE_CURVE('',#4339,#4337,#303,.T.);
#5463=EDGE_CURVE('',#4339,#4340,#2136,.T.);
#5464=EDGE_CURVE('',#4340,#4338,#304,.T.);
#5465=EDGE_CURVE('',#4310,#4339,#305,.T.);
#5466=EDGE_CURVE('',#4312,#4340,#306,.T.);
#5467=EDGE_CURVE('',#4341,#4342,#307,.T.);
#5468=EDGE_CURVE('',#4341,#4343,#2137,.T.);
#5469=EDGE_CURVE('',#4343,#4344,#308,.T.);
#5470=EDGE_CURVE('',#4342,#4344,#2138,.T.);
#5471=EDGE_CURVE('',#4342,#4345,#309,.T.);
#5472=EDGE_CURVE('',#4344,#4346,#310,.T.);
#5473=EDGE_CURVE('',#4345,#4346,#2139,.T.);
#5474=EDGE_CURVE('',#4345,#4347,#311,.T.);
#5475=EDGE_CURVE('',#4346,#4348,#312,.T.);
#5476=EDGE_CURVE('',#4347,#4348,#2140,.T.);
#5477=EDGE_CURVE('',#4347,#4349,#2141,.T.);
#5478=EDGE_CURVE('',#4348,#4350,#2142,.T.);
#5479=EDGE_CURVE('',#4349,#4350,#2143,.T.);
#5480=EDGE_CURVE('',#4349,#4341,#313,.T.);
#5481=EDGE_CURVE('',#4350,#4343,#314,.T.);
#5482=EDGE_CURVE('',#4351,#4352,#315,.T.);
#5483=EDGE_CURVE('',#4351,#4353,#2144,.T.);
#5484=EDGE_CURVE('',#4353,#4354,#316,.T.);
#5485=EDGE_CURVE('',#4352,#4354,#2145,.T.);
#5486=EDGE_CURVE('',#4355,#4351,#317,.T.);
#5487=EDGE_CURVE('',#4355,#4356,#2146,.T.);
#5488=EDGE_CURVE('',#4356,#4353,#318,.T.);
#5489=EDGE_CURVE('',#4357,#4355,#2147,.T.);
#5490=EDGE_CURVE('',#4357,#4358,#2148,.T.);
#5491=EDGE_CURVE('',#4358,#4356,#2149,.T.);
#5492=EDGE_CURVE('',#4359,#4357,#2150,.T.);
#5493=EDGE_CURVE('',#4359,#4360,#2151,.T.);
#5494=EDGE_CURVE('',#4360,#4358,#2152,.T.);
#5495=EDGE_CURVE('',#4361,#4359,#319,.T.);
#5496=EDGE_CURVE('',#4361,#4362,#2153,.T.);
#5497=EDGE_CURVE('',#4362,#4360,#320,.T.);
#5498=EDGE_CURVE('',#4363,#4361,#321,.T.);
#5499=EDGE_CURVE('',#4363,#4364,#2154,.T.);
#5500=EDGE_CURVE('',#4364,#4362,#322,.T.);
#5501=EDGE_CURVE('',#4365,#4363,#323,.T.);
#5502=EDGE_CURVE('',#4365,#4366,#2155,.T.);
#5503=EDGE_CURVE('',#4366,#4364,#324,.T.);
#5504=EDGE_CURVE('',#4367,#4365,#2156,.T.);
#5505=EDGE_CURVE('',#4367,#4368,#2157,.T.);
#5506=EDGE_CURVE('',#4368,#4366,#2158,.T.);
#5507=EDGE_CURVE('',#4369,#4367,#2159,.T.);
#5508=EDGE_CURVE('',#4369,#4370,#2160,.T.);
#5509=EDGE_CURVE('',#4370,#4368,#2161,.T.);
#5510=EDGE_CURVE('',#4371,#4369,#325,.T.);
#5511=EDGE_CURVE('',#4371,#4372,#2162,.T.);
#5512=EDGE_CURVE('',#4372,#4370,#326,.T.);
#5513=EDGE_CURVE('',#4373,#4371,#327,.T.);
#5514=EDGE_CURVE('',#4373,#4374,#2163,.T.);
#5515=EDGE_CURVE('',#4374,#4372,#328,.T.);
#5516=EDGE_CURVE('',#4375,#4373,#329,.T.);
#5517=EDGE_CURVE('',#4375,#4376,#2164,.T.);
#5518=EDGE_CURVE('',#4376,#4374,#330,.T.);
#5519=EDGE_CURVE('',#4352,#4375,#331,.T.);
#5520=EDGE_CURVE('',#4354,#4376,#332,.T.);
#5521=EDGE_CURVE('',#4377,#4378,#2165,.T.);
#5522=EDGE_CURVE('',#4377,#4379,#2166,.T.);
#5523=EDGE_CURVE('',#4379,#4380,#2167,.T.);
#5524=EDGE_CURVE('',#4378,#4380,#2168,.T.);
#5525=EDGE_CURVE('',#4381,#4377,#333,.T.);
#5526=EDGE_CURVE('',#4381,#4382,#2169,.T.);
#5527=EDGE_CURVE('',#4382,#4379,#334,.T.);
#5528=EDGE_CURVE('',#4383,#4381,#335,.T.);
#5529=EDGE_CURVE('',#4383,#4384,#2170,.T.);
#5530=EDGE_CURVE('',#4384,#4382,#336,.T.);
#5531=EDGE_CURVE('',#4385,#4383,#2171,.T.);
#5532=EDGE_CURVE('',#4385,#4386,#2172,.T.);
#5533=EDGE_CURVE('',#4386,#4384,#2173,.T.);
#5534=EDGE_CURVE('',#4387,#4385,#2174,.T.);
#5535=EDGE_CURVE('',#4387,#4388,#2175,.T.);
#5536=EDGE_CURVE('',#4388,#4386,#2176,.T.);
#5537=EDGE_CURVE('',#4389,#4387,#2177,.T.);
#5538=EDGE_CURVE('',#4389,#4390,#2178,.T.);
#5539=EDGE_CURVE('',#4390,#4388,#2179,.T.);
#5540=EDGE_CURVE('',#4391,#4389,#2180,.T.);
#5541=EDGE_CURVE('',#4391,#4392,#2181,.T.);
#5542=EDGE_CURVE('',#4392,#4390,#2182,.T.);
#5543=EDGE_CURVE('',#4393,#4391,#2183,.T.);
#5544=EDGE_CURVE('',#4393,#4394,#2184,.T.);
#5545=EDGE_CURVE('',#4394,#4392,#2185,.T.);
#5546=EDGE_CURVE('',#4395,#4393,#337,.T.);
#5547=EDGE_CURVE('',#4395,#4396,#2186,.T.);
#5548=EDGE_CURVE('',#4396,#4394,#338,.T.);
#5549=EDGE_CURVE('',#4397,#4395,#339,.T.);
#5550=EDGE_CURVE('',#4397,#4398,#2187,.T.);
#5551=EDGE_CURVE('',#4398,#4396,#340,.T.);
#5552=EDGE_CURVE('',#4399,#4397,#341,.T.);
#5553=EDGE_CURVE('',#4399,#4400,#2188,.T.);
#5554=EDGE_CURVE('',#4400,#4398,#342,.T.);
#5555=EDGE_CURVE('',#4401,#4399,#2189,.T.);
#5556=EDGE_CURVE('',#4401,#4402,#2190,.T.);
#5557=EDGE_CURVE('',#4402,#4400,#2191,.T.);
#5558=EDGE_CURVE('',#4378,#4401,#2192,.T.);
#5559=EDGE_CURVE('',#4380,#4402,#2193,.T.);
#5560=EDGE_CURVE('',#4403,#4404,#343,.T.);
#5561=EDGE_CURVE('',#4403,#4405,#2194,.T.);
#5562=EDGE_CURVE('',#4405,#4406,#344,.T.);
#5563=EDGE_CURVE('',#4404,#4406,#2195,.T.);
#5564=EDGE_CURVE('',#4404,#4407,#345,.T.);
#5565=EDGE_CURVE('',#4406,#4408,#346,.T.);
#5566=EDGE_CURVE('',#4407,#4408,#2196,.T.);
#5567=EDGE_CURVE('',#4407,#4409,#347,.T.);
#5568=EDGE_CURVE('',#4408,#4410,#348,.T.);
#5569=EDGE_CURVE('',#4409,#4410,#2197,.T.);
#5570=EDGE_CURVE('',#4409,#4403,#349,.T.);
#5571=EDGE_CURVE('',#4410,#4405,#350,.T.);
#5572=EDGE_CURVE('',#4411,#4412,#351,.T.);
#5573=EDGE_CURVE('',#4411,#4413,#2198,.T.);
#5574=EDGE_CURVE('',#4413,#4414,#352,.T.);
#5575=EDGE_CURVE('',#4412,#4414,#2199,.T.);
#5576=EDGE_CURVE('',#4415,#4411,#353,.T.);
#5577=EDGE_CURVE('',#4415,#4416,#2200,.T.);
#5578=EDGE_CURVE('',#4416,#4413,#354,.T.);
#5579=EDGE_CURVE('',#4417,#4415,#355,.T.);
#5580=EDGE_CURVE('',#4417,#4418,#2201,.T.);
#5581=EDGE_CURVE('',#4418,#4416,#356,.T.);
#5582=EDGE_CURVE('',#4412,#4417,#357,.T.);
#5583=EDGE_CURVE('',#4414,#4418,#358,.T.);
#5584=EDGE_CURVE('',#4419,#4420,#2202,.T.);
#5585=EDGE_CURVE('',#4419,#4421,#2203,.T.);
#5586=EDGE_CURVE('',#4421,#4422,#2204,.T.);
#5587=EDGE_CURVE('',#4420,#4422,#2205,.T.);
#5588=EDGE_CURVE('',#4423,#4419,#2206,.T.);
#5589=EDGE_CURVE('',#4423,#4424,#2207,.T.);
#5590=EDGE_CURVE('',#4424,#4421,#2208,.T.);
#5591=EDGE_CURVE('',#4425,#4423,#2209,.T.);
#5592=EDGE_CURVE('',#4425,#4426,#2210,.T.);
#5593=EDGE_CURVE('',#4426,#4424,#2211,.T.);
#5594=EDGE_CURVE('',#4427,#4425,#2212,.T.);
#5595=EDGE_CURVE('',#4427,#4428,#2213,.T.);
#5596=EDGE_CURVE('',#4428,#4426,#2214,.T.);
#5597=EDGE_CURVE('',#4429,#4427,#2215,.T.);
#5598=EDGE_CURVE('',#4429,#4430,#2216,.T.);
#5599=EDGE_CURVE('',#4430,#4428,#2217,.T.);
#5600=EDGE_CURVE('',#4431,#4429,#2218,.T.);
#5601=EDGE_CURVE('',#4431,#4432,#2219,.T.);
#5602=EDGE_CURVE('',#4432,#4430,#2220,.T.);
#5603=EDGE_CURVE('',#4433,#4431,#2221,.T.);
#5604=EDGE_CURVE('',#4433,#4434,#2222,.T.);
#5605=EDGE_CURVE('',#4434,#4432,#2223,.T.);
#5606=EDGE_CURVE('',#4435,#4433,#2224,.T.);
#5607=EDGE_CURVE('',#4435,#4436,#2225,.T.);
#5608=EDGE_CURVE('',#4436,#4434,#2226,.T.);
#5609=EDGE_CURVE('',#4437,#4435,#2227,.T.);
#5610=EDGE_CURVE('',#4437,#4438,#2228,.T.);
#5611=EDGE_CURVE('',#4438,#4436,#2229,.T.);
#5612=EDGE_CURVE('',#4439,#4437,#2230,.T.);
#5613=EDGE_CURVE('',#4439,#4440,#2231,.T.);
#5614=EDGE_CURVE('',#4440,#4438,#2232,.T.);
#5615=EDGE_CURVE('',#4441,#4439,#2233,.T.);
#5616=EDGE_CURVE('',#4441,#4442,#2234,.T.);
#5617=EDGE_CURVE('',#4442,#4440,#2235,.T.);
#5618=EDGE_CURVE('',#4420,#4441,#2236,.T.);
#5619=EDGE_CURVE('',#4422,#4442,#2237,.T.);
#5620=EDGE_CURVE('',#4443,#4444,#2238,.T.);
#5621=EDGE_CURVE('',#4443,#4445,#2239,.T.);
#5622=EDGE_CURVE('',#4445,#4446,#2240,.T.);
#5623=EDGE_CURVE('',#4444,#4446,#2241,.T.);
#5624=EDGE_CURVE('',#4447,#4443,#2242,.T.);
#5625=EDGE_CURVE('',#4447,#4448,#2243,.T.);
#5626=EDGE_CURVE('',#4448,#4445,#2244,.T.);
#5627=EDGE_CURVE('',#4449,#4447,#2245,.T.);
#5628=EDGE_CURVE('',#4449,#4450,#2246,.T.);
#5629=EDGE_CURVE('',#4450,#4448,#2247,.T.);
#5630=EDGE_CURVE('',#4451,#4449,#2248,.T.);
#5631=EDGE_CURVE('',#4451,#4452,#2249,.T.);
#5632=EDGE_CURVE('',#4452,#4450,#2250,.T.);
#5633=EDGE_CURVE('',#4453,#4451,#2251,.T.);
#5634=EDGE_CURVE('',#4453,#4454,#2252,.T.);
#5635=EDGE_CURVE('',#4454,#4452,#2253,.T.);
#5636=EDGE_CURVE('',#4455,#4453,#2254,.T.);
#5637=EDGE_CURVE('',#4455,#4456,#2255,.T.);
#5638=EDGE_CURVE('',#4456,#4454,#2256,.T.);
#5639=EDGE_CURVE('',#4457,#4455,#2257,.T.);
#5640=EDGE_CURVE('',#4457,#4458,#2258,.T.);
#5641=EDGE_CURVE('',#4458,#4456,#2259,.T.);
#5642=EDGE_CURVE('',#4444,#4457,#2260,.T.);
#5643=EDGE_CURVE('',#4446,#4458,#2261,.T.);
#5644=EDGE_CURVE('',#4459,#4460,#359,.T.);
#5645=EDGE_CURVE('',#4459,#4461,#2262,.T.);
#5646=EDGE_CURVE('',#4461,#4462,#360,.T.);
#5647=EDGE_CURVE('',#4460,#4462,#2263,.T.);
#5648=EDGE_CURVE('',#4463,#4459,#361,.T.);
#5649=EDGE_CURVE('',#4463,#4464,#2264,.T.);
#5650=EDGE_CURVE('',#4464,#4461,#362,.T.);
#5651=EDGE_CURVE('',#4465,#4463,#2265,.T.);
#5652=EDGE_CURVE('',#4465,#4466,#2266,.T.);
#5653=EDGE_CURVE('',#4466,#4464,#2267,.T.);
#5654=EDGE_CURVE('',#4467,#4465,#2268,.T.);
#5655=EDGE_CURVE('',#4467,#4468,#2269,.T.);
#5656=EDGE_CURVE('',#4468,#4466,#2270,.T.);
#5657=EDGE_CURVE('',#4469,#4467,#363,.T.);
#5658=EDGE_CURVE('',#4469,#4470,#2271,.T.);
#5659=EDGE_CURVE('',#4470,#4468,#364,.T.);
#5660=EDGE_CURVE('',#4471,#4469,#365,.T.);
#5661=EDGE_CURVE('',#4471,#4472,#2272,.T.);
#5662=EDGE_CURVE('',#4472,#4470,#366,.T.);
#5663=EDGE_CURVE('',#4473,#4471,#367,.T.);
#5664=EDGE_CURVE('',#4473,#4474,#2273,.T.);
#5665=EDGE_CURVE('',#4474,#4472,#368,.T.);
#5666=EDGE_CURVE('',#4475,#4473,#369,.T.);
#5667=EDGE_CURVE('',#4475,#4476,#2274,.T.);
#5668=EDGE_CURVE('',#4476,#4474,#370,.T.);
#5669=EDGE_CURVE('',#4477,#4475,#371,.T.);
#5670=EDGE_CURVE('',#4477,#4478,#2275,.T.);
#5671=EDGE_CURVE('',#4478,#4476,#372,.T.);
#5672=EDGE_CURVE('',#4479,#4477,#373,.T.);
#5673=EDGE_CURVE('',#4479,#4480,#2276,.T.);
#5674=EDGE_CURVE('',#4480,#4478,#374,.T.);
#5675=EDGE_CURVE('',#4481,#4479,#375,.T.);
#5676=EDGE_CURVE('',#4481,#4482,#2277,.T.);
#5677=EDGE_CURVE('',#4482,#4480,#376,.T.);
#5678=EDGE_CURVE('',#4483,#4481,#377,.T.);
#5679=EDGE_CURVE('',#4483,#4484,#2278,.T.);
#5680=EDGE_CURVE('',#4484,#4482,#378,.T.);
#5681=EDGE_CURVE('',#4485,#4483,#2279,.T.);
#5682=EDGE_CURVE('',#4485,#4486,#2280,.T.);
#5683=EDGE_CURVE('',#4486,#4484,#2281,.T.);
#5684=EDGE_CURVE('',#4487,#4485,#2282,.T.);
#5685=EDGE_CURVE('',#4487,#4488,#2283,.T.);
#5686=EDGE_CURVE('',#4488,#4486,#2284,.T.);
#5687=EDGE_CURVE('',#4489,#4487,#379,.T.);
#5688=EDGE_CURVE('',#4489,#4490,#2285,.T.);
#5689=EDGE_CURVE('',#4490,#4488,#380,.T.);
#5690=EDGE_CURVE('',#4491,#4489,#381,.T.);
#5691=EDGE_CURVE('',#4491,#4492,#2286,.T.);
#5692=EDGE_CURVE('',#4492,#4490,#382,.T.);
#5693=EDGE_CURVE('',#4493,#4491,#383,.T.);
#5694=EDGE_CURVE('',#4493,#4494,#2287,.T.);
#5695=EDGE_CURVE('',#4494,#4492,#384,.T.);
#5696=EDGE_CURVE('',#4495,#4493,#385,.T.);
#5697=EDGE_CURVE('',#4495,#4496,#2288,.T.);
#5698=EDGE_CURVE('',#4496,#4494,#386,.T.);
#5699=EDGE_CURVE('',#4497,#4495,#387,.T.);
#5700=EDGE_CURVE('',#4497,#4498,#2289,.T.);
#5701=EDGE_CURVE('',#4498,#4496,#388,.T.);
#5702=EDGE_CURVE('',#4460,#4497,#389,.T.);
#5703=EDGE_CURVE('',#4462,#4498,#390,.T.);
#5704=EDGE_CURVE('',#4499,#4500,#2290,.T.);
#5705=EDGE_CURVE('',#4499,#4501,#2291,.T.);
#5706=EDGE_CURVE('',#4501,#4502,#2292,.T.);
#5707=EDGE_CURVE('',#4500,#4502,#2293,.T.);
#5708=EDGE_CURVE('',#4503,#4499,#391,.T.);
#5709=EDGE_CURVE('',#4503,#4504,#2294,.T.);
#5710=EDGE_CURVE('',#4504,#4501,#392,.T.);
#5711=EDGE_CURVE('',#4505,#4503,#393,.T.);
#5712=EDGE_CURVE('',#4505,#4506,#2295,.T.);
#5713=EDGE_CURVE('',#4506,#4504,#394,.T.);
#5714=EDGE_CURVE('',#4507,#4505,#2296,.T.);
#5715=EDGE_CURVE('',#4507,#4508,#2297,.T.);
#5716=EDGE_CURVE('',#4508,#4506,#2298,.T.);
#5717=EDGE_CURVE('',#4509,#4507,#2299,.T.);
#5718=EDGE_CURVE('',#4509,#4510,#2300,.T.);
#5719=EDGE_CURVE('',#4510,#4508,#2301,.T.);
#5720=EDGE_CURVE('',#4511,#4509,#2302,.T.);
#5721=EDGE_CURVE('',#4511,#4512,#2303,.T.);
#5722=EDGE_CURVE('',#4512,#4510,#2304,.T.);
#5723=EDGE_CURVE('',#4513,#4511,#2305,.T.);
#5724=EDGE_CURVE('',#4513,#4514,#2306,.T.);
#5725=EDGE_CURVE('',#4514,#4512,#2307,.T.);
#5726=EDGE_CURVE('',#4515,#4513,#2308,.T.);
#5727=EDGE_CURVE('',#4515,#4516,#2309,.T.);
#5728=EDGE_CURVE('',#4516,#4514,#2310,.T.);
#5729=EDGE_CURVE('',#4517,#4515,#395,.T.);
#5730=EDGE_CURVE('',#4517,#4518,#2311,.T.);
#5731=EDGE_CURVE('',#4518,#4516,#396,.T.);
#5732=EDGE_CURVE('',#4519,#4517,#397,.T.);
#5733=EDGE_CURVE('',#4519,#4520,#2312,.T.);
#5734=EDGE_CURVE('',#4520,#4518,#398,.T.);
#5735=EDGE_CURVE('',#4521,#4519,#399,.T.);
#5736=EDGE_CURVE('',#4521,#4522,#2313,.T.);
#5737=EDGE_CURVE('',#4522,#4520,#400,.T.);
#5738=EDGE_CURVE('',#4523,#4521,#2314,.T.);
#5739=EDGE_CURVE('',#4523,#4524,#2315,.T.);
#5740=EDGE_CURVE('',#4524,#4522,#2316,.T.);
#5741=EDGE_CURVE('',#4500,#4523,#2317,.T.);
#5742=EDGE_CURVE('',#4502,#4524,#2318,.T.);
#5743=EDGE_CURVE('',#4525,#4526,#401,.T.);
#5744=EDGE_CURVE('',#4525,#4527,#2319,.T.);
#5745=EDGE_CURVE('',#4527,#4528,#402,.T.);
#5746=EDGE_CURVE('',#4526,#4528,#2320,.T.);
#5747=EDGE_CURVE('',#4529,#4525,#2321,.T.);
#5748=EDGE_CURVE('',#4529,#4530,#2322,.T.);
#5749=EDGE_CURVE('',#4530,#4527,#2323,.T.);
#5750=EDGE_CURVE('',#4531,#4529,#2324,.T.);
#5751=EDGE_CURVE('',#4531,#4532,#2325,.T.);
#5752=EDGE_CURVE('',#4532,#4530,#2326,.T.);
#5753=EDGE_CURVE('',#4533,#4531,#403,.T.);
#5754=EDGE_CURVE('',#4533,#4534,#2327,.T.);
#5755=EDGE_CURVE('',#4534,#4532,#404,.T.);
#5756=EDGE_CURVE('',#4535,#4533,#405,.T.);
#5757=EDGE_CURVE('',#4535,#4536,#2328,.T.);
#5758=EDGE_CURVE('',#4536,#4534,#406,.T.);
#5759=EDGE_CURVE('',#4537,#4535,#407,.T.);
#5760=EDGE_CURVE('',#4537,#4538,#2329,.T.);
#5761=EDGE_CURVE('',#4538,#4536,#408,.T.);
#5762=EDGE_CURVE('',#4539,#4537,#2330,.T.);
#5763=EDGE_CURVE('',#4539,#4540,#2331,.T.);
#5764=EDGE_CURVE('',#4540,#4538,#2332,.T.);
#5765=EDGE_CURVE('',#4541,#4539,#2333,.T.);
#5766=EDGE_CURVE('',#4541,#4542,#2334,.T.);
#5767=EDGE_CURVE('',#4542,#4540,#2335,.T.);
#5768=EDGE_CURVE('',#4543,#4541,#2336,.T.);
#5769=EDGE_CURVE('',#4543,#4544,#2337,.T.);
#5770=EDGE_CURVE('',#4544,#4542,#2338,.T.);
#5771=EDGE_CURVE('',#4545,#4543,#2339,.T.);
#5772=EDGE_CURVE('',#4545,#4546,#2340,.T.);
#5773=EDGE_CURVE('',#4546,#4544,#2341,.T.);
#5774=EDGE_CURVE('',#4547,#4545,#2342,.T.);
#5775=EDGE_CURVE('',#4547,#4548,#2343,.T.);
#5776=EDGE_CURVE('',#4548,#4546,#2344,.T.);
#5777=EDGE_CURVE('',#4549,#4547,#2345,.T.);
#5778=EDGE_CURVE('',#4549,#4550,#2346,.T.);
#5779=EDGE_CURVE('',#4550,#4548,#2347,.T.);
#5780=EDGE_CURVE('',#4551,#4549,#2348,.T.);
#5781=EDGE_CURVE('',#4551,#4552,#2349,.T.);
#5782=EDGE_CURVE('',#4552,#4550,#2350,.T.);
#5783=EDGE_CURVE('',#4553,#4551,#2351,.T.);
#5784=EDGE_CURVE('',#4553,#4554,#2352,.T.);
#5785=EDGE_CURVE('',#4554,#4552,#2353,.T.);
#5786=EDGE_CURVE('',#4555,#4553,#2354,.T.);
#5787=EDGE_CURVE('',#4555,#4556,#2355,.T.);
#5788=EDGE_CURVE('',#4556,#4554,#2356,.T.);
#5789=EDGE_CURVE('',#4557,#4555,#2357,.T.);
#5790=EDGE_CURVE('',#4557,#4558,#2358,.T.);
#5791=EDGE_CURVE('',#4558,#4556,#2359,.T.);
#5792=EDGE_CURVE('',#4559,#4557,#2360,.T.);
#5793=EDGE_CURVE('',#4559,#4560,#2361,.T.);
#5794=EDGE_CURVE('',#4560,#4558,#2362,.T.);
#5795=EDGE_CURVE('',#4526,#4559,#409,.T.);
#5796=EDGE_CURVE('',#4528,#4560,#410,.T.);
#5797=EDGE_CURVE('',#4561,#4562,#2363,.T.);
#5798=EDGE_CURVE('',#4561,#4563,#2364,.T.);
#5799=EDGE_CURVE('',#4563,#4564,#2365,.T.);
#5800=EDGE_CURVE('',#4562,#4564,#2366,.T.);
#5801=EDGE_CURVE('',#4565,#4561,#2367,.T.);
#5802=EDGE_CURVE('',#4565,#4566,#2368,.T.);
#5803=EDGE_CURVE('',#4566,#4563,#2369,.T.);
#5804=EDGE_CURVE('',#4567,#4565,#2370,.T.);
#5805=EDGE_CURVE('',#4567,#4568,#2371,.T.);
#5806=EDGE_CURVE('',#4568,#4566,#2372,.T.);
#5807=EDGE_CURVE('',#4562,#4567,#2373,.T.);
#5808=EDGE_CURVE('',#4564,#4568,#2374,.T.);
#5809=EDGE_CURVE('',#4569,#4570,#2375,.T.);
#5810=EDGE_CURVE('',#4569,#4571,#2376,.T.);
#5811=EDGE_CURVE('',#4571,#4572,#2377,.T.);
#5812=EDGE_CURVE('',#4570,#4572,#2378,.T.);
#5813=EDGE_CURVE('',#4573,#4569,#2379,.T.);
#5814=EDGE_CURVE('',#4573,#4574,#2380,.T.);
#5815=EDGE_CURVE('',#4574,#4571,#2381,.T.);
#5816=EDGE_CURVE('',#4575,#4573,#2382,.T.);
#5817=EDGE_CURVE('',#4575,#4576,#2383,.T.);
#5818=EDGE_CURVE('',#4576,#4574,#2384,.T.);
#5819=EDGE_CURVE('',#4570,#4575,#2385,.T.);
#5820=EDGE_CURVE('',#4572,#4576,#2386,.T.);
#5821=EDGE_CURVE('',#4577,#4578,#411,.T.);
#5822=EDGE_CURVE('',#4577,#4579,#2387,.T.);
#5823=EDGE_CURVE('',#4579,#4580,#412,.T.);
#5824=EDGE_CURVE('',#4578,#4580,#2388,.T.);
#5825=EDGE_CURVE('',#4581,#4577,#2389,.T.);
#5826=EDGE_CURVE('',#4581,#4582,#2390,.T.);
#5827=EDGE_CURVE('',#4582,#4579,#2391,.T.);
#5828=EDGE_CURVE('',#4583,#4581,#2392,.T.);
#5829=EDGE_CURVE('',#4583,#4584,#2393,.T.);
#5830=EDGE_CURVE('',#4584,#4582,#2394,.T.);
#5831=EDGE_CURVE('',#4585,#4583,#413,.T.);
#5832=EDGE_CURVE('',#4585,#4586,#2395,.T.);
#5833=EDGE_CURVE('',#4586,#4584,#414,.T.);
#5834=EDGE_CURVE('',#4587,#4585,#415,.T.);
#5835=EDGE_CURVE('',#4587,#4588,#2396,.T.);
#5836=EDGE_CURVE('',#4588,#4586,#416,.T.);
#5837=EDGE_CURVE('',#4589,#4587,#417,.T.);
#5838=EDGE_CURVE('',#4589,#4590,#2397,.T.);
#5839=EDGE_CURVE('',#4590,#4588,#418,.T.);
#5840=EDGE_CURVE('',#4591,#4589,#2398,.T.);
#5841=EDGE_CURVE('',#4591,#4592,#2399,.T.);
#5842=EDGE_CURVE('',#4592,#4590,#2400,.T.);
#5843=EDGE_CURVE('',#4593,#4591,#2401,.T.);
#5844=EDGE_CURVE('',#4593,#4594,#2402,.T.);
#5845=EDGE_CURVE('',#4594,#4592,#2403,.T.);
#5846=EDGE_CURVE('',#4595,#4593,#2404,.T.);
#5847=EDGE_CURVE('',#4595,#4596,#2405,.T.);
#5848=EDGE_CURVE('',#4596,#4594,#2406,.T.);
#5849=EDGE_CURVE('',#4597,#4595,#2407,.T.);
#5850=EDGE_CURVE('',#4597,#4598,#2408,.T.);
#5851=EDGE_CURVE('',#4598,#4596,#2409,.T.);
#5852=EDGE_CURVE('',#4599,#4597,#2410,.T.);
#5853=EDGE_CURVE('',#4599,#4600,#2411,.T.);
#5854=EDGE_CURVE('',#4600,#4598,#2412,.T.);
#5855=EDGE_CURVE('',#4601,#4599,#2413,.T.);
#5856=EDGE_CURVE('',#4601,#4602,#2414,.T.);
#5857=EDGE_CURVE('',#4602,#4600,#2415,.T.);
#5858=EDGE_CURVE('',#4603,#4601,#2416,.T.);
#5859=EDGE_CURVE('',#4603,#4604,#2417,.T.);
#5860=EDGE_CURVE('',#4604,#4602,#2418,.T.);
#5861=EDGE_CURVE('',#4605,#4603,#2419,.T.);
#5862=EDGE_CURVE('',#4605,#4606,#2420,.T.);
#5863=EDGE_CURVE('',#4606,#4604,#2421,.T.);
#5864=EDGE_CURVE('',#4607,#4605,#2422,.T.);
#5865=EDGE_CURVE('',#4607,#4608,#2423,.T.);
#5866=EDGE_CURVE('',#4608,#4606,#2424,.T.);
#5867=EDGE_CURVE('',#4609,#4607,#2425,.T.);
#5868=EDGE_CURVE('',#4609,#4610,#2426,.T.);
#5869=EDGE_CURVE('',#4610,#4608,#2427,.T.);
#5870=EDGE_CURVE('',#4611,#4609,#2428,.T.);
#5871=EDGE_CURVE('',#4611,#4612,#2429,.T.);
#5872=EDGE_CURVE('',#4612,#4610,#2430,.T.);
#5873=EDGE_CURVE('',#4578,#4611,#419,.T.);
#5874=EDGE_CURVE('',#4580,#4612,#420,.T.);
#5875=EDGE_CURVE('',#4613,#4614,#421,.T.);
#5876=EDGE_CURVE('',#4613,#4615,#2431,.T.);
#5877=EDGE_CURVE('',#4615,#4616,#422,.T.);
#5878=EDGE_CURVE('',#4614,#4616,#2432,.T.);
#5879=EDGE_CURVE('',#4617,#4613,#423,.T.);
#5880=EDGE_CURVE('',#4617,#4618,#2433,.T.);
#5881=EDGE_CURVE('',#4618,#4615,#424,.T.);
#5882=EDGE_CURVE('',#4619,#4617,#425,.T.);
#5883=EDGE_CURVE('',#4619,#4620,#2434,.T.);
#5884=EDGE_CURVE('',#4620,#4618,#426,.T.);
#5885=EDGE_CURVE('',#4621,#4619,#2435,.T.);
#5886=EDGE_CURVE('',#4621,#4622,#2436,.T.);
#5887=EDGE_CURVE('',#4622,#4620,#2437,.T.);
#5888=EDGE_CURVE('',#4623,#4621,#2438,.T.);
#5889=EDGE_CURVE('',#4623,#4624,#2439,.T.);
#5890=EDGE_CURVE('',#4624,#4622,#2440,.T.);
#5891=EDGE_CURVE('',#4625,#4623,#2441,.T.);
#5892=EDGE_CURVE('',#4625,#4626,#2442,.T.);
#5893=EDGE_CURVE('',#4626,#4624,#2443,.T.);
#5894=EDGE_CURVE('',#4627,#4625,#2444,.T.);
#5895=EDGE_CURVE('',#4627,#4628,#2445,.T.);
#5896=EDGE_CURVE('',#4628,#4626,#2446,.T.);
#5897=EDGE_CURVE('',#4629,#4627,#2447,.T.);
#5898=EDGE_CURVE('',#4629,#4630,#2448,.T.);
#5899=EDGE_CURVE('',#4630,#4628,#2449,.T.);
#5900=EDGE_CURVE('',#4631,#4629,#427,.T.);
#5901=EDGE_CURVE('',#4631,#4632,#2450,.T.);
#5902=EDGE_CURVE('',#4632,#4630,#428,.T.);
#5903=EDGE_CURVE('',#4633,#4631,#429,.T.);
#5904=EDGE_CURVE('',#4633,#4634,#2451,.T.);
#5905=EDGE_CURVE('',#4634,#4632,#430,.T.);
#5906=EDGE_CURVE('',#4635,#4633,#431,.T.);
#5907=EDGE_CURVE('',#4635,#4636,#2452,.T.);
#5908=EDGE_CURVE('',#4636,#4634,#432,.T.);
#5909=EDGE_CURVE('',#4637,#4635,#433,.T.);
#5910=EDGE_CURVE('',#4637,#4638,#2453,.T.);
#5911=EDGE_CURVE('',#4638,#4636,#434,.T.);
#5912=EDGE_CURVE('',#4639,#4637,#435,.T.);
#5913=EDGE_CURVE('',#4639,#4640,#2454,.T.);
#5914=EDGE_CURVE('',#4640,#4638,#436,.T.);
#5915=EDGE_CURVE('',#4641,#4639,#437,.T.);
#5916=EDGE_CURVE('',#4641,#4642,#2455,.T.);
#5917=EDGE_CURVE('',#4642,#4640,#438,.T.);
#5918=EDGE_CURVE('',#4643,#4641,#439,.T.);
#5919=EDGE_CURVE('',#4643,#4644,#2456,.T.);
#5920=EDGE_CURVE('',#4644,#4642,#440,.T.);
#5921=EDGE_CURVE('',#4645,#4643,#2457,.T.);
#5922=EDGE_CURVE('',#4645,#4646,#2458,.T.);
#5923=EDGE_CURVE('',#4646,#4644,#2459,.T.);
#5924=EDGE_CURVE('',#4647,#4645,#2460,.T.);
#5925=EDGE_CURVE('',#4647,#4648,#2461,.T.);
#5926=EDGE_CURVE('',#4648,#4646,#2462,.T.);
#5927=EDGE_CURVE('',#4649,#4647,#441,.T.);
#5928=EDGE_CURVE('',#4649,#4650,#2463,.T.);
#5929=EDGE_CURVE('',#4650,#4648,#442,.T.);
#5930=EDGE_CURVE('',#4651,#4649,#443,.T.);
#5931=EDGE_CURVE('',#4651,#4652,#2464,.T.);
#5932=EDGE_CURVE('',#4652,#4650,#444,.T.);
#5933=EDGE_CURVE('',#4614,#4651,#445,.T.);
#5934=EDGE_CURVE('',#4616,#4652,#446,.T.);
#5935=EDGE_CURVE('',#4653,#4654,#2465,.T.);
#5936=EDGE_CURVE('',#4653,#4655,#2466,.T.);
#5937=EDGE_CURVE('',#4655,#4656,#2467,.T.);
#5938=EDGE_CURVE('',#4654,#4656,#2468,.T.);
#5939=EDGE_CURVE('',#4657,#4653,#2469,.T.);
#5940=EDGE_CURVE('',#4657,#4658,#2470,.T.);
#5941=EDGE_CURVE('',#4658,#4655,#2471,.T.);
#5942=EDGE_CURVE('',#4659,#4657,#447,.T.);
#5943=EDGE_CURVE('',#4659,#4660,#2472,.T.);
#5944=EDGE_CURVE('',#4660,#4658,#448,.T.);
#5945=EDGE_CURVE('',#4661,#4659,#449,.T.);
#5946=EDGE_CURVE('',#4661,#4662,#2473,.T.);
#5947=EDGE_CURVE('',#4662,#4660,#450,.T.);
#5948=EDGE_CURVE('',#4663,#4661,#451,.T.);
#5949=EDGE_CURVE('',#4663,#4664,#2474,.T.);
#5950=EDGE_CURVE('',#4664,#4662,#452,.T.);
#5951=EDGE_CURVE('',#4665,#4663,#453,.T.);
#5952=EDGE_CURVE('',#4665,#4666,#2475,.T.);
#5953=EDGE_CURVE('',#4666,#4664,#454,.T.);
#5954=EDGE_CURVE('',#4667,#4665,#455,.T.);
#5955=EDGE_CURVE('',#4667,#4668,#2476,.T.);
#5956=EDGE_CURVE('',#4668,#4666,#456,.T.);
#5957=EDGE_CURVE('',#4669,#4667,#2477,.T.);
#5958=EDGE_CURVE('',#4669,#4670,#2478,.T.);
#5959=EDGE_CURVE('',#4670,#4668,#2479,.T.);
#5960=EDGE_CURVE('',#4671,#4669,#2480,.T.);
#5961=EDGE_CURVE('',#4671,#4672,#2481,.T.);
#5962=EDGE_CURVE('',#4672,#4670,#2482,.T.);
#5963=EDGE_CURVE('',#4673,#4671,#457,.T.);
#5964=EDGE_CURVE('',#4673,#4674,#2483,.T.);
#5965=EDGE_CURVE('',#4674,#4672,#458,.T.);
#5966=EDGE_CURVE('',#4675,#4673,#459,.T.);
#5967=EDGE_CURVE('',#4675,#4676,#2484,.T.);
#5968=EDGE_CURVE('',#4676,#4674,#460,.T.);
#5969=EDGE_CURVE('',#4677,#4675,#197,.T.);
#5970=EDGE_CURVE('',#4677,#4678,#2485,.T.);
#5971=EDGE_CURVE('',#4678,#4676,#198,.T.);
#5972=EDGE_CURVE('',#4679,#4677,#461,.T.);
#5973=EDGE_CURVE('',#4679,#4680,#2486,.T.);
#5974=EDGE_CURVE('',#4680,#4678,#462,.T.);
#5975=EDGE_CURVE('',#4681,#4679,#463,.T.);
#5976=EDGE_CURVE('',#4681,#4682,#2487,.T.);
#5977=EDGE_CURVE('',#4682,#4680,#464,.T.);
#5978=EDGE_CURVE('',#4683,#4681,#465,.T.);
#5979=EDGE_CURVE('',#4683,#4684,#2488,.T.);
#5980=EDGE_CURVE('',#4684,#4682,#466,.T.);
#5981=EDGE_CURVE('',#4685,#4683,#2489,.T.);
#5982=EDGE_CURVE('',#4685,#4686,#2490,.T.);
#5983=EDGE_CURVE('',#4686,#4684,#2491,.T.);
#5984=EDGE_CURVE('',#4654,#4685,#2492,.T.);
#5985=EDGE_CURVE('',#4656,#4686,#2493,.T.);
#5986=EDGE_CURVE('',#4687,#4688,#467,.T.);
#5987=EDGE_CURVE('',#4687,#4689,#2494,.T.);
#5988=EDGE_CURVE('',#4689,#4690,#468,.T.);
#5989=EDGE_CURVE('',#4688,#4690,#2495,.T.);
#5990=EDGE_CURVE('',#4688,#4691,#469,.T.);
#5991=EDGE_CURVE('',#4690,#4692,#470,.T.);
#5992=EDGE_CURVE('',#4691,#4692,#2496,.T.);
#5993=EDGE_CURVE('',#4691,#4693,#471,.T.);
#5994=EDGE_CURVE('',#4692,#4694,#472,.T.);
#5995=EDGE_CURVE('',#4693,#4694,#2497,.T.);
#5996=EDGE_CURVE('',#4693,#4695,#473,.T.);
#5997=EDGE_CURVE('',#4694,#4696,#474,.T.);
#5998=EDGE_CURVE('',#4695,#4696,#2498,.T.);
#5999=EDGE_CURVE('',#4695,#4697,#475,.T.);
#6000=EDGE_CURVE('',#4696,#4698,#476,.T.);
#6001=EDGE_CURVE('',#4697,#4698,#2499,.T.);
#6002=EDGE_CURVE('',#4697,#4699,#477,.T.);
#6003=EDGE_CURVE('',#4698,#4700,#478,.T.);
#6004=EDGE_CURVE('',#4699,#4700,#2500,.T.);
#6005=EDGE_CURVE('',#4699,#4687,#479,.T.);
#6006=EDGE_CURVE('',#4700,#4689,#480,.T.);
#6007=EDGE_CURVE('',#4701,#4702,#481,.T.);
#6008=EDGE_CURVE('',#4701,#4703,#2501,.T.);
#6009=EDGE_CURVE('',#4703,#4704,#482,.T.);
#6010=EDGE_CURVE('',#4702,#4704,#2502,.T.);
#6011=EDGE_CURVE('',#4705,#4701,#483,.T.);
#6012=EDGE_CURVE('',#4705,#4706,#2503,.T.);
#6013=EDGE_CURVE('',#4706,#4703,#484,.T.);
#6014=EDGE_CURVE('',#4707,#4705,#485,.T.);
#6015=EDGE_CURVE('',#4707,#4708,#2504,.T.);
#6016=EDGE_CURVE('',#4708,#4706,#486,.T.);
#6017=EDGE_CURVE('',#4709,#4707,#487,.T.);
#6018=EDGE_CURVE('',#4709,#4710,#2505,.T.);
#6019=EDGE_CURVE('',#4710,#4708,#488,.T.);
#6020=EDGE_CURVE('',#4711,#4709,#489,.T.);
#6021=EDGE_CURVE('',#4711,#4712,#2506,.T.);
#6022=EDGE_CURVE('',#4712,#4710,#490,.T.);
#6023=EDGE_CURVE('',#4713,#4711,#2507,.T.);
#6024=EDGE_CURVE('',#4713,#4714,#2508,.T.);
#6025=EDGE_CURVE('',#4714,#4712,#2509,.T.);
#6026=EDGE_CURVE('',#4715,#4713,#2510,.T.);
#6027=EDGE_CURVE('',#4715,#4716,#2511,.T.);
#6028=EDGE_CURVE('',#4716,#4714,#2512,.T.);
#6029=EDGE_CURVE('',#4717,#4715,#491,.T.);
#6030=EDGE_CURVE('',#4717,#4718,#2513,.T.);
#6031=EDGE_CURVE('',#4718,#4716,#492,.T.);
#6032=EDGE_CURVE('',#4719,#4717,#493,.T.);
#6033=EDGE_CURVE('',#4719,#4720,#2514,.T.);
#6034=EDGE_CURVE('',#4720,#4718,#494,.T.);
#6035=EDGE_CURVE('',#4721,#4719,#495,.T.);
#6036=EDGE_CURVE('',#4721,#4722,#2515,.T.);
#6037=EDGE_CURVE('',#4722,#4720,#496,.T.);
#6038=EDGE_CURVE('',#4723,#4721,#497,.T.);
#6039=EDGE_CURVE('',#4723,#4724,#2516,.T.);
#6040=EDGE_CURVE('',#4724,#4722,#498,.T.);
#6041=EDGE_CURVE('',#4725,#4723,#499,.T.);
#6042=EDGE_CURVE('',#4725,#4726,#2517,.T.);
#6043=EDGE_CURVE('',#4726,#4724,#500,.T.);
#6044=EDGE_CURVE('',#4727,#4725,#501,.T.);
#6045=EDGE_CURVE('',#4727,#4728,#2518,.T.);
#6046=EDGE_CURVE('',#4728,#4726,#502,.T.);
#6047=EDGE_CURVE('',#4702,#4727,#503,.T.);
#6048=EDGE_CURVE('',#4704,#4728,#504,.T.);
#6049=EDGE_CURVE('',#4729,#4730,#2519,.T.);
#6050=EDGE_CURVE('',#4729,#4731,#2520,.T.);
#6051=EDGE_CURVE('',#4731,#4732,#2521,.T.);
#6052=EDGE_CURVE('',#4730,#4732,#2522,.T.);
#6053=EDGE_CURVE('',#4733,#4729,#2523,.T.);
#6054=EDGE_CURVE('',#4733,#4734,#2524,.T.);
#6055=EDGE_CURVE('',#4734,#4731,#2525,.T.);
#6056=EDGE_CURVE('',#4735,#4733,#2526,.T.);
#6057=EDGE_CURVE('',#4735,#4736,#2527,.T.);
#6058=EDGE_CURVE('',#4736,#4734,#2528,.T.);
#6059=EDGE_CURVE('',#4730,#4735,#2529,.T.);
#6060=EDGE_CURVE('',#4732,#4736,#2530,.T.);
#6061=EDGE_CURVE('',#4737,#4738,#109,.T.);
#6062=EDGE_CURVE('',#4738,#4739,#2531,.T.);
#6063=EDGE_CURVE('',#4739,#4740,#2532,.T.);
#6064=EDGE_CURVE('',#4740,#4741,#2533,.T.);
#6065=EDGE_CURVE('',#4741,#4742,#2534,.T.);
#6066=EDGE_CURVE('',#4742,#4743,#2535,.T.);
#6067=EDGE_CURVE('',#4743,#4744,#2536,.T.);
#6068=EDGE_CURVE('',#4744,#4745,#2537,.T.);
#6069=EDGE_CURVE('',#4745,#4737,#110,.T.);
#6070=EDGE_CURVE('',#4746,#4747,#93,.T.);
#6071=EDGE_CURVE('',#4747,#4748,#111,.T.);
#6072=EDGE_CURVE('',#4748,#4749,#94,.T.);
#6073=EDGE_CURVE('',#4749,#4746,#112,.T.);
#6074=EDGE_CURVE('',#4747,#4748,#2538,.T.);
#6075=EDGE_CURVE('',#4750,#4751,#95,.T.);
#6076=EDGE_CURVE('',#4751,#4752,#113,.T.);
#6077=EDGE_CURVE('',#4752,#4753,#96,.T.);
#6078=EDGE_CURVE('',#4753,#4750,#114,.T.);
#6079=EDGE_CURVE('',#4751,#4752,#2539,.T.);
#6080=EDGE_CURVE('',#4754,#4755,#97,.T.);
#6081=EDGE_CURVE('',#4755,#4756,#115,.T.);
#6082=EDGE_CURVE('',#4756,#4757,#98,.T.);
#6083=EDGE_CURVE('',#4757,#4754,#116,.T.);
#6084=EDGE_CURVE('',#4755,#4756,#2540,.T.);
#6085=EDGE_CURVE('',#4758,#4759,#99,.T.);
#6086=EDGE_CURVE('',#4759,#4760,#117,.T.);
#6087=EDGE_CURVE('',#4760,#4761,#100,.T.);
#6088=EDGE_CURVE('',#4758,#4761,#118,.T.);
#6089=EDGE_CURVE('',#4759,#4760,#2541,.T.);
#6090=EDGE_CURVE('',#4749,#4746,#2542,.T.);
#6091=EDGE_CURVE('',#4758,#4761,#2543,.T.);
#6092=EDGE_CURVE('',#4754,#4757,#2544,.T.);
#6093=EDGE_CURVE('',#4753,#4750,#2545,.T.);
#6094=EDGE_CURVE('',#4762,#4763,#119,.T.);
#6095=EDGE_CURVE('',#4763,#4764,#120,.T.);
#6096=EDGE_CURVE('',#4764,#4765,#2546,.T.);
#6097=EDGE_CURVE('',#4765,#4766,#2547,.T.);
#6098=EDGE_CURVE('',#4766,#4767,#2548,.T.);
#6099=EDGE_CURVE('',#4767,#4768,#2549,.T.);
#6100=EDGE_CURVE('',#4768,#4769,#2550,.T.);
#6101=EDGE_CURVE('',#4769,#4770,#2551,.T.);
#6102=EDGE_CURVE('',#4770,#4762,#2552,.T.);
#6103=EDGE_CURVE('',#4738,#4762,#2553,.T.);
#6104=EDGE_CURVE('',#4763,#4737,#2554,.T.);
#6105=EDGE_CURVE('',#4739,#4770,#2555,.T.);
#6106=EDGE_CURVE('',#4771,#4772,#199,.T.);
#6107=EDGE_CURVE('',#4772,#4773,#2556,.T.);
#6108=EDGE_CURVE('',#4774,#4773,#200,.T.);
#6109=EDGE_CURVE('',#4771,#4774,#2557,.T.);
#6110=EDGE_CURVE('',#4775,#4772,#2558,.T.);
#6111=EDGE_CURVE('',#4775,#4776,#2559,.T.);
#6112=EDGE_CURVE('',#4773,#4776,#2560,.T.);
#6113=EDGE_CURVE('',#4775,#4777,#201,.T.);
#6114=EDGE_CURVE('',#4777,#4778,#2561,.T.);
#6115=EDGE_CURVE('',#4776,#4778,#202,.T.);
#6116=EDGE_CURVE('',#4740,#4769,#2562,.T.);
#6117=EDGE_CURVE('',#4779,#4780,#121,.T.);
#6118=EDGE_CURVE('',#4780,#4781,#2563,.T.);
#6119=EDGE_CURVE('',#4781,#4782,#122,.T.);
#6120=EDGE_CURVE('',#4782,#4783,#2564,.T.);
#6121=EDGE_CURVE('',#4783,#4784,#2565,.T.);
#6122=EDGE_CURVE('',#4784,#4785,#123,.T.);
#6123=EDGE_CURVE('',#4785,#4786,#2566,.T.);
#6124=EDGE_CURVE('',#4786,#4774,#2567,.T.);
#6125=EDGE_CURVE('',#4778,#4787,#2568,.T.);
#6126=EDGE_CURVE('',#4787,#4788,#2569,.T.);
#6127=EDGE_CURVE('',#4788,#4789,#124,.T.);
#6128=EDGE_CURVE('',#4789,#4790,#2570,.T.);
#6129=EDGE_CURVE('',#4790,#4791,#2571,.T.);
#6130=EDGE_CURVE('',#4791,#4792,#125,.T.);
#6131=EDGE_CURVE('',#4792,#4793,#2572,.T.);
#6132=EDGE_CURVE('',#4793,#4794,#126,.T.);
#6133=EDGE_CURVE('',#4794,#4795,#2573,.T.);
#6134=EDGE_CURVE('',#4795,#4796,#127,.T.);
#6135=EDGE_CURVE('',#4796,#4797,#2574,.T.);
#6136=EDGE_CURVE('',#4797,#4798,#128,.T.);
#6137=EDGE_CURVE('',#4798,#4799,#2575,.T.);
#6138=EDGE_CURVE('',#4799,#4800,#2576,.T.);
#6139=EDGE_CURVE('',#4800,#4801,#129,.T.);
#6140=EDGE_CURVE('',#4801,#4802,#2577,.T.);
#6141=EDGE_CURVE('',#4802,#4803,#130,.T.);
#6142=EDGE_CURVE('',#4803,#4804,#2578,.T.);
#6143=EDGE_CURVE('',#4804,#4805,#2579,.T.);
#6144=EDGE_CURVE('',#4805,#4806,#131,.T.);
#6145=EDGE_CURVE('',#4806,#4807,#2580,.T.);
#6146=EDGE_CURVE('',#4807,#4808,#132,.T.);
#6147=EDGE_CURVE('',#4808,#4779,#2581,.T.);
#6148=EDGE_CURVE('',#4809,#4810,#2582,.T.);
#6149=EDGE_CURVE('',#4809,#4744,#2583,.T.);
#6150=EDGE_CURVE('',#4811,#4743,#2584,.T.);
#6151=EDGE_CURVE('',#4811,#4812,#133,.T.);
#6152=EDGE_CURVE('',#4813,#4812,#2585,.T.);
#6153=EDGE_CURVE('',#4813,#4814,#134,.T.);
#6154=EDGE_CURVE('',#4766,#4814,#2586,.T.);
#6155=EDGE_CURVE('',#4810,#4765,#2587,.T.);
#6156=EDGE_CURVE('',#4810,#4815,#2588,.T.);
#6157=EDGE_CURVE('',#4815,#4816,#2589,.T.);
#6158=EDGE_CURVE('',#4809,#4816,#2590,.T.);
#6159=EDGE_CURVE('',#4809,#4817,#2591,.T.);
#6160=EDGE_CURVE('',#4816,#4818,#2592,.T.);
#6161=EDGE_CURVE('',#4818,#4819,#2593,.T.);
#6162=EDGE_CURVE('',#4819,#4817,#2594,.T.);
#6163=EDGE_CURVE('',#4810,#4820,#2595,.T.);
#6164=EDGE_CURVE('',#4764,#4745,#2596,.T.);
#6165=EDGE_CURVE('',#4817,#4820,#2597,.T.);
#6166=EDGE_CURVE('',#4821,#4822,#2598,.T.);
#6167=EDGE_CURVE('',#4823,#4821,#2599,.T.);
#6168=EDGE_CURVE('',#4824,#4823,#2600,.T.);
#6169=EDGE_CURVE('',#4822,#4824,#2601,.T.);
#6170=EDGE_CURVE('',#4825,#4820,#2602,.T.);
#6171=EDGE_CURVE('',#4826,#4825,#2603,.T.);
#6172=EDGE_CURVE('',#4815,#4826,#2604,.T.);
#6173=EDGE_CURVE('',#4827,#4828,#2605,.T.);
#6174=EDGE_CURVE('',#4829,#4827,#135,.T.);
#6175=EDGE_CURVE('',#4829,#4830,#2606,.T.);
#6176=EDGE_CURVE('',#4830,#4831,#2607,.T.);
#6177=EDGE_CURVE('',#4832,#4831,#136,.T.);
#6178=EDGE_CURVE('',#4832,#4833,#2608,.T.);
#6179=EDGE_CURVE('',#4834,#4833,#137,.T.);
#6180=EDGE_CURVE('',#4835,#4834,#2609,.T.);
#6181=EDGE_CURVE('',#4835,#4836,#2610,.T.);
#6182=EDGE_CURVE('',#4837,#4836,#138,.T.);
#6183=EDGE_CURVE('',#4837,#4838,#2611,.T.);
#6184=EDGE_CURVE('',#4838,#4818,#2612,.T.);
#6185=EDGE_CURVE('',#4826,#4828,#2613,.T.);
#6186=EDGE_CURVE('',#4828,#4839,#2614,.T.);
#6187=EDGE_CURVE('',#4840,#4839,#2615,.T.);
#6188=EDGE_CURVE('',#4790,#4840,#2616,.T.);
#6189=EDGE_CURVE('',#4789,#4827,#2617,.T.);
#6190=EDGE_CURVE('',#4788,#4829,#2618,.T.);
#6191=EDGE_CURVE('',#4787,#4830,#2619,.T.);
#6192=EDGE_CURVE('',#4841,#4777,#2620,.T.);
#6193=EDGE_CURVE('',#4841,#4831,#2621,.T.);
#6194=EDGE_CURVE('',#4832,#4841,#203,.T.);
#6195=EDGE_CURVE('',#4832,#4775,#2622,.T.);
#6196=EDGE_CURVE('',#4772,#4833,#2623,.T.);
#6197=EDGE_CURVE('',#4771,#4842,#2624,.T.);
#6198=EDGE_CURVE('',#4842,#4833,#204,.T.);
#6199=EDGE_CURVE('',#4842,#4834,#2625,.T.);
#6200=EDGE_CURVE('',#4786,#4835,#2626,.T.);
#6201=EDGE_CURVE('',#4785,#4836,#2627,.T.);
#6202=EDGE_CURVE('',#4784,#4837,#2628,.T.);
#6203=EDGE_CURVE('',#4783,#4843,#2629,.T.);
#6204=EDGE_CURVE('',#4844,#4843,#2630,.T.);
#6205=EDGE_CURVE('',#4838,#4844,#2631,.T.);
#6206=EDGE_CURVE('',#4825,#4839,#2632,.T.);
#6207=EDGE_CURVE('',#4844,#4819,#2633,.T.);
#6208=EDGE_CURVE('',#4844,#4839,#2634,.T.);
#6209=EDGE_CURVE('',#4843,#4845,#2635,.T.);
#6210=EDGE_CURVE('',#4845,#4846,#2636,.T.);
#6211=EDGE_CURVE('',#4846,#4847,#2637,.T.);
#6212=EDGE_CURVE('',#4847,#4848,#139,.T.);
#6213=EDGE_CURVE('',#4848,#4849,#2638,.T.);
#6214=EDGE_CURVE('',#4849,#4850,#140,.T.);
#6215=EDGE_CURVE('',#4850,#4851,#2639,.T.);
#6216=EDGE_CURVE('',#4851,#4852,#2640,.T.);
#6217=EDGE_CURVE('',#4852,#4853,#2641,.T.);
#6218=EDGE_CURVE('',#4853,#4854,#2642,.T.);
#6219=EDGE_CURVE('',#4854,#4855,#2643,.T.);
#6220=EDGE_CURVE('',#4855,#4856,#141,.T.);
#6221=EDGE_CURVE('',#4856,#4857,#2644,.T.);
#6222=EDGE_CURVE('',#4857,#4858,#142,.T.);
#6223=EDGE_CURVE('',#4858,#4859,#2645,.T.);
#6224=EDGE_CURVE('',#4859,#4860,#2646,.T.);
#6225=EDGE_CURVE('',#4860,#4840,#2647,.T.);
#6226=EDGE_CURVE('',#4861,#4862,#2648,.T.);
#6227=EDGE_CURVE('',#4861,#4863,#2649,.T.);
#6228=EDGE_CURVE('',#4863,#4864,#2650,.T.);
#6229=EDGE_CURVE('',#4862,#4864,#2651,.T.);
#6230=EDGE_CURVE('',#4865,#4866,#2652,.T.);
#6231=EDGE_CURVE('',#4865,#4867,#2653,.T.);
#6232=EDGE_CURVE('',#4867,#4868,#2654,.T.);
#6233=EDGE_CURVE('',#4866,#4868,#2655,.T.);
#6234=EDGE_CURVE('',#4869,#4870,#2656,.T.);
#6235=EDGE_CURVE('',#4869,#4871,#2657,.T.);
#6236=EDGE_CURVE('',#4871,#4872,#2658,.T.);
#6237=EDGE_CURVE('',#4870,#4872,#2659,.T.);
#6238=EDGE_CURVE('',#4873,#4874,#2660,.T.);
#6239=EDGE_CURVE('',#4873,#4875,#2661,.T.);
#6240=EDGE_CURVE('',#4875,#4876,#2662,.T.);
#6241=EDGE_CURVE('',#4874,#4876,#2663,.T.);
#6242=EDGE_CURVE('',#4877,#4878,#2664,.T.);
#6243=EDGE_CURVE('',#4877,#4879,#2665,.T.);
#6244=EDGE_CURVE('',#4879,#4880,#2666,.T.);
#6245=EDGE_CURVE('',#4878,#4880,#2667,.T.);
#6246=EDGE_CURVE('',#4881,#4882,#2668,.T.);
#6247=EDGE_CURVE('',#4881,#4883,#2669,.T.);
#6248=EDGE_CURVE('',#4883,#4884,#2670,.T.);
#6249=EDGE_CURVE('',#4882,#4884,#2671,.T.);
#6250=EDGE_CURVE('',#4885,#4886,#2672,.T.);
#6251=EDGE_CURVE('',#4885,#4887,#2673,.T.);
#6252=EDGE_CURVE('',#4887,#4888,#2674,.T.);
#6253=EDGE_CURVE('',#4886,#4888,#2675,.T.);
#6254=EDGE_CURVE('',#4889,#4890,#2676,.T.);
#6255=EDGE_CURVE('',#4889,#4891,#2677,.T.);
#6256=EDGE_CURVE('',#4891,#4892,#2678,.T.);
#6257=EDGE_CURVE('',#4890,#4892,#2679,.T.);
#6258=EDGE_CURVE('',#4791,#4893,#2680,.T.);
#6259=EDGE_CURVE('',#4894,#4860,#2681,.T.);
#6260=EDGE_CURVE('',#4893,#4894,#2682,.T.);
#6261=EDGE_CURVE('',#4782,#4895,#2683,.T.);
#6262=EDGE_CURVE('',#4896,#4895,#2684,.T.);
#6263=EDGE_CURVE('',#4896,#4845,#2685,.T.);
#6264=EDGE_CURVE('',#4897,#4893,#143,.T.);
#6265=EDGE_CURVE('',#4792,#4897,#2686,.T.);
#6266=EDGE_CURVE('',#4897,#4898,#2687,.T.);
#6267=EDGE_CURVE('',#4899,#4894,#2688,.T.);
#6268=EDGE_CURVE('',#4899,#4900,#2689,.T.);
#6269=EDGE_CURVE('',#4900,#4901,#144,.T.);
#6270=EDGE_CURVE('',#4901,#4902,#2690,.T.);
#6271=EDGE_CURVE('',#4902,#4903,#145,.T.);
#6272=EDGE_CURVE('',#4903,#4904,#2691,.T.);
#6273=EDGE_CURVE('',#4904,#4898,#146,.T.);
#6274=EDGE_CURVE('',#4905,#4906,#2692,.T.);
#6275=EDGE_CURVE('',#4896,#4905,#2693,.T.);
#6276=EDGE_CURVE('',#4895,#4907,#147,.T.);
#6277=EDGE_CURVE('',#4908,#4907,#2694,.T.);
#6278=EDGE_CURVE('',#4908,#4909,#148,.T.);
#6279=EDGE_CURVE('',#4909,#4910,#2695,.T.);
#6280=EDGE_CURVE('',#4910,#4911,#149,.T.);
#6281=EDGE_CURVE('',#4912,#4911,#2696,.T.);
#6282=EDGE_CURVE('',#4912,#4906,#150,.T.);
#6283=EDGE_CURVE('',#4797,#4856,#2697,.T.);
#6284=EDGE_CURVE('',#4796,#4902,#2698,.T.);
#6285=EDGE_CURVE('',#4901,#4857,#2699,.T.);
#6286=EDGE_CURVE('',#4793,#4898,#2700,.T.);
#6287=EDGE_CURVE('',#4798,#4855,#2701,.T.);
#6288=EDGE_CURVE('',#4913,#4914,#151,.T.);
#6289=EDGE_CURVE('',#4915,#4914,#2702,.T.);
#6290=EDGE_CURVE('',#4916,#4915,#2703,.T.);
#6291=EDGE_CURVE('',#4916,#4917,#152,.T.);
#6292=EDGE_CURVE('',#4918,#4917,#2704,.T.);
#6293=EDGE_CURVE('',#4918,#4919,#2705,.T.);
#6294=EDGE_CURVE('',#4920,#4919,#2706,.T.);
#6295=EDGE_CURVE('',#4921,#4920,#2707,.T.);
#6296=EDGE_CURVE('',#4922,#4921,#2708,.T.);
#6297=EDGE_CURVE('',#4922,#4923,#153,.T.);
#6298=EDGE_CURVE('',#4924,#4923,#2709,.T.);
#6299=EDGE_CURVE('',#4925,#4924,#2710,.T.);
#6300=EDGE_CURVE('',#4925,#4926,#154,.T.);
#6301=EDGE_CURVE('',#4926,#4927,#155,.T.);
#6302=EDGE_CURVE('',#4927,#4928,#2711,.T.);
#6303=EDGE_CURVE('',#4928,#4929,#156,.T.);
#6304=EDGE_CURVE('',#4929,#4930,#157,.T.);
#6305=EDGE_CURVE('',#4930,#4741,#2712,.T.);
#6306=EDGE_CURVE('',#4931,#4768,#2713,.T.);
#6307=EDGE_CURVE('',#4931,#4932,#158,.T.);
#6308=EDGE_CURVE('',#4932,#4933,#159,.T.);
#6309=EDGE_CURVE('',#4933,#4934,#2714,.T.);
#6310=EDGE_CURVE('',#4934,#4913,#160,.T.);
#6311=EDGE_CURVE('',#4913,#4935,#2715,.T.);
#6312=EDGE_CURVE('',#4936,#4935,#161,.T.);
#6313=EDGE_CURVE('',#4937,#4936,#2716,.T.);
#6314=EDGE_CURVE('',#4937,#4938,#162,.T.);
#6315=EDGE_CURVE('',#4914,#4938,#2717,.T.);
#6316=EDGE_CURVE('',#4931,#4939,#2718,.T.);
#6317=EDGE_CURVE('',#4940,#4939,#505,.T.);
#6318=EDGE_CURVE('',#4940,#4941,#163,.T.);
#6319=EDGE_CURVE('',#4941,#4942,#2719,.T.);
#6320=EDGE_CURVE('',#4943,#4942,#164,.T.);
#6321=EDGE_CURVE('',#4943,#4932,#2720,.T.);
#6322=EDGE_CURVE('',#4937,#4944,#165,.T.);
#6323=EDGE_CURVE('',#4936,#4935,#166,.T.);
#6324=EDGE_CURVE('',#4934,#4945,#2721,.T.);
#6325=EDGE_CURVE('',#4945,#4946,#2722,.T.);
#6326=EDGE_CURVE('',#4947,#4946,#167,.T.);
#6327=EDGE_CURVE('',#4947,#4948,#2723,.T.);
#6328=EDGE_CURVE('',#4948,#4944,#506,.T.);
#6329=EDGE_CURVE('',#4811,#4949,#2724,.T.);
#6330=EDGE_CURVE('',#4949,#4742,#2725,.T.);
#6331=EDGE_CURVE('',#4950,#4814,#2726,.T.);
#6332=EDGE_CURVE('',#4950,#4767,#2727,.T.);
#6333=EDGE_CURVE('',#4951,#4952,#2728,.T.);
#6334=EDGE_CURVE('',#4951,#4941,#168,.T.);
#6335=EDGE_CURVE('',#4940,#4813,#2729,.T.);
#6336=EDGE_CURVE('',#4953,#4812,#2730,.T.);
#6337=EDGE_CURVE('',#4954,#4953,#169,.T.);
#6338=EDGE_CURVE('',#4954,#4955,#170,.T.);
#6339=EDGE_CURVE('',#4955,#4956,#2731,.T.);
#6340=EDGE_CURVE('',#4957,#4956,#2732,.T.);
#6341=EDGE_CURVE('',#4958,#4957,#2733,.T.);
#6342=EDGE_CURVE('',#4958,#4959,#171,.T.);
#6343=EDGE_CURVE('',#4960,#4959,#172,.T.);
#6344=EDGE_CURVE('',#4960,#4961,#2734,.T.);
#6345=EDGE_CURVE('',#4961,#4962,#2735,.T.);
#6346=EDGE_CURVE('',#4962,#4963,#173,.T.);
#6347=EDGE_CURVE('',#4963,#4964,#2736,.T.);
#6348=EDGE_CURVE('',#4965,#4964,#2737,.T.);
#6349=EDGE_CURVE('',#4965,#4966,#2738,.T.);
#6350=EDGE_CURVE('',#4966,#4967,#174,.T.);
#6351=EDGE_CURVE('',#4967,#4968,#2739,.T.);
#6352=EDGE_CURVE('',#4968,#4938,#2740,.T.);
#6353=EDGE_CURVE('',#4944,#4969,#2741,.T.);
#6354=EDGE_CURVE('',#4952,#4969,#2742,.T.);
#6355=EDGE_CURVE('',#4949,#4970,#175,.T.);
#6356=EDGE_CURVE('',#4970,#4953,#507,.T.);
#6357=EDGE_CURVE('',#4971,#4926,#2743,.T.);
#6358=EDGE_CURVE('',#4925,#4960,#2744,.T.);
#6359=EDGE_CURVE('',#4959,#4972,#2745,.T.);
#6360=EDGE_CURVE('',#4971,#4972,#176,.T.);
#6361=EDGE_CURVE('',#4970,#4930,#2746,.T.);
#6362=EDGE_CURVE('',#4929,#4973,#2747,.T.);
#6363=EDGE_CURVE('',#4974,#4973,#177,.T.);
#6364=EDGE_CURVE('',#4954,#4974,#2748,.T.);
#6365=EDGE_CURVE('',#4975,#4976,#2749,.T.);
#6366=EDGE_CURVE('',#4977,#4976,#178,.T.);
#6367=EDGE_CURVE('',#4977,#4978,#2750,.T.);
#6368=EDGE_CURVE('',#4978,#4927,#2751,.T.);
#6369=EDGE_CURVE('',#4971,#4972,#179,.T.);
#6370=EDGE_CURVE('',#4958,#4975,#508,.T.);
#6371=EDGE_CURVE('',#4975,#4978,#2752,.T.);
#6372=EDGE_CURVE('',#4977,#4979,#2753,.T.);
#6373=EDGE_CURVE('',#4980,#4979,#2754,.T.);
#6374=EDGE_CURVE('',#4976,#4980,#2755,.T.);
#6375=EDGE_CURVE('',#4978,#4957,#180,.T.);
#6376=EDGE_CURVE('',#4956,#4981,#181,.T.);
#6377=EDGE_CURVE('',#4928,#4981,#2756,.T.);
#6378=EDGE_CURVE('',#4973,#4974,#182,.T.);
#6379=EDGE_CURVE('',#4981,#4982,#2757,.T.);
#6380=EDGE_CURVE('',#4982,#4983,#183,.T.);
#6381=EDGE_CURVE('',#4983,#4984,#2758,.T.);
#6382=EDGE_CURVE('',#4984,#4955,#509,.T.);
#6383=EDGE_CURVE('',#4984,#4981,#2759,.T.);
#6384=EDGE_CURVE('',#4985,#4983,#2760,.T.);
#6385=EDGE_CURVE('',#4986,#4985,#2761,.T.);
#6386=EDGE_CURVE('',#4986,#4982,#2762,.T.);
#6387=EDGE_CURVE('',#4761,#4985,#205,.T.);
#6388=EDGE_CURVE('',#4986,#4758,#206,.T.);
#6389=EDGE_CURVE('',#4757,#4979,#207,.T.);
#6390=EDGE_CURVE('',#4980,#4754,#208,.T.);
#6391=EDGE_CURVE('',#4915,#4968,#2763,.T.);
#6392=EDGE_CURVE('',#4939,#4950,#184,.T.);
#6393=EDGE_CURVE('',#4924,#4961,#2764,.T.);
#6394=EDGE_CURVE('',#4916,#4967,#2765,.T.);
#6395=EDGE_CURVE('',#4917,#4966,#2766,.T.);
#6396=EDGE_CURVE('',#4964,#4921,#2767,.T.);
#6397=EDGE_CURVE('',#4922,#4963,#2768,.T.);
#6398=EDGE_CURVE('',#4918,#4965,#2769,.T.);
#6399=EDGE_CURVE('',#4923,#4962,#2770,.T.);
#6400=EDGE_CURVE('',#4987,#4920,#2771,.T.);
#6401=EDGE_CURVE('',#4987,#4988,#2772,.T.);
#6402=EDGE_CURVE('',#4988,#4964,#2773,.T.);
#6403=EDGE_CURVE('',#4989,#4988,#185,.T.);
#6404=EDGE_CURVE('',#4965,#4989,#2774,.T.);
#6405=EDGE_CURVE('',#4990,#4989,#2775,.T.);
#6406=EDGE_CURVE('',#4919,#4990,#2776,.T.);
#6407=EDGE_CURVE('',#4990,#4987,#186,.T.);
#6408=EDGE_CURVE('',#4991,#4952,#187,.T.);
#6409=EDGE_CURVE('',#4992,#4991,#2777,.T.);
#6410=EDGE_CURVE('',#4951,#4992,#510,.T.);
#6411=EDGE_CURVE('',#4992,#4993,#2778,.T.);
#6412=EDGE_CURVE('',#4994,#4993,#188,.T.);
#6413=EDGE_CURVE('',#4994,#4991,#2779,.T.);
#6414=EDGE_CURVE('',#4991,#4933,#2780,.T.);
#6415=EDGE_CURVE('',#4943,#4942,#189,.T.);
#6416=EDGE_CURVE('',#4995,#4994,#2781,.T.);
#6417=EDGE_CURVE('',#4995,#4996,#2782,.T.);
#6418=EDGE_CURVE('',#4996,#4993,#2783,.T.);
#6419=EDGE_CURVE('',#4995,#4753,#209,.T.);
#6420=EDGE_CURVE('',#4750,#4996,#210,.T.);
#6421=EDGE_CURVE('',#4969,#4945,#190,.T.);
#6422=EDGE_CURVE('',#4948,#4945,#2784,.T.);
#6423=EDGE_CURVE('',#4947,#4997,#2785,.T.);
#6424=EDGE_CURVE('',#4997,#4998,#2786,.T.);
#6425=EDGE_CURVE('',#4998,#4946,#2787,.T.);
#6426=EDGE_CURVE('',#4997,#4749,#211,.T.);
#6427=EDGE_CURVE('',#4746,#4998,#212,.T.);
#6428=EDGE_CURVE('',#4909,#4779,#2788,.T.);
#6429=EDGE_CURVE('',#4808,#4910,#2789,.T.);
#6430=EDGE_CURVE('',#4908,#4780,#2790,.T.);
#6431=EDGE_CURVE('',#4907,#4781,#2791,.T.);
#6432=EDGE_CURVE('',#4911,#4807,#2792,.T.);
#6433=EDGE_CURVE('',#4849,#4806,#2793,.T.);
#6434=EDGE_CURVE('',#4912,#4848,#2794,.T.);
#6435=EDGE_CURVE('',#4906,#4847,#2795,.T.);
#6436=EDGE_CURVE('',#4905,#4846,#2796,.T.);
#6437=EDGE_CURVE('',#4850,#4805,#2797,.T.);
#6438=EDGE_CURVE('',#4851,#4804,#2798,.T.);
#6439=EDGE_CURVE('',#4999,#4803,#2799,.T.);
#6440=EDGE_CURVE('',#5000,#4999,#2800,.T.);
#6441=EDGE_CURVE('',#5000,#4852,#2801,.T.);
#6442=EDGE_CURVE('',#4999,#5001,#191,.T.);
#6443=EDGE_CURVE('',#5001,#4802,#2802,.T.);
#6444=EDGE_CURVE('',#5001,#5002,#2803,.T.);
#6445=EDGE_CURVE('',#5002,#5003,#192,.T.);
#6446=EDGE_CURVE('',#5003,#5004,#2804,.T.);
#6447=EDGE_CURVE('',#5000,#5004,#2805,.T.);
#6448=EDGE_CURVE('',#5004,#4853,#2806,.T.);
#6449=EDGE_CURVE('',#5005,#5006,#2807,.T.);
#6450=EDGE_CURVE('',#5006,#5007,#2808,.T.);
#6451=EDGE_CURVE('',#5008,#5007,#2809,.T.);
#6452=EDGE_CURVE('',#5005,#5008,#2810,.T.);
#6453=EDGE_CURVE('',#5009,#5010,#2811,.T.);
#6454=EDGE_CURVE('',#5010,#5011,#2812,.T.);
#6455=EDGE_CURVE('',#5012,#5011,#2813,.T.);
#6456=EDGE_CURVE('',#5009,#5012,#2814,.T.);
#6457=EDGE_CURVE('',#5013,#5014,#2815,.T.);
#6458=EDGE_CURVE('',#5014,#5015,#2816,.T.);
#6459=EDGE_CURVE('',#5016,#5015,#2817,.T.);
#6460=EDGE_CURVE('',#5013,#5016,#2818,.T.);
#6461=EDGE_CURVE('',#5017,#5018,#2819,.T.);
#6462=EDGE_CURVE('',#5018,#5019,#2820,.T.);
#6463=EDGE_CURVE('',#5020,#5019,#2821,.T.);
#6464=EDGE_CURVE('',#5017,#5020,#2822,.T.);
#6465=EDGE_CURVE('',#5021,#5022,#2823,.T.);
#6466=EDGE_CURVE('',#5022,#5023,#2824,.T.);
#6467=EDGE_CURVE('',#5024,#5023,#2825,.T.);
#6468=EDGE_CURVE('',#5021,#5024,#2826,.T.);
#6469=EDGE_CURVE('',#5025,#5026,#2827,.T.);
#6470=EDGE_CURVE('',#5026,#5027,#2828,.T.);
#6471=EDGE_CURVE('',#5028,#5027,#2829,.T.);
#6472=EDGE_CURVE('',#5025,#5028,#2830,.T.);
#6473=EDGE_CURVE('',#5029,#5030,#2831,.T.);
#6474=EDGE_CURVE('',#5030,#5031,#2832,.T.);
#6475=EDGE_CURVE('',#5032,#5031,#2833,.T.);
#6476=EDGE_CURVE('',#5029,#5032,#2834,.T.);
#6477=EDGE_CURVE('',#5033,#5034,#2835,.T.);
#6478=EDGE_CURVE('',#5034,#5035,#2836,.T.);
#6479=EDGE_CURVE('',#5036,#5035,#2837,.T.);
#6480=EDGE_CURVE('',#5033,#5036,#2838,.T.);
#6481=EDGE_CURVE('',#5003,#4800,#2839,.T.);
#6482=EDGE_CURVE('',#4854,#4799,#2840,.T.);
#6483=EDGE_CURVE('',#5002,#4801,#2841,.T.);
#6484=EDGE_CURVE('',#5006,#4862,#2842,.T.);
#6485=EDGE_CURVE('',#4861,#5005,#2843,.T.);
#6486=EDGE_CURVE('',#4863,#5008,#2844,.T.);
#6487=EDGE_CURVE('',#5007,#4864,#2845,.T.);
#6488=EDGE_CURVE('',#5010,#4866,#2846,.T.);
#6489=EDGE_CURVE('',#4865,#5009,#2847,.T.);
#6490=EDGE_CURVE('',#4867,#5012,#2848,.T.);
#6491=EDGE_CURVE('',#5011,#4868,#2849,.T.);
#6492=EDGE_CURVE('',#5014,#4870,#2850,.T.);
#6493=EDGE_CURVE('',#4869,#5013,#2851,.T.);
#6494=EDGE_CURVE('',#4871,#5016,#2852,.T.);
#6495=EDGE_CURVE('',#5015,#4872,#2853,.T.);
#6496=EDGE_CURVE('',#5018,#4874,#2854,.T.);
#6497=EDGE_CURVE('',#4873,#5017,#2855,.T.);
#6498=EDGE_CURVE('',#4875,#5020,#2856,.T.);
#6499=EDGE_CURVE('',#5019,#4876,#2857,.T.);
#6500=EDGE_CURVE('',#5022,#4878,#2858,.T.);
#6501=EDGE_CURVE('',#4877,#5021,#2859,.T.);
#6502=EDGE_CURVE('',#4879,#5024,#2860,.T.);
#6503=EDGE_CURVE('',#5023,#4880,#2861,.T.);
#6504=EDGE_CURVE('',#5026,#4882,#2862,.T.);
#6505=EDGE_CURVE('',#4881,#5025,#2863,.T.);
#6506=EDGE_CURVE('',#4883,#5028,#2864,.T.);
#6507=EDGE_CURVE('',#5027,#4884,#2865,.T.);
#6508=EDGE_CURVE('',#5030,#4886,#2866,.T.);
#6509=EDGE_CURVE('',#4885,#5029,#2867,.T.);
#6510=EDGE_CURVE('',#4887,#5032,#2868,.T.);
#6511=EDGE_CURVE('',#5031,#4888,#2869,.T.);
#6512=EDGE_CURVE('',#5034,#4890,#2870,.T.);
#6513=EDGE_CURVE('',#4889,#5033,#2871,.T.);
#6514=EDGE_CURVE('',#4891,#5036,#2872,.T.);
#6515=EDGE_CURVE('',#5035,#4892,#2873,.T.);
#6516=EDGE_CURVE('',#4903,#4795,#2874,.T.);
#6517=EDGE_CURVE('',#4904,#4794,#2875,.T.);
#6518=EDGE_CURVE('',#4900,#4858,#2876,.T.);
#6519=EDGE_CURVE('',#4899,#4859,#2877,.T.);
#6520=EDGE_CURVE('',#4822,#5037,#2878,.T.);
#6521=EDGE_CURVE('',#5038,#5037,#2879,.T.);
#6522=EDGE_CURVE('',#4821,#5038,#2880,.T.);
#6523=EDGE_CURVE('',#5039,#5038,#2881,.T.);
#6524=EDGE_CURVE('',#4823,#5039,#2882,.T.);
#6525=EDGE_CURVE('',#5040,#5039,#2883,.T.);
#6526=EDGE_CURVE('',#4824,#5040,#2884,.T.);
#6527=EDGE_CURVE('',#5037,#5040,#2885,.T.);
#6528=EDGE_CURVE('',#5041,#5042,#2886,.T.);
#6529=EDGE_CURVE('',#5043,#5041,#2887,.T.);
#6530=EDGE_CURVE('',#5044,#5043,#2888,.T.);
#6531=EDGE_CURVE('',#5044,#5045,#2889,.T.);
#6532=EDGE_CURVE('',#5046,#5045,#2890,.T.);
#6533=EDGE_CURVE('',#5047,#5046,#2891,.T.);
#6534=EDGE_CURVE('',#5048,#5047,#2892,.T.);
#6535=EDGE_CURVE('',#5042,#5048,#2893,.T.);
#6536=EDGE_CURVE('',#5049,#5050,#2894,.T.);
#6537=EDGE_CURVE('',#5051,#5049,#2895,.T.);
#6538=EDGE_CURVE('',#5051,#5052,#2896,.T.);
#6539=EDGE_CURVE('',#5053,#5052,#2897,.T.);
#6540=EDGE_CURVE('',#5054,#5053,#2898,.T.);
#6541=EDGE_CURVE('',#5055,#5054,#2899,.T.);
#6542=EDGE_CURVE('',#5056,#5055,#2900,.T.);
#6543=EDGE_CURVE('',#5057,#5056,#2901,.T.);
#6544=EDGE_CURVE('',#5058,#5057,#2902,.T.);
#6545=EDGE_CURVE('',#5059,#5058,#2903,.T.);
#6546=EDGE_CURVE('',#5060,#5059,#2904,.T.);
#6547=EDGE_CURVE('',#5061,#5060,#2905,.T.);
#6548=EDGE_CURVE('',#5061,#5050,#2906,.T.);
#6549=EDGE_CURVE('',#5062,#5063,#2907,.T.);
#6550=EDGE_CURVE('',#5064,#5062,#2908,.T.);
#6551=EDGE_CURVE('',#5065,#5064,#2909,.T.);
#6552=EDGE_CURVE('',#5065,#5066,#511,.T.);
#6553=EDGE_CURVE('',#5066,#5067,#512,.T.);
#6554=EDGE_CURVE('',#5068,#5067,#2910,.T.);
#6555=EDGE_CURVE('',#5063,#5068,#2911,.T.);
#6556=EDGE_CURVE('',#5069,#5070,#2912,.T.);
#6557=EDGE_CURVE('',#5071,#5069,#2913,.T.);
#6558=EDGE_CURVE('',#5070,#5071,#2914,.T.);
#6559=EDGE_CURVE('',#5072,#5073,#2915,.T.);
#6560=EDGE_CURVE('',#5074,#5073,#2916,.T.);
#6561=EDGE_CURVE('',#5074,#5075,#193,.T.);
#6562=EDGE_CURVE('',#5072,#5075,#2917,.T.);
#6563=EDGE_CURVE('',#5041,#5076,#2918,.T.);
#6564=EDGE_CURVE('',#5042,#5077,#2919,.T.);
#6565=EDGE_CURVE('',#5076,#5077,#2920,.T.);
#6566=EDGE_CURVE('',#5043,#5078,#2921,.T.);
#6567=EDGE_CURVE('',#5078,#5076,#2922,.T.);
#6568=EDGE_CURVE('',#5044,#5079,#2923,.T.);
#6569=EDGE_CURVE('',#5079,#5078,#2924,.T.);
#6570=EDGE_CURVE('',#5080,#5079,#2925,.T.);
#6571=EDGE_CURVE('',#5045,#5080,#2926,.T.);
#6572=EDGE_CURVE('',#5046,#5081,#2927,.T.);
#6573=EDGE_CURVE('',#5081,#5080,#2928,.T.);
#6574=EDGE_CURVE('',#5047,#5082,#2929,.T.);
#6575=EDGE_CURVE('',#5082,#5081,#2930,.T.);
#6576=EDGE_CURVE('',#5048,#5083,#2931,.T.);
#6577=EDGE_CURVE('',#5083,#5082,#2932,.T.);
#6578=EDGE_CURVE('',#5077,#5083,#2933,.T.);
#6579=EDGE_CURVE('',#5084,#5085,#2934,.T.);
#6580=EDGE_CURVE('',#5085,#5086,#2935,.T.);
#6581=EDGE_CURVE('',#5086,#5084,#2936,.T.);
#6582=EDGE_CURVE('',#5087,#5088,#2937,.T.);
#6583=EDGE_CURVE('',#5088,#5089,#2938,.T.);
#6584=EDGE_CURVE('',#5089,#5090,#2939,.T.);
#6585=EDGE_CURVE('',#5090,#5091,#2940,.T.);
#6586=EDGE_CURVE('',#5091,#5092,#2941,.T.);
#6587=EDGE_CURVE('',#5092,#5093,#2942,.T.);
#6588=EDGE_CURVE('',#5093,#5094,#2943,.T.);
#6589=EDGE_CURVE('',#5094,#5095,#2944,.T.);
#6590=EDGE_CURVE('',#5095,#5096,#2945,.T.);
#6591=EDGE_CURVE('',#5096,#5097,#2946,.T.);
#6592=EDGE_CURVE('',#5097,#5098,#2947,.T.);
#6593=EDGE_CURVE('',#5098,#5099,#2948,.T.);
#6594=EDGE_CURVE('',#5099,#5087,#2949,.T.);
#6595=EDGE_CURVE('',#5100,#5101,#2950,.T.);
#6596=EDGE_CURVE('',#5101,#5102,#2951,.T.);
#6597=EDGE_CURVE('',#5102,#5103,#2952,.T.);
#6598=EDGE_CURVE('',#5103,#5104,#513,.T.);
#6599=EDGE_CURVE('',#5104,#5105,#514,.T.);
#6600=EDGE_CURVE('',#5105,#5106,#2953,.T.);
#6601=EDGE_CURVE('',#5106,#5100,#2954,.T.);
#6602=EDGE_CURVE('',#5107,#5108,#2955,.T.);
#6603=EDGE_CURVE('',#5108,#5109,#2956,.T.);
#6604=EDGE_CURVE('',#5109,#5110,#194,.T.);
#6605=EDGE_CURVE('',#5110,#5107,#2957,.T.);
#6606=EDGE_CURVE('',#5069,#5084,#2958,.T.);
#6607=EDGE_CURVE('',#5070,#5085,#2959,.T.);
#6608=EDGE_CURVE('',#5071,#5086,#2960,.T.);
#6609=EDGE_CURVE('',#5051,#5087,#2961,.T.);
#6610=EDGE_CURVE('',#5049,#5088,#2962,.T.);
#6611=EDGE_CURVE('',#5052,#5099,#2963,.T.);
#6612=EDGE_CURVE('',#5053,#5098,#2964,.T.);
#6613=EDGE_CURVE('',#5054,#5097,#2965,.T.);
#6614=EDGE_CURVE('',#5055,#5096,#2966,.T.);
#6615=EDGE_CURVE('',#5056,#5095,#2967,.T.);
#6616=EDGE_CURVE('',#5057,#5094,#2968,.T.);
#6617=EDGE_CURVE('',#5058,#5093,#2969,.T.);
#6618=EDGE_CURVE('',#5059,#5092,#2970,.T.);
#6619=EDGE_CURVE('',#5060,#5091,#2971,.T.);
#6620=EDGE_CURVE('',#5061,#5090,#2972,.T.);
#6621=EDGE_CURVE('',#5050,#5089,#2973,.T.);
#6622=EDGE_CURVE('',#5062,#5100,#2974,.T.);
#6623=EDGE_CURVE('',#5063,#5101,#2975,.T.);
#6624=EDGE_CURVE('',#5064,#5106,#2976,.T.);
#6625=EDGE_CURVE('',#5065,#5105,#2977,.T.);
#6626=EDGE_CURVE('',#5066,#5104,#2978,.T.);
#6627=EDGE_CURVE('',#5067,#5103,#2979,.T.);
#6628=EDGE_CURVE('',#5068,#5102,#2980,.T.);
#6629=EDGE_CURVE('',#5073,#5107,#2981,.T.);
#6630=EDGE_CURVE('',#5072,#5108,#2982,.T.);
#6631=EDGE_CURVE('',#5074,#5110,#2983,.T.);
#6632=EDGE_CURVE('',#5075,#5109,#2984,.T.);
#6633=EDGE_CURVE('',#5111,#5112,#2985,.T.);
#6634=EDGE_CURVE('',#5111,#5113,#2986,.T.);
#6635=EDGE_CURVE('',#5114,#5113,#2987,.T.);
#6636=EDGE_CURVE('',#5112,#5114,#2988,.T.);
#6637=EDGE_CURVE('',#5112,#5115,#2989,.T.);
#6638=EDGE_CURVE('',#5116,#5114,#2990,.T.);
#6639=EDGE_CURVE('',#5115,#5116,#2991,.T.);
#6640=EDGE_CURVE('',#5115,#5117,#2992,.T.);
#6641=EDGE_CURVE('',#5118,#5116,#2993,.T.);
#6642=EDGE_CURVE('',#5117,#5118,#2994,.T.);
#6643=EDGE_CURVE('',#5117,#5111,#2995,.T.);
#6644=EDGE_CURVE('',#5113,#5118,#2996,.T.);
#6645=ORIENTED_EDGE('',*,*,#5119,.F.);
#6646=ORIENTED_EDGE('',*,*,#5120,.T.);
#6647=ORIENTED_EDGE('',*,*,#5121,.T.);
#6648=ORIENTED_EDGE('',*,*,#5122,.F.);
#6649=ORIENTED_EDGE('',*,*,#5123,.F.);
#6650=ORIENTED_EDGE('',*,*,#5122,.T.);
#6651=ORIENTED_EDGE('',*,*,#5124,.T.);
#6652=ORIENTED_EDGE('',*,*,#5125,.F.);
#6653=ORIENTED_EDGE('',*,*,#5126,.F.);
#6654=ORIENTED_EDGE('',*,*,#5125,.T.);
#6655=ORIENTED_EDGE('',*,*,#5127,.T.);
#6656=ORIENTED_EDGE('',*,*,#5120,.F.);
#6657=ORIENTED_EDGE('',*,*,#5128,.F.);
#6658=ORIENTED_EDGE('',*,*,#5129,.T.);
#6659=ORIENTED_EDGE('',*,*,#5130,.T.);
#6660=ORIENTED_EDGE('',*,*,#5131,.F.);
#6661=ORIENTED_EDGE('',*,*,#5132,.F.);
#6662=ORIENTED_EDGE('',*,*,#5133,.T.);
#6663=ORIENTED_EDGE('',*,*,#5134,.T.);
#6664=ORIENTED_EDGE('',*,*,#5129,.F.);
#6665=ORIENTED_EDGE('',*,*,#5135,.F.);
#6666=ORIENTED_EDGE('',*,*,#5136,.T.);
#6667=ORIENTED_EDGE('',*,*,#5137,.T.);
#6668=ORIENTED_EDGE('',*,*,#5133,.F.);
#6669=ORIENTED_EDGE('',*,*,#5138,.F.);
#6670=ORIENTED_EDGE('',*,*,#5139,.T.);
#6671=ORIENTED_EDGE('',*,*,#5140,.T.);
#6672=ORIENTED_EDGE('',*,*,#5136,.F.);
#6673=ORIENTED_EDGE('',*,*,#5141,.F.);
#6674=ORIENTED_EDGE('',*,*,#5142,.T.);
#6675=ORIENTED_EDGE('',*,*,#5143,.T.);
#6676=ORIENTED_EDGE('',*,*,#5139,.F.);
#6677=ORIENTED_EDGE('',*,*,#5144,.F.);
#6678=ORIENTED_EDGE('',*,*,#5145,.T.);
#6679=ORIENTED_EDGE('',*,*,#5146,.T.);
#6680=ORIENTED_EDGE('',*,*,#5142,.F.);
#6681=ORIENTED_EDGE('',*,*,#5147,.F.);
#6682=ORIENTED_EDGE('',*,*,#5148,.T.);
#6683=ORIENTED_EDGE('',*,*,#5149,.T.);
#6684=ORIENTED_EDGE('',*,*,#5145,.F.);
#6685=ORIENTED_EDGE('',*,*,#5150,.F.);
#6686=ORIENTED_EDGE('',*,*,#5151,.T.);
#6687=ORIENTED_EDGE('',*,*,#5152,.T.);
#6688=ORIENTED_EDGE('',*,*,#5148,.F.);
#6689=ORIENTED_EDGE('',*,*,#5153,.F.);
#6690=ORIENTED_EDGE('',*,*,#5154,.T.);
#6691=ORIENTED_EDGE('',*,*,#5155,.T.);
#6692=ORIENTED_EDGE('',*,*,#5151,.F.);
#6693=ORIENTED_EDGE('',*,*,#5156,.F.);
#6694=ORIENTED_EDGE('',*,*,#5157,.T.);
#6695=ORIENTED_EDGE('',*,*,#5158,.T.);
#6696=ORIENTED_EDGE('',*,*,#5154,.F.);
#6697=ORIENTED_EDGE('',*,*,#5159,.F.);
#6698=ORIENTED_EDGE('',*,*,#5131,.T.);
#6699=ORIENTED_EDGE('',*,*,#5160,.T.);
#6700=ORIENTED_EDGE('',*,*,#5157,.F.);
#6701=ORIENTED_EDGE('',*,*,#5160,.F.);
#6702=ORIENTED_EDGE('',*,*,#5130,.F.);
#6703=ORIENTED_EDGE('',*,*,#5134,.F.);
#6704=ORIENTED_EDGE('',*,*,#5137,.F.);
#6705=ORIENTED_EDGE('',*,*,#5140,.F.);
#6706=ORIENTED_EDGE('',*,*,#5143,.F.);
#6707=ORIENTED_EDGE('',*,*,#5146,.F.);
#6708=ORIENTED_EDGE('',*,*,#5149,.F.);
#6709=ORIENTED_EDGE('',*,*,#5152,.F.);
#6710=ORIENTED_EDGE('',*,*,#5155,.F.);
#6711=ORIENTED_EDGE('',*,*,#5158,.F.);
#6712=ORIENTED_EDGE('',*,*,#5121,.F.);
#6713=ORIENTED_EDGE('',*,*,#5127,.F.);
#6714=ORIENTED_EDGE('',*,*,#5124,.F.);
#6715=ORIENTED_EDGE('',*,*,#5161,.F.);
#6716=ORIENTED_EDGE('',*,*,#5162,.T.);
#6717=ORIENTED_EDGE('',*,*,#5163,.T.);
#6718=ORIENTED_EDGE('',*,*,#5164,.F.);
#6719=ORIENTED_EDGE('',*,*,#5165,.F.);
#6720=ORIENTED_EDGE('',*,*,#5166,.T.);
#6721=ORIENTED_EDGE('',*,*,#5167,.T.);
#6722=ORIENTED_EDGE('',*,*,#5162,.F.);
#6723=ORIENTED_EDGE('',*,*,#5168,.F.);
#6724=ORIENTED_EDGE('',*,*,#5169,.T.);
#6725=ORIENTED_EDGE('',*,*,#5170,.T.);
#6726=ORIENTED_EDGE('',*,*,#5166,.F.);
#6727=ORIENTED_EDGE('',*,*,#5171,.F.);
#6728=ORIENTED_EDGE('',*,*,#5172,.T.);
#6729=ORIENTED_EDGE('',*,*,#5173,.T.);
#6730=ORIENTED_EDGE('',*,*,#5169,.F.);
#6731=ORIENTED_EDGE('',*,*,#5174,.F.);
#6732=ORIENTED_EDGE('',*,*,#5175,.T.);
#6733=ORIENTED_EDGE('',*,*,#5176,.T.);
#6734=ORIENTED_EDGE('',*,*,#5172,.F.);
#6735=ORIENTED_EDGE('',*,*,#5177,.F.);
#6736=ORIENTED_EDGE('',*,*,#5178,.T.);
#6737=ORIENTED_EDGE('',*,*,#5179,.T.);
#6738=ORIENTED_EDGE('',*,*,#5175,.F.);
#6739=ORIENTED_EDGE('',*,*,#5180,.F.);
#6740=ORIENTED_EDGE('',*,*,#5181,.T.);
#6741=ORIENTED_EDGE('',*,*,#5182,.T.);
#6742=ORIENTED_EDGE('',*,*,#5178,.F.);
#6743=ORIENTED_EDGE('',*,*,#5183,.F.);
#6744=ORIENTED_EDGE('',*,*,#5184,.T.);
#6745=ORIENTED_EDGE('',*,*,#5185,.T.);
#6746=ORIENTED_EDGE('',*,*,#5181,.F.);
#6747=ORIENTED_EDGE('',*,*,#5186,.F.);
#6748=ORIENTED_EDGE('',*,*,#5187,.T.);
#6749=ORIENTED_EDGE('',*,*,#5188,.T.);
#6750=ORIENTED_EDGE('',*,*,#5184,.F.);
#6751=ORIENTED_EDGE('',*,*,#5189,.F.);
#6752=ORIENTED_EDGE('',*,*,#5190,.T.);
#6753=ORIENTED_EDGE('',*,*,#5191,.T.);
#6754=ORIENTED_EDGE('',*,*,#5187,.F.);
#6755=ORIENTED_EDGE('',*,*,#5192,.F.);
#6756=ORIENTED_EDGE('',*,*,#5193,.T.);
#6757=ORIENTED_EDGE('',*,*,#5194,.T.);
#6758=ORIENTED_EDGE('',*,*,#5190,.F.);
#6759=ORIENTED_EDGE('',*,*,#5195,.F.);
#6760=ORIENTED_EDGE('',*,*,#5196,.T.);
#6761=ORIENTED_EDGE('',*,*,#5197,.T.);
#6762=ORIENTED_EDGE('',*,*,#5193,.F.);
#6763=ORIENTED_EDGE('',*,*,#5198,.F.);
#6764=ORIENTED_EDGE('',*,*,#5199,.T.);
#6765=ORIENTED_EDGE('',*,*,#5200,.T.);
#6766=ORIENTED_EDGE('',*,*,#5196,.F.);
#6767=ORIENTED_EDGE('',*,*,#5201,.F.);
#6768=ORIENTED_EDGE('',*,*,#5202,.T.);
#6769=ORIENTED_EDGE('',*,*,#5203,.T.);
#6770=ORIENTED_EDGE('',*,*,#5199,.F.);
#6771=ORIENTED_EDGE('',*,*,#5204,.F.);
#6772=ORIENTED_EDGE('',*,*,#5205,.T.);
#6773=ORIENTED_EDGE('',*,*,#5206,.T.);
#6774=ORIENTED_EDGE('',*,*,#5202,.F.);
#6775=ORIENTED_EDGE('',*,*,#5207,.F.);
#6776=ORIENTED_EDGE('',*,*,#5208,.T.);
#6777=ORIENTED_EDGE('',*,*,#5209,.T.);
#6778=ORIENTED_EDGE('',*,*,#5205,.F.);
#6779=ORIENTED_EDGE('',*,*,#5210,.F.);
#6780=ORIENTED_EDGE('',*,*,#5164,.T.);
#6781=ORIENTED_EDGE('',*,*,#5211,.T.);
#6782=ORIENTED_EDGE('',*,*,#5208,.F.);
#6783=ORIENTED_EDGE('',*,*,#5211,.F.);
#6784=ORIENTED_EDGE('',*,*,#5163,.F.);
#6785=ORIENTED_EDGE('',*,*,#5167,.F.);
#6786=ORIENTED_EDGE('',*,*,#5170,.F.);
#6787=ORIENTED_EDGE('',*,*,#5173,.F.);
#6788=ORIENTED_EDGE('',*,*,#5176,.F.);
#6789=ORIENTED_EDGE('',*,*,#5179,.F.);
#6790=ORIENTED_EDGE('',*,*,#5182,.F.);
#6791=ORIENTED_EDGE('',*,*,#5185,.F.);
#6792=ORIENTED_EDGE('',*,*,#5188,.F.);
#6793=ORIENTED_EDGE('',*,*,#5191,.F.);
#6794=ORIENTED_EDGE('',*,*,#5194,.F.);
#6795=ORIENTED_EDGE('',*,*,#5197,.F.);
#6796=ORIENTED_EDGE('',*,*,#5200,.F.);
#6797=ORIENTED_EDGE('',*,*,#5203,.F.);
#6798=ORIENTED_EDGE('',*,*,#5206,.F.);
#6799=ORIENTED_EDGE('',*,*,#5209,.F.);
#6800=ORIENTED_EDGE('',*,*,#5212,.F.);
#6801=ORIENTED_EDGE('',*,*,#5213,.T.);
#6802=ORIENTED_EDGE('',*,*,#5214,.T.);
#6803=ORIENTED_EDGE('',*,*,#5215,.F.);
#6804=ORIENTED_EDGE('',*,*,#5216,.F.);
#6805=ORIENTED_EDGE('',*,*,#5215,.T.);
#6806=ORIENTED_EDGE('',*,*,#5217,.T.);
#6807=ORIENTED_EDGE('',*,*,#5218,.F.);
#6808=ORIENTED_EDGE('',*,*,#5219,.F.);
#6809=ORIENTED_EDGE('',*,*,#5218,.T.);
#6810=ORIENTED_EDGE('',*,*,#5220,.T.);
#6811=ORIENTED_EDGE('',*,*,#5213,.F.);
#6812=ORIENTED_EDGE('',*,*,#5221,.F.);
#6813=ORIENTED_EDGE('',*,*,#5222,.T.);
#6814=ORIENTED_EDGE('',*,*,#5223,.T.);
#6815=ORIENTED_EDGE('',*,*,#5224,.F.);
#6816=ORIENTED_EDGE('',*,*,#5225,.F.);
#6817=ORIENTED_EDGE('',*,*,#5226,.T.);
#6818=ORIENTED_EDGE('',*,*,#5227,.T.);
#6819=ORIENTED_EDGE('',*,*,#5222,.F.);
#6820=ORIENTED_EDGE('',*,*,#5228,.F.);
#6821=ORIENTED_EDGE('',*,*,#5229,.T.);
#6822=ORIENTED_EDGE('',*,*,#5230,.T.);
#6823=ORIENTED_EDGE('',*,*,#5226,.F.);
#6824=ORIENTED_EDGE('',*,*,#5231,.F.);
#6825=ORIENTED_EDGE('',*,*,#5232,.T.);
#6826=ORIENTED_EDGE('',*,*,#5233,.T.);
#6827=ORIENTED_EDGE('',*,*,#5229,.F.);
#6828=ORIENTED_EDGE('',*,*,#5234,.F.);
#6829=ORIENTED_EDGE('',*,*,#5235,.T.);
#6830=ORIENTED_EDGE('',*,*,#5236,.T.);
#6831=ORIENTED_EDGE('',*,*,#5232,.F.);
#6832=ORIENTED_EDGE('',*,*,#5237,.F.);
#6833=ORIENTED_EDGE('',*,*,#5238,.T.);
#6834=ORIENTED_EDGE('',*,*,#5239,.T.);
#6835=ORIENTED_EDGE('',*,*,#5235,.F.);
#6836=ORIENTED_EDGE('',*,*,#5240,.F.);
#6837=ORIENTED_EDGE('',*,*,#5241,.T.);
#6838=ORIENTED_EDGE('',*,*,#5242,.T.);
#6839=ORIENTED_EDGE('',*,*,#5238,.F.);
#6840=ORIENTED_EDGE('',*,*,#5243,.F.);
#6841=ORIENTED_EDGE('',*,*,#5244,.T.);
#6842=ORIENTED_EDGE('',*,*,#5245,.T.);
#6843=ORIENTED_EDGE('',*,*,#5241,.F.);
#6844=ORIENTED_EDGE('',*,*,#5246,.F.);
#6845=ORIENTED_EDGE('',*,*,#5247,.T.);
#6846=ORIENTED_EDGE('',*,*,#5248,.T.);
#6847=ORIENTED_EDGE('',*,*,#5244,.F.);
#6848=ORIENTED_EDGE('',*,*,#5249,.F.);
#6849=ORIENTED_EDGE('',*,*,#5250,.T.);
#6850=ORIENTED_EDGE('',*,*,#5251,.T.);
#6851=ORIENTED_EDGE('',*,*,#5247,.F.);
#6852=ORIENTED_EDGE('',*,*,#5252,.F.);
#6853=ORIENTED_EDGE('',*,*,#5224,.T.);
#6854=ORIENTED_EDGE('',*,*,#5253,.T.);
#6855=ORIENTED_EDGE('',*,*,#5250,.F.);
#6856=ORIENTED_EDGE('',*,*,#5253,.F.);
#6857=ORIENTED_EDGE('',*,*,#5223,.F.);
#6858=ORIENTED_EDGE('',*,*,#5227,.F.);
#6859=ORIENTED_EDGE('',*,*,#5230,.F.);
#6860=ORIENTED_EDGE('',*,*,#5233,.F.);
#6861=ORIENTED_EDGE('',*,*,#5236,.F.);
#6862=ORIENTED_EDGE('',*,*,#5239,.F.);
#6863=ORIENTED_EDGE('',*,*,#5242,.F.);
#6864=ORIENTED_EDGE('',*,*,#5245,.F.);
#6865=ORIENTED_EDGE('',*,*,#5248,.F.);
#6866=ORIENTED_EDGE('',*,*,#5251,.F.);
#6867=ORIENTED_EDGE('',*,*,#5214,.F.);
#6868=ORIENTED_EDGE('',*,*,#5220,.F.);
#6869=ORIENTED_EDGE('',*,*,#5217,.F.);
#6870=ORIENTED_EDGE('',*,*,#5254,.F.);
#6871=ORIENTED_EDGE('',*,*,#5255,.T.);
#6872=ORIENTED_EDGE('',*,*,#5256,.T.);
#6873=ORIENTED_EDGE('',*,*,#5257,.F.);
#6874=ORIENTED_EDGE('',*,*,#5258,.F.);
#6875=ORIENTED_EDGE('',*,*,#5257,.T.);
#6876=ORIENTED_EDGE('',*,*,#5259,.T.);
#6877=ORIENTED_EDGE('',*,*,#5260,.F.);
#6878=ORIENTED_EDGE('',*,*,#5261,.F.);
#6879=ORIENTED_EDGE('',*,*,#5260,.T.);
#6880=ORIENTED_EDGE('',*,*,#5262,.T.);
#6881=ORIENTED_EDGE('',*,*,#5263,.F.);
#6882=ORIENTED_EDGE('',*,*,#5264,.F.);
#6883=ORIENTED_EDGE('',*,*,#5263,.T.);
#6884=ORIENTED_EDGE('',*,*,#5265,.T.);
#6885=ORIENTED_EDGE('',*,*,#5266,.F.);
#6886=ORIENTED_EDGE('',*,*,#5267,.F.);
#6887=ORIENTED_EDGE('',*,*,#5266,.T.);
#6888=ORIENTED_EDGE('',*,*,#5268,.T.);
#6889=ORIENTED_EDGE('',*,*,#5269,.F.);
#6890=ORIENTED_EDGE('',*,*,#5270,.F.);
#6891=ORIENTED_EDGE('',*,*,#5269,.T.);
#6892=ORIENTED_EDGE('',*,*,#5271,.T.);
#6893=ORIENTED_EDGE('',*,*,#5272,.F.);
#6894=ORIENTED_EDGE('',*,*,#5273,.F.);
#6895=ORIENTED_EDGE('',*,*,#5272,.T.);
#6896=ORIENTED_EDGE('',*,*,#5274,.T.);
#6897=ORIENTED_EDGE('',*,*,#5275,.F.);
#6898=ORIENTED_EDGE('',*,*,#5276,.F.);
#6899=ORIENTED_EDGE('',*,*,#5275,.T.);
#6900=ORIENTED_EDGE('',*,*,#5277,.T.);
#6901=ORIENTED_EDGE('',*,*,#5255,.F.);
#6902=ORIENTED_EDGE('',*,*,#5278,.F.);
#6903=ORIENTED_EDGE('',*,*,#5279,.T.);
#6904=ORIENTED_EDGE('',*,*,#5280,.T.);
#6905=ORIENTED_EDGE('',*,*,#5281,.F.);
#6906=ORIENTED_EDGE('',*,*,#5282,.F.);
#6907=ORIENTED_EDGE('',*,*,#5283,.T.);
#6908=ORIENTED_EDGE('',*,*,#5284,.T.);
#6909=ORIENTED_EDGE('',*,*,#5279,.F.);
#6910=ORIENTED_EDGE('',*,*,#5285,.F.);
#6911=ORIENTED_EDGE('',*,*,#5286,.T.);
#6912=ORIENTED_EDGE('',*,*,#5287,.T.);
#6913=ORIENTED_EDGE('',*,*,#5283,.F.);
#6914=ORIENTED_EDGE('',*,*,#5288,.F.);
#6915=ORIENTED_EDGE('',*,*,#5281,.T.);
#6916=ORIENTED_EDGE('',*,*,#5289,.T.);
#6917=ORIENTED_EDGE('',*,*,#5286,.F.);
#6918=ORIENTED_EDGE('',*,*,#5289,.F.);
#6919=ORIENTED_EDGE('',*,*,#5280,.F.);
#6920=ORIENTED_EDGE('',*,*,#5284,.F.);
#6921=ORIENTED_EDGE('',*,*,#5287,.F.);
#6922=ORIENTED_EDGE('',*,*,#5256,.F.);
#6923=ORIENTED_EDGE('',*,*,#5277,.F.);
#6924=ORIENTED_EDGE('',*,*,#5274,.F.);
#6925=ORIENTED_EDGE('',*,*,#5271,.F.);
#6926=ORIENTED_EDGE('',*,*,#5268,.F.);
#6927=ORIENTED_EDGE('',*,*,#5265,.F.);
#6928=ORIENTED_EDGE('',*,*,#5262,.F.);
#6929=ORIENTED_EDGE('',*,*,#5259,.F.);
#6930=ORIENTED_EDGE('',*,*,#5290,.F.);
#6931=ORIENTED_EDGE('',*,*,#5291,.T.);
#6932=ORIENTED_EDGE('',*,*,#5292,.T.);
#6933=ORIENTED_EDGE('',*,*,#5293,.F.);
#6934=ORIENTED_EDGE('',*,*,#5294,.F.);
#6935=ORIENTED_EDGE('',*,*,#5295,.T.);
#6936=ORIENTED_EDGE('',*,*,#5296,.T.);
#6937=ORIENTED_EDGE('',*,*,#5291,.F.);
#6938=ORIENTED_EDGE('',*,*,#5297,.F.);
#6939=ORIENTED_EDGE('',*,*,#5298,.T.);
#6940=ORIENTED_EDGE('',*,*,#5299,.T.);
#6941=ORIENTED_EDGE('',*,*,#5295,.F.);
#6942=ORIENTED_EDGE('',*,*,#5300,.F.);
#6943=ORIENTED_EDGE('',*,*,#5301,.T.);
#6944=ORIENTED_EDGE('',*,*,#5302,.T.);
#6945=ORIENTED_EDGE('',*,*,#5298,.F.);
#6946=ORIENTED_EDGE('',*,*,#5303,.F.);
#6947=ORIENTED_EDGE('',*,*,#5304,.T.);
#6948=ORIENTED_EDGE('',*,*,#5305,.T.);
#6949=ORIENTED_EDGE('',*,*,#5301,.F.);
#6950=ORIENTED_EDGE('',*,*,#5306,.F.);
#6951=ORIENTED_EDGE('',*,*,#5307,.T.);
#6952=ORIENTED_EDGE('',*,*,#5308,.T.);
#6953=ORIENTED_EDGE('',*,*,#5304,.F.);
#6954=ORIENTED_EDGE('',*,*,#5309,.F.);
#6955=ORIENTED_EDGE('',*,*,#5310,.T.);
#6956=ORIENTED_EDGE('',*,*,#5311,.T.);
#6957=ORIENTED_EDGE('',*,*,#5307,.F.);
#6958=ORIENTED_EDGE('',*,*,#5312,.F.);
#6959=ORIENTED_EDGE('',*,*,#5313,.T.);
#6960=ORIENTED_EDGE('',*,*,#5314,.T.);
#6961=ORIENTED_EDGE('',*,*,#5310,.F.);
#6962=ORIENTED_EDGE('',*,*,#5315,.F.);
#6963=ORIENTED_EDGE('',*,*,#5316,.T.);
#6964=ORIENTED_EDGE('',*,*,#5317,.T.);
#6965=ORIENTED_EDGE('',*,*,#5313,.F.);
#6966=ORIENTED_EDGE('',*,*,#5318,.F.);
#6967=ORIENTED_EDGE('',*,*,#5319,.T.);
#6968=ORIENTED_EDGE('',*,*,#5320,.T.);
#6969=ORIENTED_EDGE('',*,*,#5316,.F.);
#6970=ORIENTED_EDGE('',*,*,#5321,.F.);
#6971=ORIENTED_EDGE('',*,*,#5322,.T.);
#6972=ORIENTED_EDGE('',*,*,#5323,.T.);
#6973=ORIENTED_EDGE('',*,*,#5319,.F.);
#6974=ORIENTED_EDGE('',*,*,#5324,.F.);
#6975=ORIENTED_EDGE('',*,*,#5325,.T.);
#6976=ORIENTED_EDGE('',*,*,#5326,.T.);
#6977=ORIENTED_EDGE('',*,*,#5322,.F.);
#6978=ORIENTED_EDGE('',*,*,#5327,.F.);
#6979=ORIENTED_EDGE('',*,*,#5328,.T.);
#6980=ORIENTED_EDGE('',*,*,#5329,.T.);
#6981=ORIENTED_EDGE('',*,*,#5325,.F.);
#6982=ORIENTED_EDGE('',*,*,#5330,.F.);
#6983=ORIENTED_EDGE('',*,*,#5331,.T.);
#6984=ORIENTED_EDGE('',*,*,#5332,.T.);
#6985=ORIENTED_EDGE('',*,*,#5328,.F.);
#6986=ORIENTED_EDGE('',*,*,#5333,.F.);
#6987=ORIENTED_EDGE('',*,*,#5334,.T.);
#6988=ORIENTED_EDGE('',*,*,#5335,.T.);
#6989=ORIENTED_EDGE('',*,*,#5331,.F.);
#6990=ORIENTED_EDGE('',*,*,#5336,.F.);
#6991=ORIENTED_EDGE('',*,*,#5337,.T.);
#6992=ORIENTED_EDGE('',*,*,#5338,.T.);
#6993=ORIENTED_EDGE('',*,*,#5334,.F.);
#6994=ORIENTED_EDGE('',*,*,#5339,.F.);
#6995=ORIENTED_EDGE('',*,*,#5340,.T.);
#6996=ORIENTED_EDGE('',*,*,#5341,.T.);
#6997=ORIENTED_EDGE('',*,*,#5337,.F.);
#6998=ORIENTED_EDGE('',*,*,#5342,.F.);
#6999=ORIENTED_EDGE('',*,*,#5343,.T.);
#7000=ORIENTED_EDGE('',*,*,#5344,.T.);
#7001=ORIENTED_EDGE('',*,*,#5340,.F.);
#7002=ORIENTED_EDGE('',*,*,#5345,.F.);
#7003=ORIENTED_EDGE('',*,*,#5346,.T.);
#7004=ORIENTED_EDGE('',*,*,#5347,.T.);
#7005=ORIENTED_EDGE('',*,*,#5343,.F.);
#7006=ORIENTED_EDGE('',*,*,#5348,.F.);
#7007=ORIENTED_EDGE('',*,*,#5293,.T.);
#7008=ORIENTED_EDGE('',*,*,#5349,.T.);
#7009=ORIENTED_EDGE('',*,*,#5346,.F.);
#7010=ORIENTED_EDGE('',*,*,#5349,.F.);
#7011=ORIENTED_EDGE('',*,*,#5292,.F.);
#7012=ORIENTED_EDGE('',*,*,#5296,.F.);
#7013=ORIENTED_EDGE('',*,*,#5299,.F.);
#7014=ORIENTED_EDGE('',*,*,#5302,.F.);
#7015=ORIENTED_EDGE('',*,*,#5305,.F.);
#7016=ORIENTED_EDGE('',*,*,#5308,.F.);
#7017=ORIENTED_EDGE('',*,*,#5311,.F.);
#7018=ORIENTED_EDGE('',*,*,#5314,.F.);
#7019=ORIENTED_EDGE('',*,*,#5317,.F.);
#7020=ORIENTED_EDGE('',*,*,#5320,.F.);
#7021=ORIENTED_EDGE('',*,*,#5323,.F.);
#7022=ORIENTED_EDGE('',*,*,#5326,.F.);
#7023=ORIENTED_EDGE('',*,*,#5329,.F.);
#7024=ORIENTED_EDGE('',*,*,#5332,.F.);
#7025=ORIENTED_EDGE('',*,*,#5335,.F.);
#7026=ORIENTED_EDGE('',*,*,#5338,.F.);
#7027=ORIENTED_EDGE('',*,*,#5341,.F.);
#7028=ORIENTED_EDGE('',*,*,#5344,.F.);
#7029=ORIENTED_EDGE('',*,*,#5347,.F.);
#7030=ORIENTED_EDGE('',*,*,#5350,.F.);
#7031=ORIENTED_EDGE('',*,*,#5351,.T.);
#7032=ORIENTED_EDGE('',*,*,#5352,.T.);
#7033=ORIENTED_EDGE('',*,*,#5353,.F.);
#7034=ORIENTED_EDGE('',*,*,#5354,.F.);
#7035=ORIENTED_EDGE('',*,*,#5355,.T.);
#7036=ORIENTED_EDGE('',*,*,#5356,.T.);
#7037=ORIENTED_EDGE('',*,*,#5351,.F.);
#7038=ORIENTED_EDGE('',*,*,#5357,.F.);
#7039=ORIENTED_EDGE('',*,*,#5358,.T.);
#7040=ORIENTED_EDGE('',*,*,#5359,.T.);
#7041=ORIENTED_EDGE('',*,*,#5355,.F.);
#7042=ORIENTED_EDGE('',*,*,#5360,.F.);
#7043=ORIENTED_EDGE('',*,*,#5361,.T.);
#7044=ORIENTED_EDGE('',*,*,#5362,.T.);
#7045=ORIENTED_EDGE('',*,*,#5358,.F.);
#7046=ORIENTED_EDGE('',*,*,#5363,.F.);
#7047=ORIENTED_EDGE('',*,*,#5364,.T.);
#7048=ORIENTED_EDGE('',*,*,#5365,.T.);
#7049=ORIENTED_EDGE('',*,*,#5361,.F.);
#7050=ORIENTED_EDGE('',*,*,#5366,.F.);
#7051=ORIENTED_EDGE('',*,*,#5367,.T.);
#7052=ORIENTED_EDGE('',*,*,#5368,.T.);
#7053=ORIENTED_EDGE('',*,*,#5364,.F.);
#7054=ORIENTED_EDGE('',*,*,#5369,.F.);
#7055=ORIENTED_EDGE('',*,*,#5370,.T.);
#7056=ORIENTED_EDGE('',*,*,#5371,.T.);
#7057=ORIENTED_EDGE('',*,*,#5367,.F.);
#7058=ORIENTED_EDGE('',*,*,#5372,.F.);
#7059=ORIENTED_EDGE('',*,*,#5353,.T.);
#7060=ORIENTED_EDGE('',*,*,#5373,.T.);
#7061=ORIENTED_EDGE('',*,*,#5370,.F.);
#7062=ORIENTED_EDGE('',*,*,#5373,.F.);
#7063=ORIENTED_EDGE('',*,*,#5352,.F.);
#7064=ORIENTED_EDGE('',*,*,#5356,.F.);
#7065=ORIENTED_EDGE('',*,*,#5359,.F.);
#7066=ORIENTED_EDGE('',*,*,#5362,.F.);
#7067=ORIENTED_EDGE('',*,*,#5365,.F.);
#7068=ORIENTED_EDGE('',*,*,#5368,.F.);
#7069=ORIENTED_EDGE('',*,*,#5371,.F.);
#7070=ORIENTED_EDGE('',*,*,#5374,.F.);
#7071=ORIENTED_EDGE('',*,*,#5375,.T.);
#7072=ORIENTED_EDGE('',*,*,#5376,.T.);
#7073=ORIENTED_EDGE('',*,*,#5377,.F.);
#7074=ORIENTED_EDGE('',*,*,#5378,.F.);
#7075=ORIENTED_EDGE('',*,*,#5379,.T.);
#7076=ORIENTED_EDGE('',*,*,#5380,.T.);
#7077=ORIENTED_EDGE('',*,*,#5375,.F.);
#7078=ORIENTED_EDGE('',*,*,#5381,.F.);
#7079=ORIENTED_EDGE('',*,*,#5382,.T.);
#7080=ORIENTED_EDGE('',*,*,#5383,.T.);
#7081=ORIENTED_EDGE('',*,*,#5379,.F.);
#7082=ORIENTED_EDGE('',*,*,#5384,.F.);
#7083=ORIENTED_EDGE('',*,*,#5377,.T.);
#7084=ORIENTED_EDGE('',*,*,#5385,.T.);
#7085=ORIENTED_EDGE('',*,*,#5382,.F.);
#7086=ORIENTED_EDGE('',*,*,#5385,.F.);
#7087=ORIENTED_EDGE('',*,*,#5376,.F.);
#7088=ORIENTED_EDGE('',*,*,#5380,.F.);
#7089=ORIENTED_EDGE('',*,*,#5383,.F.);
#7090=ORIENTED_EDGE('',*,*,#5386,.F.);
#7091=ORIENTED_EDGE('',*,*,#5387,.T.);
#7092=ORIENTED_EDGE('',*,*,#5388,.T.);
#7093=ORIENTED_EDGE('',*,*,#5389,.F.);
#7094=ORIENTED_EDGE('',*,*,#5390,.F.);
#7095=ORIENTED_EDGE('',*,*,#5391,.T.);
#7096=ORIENTED_EDGE('',*,*,#5392,.T.);
#7097=ORIENTED_EDGE('',*,*,#5387,.F.);
#7098=ORIENTED_EDGE('',*,*,#5393,.F.);
#7099=ORIENTED_EDGE('',*,*,#5394,.T.);
#7100=ORIENTED_EDGE('',*,*,#5395,.T.);
#7101=ORIENTED_EDGE('',*,*,#5391,.F.);
#7102=ORIENTED_EDGE('',*,*,#5396,.F.);
#7103=ORIENTED_EDGE('',*,*,#5397,.T.);
#7104=ORIENTED_EDGE('',*,*,#5398,.T.);
#7105=ORIENTED_EDGE('',*,*,#5394,.F.);
#7106=ORIENTED_EDGE('',*,*,#5399,.F.);
#7107=ORIENTED_EDGE('',*,*,#5400,.T.);
#7108=ORIENTED_EDGE('',*,*,#5401,.T.);
#7109=ORIENTED_EDGE('',*,*,#5397,.F.);
#7110=ORIENTED_EDGE('',*,*,#5402,.F.);
#7111=ORIENTED_EDGE('',*,*,#5403,.T.);
#7112=ORIENTED_EDGE('',*,*,#5404,.T.);
#7113=ORIENTED_EDGE('',*,*,#5400,.F.);
#7114=ORIENTED_EDGE('',*,*,#5405,.F.);
#7115=ORIENTED_EDGE('',*,*,#5389,.T.);
#7116=ORIENTED_EDGE('',*,*,#5406,.T.);
#7117=ORIENTED_EDGE('',*,*,#5403,.F.);
#7118=ORIENTED_EDGE('',*,*,#5406,.F.);
#7119=ORIENTED_EDGE('',*,*,#5388,.F.);
#7120=ORIENTED_EDGE('',*,*,#5392,.F.);
#7121=ORIENTED_EDGE('',*,*,#5395,.F.);
#7122=ORIENTED_EDGE('',*,*,#5398,.F.);
#7123=ORIENTED_EDGE('',*,*,#5401,.F.);
#7124=ORIENTED_EDGE('',*,*,#5404,.F.);
#7125=ORIENTED_EDGE('',*,*,#5407,.F.);
#7126=ORIENTED_EDGE('',*,*,#5408,.T.);
#7127=ORIENTED_EDGE('',*,*,#5409,.T.);
#7128=ORIENTED_EDGE('',*,*,#5410,.F.);
#7129=ORIENTED_EDGE('',*,*,#5411,.F.);
#7130=ORIENTED_EDGE('',*,*,#5412,.T.);
#7131=ORIENTED_EDGE('',*,*,#5413,.T.);
#7132=ORIENTED_EDGE('',*,*,#5408,.F.);
#7133=ORIENTED_EDGE('',*,*,#5414,.F.);
#7134=ORIENTED_EDGE('',*,*,#5415,.T.);
#7135=ORIENTED_EDGE('',*,*,#5416,.T.);
#7136=ORIENTED_EDGE('',*,*,#5412,.F.);
#7137=ORIENTED_EDGE('',*,*,#5417,.F.);
#7138=ORIENTED_EDGE('',*,*,#5410,.T.);
#7139=ORIENTED_EDGE('',*,*,#5418,.T.);
#7140=ORIENTED_EDGE('',*,*,#5415,.F.);
#7141=ORIENTED_EDGE('',*,*,#5418,.F.);
#7142=ORIENTED_EDGE('',*,*,#5409,.F.);
#7143=ORIENTED_EDGE('',*,*,#5413,.F.);
#7144=ORIENTED_EDGE('',*,*,#5416,.F.);
#7145=ORIENTED_EDGE('',*,*,#5419,.F.);
#7146=ORIENTED_EDGE('',*,*,#5420,.T.);
#7147=ORIENTED_EDGE('',*,*,#5421,.T.);
#7148=ORIENTED_EDGE('',*,*,#5422,.F.);
#7149=ORIENTED_EDGE('',*,*,#5423,.F.);
#7150=ORIENTED_EDGE('',*,*,#5424,.T.);
#7151=ORIENTED_EDGE('',*,*,#5425,.T.);
#7152=ORIENTED_EDGE('',*,*,#5420,.F.);
#7153=ORIENTED_EDGE('',*,*,#5426,.F.);
#7154=ORIENTED_EDGE('',*,*,#5427,.T.);
#7155=ORIENTED_EDGE('',*,*,#5428,.T.);
#7156=ORIENTED_EDGE('',*,*,#5424,.F.);
#7157=ORIENTED_EDGE('',*,*,#5429,.F.);
#7158=ORIENTED_EDGE('',*,*,#5430,.T.);
#7159=ORIENTED_EDGE('',*,*,#5431,.T.);
#7160=ORIENTED_EDGE('',*,*,#5427,.F.);
#7161=ORIENTED_EDGE('',*,*,#5432,.F.);
#7162=ORIENTED_EDGE('',*,*,#5433,.T.);
#7163=ORIENTED_EDGE('',*,*,#5434,.T.);
#7164=ORIENTED_EDGE('',*,*,#5430,.F.);
#7165=ORIENTED_EDGE('',*,*,#5435,.F.);
#7166=ORIENTED_EDGE('',*,*,#5436,.T.);
#7167=ORIENTED_EDGE('',*,*,#5437,.T.);
#7168=ORIENTED_EDGE('',*,*,#5433,.F.);
#7169=ORIENTED_EDGE('',*,*,#5438,.F.);
#7170=ORIENTED_EDGE('',*,*,#5439,.T.);
#7171=ORIENTED_EDGE('',*,*,#5440,.T.);
#7172=ORIENTED_EDGE('',*,*,#5436,.F.);
#7173=ORIENTED_EDGE('',*,*,#5441,.F.);
#7174=ORIENTED_EDGE('',*,*,#5442,.T.);
#7175=ORIENTED_EDGE('',*,*,#5443,.T.);
#7176=ORIENTED_EDGE('',*,*,#5439,.F.);
#7177=ORIENTED_EDGE('',*,*,#5444,.F.);
#7178=ORIENTED_EDGE('',*,*,#5445,.T.);
#7179=ORIENTED_EDGE('',*,*,#5446,.T.);
#7180=ORIENTED_EDGE('',*,*,#5442,.F.);
#7181=ORIENTED_EDGE('',*,*,#5447,.F.);
#7182=ORIENTED_EDGE('',*,*,#5448,.T.);
#7183=ORIENTED_EDGE('',*,*,#5449,.T.);
#7184=ORIENTED_EDGE('',*,*,#5445,.F.);
#7185=ORIENTED_EDGE('',*,*,#5450,.F.);
#7186=ORIENTED_EDGE('',*,*,#5451,.T.);
#7187=ORIENTED_EDGE('',*,*,#5452,.T.);
#7188=ORIENTED_EDGE('',*,*,#5448,.F.);
#7189=ORIENTED_EDGE('',*,*,#5453,.F.);
#7190=ORIENTED_EDGE('',*,*,#5454,.T.);
#7191=ORIENTED_EDGE('',*,*,#5455,.T.);
#7192=ORIENTED_EDGE('',*,*,#5451,.F.);
#7193=ORIENTED_EDGE('',*,*,#5456,.F.);
#7194=ORIENTED_EDGE('',*,*,#5457,.T.);
#7195=ORIENTED_EDGE('',*,*,#5458,.T.);
#7196=ORIENTED_EDGE('',*,*,#5454,.F.);
#7197=ORIENTED_EDGE('',*,*,#5459,.F.);
#7198=ORIENTED_EDGE('',*,*,#5460,.T.);
#7199=ORIENTED_EDGE('',*,*,#5461,.T.);
#7200=ORIENTED_EDGE('',*,*,#5457,.F.);
#7201=ORIENTED_EDGE('',*,*,#5462,.F.);
#7202=ORIENTED_EDGE('',*,*,#5463,.T.);
#7203=ORIENTED_EDGE('',*,*,#5464,.T.);
#7204=ORIENTED_EDGE('',*,*,#5460,.F.);
#7205=ORIENTED_EDGE('',*,*,#5465,.F.);
#7206=ORIENTED_EDGE('',*,*,#5422,.T.);
#7207=ORIENTED_EDGE('',*,*,#5466,.T.);
#7208=ORIENTED_EDGE('',*,*,#5463,.F.);
#7209=ORIENTED_EDGE('',*,*,#5466,.F.);
#7210=ORIENTED_EDGE('',*,*,#5421,.F.);
#7211=ORIENTED_EDGE('',*,*,#5425,.F.);
#7212=ORIENTED_EDGE('',*,*,#5428,.F.);
#7213=ORIENTED_EDGE('',*,*,#5431,.F.);
#7214=ORIENTED_EDGE('',*,*,#5434,.F.);
#7215=ORIENTED_EDGE('',*,*,#5437,.F.);
#7216=ORIENTED_EDGE('',*,*,#5440,.F.);
#7217=ORIENTED_EDGE('',*,*,#5443,.F.);
#7218=ORIENTED_EDGE('',*,*,#5446,.F.);
#7219=ORIENTED_EDGE('',*,*,#5449,.F.);
#7220=ORIENTED_EDGE('',*,*,#5452,.F.);
#7221=ORIENTED_EDGE('',*,*,#5455,.F.);
#7222=ORIENTED_EDGE('',*,*,#5458,.F.);
#7223=ORIENTED_EDGE('',*,*,#5461,.F.);
#7224=ORIENTED_EDGE('',*,*,#5464,.F.);
#7225=ORIENTED_EDGE('',*,*,#5467,.F.);
#7226=ORIENTED_EDGE('',*,*,#5468,.T.);
#7227=ORIENTED_EDGE('',*,*,#5469,.T.);
#7228=ORIENTED_EDGE('',*,*,#5470,.F.);
#7229=ORIENTED_EDGE('',*,*,#5471,.F.);
#7230=ORIENTED_EDGE('',*,*,#5470,.T.);
#7231=ORIENTED_EDGE('',*,*,#5472,.T.);
#7232=ORIENTED_EDGE('',*,*,#5473,.F.);
#7233=ORIENTED_EDGE('',*,*,#5474,.F.);
#7234=ORIENTED_EDGE('',*,*,#5473,.T.);
#7235=ORIENTED_EDGE('',*,*,#5475,.T.);
#7236=ORIENTED_EDGE('',*,*,#5476,.F.);
#7237=ORIENTED_EDGE('',*,*,#5477,.F.);
#7238=ORIENTED_EDGE('',*,*,#5476,.T.);
#7239=ORIENTED_EDGE('',*,*,#5478,.T.);
#7240=ORIENTED_EDGE('',*,*,#5479,.F.);
#7241=ORIENTED_EDGE('',*,*,#5480,.F.);
#7242=ORIENTED_EDGE('',*,*,#5479,.T.);
#7243=ORIENTED_EDGE('',*,*,#5481,.T.);
#7244=ORIENTED_EDGE('',*,*,#5468,.F.);
#7245=ORIENTED_EDGE('',*,*,#5482,.F.);
#7246=ORIENTED_EDGE('',*,*,#5483,.T.);
#7247=ORIENTED_EDGE('',*,*,#5484,.T.);
#7248=ORIENTED_EDGE('',*,*,#5485,.F.);
#7249=ORIENTED_EDGE('',*,*,#5486,.F.);
#7250=ORIENTED_EDGE('',*,*,#5487,.T.);
#7251=ORIENTED_EDGE('',*,*,#5488,.T.);
#7252=ORIENTED_EDGE('',*,*,#5483,.F.);
#7253=ORIENTED_EDGE('',*,*,#5489,.F.);
#7254=ORIENTED_EDGE('',*,*,#5490,.T.);
#7255=ORIENTED_EDGE('',*,*,#5491,.T.);
#7256=ORIENTED_EDGE('',*,*,#5487,.F.);
#7257=ORIENTED_EDGE('',*,*,#5492,.F.);
#7258=ORIENTED_EDGE('',*,*,#5493,.T.);
#7259=ORIENTED_EDGE('',*,*,#5494,.T.);
#7260=ORIENTED_EDGE('',*,*,#5490,.F.);
#7261=ORIENTED_EDGE('',*,*,#5495,.F.);
#7262=ORIENTED_EDGE('',*,*,#5496,.T.);
#7263=ORIENTED_EDGE('',*,*,#5497,.T.);
#7264=ORIENTED_EDGE('',*,*,#5493,.F.);
#7265=ORIENTED_EDGE('',*,*,#5498,.F.);
#7266=ORIENTED_EDGE('',*,*,#5499,.T.);
#7267=ORIENTED_EDGE('',*,*,#5500,.T.);
#7268=ORIENTED_EDGE('',*,*,#5496,.F.);
#7269=ORIENTED_EDGE('',*,*,#5501,.F.);
#7270=ORIENTED_EDGE('',*,*,#5502,.T.);
#7271=ORIENTED_EDGE('',*,*,#5503,.T.);
#7272=ORIENTED_EDGE('',*,*,#5499,.F.);
#7273=ORIENTED_EDGE('',*,*,#5504,.F.);
#7274=ORIENTED_EDGE('',*,*,#5505,.T.);
#7275=ORIENTED_EDGE('',*,*,#5506,.T.);
#7276=ORIENTED_EDGE('',*,*,#5502,.F.);
#7277=ORIENTED_EDGE('',*,*,#5507,.F.);
#7278=ORIENTED_EDGE('',*,*,#5508,.T.);
#7279=ORIENTED_EDGE('',*,*,#5509,.T.);
#7280=ORIENTED_EDGE('',*,*,#5505,.F.);
#7281=ORIENTED_EDGE('',*,*,#5510,.F.);
#7282=ORIENTED_EDGE('',*,*,#5511,.T.);
#7283=ORIENTED_EDGE('',*,*,#5512,.T.);
#7284=ORIENTED_EDGE('',*,*,#5508,.F.);
#7285=ORIENTED_EDGE('',*,*,#5513,.F.);
#7286=ORIENTED_EDGE('',*,*,#5514,.T.);
#7287=ORIENTED_EDGE('',*,*,#5515,.T.);
#7288=ORIENTED_EDGE('',*,*,#5511,.F.);
#7289=ORIENTED_EDGE('',*,*,#5516,.F.);
#7290=ORIENTED_EDGE('',*,*,#5517,.T.);
#7291=ORIENTED_EDGE('',*,*,#5518,.T.);
#7292=ORIENTED_EDGE('',*,*,#5514,.F.);
#7293=ORIENTED_EDGE('',*,*,#5519,.F.);
#7294=ORIENTED_EDGE('',*,*,#5485,.T.);
#7295=ORIENTED_EDGE('',*,*,#5520,.T.);
#7296=ORIENTED_EDGE('',*,*,#5517,.F.);
#7297=ORIENTED_EDGE('',*,*,#5520,.F.);
#7298=ORIENTED_EDGE('',*,*,#5484,.F.);
#7299=ORIENTED_EDGE('',*,*,#5488,.F.);
#7300=ORIENTED_EDGE('',*,*,#5491,.F.);
#7301=ORIENTED_EDGE('',*,*,#5494,.F.);
#7302=ORIENTED_EDGE('',*,*,#5497,.F.);
#7303=ORIENTED_EDGE('',*,*,#5500,.F.);
#7304=ORIENTED_EDGE('',*,*,#5503,.F.);
#7305=ORIENTED_EDGE('',*,*,#5506,.F.);
#7306=ORIENTED_EDGE('',*,*,#5509,.F.);
#7307=ORIENTED_EDGE('',*,*,#5512,.F.);
#7308=ORIENTED_EDGE('',*,*,#5515,.F.);
#7309=ORIENTED_EDGE('',*,*,#5518,.F.);
#7310=ORIENTED_EDGE('',*,*,#5469,.F.);
#7311=ORIENTED_EDGE('',*,*,#5481,.F.);
#7312=ORIENTED_EDGE('',*,*,#5478,.F.);
#7313=ORIENTED_EDGE('',*,*,#5475,.F.);
#7314=ORIENTED_EDGE('',*,*,#5472,.F.);
#7315=ORIENTED_EDGE('',*,*,#5521,.F.);
#7316=ORIENTED_EDGE('',*,*,#5522,.T.);
#7317=ORIENTED_EDGE('',*,*,#5523,.T.);
#7318=ORIENTED_EDGE('',*,*,#5524,.F.);
#7319=ORIENTED_EDGE('',*,*,#5525,.F.);
#7320=ORIENTED_EDGE('',*,*,#5526,.T.);
#7321=ORIENTED_EDGE('',*,*,#5527,.T.);
#7322=ORIENTED_EDGE('',*,*,#5522,.F.);
#7323=ORIENTED_EDGE('',*,*,#5528,.F.);
#7324=ORIENTED_EDGE('',*,*,#5529,.T.);
#7325=ORIENTED_EDGE('',*,*,#5530,.T.);
#7326=ORIENTED_EDGE('',*,*,#5526,.F.);
#7327=ORIENTED_EDGE('',*,*,#5531,.F.);
#7328=ORIENTED_EDGE('',*,*,#5532,.T.);
#7329=ORIENTED_EDGE('',*,*,#5533,.T.);
#7330=ORIENTED_EDGE('',*,*,#5529,.F.);
#7331=ORIENTED_EDGE('',*,*,#5534,.F.);
#7332=ORIENTED_EDGE('',*,*,#5535,.T.);
#7333=ORIENTED_EDGE('',*,*,#5536,.T.);
#7334=ORIENTED_EDGE('',*,*,#5532,.F.);
#7335=ORIENTED_EDGE('',*,*,#5537,.F.);
#7336=ORIENTED_EDGE('',*,*,#5538,.T.);
#7337=ORIENTED_EDGE('',*,*,#5539,.T.);
#7338=ORIENTED_EDGE('',*,*,#5535,.F.);
#7339=ORIENTED_EDGE('',*,*,#5540,.F.);
#7340=ORIENTED_EDGE('',*,*,#5541,.T.);
#7341=ORIENTED_EDGE('',*,*,#5542,.T.);
#7342=ORIENTED_EDGE('',*,*,#5538,.F.);
#7343=ORIENTED_EDGE('',*,*,#5543,.F.);
#7344=ORIENTED_EDGE('',*,*,#5544,.T.);
#7345=ORIENTED_EDGE('',*,*,#5545,.T.);
#7346=ORIENTED_EDGE('',*,*,#5541,.F.);
#7347=ORIENTED_EDGE('',*,*,#5546,.F.);
#7348=ORIENTED_EDGE('',*,*,#5547,.T.);
#7349=ORIENTED_EDGE('',*,*,#5548,.T.);
#7350=ORIENTED_EDGE('',*,*,#5544,.F.);
#7351=ORIENTED_EDGE('',*,*,#5549,.F.);
#7352=ORIENTED_EDGE('',*,*,#5550,.T.);
#7353=ORIENTED_EDGE('',*,*,#5551,.T.);
#7354=ORIENTED_EDGE('',*,*,#5547,.F.);
#7355=ORIENTED_EDGE('',*,*,#5552,.F.);
#7356=ORIENTED_EDGE('',*,*,#5553,.T.);
#7357=ORIENTED_EDGE('',*,*,#5554,.T.);
#7358=ORIENTED_EDGE('',*,*,#5550,.F.);
#7359=ORIENTED_EDGE('',*,*,#5555,.F.);
#7360=ORIENTED_EDGE('',*,*,#5556,.T.);
#7361=ORIENTED_EDGE('',*,*,#5557,.T.);
#7362=ORIENTED_EDGE('',*,*,#5553,.F.);
#7363=ORIENTED_EDGE('',*,*,#5558,.F.);
#7364=ORIENTED_EDGE('',*,*,#5524,.T.);
#7365=ORIENTED_EDGE('',*,*,#5559,.T.);
#7366=ORIENTED_EDGE('',*,*,#5556,.F.);
#7367=ORIENTED_EDGE('',*,*,#5559,.F.);
#7368=ORIENTED_EDGE('',*,*,#5523,.F.);
#7369=ORIENTED_EDGE('',*,*,#5527,.F.);
#7370=ORIENTED_EDGE('',*,*,#5530,.F.);
#7371=ORIENTED_EDGE('',*,*,#5533,.F.);
#7372=ORIENTED_EDGE('',*,*,#5536,.F.);
#7373=ORIENTED_EDGE('',*,*,#5539,.F.);
#7374=ORIENTED_EDGE('',*,*,#5542,.F.);
#7375=ORIENTED_EDGE('',*,*,#5545,.F.);
#7376=ORIENTED_EDGE('',*,*,#5548,.F.);
#7377=ORIENTED_EDGE('',*,*,#5551,.F.);
#7378=ORIENTED_EDGE('',*,*,#5554,.F.);
#7379=ORIENTED_EDGE('',*,*,#5557,.F.);
#7380=ORIENTED_EDGE('',*,*,#5560,.F.);
#7381=ORIENTED_EDGE('',*,*,#5561,.T.);
#7382=ORIENTED_EDGE('',*,*,#5562,.T.);
#7383=ORIENTED_EDGE('',*,*,#5563,.F.);
#7384=ORIENTED_EDGE('',*,*,#5564,.F.);
#7385=ORIENTED_EDGE('',*,*,#5563,.T.);
#7386=ORIENTED_EDGE('',*,*,#5565,.T.);
#7387=ORIENTED_EDGE('',*,*,#5566,.F.);
#7388=ORIENTED_EDGE('',*,*,#5567,.F.);
#7389=ORIENTED_EDGE('',*,*,#5566,.T.);
#7390=ORIENTED_EDGE('',*,*,#5568,.T.);
#7391=ORIENTED_EDGE('',*,*,#5569,.F.);
#7392=ORIENTED_EDGE('',*,*,#5570,.F.);
#7393=ORIENTED_EDGE('',*,*,#5569,.T.);
#7394=ORIENTED_EDGE('',*,*,#5571,.T.);
#7395=ORIENTED_EDGE('',*,*,#5561,.F.);
#7396=ORIENTED_EDGE('',*,*,#5572,.F.);
#7397=ORIENTED_EDGE('',*,*,#5573,.T.);
#7398=ORIENTED_EDGE('',*,*,#5574,.T.);
#7399=ORIENTED_EDGE('',*,*,#5575,.F.);
#7400=ORIENTED_EDGE('',*,*,#5576,.F.);
#7401=ORIENTED_EDGE('',*,*,#5577,.T.);
#7402=ORIENTED_EDGE('',*,*,#5578,.T.);
#7403=ORIENTED_EDGE('',*,*,#5573,.F.);
#7404=ORIENTED_EDGE('',*,*,#5579,.F.);
#7405=ORIENTED_EDGE('',*,*,#5580,.T.);
#7406=ORIENTED_EDGE('',*,*,#5581,.T.);
#7407=ORIENTED_EDGE('',*,*,#5577,.F.);
#7408=ORIENTED_EDGE('',*,*,#5582,.F.);
#7409=ORIENTED_EDGE('',*,*,#5575,.T.);
#7410=ORIENTED_EDGE('',*,*,#5583,.T.);
#7411=ORIENTED_EDGE('',*,*,#5580,.F.);
#7412=ORIENTED_EDGE('',*,*,#5583,.F.);
#7413=ORIENTED_EDGE('',*,*,#5574,.F.);
#7414=ORIENTED_EDGE('',*,*,#5578,.F.);
#7415=ORIENTED_EDGE('',*,*,#5581,.F.);
#7416=ORIENTED_EDGE('',*,*,#5562,.F.);
#7417=ORIENTED_EDGE('',*,*,#5571,.F.);
#7418=ORIENTED_EDGE('',*,*,#5568,.F.);
#7419=ORIENTED_EDGE('',*,*,#5565,.F.);
#7420=ORIENTED_EDGE('',*,*,#5584,.F.);
#7421=ORIENTED_EDGE('',*,*,#5585,.T.);
#7422=ORIENTED_EDGE('',*,*,#5586,.T.);
#7423=ORIENTED_EDGE('',*,*,#5587,.F.);
#7424=ORIENTED_EDGE('',*,*,#5588,.F.);
#7425=ORIENTED_EDGE('',*,*,#5589,.T.);
#7426=ORIENTED_EDGE('',*,*,#5590,.T.);
#7427=ORIENTED_EDGE('',*,*,#5585,.F.);
#7428=ORIENTED_EDGE('',*,*,#5591,.F.);
#7429=ORIENTED_EDGE('',*,*,#5592,.T.);
#7430=ORIENTED_EDGE('',*,*,#5593,.T.);
#7431=ORIENTED_EDGE('',*,*,#5589,.F.);
#7432=ORIENTED_EDGE('',*,*,#5594,.F.);
#7433=ORIENTED_EDGE('',*,*,#5595,.T.);
#7434=ORIENTED_EDGE('',*,*,#5596,.T.);
#7435=ORIENTED_EDGE('',*,*,#5592,.F.);
#7436=ORIENTED_EDGE('',*,*,#5597,.F.);
#7437=ORIENTED_EDGE('',*,*,#5598,.T.);
#7438=ORIENTED_EDGE('',*,*,#5599,.T.);
#7439=ORIENTED_EDGE('',*,*,#5595,.F.);
#7440=ORIENTED_EDGE('',*,*,#5600,.F.);
#7441=ORIENTED_EDGE('',*,*,#5601,.T.);
#7442=ORIENTED_EDGE('',*,*,#5602,.T.);
#7443=ORIENTED_EDGE('',*,*,#5598,.F.);
#7444=ORIENTED_EDGE('',*,*,#5603,.F.);
#7445=ORIENTED_EDGE('',*,*,#5604,.T.);
#7446=ORIENTED_EDGE('',*,*,#5605,.T.);
#7447=ORIENTED_EDGE('',*,*,#5601,.F.);
#7448=ORIENTED_EDGE('',*,*,#5606,.F.);
#7449=ORIENTED_EDGE('',*,*,#5607,.T.);
#7450=ORIENTED_EDGE('',*,*,#5608,.T.);
#7451=ORIENTED_EDGE('',*,*,#5604,.F.);
#7452=ORIENTED_EDGE('',*,*,#5609,.F.);
#7453=ORIENTED_EDGE('',*,*,#5610,.T.);
#7454=ORIENTED_EDGE('',*,*,#5611,.T.);
#7455=ORIENTED_EDGE('',*,*,#5607,.F.);
#7456=ORIENTED_EDGE('',*,*,#5612,.F.);
#7457=ORIENTED_EDGE('',*,*,#5613,.T.);
#7458=ORIENTED_EDGE('',*,*,#5614,.T.);
#7459=ORIENTED_EDGE('',*,*,#5610,.F.);
#7460=ORIENTED_EDGE('',*,*,#5615,.F.);
#7461=ORIENTED_EDGE('',*,*,#5616,.T.);
#7462=ORIENTED_EDGE('',*,*,#5617,.T.);
#7463=ORIENTED_EDGE('',*,*,#5613,.F.);
#7464=ORIENTED_EDGE('',*,*,#5618,.F.);
#7465=ORIENTED_EDGE('',*,*,#5587,.T.);
#7466=ORIENTED_EDGE('',*,*,#5619,.T.);
#7467=ORIENTED_EDGE('',*,*,#5616,.F.);
#7468=ORIENTED_EDGE('',*,*,#5619,.F.);
#7469=ORIENTED_EDGE('',*,*,#5586,.F.);
#7470=ORIENTED_EDGE('',*,*,#5590,.F.);
#7471=ORIENTED_EDGE('',*,*,#5593,.F.);
#7472=ORIENTED_EDGE('',*,*,#5596,.F.);
#7473=ORIENTED_EDGE('',*,*,#5599,.F.);
#7474=ORIENTED_EDGE('',*,*,#5602,.F.);
#7475=ORIENTED_EDGE('',*,*,#5605,.F.);
#7476=ORIENTED_EDGE('',*,*,#5608,.F.);
#7477=ORIENTED_EDGE('',*,*,#5611,.F.);
#7478=ORIENTED_EDGE('',*,*,#5614,.F.);
#7479=ORIENTED_EDGE('',*,*,#5617,.F.);
#7480=ORIENTED_EDGE('',*,*,#5620,.F.);
#7481=ORIENTED_EDGE('',*,*,#5621,.T.);
#7482=ORIENTED_EDGE('',*,*,#5622,.T.);
#7483=ORIENTED_EDGE('',*,*,#5623,.F.);
#7484=ORIENTED_EDGE('',*,*,#5624,.F.);
#7485=ORIENTED_EDGE('',*,*,#5625,.T.);
#7486=ORIENTED_EDGE('',*,*,#5626,.T.);
#7487=ORIENTED_EDGE('',*,*,#5621,.F.);
#7488=ORIENTED_EDGE('',*,*,#5627,.F.);
#7489=ORIENTED_EDGE('',*,*,#5628,.T.);
#7490=ORIENTED_EDGE('',*,*,#5629,.T.);
#7491=ORIENTED_EDGE('',*,*,#5625,.F.);
#7492=ORIENTED_EDGE('',*,*,#5630,.F.);
#7493=ORIENTED_EDGE('',*,*,#5631,.T.);
#7494=ORIENTED_EDGE('',*,*,#5632,.T.);
#7495=ORIENTED_EDGE('',*,*,#5628,.F.);
#7496=ORIENTED_EDGE('',*,*,#5633,.F.);
#7497=ORIENTED_EDGE('',*,*,#5634,.T.);
#7498=ORIENTED_EDGE('',*,*,#5635,.T.);
#7499=ORIENTED_EDGE('',*,*,#5631,.F.);
#7500=ORIENTED_EDGE('',*,*,#5636,.F.);
#7501=ORIENTED_EDGE('',*,*,#5637,.T.);
#7502=ORIENTED_EDGE('',*,*,#5638,.T.);
#7503=ORIENTED_EDGE('',*,*,#5634,.F.);
#7504=ORIENTED_EDGE('',*,*,#5639,.F.);
#7505=ORIENTED_EDGE('',*,*,#5640,.T.);
#7506=ORIENTED_EDGE('',*,*,#5641,.T.);
#7507=ORIENTED_EDGE('',*,*,#5637,.F.);
#7508=ORIENTED_EDGE('',*,*,#5642,.F.);
#7509=ORIENTED_EDGE('',*,*,#5623,.T.);
#7510=ORIENTED_EDGE('',*,*,#5643,.T.);
#7511=ORIENTED_EDGE('',*,*,#5640,.F.);
#7512=ORIENTED_EDGE('',*,*,#5643,.F.);
#7513=ORIENTED_EDGE('',*,*,#5622,.F.);
#7514=ORIENTED_EDGE('',*,*,#5626,.F.);
#7515=ORIENTED_EDGE('',*,*,#5629,.F.);
#7516=ORIENTED_EDGE('',*,*,#5632,.F.);
#7517=ORIENTED_EDGE('',*,*,#5635,.F.);
#7518=ORIENTED_EDGE('',*,*,#5638,.F.);
#7519=ORIENTED_EDGE('',*,*,#5641,.F.);
#7520=ORIENTED_EDGE('',*,*,#5644,.F.);
#7521=ORIENTED_EDGE('',*,*,#5645,.T.);
#7522=ORIENTED_EDGE('',*,*,#5646,.T.);
#7523=ORIENTED_EDGE('',*,*,#5647,.F.);
#7524=ORIENTED_EDGE('',*,*,#5648,.F.);
#7525=ORIENTED_EDGE('',*,*,#5649,.T.);
#7526=ORIENTED_EDGE('',*,*,#5650,.T.);
#7527=ORIENTED_EDGE('',*,*,#5645,.F.);
#7528=ORIENTED_EDGE('',*,*,#5651,.F.);
#7529=ORIENTED_EDGE('',*,*,#5652,.T.);
#7530=ORIENTED_EDGE('',*,*,#5653,.T.);
#7531=ORIENTED_EDGE('',*,*,#5649,.F.);
#7532=ORIENTED_EDGE('',*,*,#5654,.F.);
#7533=ORIENTED_EDGE('',*,*,#5655,.T.);
#7534=ORIENTED_EDGE('',*,*,#5656,.T.);
#7535=ORIENTED_EDGE('',*,*,#5652,.F.);
#7536=ORIENTED_EDGE('',*,*,#5657,.F.);
#7537=ORIENTED_EDGE('',*,*,#5658,.T.);
#7538=ORIENTED_EDGE('',*,*,#5659,.T.);
#7539=ORIENTED_EDGE('',*,*,#5655,.F.);
#7540=ORIENTED_EDGE('',*,*,#5660,.F.);
#7541=ORIENTED_EDGE('',*,*,#5661,.T.);
#7542=ORIENTED_EDGE('',*,*,#5662,.T.);
#7543=ORIENTED_EDGE('',*,*,#5658,.F.);
#7544=ORIENTED_EDGE('',*,*,#5663,.F.);
#7545=ORIENTED_EDGE('',*,*,#5664,.T.);
#7546=ORIENTED_EDGE('',*,*,#5665,.T.);
#7547=ORIENTED_EDGE('',*,*,#5661,.F.);
#7548=ORIENTED_EDGE('',*,*,#5666,.F.);
#7549=ORIENTED_EDGE('',*,*,#5667,.T.);
#7550=ORIENTED_EDGE('',*,*,#5668,.T.);
#7551=ORIENTED_EDGE('',*,*,#5664,.F.);
#7552=ORIENTED_EDGE('',*,*,#5669,.F.);
#7553=ORIENTED_EDGE('',*,*,#5670,.T.);
#7554=ORIENTED_EDGE('',*,*,#5671,.T.);
#7555=ORIENTED_EDGE('',*,*,#5667,.F.);
#7556=ORIENTED_EDGE('',*,*,#5672,.F.);
#7557=ORIENTED_EDGE('',*,*,#5673,.T.);
#7558=ORIENTED_EDGE('',*,*,#5674,.T.);
#7559=ORIENTED_EDGE('',*,*,#5670,.F.);
#7560=ORIENTED_EDGE('',*,*,#5675,.F.);
#7561=ORIENTED_EDGE('',*,*,#5676,.T.);
#7562=ORIENTED_EDGE('',*,*,#5677,.T.);
#7563=ORIENTED_EDGE('',*,*,#5673,.F.);
#7564=ORIENTED_EDGE('',*,*,#5678,.F.);
#7565=ORIENTED_EDGE('',*,*,#5679,.T.);
#7566=ORIENTED_EDGE('',*,*,#5680,.T.);
#7567=ORIENTED_EDGE('',*,*,#5676,.F.);
#7568=ORIENTED_EDGE('',*,*,#5681,.F.);
#7569=ORIENTED_EDGE('',*,*,#5682,.T.);
#7570=ORIENTED_EDGE('',*,*,#5683,.T.);
#7571=ORIENTED_EDGE('',*,*,#5679,.F.);
#7572=ORIENTED_EDGE('',*,*,#5684,.F.);
#7573=ORIENTED_EDGE('',*,*,#5685,.T.);
#7574=ORIENTED_EDGE('',*,*,#5686,.T.);
#7575=ORIENTED_EDGE('',*,*,#5682,.F.);
#7576=ORIENTED_EDGE('',*,*,#5687,.F.);
#7577=ORIENTED_EDGE('',*,*,#5688,.T.);
#7578=ORIENTED_EDGE('',*,*,#5689,.T.);
#7579=ORIENTED_EDGE('',*,*,#5685,.F.);
#7580=ORIENTED_EDGE('',*,*,#5690,.F.);
#7581=ORIENTED_EDGE('',*,*,#5691,.T.);
#7582=ORIENTED_EDGE('',*,*,#5692,.T.);
#7583=ORIENTED_EDGE('',*,*,#5688,.F.);
#7584=ORIENTED_EDGE('',*,*,#5693,.F.);
#7585=ORIENTED_EDGE('',*,*,#5694,.T.);
#7586=ORIENTED_EDGE('',*,*,#5695,.T.);
#7587=ORIENTED_EDGE('',*,*,#5691,.F.);
#7588=ORIENTED_EDGE('',*,*,#5696,.F.);
#7589=ORIENTED_EDGE('',*,*,#5697,.T.);
#7590=ORIENTED_EDGE('',*,*,#5698,.T.);
#7591=ORIENTED_EDGE('',*,*,#5694,.F.);
#7592=ORIENTED_EDGE('',*,*,#5699,.F.);
#7593=ORIENTED_EDGE('',*,*,#5700,.T.);
#7594=ORIENTED_EDGE('',*,*,#5701,.T.);
#7595=ORIENTED_EDGE('',*,*,#5697,.F.);
#7596=ORIENTED_EDGE('',*,*,#5702,.F.);
#7597=ORIENTED_EDGE('',*,*,#5647,.T.);
#7598=ORIENTED_EDGE('',*,*,#5703,.T.);
#7599=ORIENTED_EDGE('',*,*,#5700,.F.);
#7600=ORIENTED_EDGE('',*,*,#5703,.F.);
#7601=ORIENTED_EDGE('',*,*,#5646,.F.);
#7602=ORIENTED_EDGE('',*,*,#5650,.F.);
#7603=ORIENTED_EDGE('',*,*,#5653,.F.);
#7604=ORIENTED_EDGE('',*,*,#5656,.F.);
#7605=ORIENTED_EDGE('',*,*,#5659,.F.);
#7606=ORIENTED_EDGE('',*,*,#5662,.F.);
#7607=ORIENTED_EDGE('',*,*,#5665,.F.);
#7608=ORIENTED_EDGE('',*,*,#5668,.F.);
#7609=ORIENTED_EDGE('',*,*,#5671,.F.);
#7610=ORIENTED_EDGE('',*,*,#5674,.F.);
#7611=ORIENTED_EDGE('',*,*,#5677,.F.);
#7612=ORIENTED_EDGE('',*,*,#5680,.F.);
#7613=ORIENTED_EDGE('',*,*,#5683,.F.);
#7614=ORIENTED_EDGE('',*,*,#5686,.F.);
#7615=ORIENTED_EDGE('',*,*,#5689,.F.);
#7616=ORIENTED_EDGE('',*,*,#5692,.F.);
#7617=ORIENTED_EDGE('',*,*,#5695,.F.);
#7618=ORIENTED_EDGE('',*,*,#5698,.F.);
#7619=ORIENTED_EDGE('',*,*,#5701,.F.);
#7620=ORIENTED_EDGE('',*,*,#5704,.F.);
#7621=ORIENTED_EDGE('',*,*,#5705,.T.);
#7622=ORIENTED_EDGE('',*,*,#5706,.T.);
#7623=ORIENTED_EDGE('',*,*,#5707,.F.);
#7624=ORIENTED_EDGE('',*,*,#5708,.F.);
#7625=ORIENTED_EDGE('',*,*,#5709,.T.);
#7626=ORIENTED_EDGE('',*,*,#5710,.T.);
#7627=ORIENTED_EDGE('',*,*,#5705,.F.);
#7628=ORIENTED_EDGE('',*,*,#5711,.F.);
#7629=ORIENTED_EDGE('',*,*,#5712,.T.);
#7630=ORIENTED_EDGE('',*,*,#5713,.T.);
#7631=ORIENTED_EDGE('',*,*,#5709,.F.);
#7632=ORIENTED_EDGE('',*,*,#5714,.F.);
#7633=ORIENTED_EDGE('',*,*,#5715,.T.);
#7634=ORIENTED_EDGE('',*,*,#5716,.T.);
#7635=ORIENTED_EDGE('',*,*,#5712,.F.);
#7636=ORIENTED_EDGE('',*,*,#5717,.F.);
#7637=ORIENTED_EDGE('',*,*,#5718,.T.);
#7638=ORIENTED_EDGE('',*,*,#5719,.T.);
#7639=ORIENTED_EDGE('',*,*,#5715,.F.);
#7640=ORIENTED_EDGE('',*,*,#5720,.F.);
#7641=ORIENTED_EDGE('',*,*,#5721,.T.);
#7642=ORIENTED_EDGE('',*,*,#5722,.T.);
#7643=ORIENTED_EDGE('',*,*,#5718,.F.);
#7644=ORIENTED_EDGE('',*,*,#5723,.F.);
#7645=ORIENTED_EDGE('',*,*,#5724,.T.);
#7646=ORIENTED_EDGE('',*,*,#5725,.T.);
#7647=ORIENTED_EDGE('',*,*,#5721,.F.);
#7648=ORIENTED_EDGE('',*,*,#5726,.F.);
#7649=ORIENTED_EDGE('',*,*,#5727,.T.);
#7650=ORIENTED_EDGE('',*,*,#5728,.T.);
#7651=ORIENTED_EDGE('',*,*,#5724,.F.);
#7652=ORIENTED_EDGE('',*,*,#5729,.F.);
#7653=ORIENTED_EDGE('',*,*,#5730,.T.);
#7654=ORIENTED_EDGE('',*,*,#5731,.T.);
#7655=ORIENTED_EDGE('',*,*,#5727,.F.);
#7656=ORIENTED_EDGE('',*,*,#5732,.F.);
#7657=ORIENTED_EDGE('',*,*,#5733,.T.);
#7658=ORIENTED_EDGE('',*,*,#5734,.T.);
#7659=ORIENTED_EDGE('',*,*,#5730,.F.);
#7660=ORIENTED_EDGE('',*,*,#5735,.F.);
#7661=ORIENTED_EDGE('',*,*,#5736,.T.);
#7662=ORIENTED_EDGE('',*,*,#5737,.T.);
#7663=ORIENTED_EDGE('',*,*,#5733,.F.);
#7664=ORIENTED_EDGE('',*,*,#5738,.F.);
#7665=ORIENTED_EDGE('',*,*,#5739,.T.);
#7666=ORIENTED_EDGE('',*,*,#5740,.T.);
#7667=ORIENTED_EDGE('',*,*,#5736,.F.);
#7668=ORIENTED_EDGE('',*,*,#5741,.F.);
#7669=ORIENTED_EDGE('',*,*,#5707,.T.);
#7670=ORIENTED_EDGE('',*,*,#5742,.T.);
#7671=ORIENTED_EDGE('',*,*,#5739,.F.);
#7672=ORIENTED_EDGE('',*,*,#5742,.F.);
#7673=ORIENTED_EDGE('',*,*,#5706,.F.);
#7674=ORIENTED_EDGE('',*,*,#5710,.F.);
#7675=ORIENTED_EDGE('',*,*,#5713,.F.);
#7676=ORIENTED_EDGE('',*,*,#5716,.F.);
#7677=ORIENTED_EDGE('',*,*,#5719,.F.);
#7678=ORIENTED_EDGE('',*,*,#5722,.F.);
#7679=ORIENTED_EDGE('',*,*,#5725,.F.);
#7680=ORIENTED_EDGE('',*,*,#5728,.F.);
#7681=ORIENTED_EDGE('',*,*,#5731,.F.);
#7682=ORIENTED_EDGE('',*,*,#5734,.F.);
#7683=ORIENTED_EDGE('',*,*,#5737,.F.);
#7684=ORIENTED_EDGE('',*,*,#5740,.F.);
#7685=ORIENTED_EDGE('',*,*,#5743,.F.);
#7686=ORIENTED_EDGE('',*,*,#5744,.T.);
#7687=ORIENTED_EDGE('',*,*,#5745,.T.);
#7688=ORIENTED_EDGE('',*,*,#5746,.F.);
#7689=ORIENTED_EDGE('',*,*,#5747,.F.);
#7690=ORIENTED_EDGE('',*,*,#5748,.T.);
#7691=ORIENTED_EDGE('',*,*,#5749,.T.);
#7692=ORIENTED_EDGE('',*,*,#5744,.F.);
#7693=ORIENTED_EDGE('',*,*,#5750,.F.);
#7694=ORIENTED_EDGE('',*,*,#5751,.T.);
#7695=ORIENTED_EDGE('',*,*,#5752,.T.);
#7696=ORIENTED_EDGE('',*,*,#5748,.F.);
#7697=ORIENTED_EDGE('',*,*,#5753,.F.);
#7698=ORIENTED_EDGE('',*,*,#5754,.T.);
#7699=ORIENTED_EDGE('',*,*,#5755,.T.);
#7700=ORIENTED_EDGE('',*,*,#5751,.F.);
#7701=ORIENTED_EDGE('',*,*,#5756,.F.);
#7702=ORIENTED_EDGE('',*,*,#5757,.T.);
#7703=ORIENTED_EDGE('',*,*,#5758,.T.);
#7704=ORIENTED_EDGE('',*,*,#5754,.F.);
#7705=ORIENTED_EDGE('',*,*,#5759,.F.);
#7706=ORIENTED_EDGE('',*,*,#5760,.T.);
#7707=ORIENTED_EDGE('',*,*,#5761,.T.);
#7708=ORIENTED_EDGE('',*,*,#5757,.F.);
#7709=ORIENTED_EDGE('',*,*,#5762,.F.);
#7710=ORIENTED_EDGE('',*,*,#5763,.T.);
#7711=ORIENTED_EDGE('',*,*,#5764,.T.);
#7712=ORIENTED_EDGE('',*,*,#5760,.F.);
#7713=ORIENTED_EDGE('',*,*,#5765,.F.);
#7714=ORIENTED_EDGE('',*,*,#5766,.T.);
#7715=ORIENTED_EDGE('',*,*,#5767,.T.);
#7716=ORIENTED_EDGE('',*,*,#5763,.F.);
#7717=ORIENTED_EDGE('',*,*,#5768,.F.);
#7718=ORIENTED_EDGE('',*,*,#5769,.T.);
#7719=ORIENTED_EDGE('',*,*,#5770,.T.);
#7720=ORIENTED_EDGE('',*,*,#5766,.F.);
#7721=ORIENTED_EDGE('',*,*,#5771,.F.);
#7722=ORIENTED_EDGE('',*,*,#5772,.T.);
#7723=ORIENTED_EDGE('',*,*,#5773,.T.);
#7724=ORIENTED_EDGE('',*,*,#5769,.F.);
#7725=ORIENTED_EDGE('',*,*,#5774,.F.);
#7726=ORIENTED_EDGE('',*,*,#5775,.T.);
#7727=ORIENTED_EDGE('',*,*,#5776,.T.);
#7728=ORIENTED_EDGE('',*,*,#5772,.F.);
#7729=ORIENTED_EDGE('',*,*,#5777,.F.);
#7730=ORIENTED_EDGE('',*,*,#5778,.T.);
#7731=ORIENTED_EDGE('',*,*,#5779,.T.);
#7732=ORIENTED_EDGE('',*,*,#5775,.F.);
#7733=ORIENTED_EDGE('',*,*,#5780,.F.);
#7734=ORIENTED_EDGE('',*,*,#5781,.T.);
#7735=ORIENTED_EDGE('',*,*,#5782,.T.);
#7736=ORIENTED_EDGE('',*,*,#5778,.F.);
#7737=ORIENTED_EDGE('',*,*,#5783,.F.);
#7738=ORIENTED_EDGE('',*,*,#5784,.T.);
#7739=ORIENTED_EDGE('',*,*,#5785,.T.);
#7740=ORIENTED_EDGE('',*,*,#5781,.F.);
#7741=ORIENTED_EDGE('',*,*,#5786,.F.);
#7742=ORIENTED_EDGE('',*,*,#5787,.T.);
#7743=ORIENTED_EDGE('',*,*,#5788,.T.);
#7744=ORIENTED_EDGE('',*,*,#5784,.F.);
#7745=ORIENTED_EDGE('',*,*,#5789,.F.);
#7746=ORIENTED_EDGE('',*,*,#5790,.T.);
#7747=ORIENTED_EDGE('',*,*,#5791,.T.);
#7748=ORIENTED_EDGE('',*,*,#5787,.F.);
#7749=ORIENTED_EDGE('',*,*,#5792,.F.);
#7750=ORIENTED_EDGE('',*,*,#5793,.T.);
#7751=ORIENTED_EDGE('',*,*,#5794,.T.);
#7752=ORIENTED_EDGE('',*,*,#5790,.F.);
#7753=ORIENTED_EDGE('',*,*,#5795,.F.);
#7754=ORIENTED_EDGE('',*,*,#5746,.T.);
#7755=ORIENTED_EDGE('',*,*,#5796,.T.);
#7756=ORIENTED_EDGE('',*,*,#5793,.F.);
#7757=ORIENTED_EDGE('',*,*,#5796,.F.);
#7758=ORIENTED_EDGE('',*,*,#5745,.F.);
#7759=ORIENTED_EDGE('',*,*,#5749,.F.);
#7760=ORIENTED_EDGE('',*,*,#5752,.F.);
#7761=ORIENTED_EDGE('',*,*,#5755,.F.);
#7762=ORIENTED_EDGE('',*,*,#5758,.F.);
#7763=ORIENTED_EDGE('',*,*,#5761,.F.);
#7764=ORIENTED_EDGE('',*,*,#5764,.F.);
#7765=ORIENTED_EDGE('',*,*,#5767,.F.);
#7766=ORIENTED_EDGE('',*,*,#5770,.F.);
#7767=ORIENTED_EDGE('',*,*,#5773,.F.);
#7768=ORIENTED_EDGE('',*,*,#5776,.F.);
#7769=ORIENTED_EDGE('',*,*,#5779,.F.);
#7770=ORIENTED_EDGE('',*,*,#5782,.F.);
#7771=ORIENTED_EDGE('',*,*,#5785,.F.);
#7772=ORIENTED_EDGE('',*,*,#5788,.F.);
#7773=ORIENTED_EDGE('',*,*,#5791,.F.);
#7774=ORIENTED_EDGE('',*,*,#5794,.F.);
#7775=ORIENTED_EDGE('',*,*,#5797,.F.);
#7776=ORIENTED_EDGE('',*,*,#5798,.T.);
#7777=ORIENTED_EDGE('',*,*,#5799,.T.);
#7778=ORIENTED_EDGE('',*,*,#5800,.F.);
#7779=ORIENTED_EDGE('',*,*,#5801,.F.);
#7780=ORIENTED_EDGE('',*,*,#5802,.T.);
#7781=ORIENTED_EDGE('',*,*,#5803,.T.);
#7782=ORIENTED_EDGE('',*,*,#5798,.F.);
#7783=ORIENTED_EDGE('',*,*,#5804,.F.);
#7784=ORIENTED_EDGE('',*,*,#5805,.T.);
#7785=ORIENTED_EDGE('',*,*,#5806,.T.);
#7786=ORIENTED_EDGE('',*,*,#5802,.F.);
#7787=ORIENTED_EDGE('',*,*,#5807,.F.);
#7788=ORIENTED_EDGE('',*,*,#5800,.T.);
#7789=ORIENTED_EDGE('',*,*,#5808,.T.);
#7790=ORIENTED_EDGE('',*,*,#5805,.F.);
#7791=ORIENTED_EDGE('',*,*,#5808,.F.);
#7792=ORIENTED_EDGE('',*,*,#5799,.F.);
#7793=ORIENTED_EDGE('',*,*,#5803,.F.);
#7794=ORIENTED_EDGE('',*,*,#5806,.F.);
#7795=ORIENTED_EDGE('',*,*,#5809,.F.);
#7796=ORIENTED_EDGE('',*,*,#5810,.T.);
#7797=ORIENTED_EDGE('',*,*,#5811,.T.);
#7798=ORIENTED_EDGE('',*,*,#5812,.F.);
#7799=ORIENTED_EDGE('',*,*,#5813,.F.);
#7800=ORIENTED_EDGE('',*,*,#5814,.T.);
#7801=ORIENTED_EDGE('',*,*,#5815,.T.);
#7802=ORIENTED_EDGE('',*,*,#5810,.F.);
#7803=ORIENTED_EDGE('',*,*,#5816,.F.);
#7804=ORIENTED_EDGE('',*,*,#5817,.T.);
#7805=ORIENTED_EDGE('',*,*,#5818,.T.);
#7806=ORIENTED_EDGE('',*,*,#5814,.F.);
#7807=ORIENTED_EDGE('',*,*,#5819,.F.);
#7808=ORIENTED_EDGE('',*,*,#5812,.T.);
#7809=ORIENTED_EDGE('',*,*,#5820,.T.);
#7810=ORIENTED_EDGE('',*,*,#5817,.F.);
#7811=ORIENTED_EDGE('',*,*,#5820,.F.);
#7812=ORIENTED_EDGE('',*,*,#5811,.F.);
#7813=ORIENTED_EDGE('',*,*,#5815,.F.);
#7814=ORIENTED_EDGE('',*,*,#5818,.F.);
#7815=ORIENTED_EDGE('',*,*,#5821,.F.);
#7816=ORIENTED_EDGE('',*,*,#5822,.T.);
#7817=ORIENTED_EDGE('',*,*,#5823,.T.);
#7818=ORIENTED_EDGE('',*,*,#5824,.F.);
#7819=ORIENTED_EDGE('',*,*,#5825,.F.);
#7820=ORIENTED_EDGE('',*,*,#5826,.T.);
#7821=ORIENTED_EDGE('',*,*,#5827,.T.);
#7822=ORIENTED_EDGE('',*,*,#5822,.F.);
#7823=ORIENTED_EDGE('',*,*,#5828,.F.);
#7824=ORIENTED_EDGE('',*,*,#5829,.T.);
#7825=ORIENTED_EDGE('',*,*,#5830,.T.);
#7826=ORIENTED_EDGE('',*,*,#5826,.F.);
#7827=ORIENTED_EDGE('',*,*,#5831,.F.);
#7828=ORIENTED_EDGE('',*,*,#5832,.T.);
#7829=ORIENTED_EDGE('',*,*,#5833,.T.);
#7830=ORIENTED_EDGE('',*,*,#5829,.F.);
#7831=ORIENTED_EDGE('',*,*,#5834,.F.);
#7832=ORIENTED_EDGE('',*,*,#5835,.T.);
#7833=ORIENTED_EDGE('',*,*,#5836,.T.);
#7834=ORIENTED_EDGE('',*,*,#5832,.F.);
#7835=ORIENTED_EDGE('',*,*,#5837,.F.);
#7836=ORIENTED_EDGE('',*,*,#5838,.T.);
#7837=ORIENTED_EDGE('',*,*,#5839,.T.);
#7838=ORIENTED_EDGE('',*,*,#5835,.F.);
#7839=ORIENTED_EDGE('',*,*,#5840,.F.);
#7840=ORIENTED_EDGE('',*,*,#5841,.T.);
#7841=ORIENTED_EDGE('',*,*,#5842,.T.);
#7842=ORIENTED_EDGE('',*,*,#5838,.F.);
#7843=ORIENTED_EDGE('',*,*,#5843,.F.);
#7844=ORIENTED_EDGE('',*,*,#5844,.T.);
#7845=ORIENTED_EDGE('',*,*,#5845,.T.);
#7846=ORIENTED_EDGE('',*,*,#5841,.F.);
#7847=ORIENTED_EDGE('',*,*,#5846,.F.);
#7848=ORIENTED_EDGE('',*,*,#5847,.T.);
#7849=ORIENTED_EDGE('',*,*,#5848,.T.);
#7850=ORIENTED_EDGE('',*,*,#5844,.F.);
#7851=ORIENTED_EDGE('',*,*,#5849,.F.);
#7852=ORIENTED_EDGE('',*,*,#5850,.T.);
#7853=ORIENTED_EDGE('',*,*,#5851,.T.);
#7854=ORIENTED_EDGE('',*,*,#5847,.F.);
#7855=ORIENTED_EDGE('',*,*,#5852,.F.);
#7856=ORIENTED_EDGE('',*,*,#5853,.T.);
#7857=ORIENTED_EDGE('',*,*,#5854,.T.);
#7858=ORIENTED_EDGE('',*,*,#5850,.F.);
#7859=ORIENTED_EDGE('',*,*,#5855,.F.);
#7860=ORIENTED_EDGE('',*,*,#5856,.T.);
#7861=ORIENTED_EDGE('',*,*,#5857,.T.);
#7862=ORIENTED_EDGE('',*,*,#5853,.F.);
#7863=ORIENTED_EDGE('',*,*,#5858,.F.);
#7864=ORIENTED_EDGE('',*,*,#5859,.T.);
#7865=ORIENTED_EDGE('',*,*,#5860,.T.);
#7866=ORIENTED_EDGE('',*,*,#5856,.F.);
#7867=ORIENTED_EDGE('',*,*,#5861,.F.);
#7868=ORIENTED_EDGE('',*,*,#5862,.T.);
#7869=ORIENTED_EDGE('',*,*,#5863,.T.);
#7870=ORIENTED_EDGE('',*,*,#5859,.F.);
#7871=ORIENTED_EDGE('',*,*,#5864,.F.);
#7872=ORIENTED_EDGE('',*,*,#5865,.T.);
#7873=ORIENTED_EDGE('',*,*,#5866,.T.);
#7874=ORIENTED_EDGE('',*,*,#5862,.F.);
#7875=ORIENTED_EDGE('',*,*,#5867,.F.);
#7876=ORIENTED_EDGE('',*,*,#5868,.T.);
#7877=ORIENTED_EDGE('',*,*,#5869,.T.);
#7878=ORIENTED_EDGE('',*,*,#5865,.F.);
#7879=ORIENTED_EDGE('',*,*,#5870,.F.);
#7880=ORIENTED_EDGE('',*,*,#5871,.T.);
#7881=ORIENTED_EDGE('',*,*,#5872,.T.);
#7882=ORIENTED_EDGE('',*,*,#5868,.F.);
#7883=ORIENTED_EDGE('',*,*,#5873,.F.);
#7884=ORIENTED_EDGE('',*,*,#5824,.T.);
#7885=ORIENTED_EDGE('',*,*,#5874,.T.);
#7886=ORIENTED_EDGE('',*,*,#5871,.F.);
#7887=ORIENTED_EDGE('',*,*,#5874,.F.);
#7888=ORIENTED_EDGE('',*,*,#5823,.F.);
#7889=ORIENTED_EDGE('',*,*,#5827,.F.);
#7890=ORIENTED_EDGE('',*,*,#5830,.F.);
#7891=ORIENTED_EDGE('',*,*,#5833,.F.);
#7892=ORIENTED_EDGE('',*,*,#5836,.F.);
#7893=ORIENTED_EDGE('',*,*,#5839,.F.);
#7894=ORIENTED_EDGE('',*,*,#5842,.F.);
#7895=ORIENTED_EDGE('',*,*,#5845,.F.);
#7896=ORIENTED_EDGE('',*,*,#5848,.F.);
#7897=ORIENTED_EDGE('',*,*,#5851,.F.);
#7898=ORIENTED_EDGE('',*,*,#5854,.F.);
#7899=ORIENTED_EDGE('',*,*,#5857,.F.);
#7900=ORIENTED_EDGE('',*,*,#5860,.F.);
#7901=ORIENTED_EDGE('',*,*,#5863,.F.);
#7902=ORIENTED_EDGE('',*,*,#5866,.F.);
#7903=ORIENTED_EDGE('',*,*,#5869,.F.);
#7904=ORIENTED_EDGE('',*,*,#5872,.F.);
#7905=ORIENTED_EDGE('',*,*,#5875,.F.);
#7906=ORIENTED_EDGE('',*,*,#5876,.T.);
#7907=ORIENTED_EDGE('',*,*,#5877,.T.);
#7908=ORIENTED_EDGE('',*,*,#5878,.F.);
#7909=ORIENTED_EDGE('',*,*,#5879,.F.);
#7910=ORIENTED_EDGE('',*,*,#5880,.T.);
#7911=ORIENTED_EDGE('',*,*,#5881,.T.);
#7912=ORIENTED_EDGE('',*,*,#5876,.F.);
#7913=ORIENTED_EDGE('',*,*,#5882,.F.);
#7914=ORIENTED_EDGE('',*,*,#5883,.T.);
#7915=ORIENTED_EDGE('',*,*,#5884,.T.);
#7916=ORIENTED_EDGE('',*,*,#5880,.F.);
#7917=ORIENTED_EDGE('',*,*,#5885,.F.);
#7918=ORIENTED_EDGE('',*,*,#5886,.T.);
#7919=ORIENTED_EDGE('',*,*,#5887,.T.);
#7920=ORIENTED_EDGE('',*,*,#5883,.F.);
#7921=ORIENTED_EDGE('',*,*,#5888,.F.);
#7922=ORIENTED_EDGE('',*,*,#5889,.T.);
#7923=ORIENTED_EDGE('',*,*,#5890,.T.);
#7924=ORIENTED_EDGE('',*,*,#5886,.F.);
#7925=ORIENTED_EDGE('',*,*,#5891,.F.);
#7926=ORIENTED_EDGE('',*,*,#5892,.T.);
#7927=ORIENTED_EDGE('',*,*,#5893,.T.);
#7928=ORIENTED_EDGE('',*,*,#5889,.F.);
#7929=ORIENTED_EDGE('',*,*,#5894,.F.);
#7930=ORIENTED_EDGE('',*,*,#5895,.T.);
#7931=ORIENTED_EDGE('',*,*,#5896,.T.);
#7932=ORIENTED_EDGE('',*,*,#5892,.F.);
#7933=ORIENTED_EDGE('',*,*,#5897,.F.);
#7934=ORIENTED_EDGE('',*,*,#5898,.T.);
#7935=ORIENTED_EDGE('',*,*,#5899,.T.);
#7936=ORIENTED_EDGE('',*,*,#5895,.F.);
#7937=ORIENTED_EDGE('',*,*,#5900,.F.);
#7938=ORIENTED_EDGE('',*,*,#5901,.T.);
#7939=ORIENTED_EDGE('',*,*,#5902,.T.);
#7940=ORIENTED_EDGE('',*,*,#5898,.F.);
#7941=ORIENTED_EDGE('',*,*,#5903,.F.);
#7942=ORIENTED_EDGE('',*,*,#5904,.T.);
#7943=ORIENTED_EDGE('',*,*,#5905,.T.);
#7944=ORIENTED_EDGE('',*,*,#5901,.F.);
#7945=ORIENTED_EDGE('',*,*,#5906,.F.);
#7946=ORIENTED_EDGE('',*,*,#5907,.T.);
#7947=ORIENTED_EDGE('',*,*,#5908,.T.);
#7948=ORIENTED_EDGE('',*,*,#5904,.F.);
#7949=ORIENTED_EDGE('',*,*,#5909,.F.);
#7950=ORIENTED_EDGE('',*,*,#5910,.T.);
#7951=ORIENTED_EDGE('',*,*,#5911,.T.);
#7952=ORIENTED_EDGE('',*,*,#5907,.F.);
#7953=ORIENTED_EDGE('',*,*,#5912,.F.);
#7954=ORIENTED_EDGE('',*,*,#5913,.T.);
#7955=ORIENTED_EDGE('',*,*,#5914,.T.);
#7956=ORIENTED_EDGE('',*,*,#5910,.F.);
#7957=ORIENTED_EDGE('',*,*,#5915,.F.);
#7958=ORIENTED_EDGE('',*,*,#5916,.T.);
#7959=ORIENTED_EDGE('',*,*,#5917,.T.);
#7960=ORIENTED_EDGE('',*,*,#5913,.F.);
#7961=ORIENTED_EDGE('',*,*,#5918,.F.);
#7962=ORIENTED_EDGE('',*,*,#5919,.T.);
#7963=ORIENTED_EDGE('',*,*,#5920,.T.);
#7964=ORIENTED_EDGE('',*,*,#5916,.F.);
#7965=ORIENTED_EDGE('',*,*,#5921,.F.);
#7966=ORIENTED_EDGE('',*,*,#5922,.T.);
#7967=ORIENTED_EDGE('',*,*,#5923,.T.);
#7968=ORIENTED_EDGE('',*,*,#5919,.F.);
#7969=ORIENTED_EDGE('',*,*,#5924,.F.);
#7970=ORIENTED_EDGE('',*,*,#5925,.T.);
#7971=ORIENTED_EDGE('',*,*,#5926,.T.);
#7972=ORIENTED_EDGE('',*,*,#5922,.F.);
#7973=ORIENTED_EDGE('',*,*,#5927,.F.);
#7974=ORIENTED_EDGE('',*,*,#5928,.T.);
#7975=ORIENTED_EDGE('',*,*,#5929,.T.);
#7976=ORIENTED_EDGE('',*,*,#5925,.F.);
#7977=ORIENTED_EDGE('',*,*,#5930,.F.);
#7978=ORIENTED_EDGE('',*,*,#5931,.T.);
#7979=ORIENTED_EDGE('',*,*,#5932,.T.);
#7980=ORIENTED_EDGE('',*,*,#5928,.F.);
#7981=ORIENTED_EDGE('',*,*,#5933,.F.);
#7982=ORIENTED_EDGE('',*,*,#5878,.T.);
#7983=ORIENTED_EDGE('',*,*,#5934,.T.);
#7984=ORIENTED_EDGE('',*,*,#5931,.F.);
#7985=ORIENTED_EDGE('',*,*,#5934,.F.);
#7986=ORIENTED_EDGE('',*,*,#5877,.F.);
#7987=ORIENTED_EDGE('',*,*,#5881,.F.);
#7988=ORIENTED_EDGE('',*,*,#5884,.F.);
#7989=ORIENTED_EDGE('',*,*,#5887,.F.);
#7990=ORIENTED_EDGE('',*,*,#5890,.F.);
#7991=ORIENTED_EDGE('',*,*,#5893,.F.);
#7992=ORIENTED_EDGE('',*,*,#5896,.F.);
#7993=ORIENTED_EDGE('',*,*,#5899,.F.);
#7994=ORIENTED_EDGE('',*,*,#5902,.F.);
#7995=ORIENTED_EDGE('',*,*,#5905,.F.);
#7996=ORIENTED_EDGE('',*,*,#5908,.F.);
#7997=ORIENTED_EDGE('',*,*,#5911,.F.);
#7998=ORIENTED_EDGE('',*,*,#5914,.F.);
#7999=ORIENTED_EDGE('',*,*,#5917,.F.);
#8000=ORIENTED_EDGE('',*,*,#5920,.F.);
#8001=ORIENTED_EDGE('',*,*,#5923,.F.);
#8002=ORIENTED_EDGE('',*,*,#5926,.F.);
#8003=ORIENTED_EDGE('',*,*,#5929,.F.);
#8004=ORIENTED_EDGE('',*,*,#5932,.F.);
#8005=ORIENTED_EDGE('',*,*,#5935,.F.);
#8006=ORIENTED_EDGE('',*,*,#5936,.T.);
#8007=ORIENTED_EDGE('',*,*,#5937,.T.);
#8008=ORIENTED_EDGE('',*,*,#5938,.F.);
#8009=ORIENTED_EDGE('',*,*,#5939,.F.);
#8010=ORIENTED_EDGE('',*,*,#5940,.T.);
#8011=ORIENTED_EDGE('',*,*,#5941,.T.);
#8012=ORIENTED_EDGE('',*,*,#5936,.F.);
#8013=ORIENTED_EDGE('',*,*,#5942,.F.);
#8014=ORIENTED_EDGE('',*,*,#5943,.T.);
#8015=ORIENTED_EDGE('',*,*,#5944,.T.);
#8016=ORIENTED_EDGE('',*,*,#5940,.F.);
#8017=ORIENTED_EDGE('',*,*,#5945,.F.);
#8018=ORIENTED_EDGE('',*,*,#5946,.T.);
#8019=ORIENTED_EDGE('',*,*,#5947,.T.);
#8020=ORIENTED_EDGE('',*,*,#5943,.F.);
#8021=ORIENTED_EDGE('',*,*,#5948,.F.);
#8022=ORIENTED_EDGE('',*,*,#5949,.T.);
#8023=ORIENTED_EDGE('',*,*,#5950,.T.);
#8024=ORIENTED_EDGE('',*,*,#5946,.F.);
#8025=ORIENTED_EDGE('',*,*,#5951,.F.);
#8026=ORIENTED_EDGE('',*,*,#5952,.T.);
#8027=ORIENTED_EDGE('',*,*,#5953,.T.);
#8028=ORIENTED_EDGE('',*,*,#5949,.F.);
#8029=ORIENTED_EDGE('',*,*,#5954,.F.);
#8030=ORIENTED_EDGE('',*,*,#5955,.T.);
#8031=ORIENTED_EDGE('',*,*,#5956,.T.);
#8032=ORIENTED_EDGE('',*,*,#5952,.F.);
#8033=ORIENTED_EDGE('',*,*,#5957,.F.);
#8034=ORIENTED_EDGE('',*,*,#5958,.T.);
#8035=ORIENTED_EDGE('',*,*,#5959,.T.);
#8036=ORIENTED_EDGE('',*,*,#5955,.F.);
#8037=ORIENTED_EDGE('',*,*,#5960,.F.);
#8038=ORIENTED_EDGE('',*,*,#5961,.T.);
#8039=ORIENTED_EDGE('',*,*,#5962,.T.);
#8040=ORIENTED_EDGE('',*,*,#5958,.F.);
#8041=ORIENTED_EDGE('',*,*,#5963,.F.);
#8042=ORIENTED_EDGE('',*,*,#5964,.T.);
#8043=ORIENTED_EDGE('',*,*,#5965,.T.);
#8044=ORIENTED_EDGE('',*,*,#5961,.F.);
#8045=ORIENTED_EDGE('',*,*,#5966,.F.);
#8046=ORIENTED_EDGE('',*,*,#5967,.T.);
#8047=ORIENTED_EDGE('',*,*,#5968,.T.);
#8048=ORIENTED_EDGE('',*,*,#5964,.F.);
#8049=ORIENTED_EDGE('',*,*,#5969,.F.);
#8050=ORIENTED_EDGE('',*,*,#5970,.T.);
#8051=ORIENTED_EDGE('',*,*,#5971,.T.);
#8052=ORIENTED_EDGE('',*,*,#5967,.F.);
#8053=ORIENTED_EDGE('',*,*,#5972,.F.);
#8054=ORIENTED_EDGE('',*,*,#5973,.T.);
#8055=ORIENTED_EDGE('',*,*,#5974,.T.);
#8056=ORIENTED_EDGE('',*,*,#5970,.F.);
#8057=ORIENTED_EDGE('',*,*,#5975,.F.);
#8058=ORIENTED_EDGE('',*,*,#5976,.T.);
#8059=ORIENTED_EDGE('',*,*,#5977,.T.);
#8060=ORIENTED_EDGE('',*,*,#5973,.F.);
#8061=ORIENTED_EDGE('',*,*,#5978,.F.);
#8062=ORIENTED_EDGE('',*,*,#5979,.T.);
#8063=ORIENTED_EDGE('',*,*,#5980,.T.);
#8064=ORIENTED_EDGE('',*,*,#5976,.F.);
#8065=ORIENTED_EDGE('',*,*,#5981,.F.);
#8066=ORIENTED_EDGE('',*,*,#5982,.T.);
#8067=ORIENTED_EDGE('',*,*,#5983,.T.);
#8068=ORIENTED_EDGE('',*,*,#5979,.F.);
#8069=ORIENTED_EDGE('',*,*,#5984,.F.);
#8070=ORIENTED_EDGE('',*,*,#5938,.T.);
#8071=ORIENTED_EDGE('',*,*,#5985,.T.);
#8072=ORIENTED_EDGE('',*,*,#5982,.F.);
#8073=ORIENTED_EDGE('',*,*,#5985,.F.);
#8074=ORIENTED_EDGE('',*,*,#5937,.F.);
#8075=ORIENTED_EDGE('',*,*,#5941,.F.);
#8076=ORIENTED_EDGE('',*,*,#5944,.F.);
#8077=ORIENTED_EDGE('',*,*,#5947,.F.);
#8078=ORIENTED_EDGE('',*,*,#5950,.F.);
#8079=ORIENTED_EDGE('',*,*,#5953,.F.);
#8080=ORIENTED_EDGE('',*,*,#5956,.F.);
#8081=ORIENTED_EDGE('',*,*,#5959,.F.);
#8082=ORIENTED_EDGE('',*,*,#5962,.F.);
#8083=ORIENTED_EDGE('',*,*,#5965,.F.);
#8084=ORIENTED_EDGE('',*,*,#5968,.F.);
#8085=ORIENTED_EDGE('',*,*,#5971,.F.);
#8086=ORIENTED_EDGE('',*,*,#5974,.F.);
#8087=ORIENTED_EDGE('',*,*,#5977,.F.);
#8088=ORIENTED_EDGE('',*,*,#5980,.F.);
#8089=ORIENTED_EDGE('',*,*,#5983,.F.);
#8090=ORIENTED_EDGE('',*,*,#5986,.F.);
#8091=ORIENTED_EDGE('',*,*,#5987,.T.);
#8092=ORIENTED_EDGE('',*,*,#5988,.T.);
#8093=ORIENTED_EDGE('',*,*,#5989,.F.);
#8094=ORIENTED_EDGE('',*,*,#5990,.F.);
#8095=ORIENTED_EDGE('',*,*,#5989,.T.);
#8096=ORIENTED_EDGE('',*,*,#5991,.T.);
#8097=ORIENTED_EDGE('',*,*,#5992,.F.);
#8098=ORIENTED_EDGE('',*,*,#5993,.F.);
#8099=ORIENTED_EDGE('',*,*,#5992,.T.);
#8100=ORIENTED_EDGE('',*,*,#5994,.T.);
#8101=ORIENTED_EDGE('',*,*,#5995,.F.);
#8102=ORIENTED_EDGE('',*,*,#5996,.F.);
#8103=ORIENTED_EDGE('',*,*,#5995,.T.);
#8104=ORIENTED_EDGE('',*,*,#5997,.T.);
#8105=ORIENTED_EDGE('',*,*,#5998,.F.);
#8106=ORIENTED_EDGE('',*,*,#5999,.F.);
#8107=ORIENTED_EDGE('',*,*,#5998,.T.);
#8108=ORIENTED_EDGE('',*,*,#6000,.T.);
#8109=ORIENTED_EDGE('',*,*,#6001,.F.);
#8110=ORIENTED_EDGE('',*,*,#6002,.F.);
#8111=ORIENTED_EDGE('',*,*,#6001,.T.);
#8112=ORIENTED_EDGE('',*,*,#6003,.T.);
#8113=ORIENTED_EDGE('',*,*,#6004,.F.);
#8114=ORIENTED_EDGE('',*,*,#6005,.F.);
#8115=ORIENTED_EDGE('',*,*,#6004,.T.);
#8116=ORIENTED_EDGE('',*,*,#6006,.T.);
#8117=ORIENTED_EDGE('',*,*,#5987,.F.);
#8118=ORIENTED_EDGE('',*,*,#6007,.F.);
#8119=ORIENTED_EDGE('',*,*,#6008,.T.);
#8120=ORIENTED_EDGE('',*,*,#6009,.T.);
#8121=ORIENTED_EDGE('',*,*,#6010,.F.);
#8122=ORIENTED_EDGE('',*,*,#6011,.F.);
#8123=ORIENTED_EDGE('',*,*,#6012,.T.);
#8124=ORIENTED_EDGE('',*,*,#6013,.T.);
#8125=ORIENTED_EDGE('',*,*,#6008,.F.);
#8126=ORIENTED_EDGE('',*,*,#6014,.F.);
#8127=ORIENTED_EDGE('',*,*,#6015,.T.);
#8128=ORIENTED_EDGE('',*,*,#6016,.T.);
#8129=ORIENTED_EDGE('',*,*,#6012,.F.);
#8130=ORIENTED_EDGE('',*,*,#6017,.F.);
#8131=ORIENTED_EDGE('',*,*,#6018,.T.);
#8132=ORIENTED_EDGE('',*,*,#6019,.T.);
#8133=ORIENTED_EDGE('',*,*,#6015,.F.);
#8134=ORIENTED_EDGE('',*,*,#6020,.F.);
#8135=ORIENTED_EDGE('',*,*,#6021,.T.);
#8136=ORIENTED_EDGE('',*,*,#6022,.T.);
#8137=ORIENTED_EDGE('',*,*,#6018,.F.);
#8138=ORIENTED_EDGE('',*,*,#6023,.F.);
#8139=ORIENTED_EDGE('',*,*,#6024,.T.);
#8140=ORIENTED_EDGE('',*,*,#6025,.T.);
#8141=ORIENTED_EDGE('',*,*,#6021,.F.);
#8142=ORIENTED_EDGE('',*,*,#6026,.F.);
#8143=ORIENTED_EDGE('',*,*,#6027,.T.);
#8144=ORIENTED_EDGE('',*,*,#6028,.T.);
#8145=ORIENTED_EDGE('',*,*,#6024,.F.);
#8146=ORIENTED_EDGE('',*,*,#6029,.F.);
#8147=ORIENTED_EDGE('',*,*,#6030,.T.);
#8148=ORIENTED_EDGE('',*,*,#6031,.T.);
#8149=ORIENTED_EDGE('',*,*,#6027,.F.);
#8150=ORIENTED_EDGE('',*,*,#6032,.F.);
#8151=ORIENTED_EDGE('',*,*,#6033,.T.);
#8152=ORIENTED_EDGE('',*,*,#6034,.T.);
#8153=ORIENTED_EDGE('',*,*,#6030,.F.);
#8154=ORIENTED_EDGE('',*,*,#6035,.F.);
#8155=ORIENTED_EDGE('',*,*,#6036,.T.);
#8156=ORIENTED_EDGE('',*,*,#6037,.T.);
#8157=ORIENTED_EDGE('',*,*,#6033,.F.);
#8158=ORIENTED_EDGE('',*,*,#6038,.F.);
#8159=ORIENTED_EDGE('',*,*,#6039,.T.);
#8160=ORIENTED_EDGE('',*,*,#6040,.T.);
#8161=ORIENTED_EDGE('',*,*,#6036,.F.);
#8162=ORIENTED_EDGE('',*,*,#6041,.F.);
#8163=ORIENTED_EDGE('',*,*,#6042,.T.);
#8164=ORIENTED_EDGE('',*,*,#6043,.T.);
#8165=ORIENTED_EDGE('',*,*,#6039,.F.);
#8166=ORIENTED_EDGE('',*,*,#6044,.F.);
#8167=ORIENTED_EDGE('',*,*,#6045,.T.);
#8168=ORIENTED_EDGE('',*,*,#6046,.T.);
#8169=ORIENTED_EDGE('',*,*,#6042,.F.);
#8170=ORIENTED_EDGE('',*,*,#6047,.F.);
#8171=ORIENTED_EDGE('',*,*,#6010,.T.);
#8172=ORIENTED_EDGE('',*,*,#6048,.T.);
#8173=ORIENTED_EDGE('',*,*,#6045,.F.);
#8174=ORIENTED_EDGE('',*,*,#6048,.F.);
#8175=ORIENTED_EDGE('',*,*,#6009,.F.);
#8176=ORIENTED_EDGE('',*,*,#6013,.F.);
#8177=ORIENTED_EDGE('',*,*,#6016,.F.);
#8178=ORIENTED_EDGE('',*,*,#6019,.F.);
#8179=ORIENTED_EDGE('',*,*,#6022,.F.);
#8180=ORIENTED_EDGE('',*,*,#6025,.F.);
#8181=ORIENTED_EDGE('',*,*,#6028,.F.);
#8182=ORIENTED_EDGE('',*,*,#6031,.F.);
#8183=ORIENTED_EDGE('',*,*,#6034,.F.);
#8184=ORIENTED_EDGE('',*,*,#6037,.F.);
#8185=ORIENTED_EDGE('',*,*,#6040,.F.);
#8186=ORIENTED_EDGE('',*,*,#6043,.F.);
#8187=ORIENTED_EDGE('',*,*,#6046,.F.);
#8188=ORIENTED_EDGE('',*,*,#5988,.F.);
#8189=ORIENTED_EDGE('',*,*,#6006,.F.);
#8190=ORIENTED_EDGE('',*,*,#6003,.F.);
#8191=ORIENTED_EDGE('',*,*,#6000,.F.);
#8192=ORIENTED_EDGE('',*,*,#5997,.F.);
#8193=ORIENTED_EDGE('',*,*,#5994,.F.);
#8194=ORIENTED_EDGE('',*,*,#5991,.F.);
#8195=ORIENTED_EDGE('',*,*,#6049,.F.);
#8196=ORIENTED_EDGE('',*,*,#6050,.T.);
#8197=ORIENTED_EDGE('',*,*,#6051,.T.);
#8198=ORIENTED_EDGE('',*,*,#6052,.F.);
#8199=ORIENTED_EDGE('',*,*,#6053,.F.);
#8200=ORIENTED_EDGE('',*,*,#6054,.T.);
#8201=ORIENTED_EDGE('',*,*,#6055,.T.);
#8202=ORIENTED_EDGE('',*,*,#6050,.F.);
#8203=ORIENTED_EDGE('',*,*,#6056,.F.);
#8204=ORIENTED_EDGE('',*,*,#6057,.T.);
#8205=ORIENTED_EDGE('',*,*,#6058,.T.);
#8206=ORIENTED_EDGE('',*,*,#6054,.F.);
#8207=ORIENTED_EDGE('',*,*,#6059,.F.);
#8208=ORIENTED_EDGE('',*,*,#6052,.T.);
#8209=ORIENTED_EDGE('',*,*,#6060,.T.);
#8210=ORIENTED_EDGE('',*,*,#6057,.F.);
#8211=ORIENTED_EDGE('',*,*,#6060,.F.);
#8212=ORIENTED_EDGE('',*,*,#6051,.F.);
#8213=ORIENTED_EDGE('',*,*,#6055,.F.);
#8214=ORIENTED_EDGE('',*,*,#6058,.F.);
#8215=ORIENTED_EDGE('',*,*,#6061,.T.);
#8216=ORIENTED_EDGE('',*,*,#6062,.T.);
#8217=ORIENTED_EDGE('',*,*,#6063,.T.);
#8218=ORIENTED_EDGE('',*,*,#6064,.T.);
#8219=ORIENTED_EDGE('',*,*,#6065,.T.);
#8220=ORIENTED_EDGE('',*,*,#6066,.T.);
#8221=ORIENTED_EDGE('',*,*,#6067,.T.);
#8222=ORIENTED_EDGE('',*,*,#6068,.T.);
#8223=ORIENTED_EDGE('',*,*,#6069,.T.);
#8224=ORIENTED_EDGE('',*,*,#5128,.T.);
#8225=ORIENTED_EDGE('',*,*,#5159,.T.);
#8226=ORIENTED_EDGE('',*,*,#5156,.T.);
#8227=ORIENTED_EDGE('',*,*,#5153,.T.);
#8228=ORIENTED_EDGE('',*,*,#5150,.T.);
#8229=ORIENTED_EDGE('',*,*,#5147,.T.);
#8230=ORIENTED_EDGE('',*,*,#5144,.T.);
#8231=ORIENTED_EDGE('',*,*,#5141,.T.);
#8232=ORIENTED_EDGE('',*,*,#5138,.T.);
#8233=ORIENTED_EDGE('',*,*,#5135,.T.);
#8234=ORIENTED_EDGE('',*,*,#5132,.T.);
#8235=ORIENTED_EDGE('',*,*,#5161,.T.);
#8236=ORIENTED_EDGE('',*,*,#5210,.T.);
#8237=ORIENTED_EDGE('',*,*,#5207,.T.);
#8238=ORIENTED_EDGE('',*,*,#5204,.T.);
#8239=ORIENTED_EDGE('',*,*,#5201,.T.);
#8240=ORIENTED_EDGE('',*,*,#5198,.T.);
#8241=ORIENTED_EDGE('',*,*,#5195,.T.);
#8242=ORIENTED_EDGE('',*,*,#5192,.T.);
#8243=ORIENTED_EDGE('',*,*,#5189,.T.);
#8244=ORIENTED_EDGE('',*,*,#5186,.T.);
#8245=ORIENTED_EDGE('',*,*,#5183,.T.);
#8246=ORIENTED_EDGE('',*,*,#5180,.T.);
#8247=ORIENTED_EDGE('',*,*,#5177,.T.);
#8248=ORIENTED_EDGE('',*,*,#5174,.T.);
#8249=ORIENTED_EDGE('',*,*,#5171,.T.);
#8250=ORIENTED_EDGE('',*,*,#5168,.T.);
#8251=ORIENTED_EDGE('',*,*,#5165,.T.);
#8252=ORIENTED_EDGE('',*,*,#5221,.T.);
#8253=ORIENTED_EDGE('',*,*,#5252,.T.);
#8254=ORIENTED_EDGE('',*,*,#5249,.T.);
#8255=ORIENTED_EDGE('',*,*,#5246,.T.);
#8256=ORIENTED_EDGE('',*,*,#5243,.T.);
#8257=ORIENTED_EDGE('',*,*,#5240,.T.);
#8258=ORIENTED_EDGE('',*,*,#5237,.T.);
#8259=ORIENTED_EDGE('',*,*,#5234,.T.);
#8260=ORIENTED_EDGE('',*,*,#5231,.T.);
#8261=ORIENTED_EDGE('',*,*,#5228,.T.);
#8262=ORIENTED_EDGE('',*,*,#5225,.T.);
#8263=ORIENTED_EDGE('',*,*,#5278,.T.);
#8264=ORIENTED_EDGE('',*,*,#5288,.T.);
#8265=ORIENTED_EDGE('',*,*,#5285,.T.);
#8266=ORIENTED_EDGE('',*,*,#5282,.T.);
#8267=ORIENTED_EDGE('',*,*,#5290,.T.);
#8268=ORIENTED_EDGE('',*,*,#5348,.T.);
#8269=ORIENTED_EDGE('',*,*,#5345,.T.);
#8270=ORIENTED_EDGE('',*,*,#5342,.T.);
#8271=ORIENTED_EDGE('',*,*,#5339,.T.);
#8272=ORIENTED_EDGE('',*,*,#5336,.T.);
#8273=ORIENTED_EDGE('',*,*,#5333,.T.);
#8274=ORIENTED_EDGE('',*,*,#5330,.T.);
#8275=ORIENTED_EDGE('',*,*,#5327,.T.);
#8276=ORIENTED_EDGE('',*,*,#5324,.T.);
#8277=ORIENTED_EDGE('',*,*,#5321,.T.);
#8278=ORIENTED_EDGE('',*,*,#5318,.T.);
#8279=ORIENTED_EDGE('',*,*,#5315,.T.);
#8280=ORIENTED_EDGE('',*,*,#5312,.T.);
#8281=ORIENTED_EDGE('',*,*,#5309,.T.);
#8282=ORIENTED_EDGE('',*,*,#5306,.T.);
#8283=ORIENTED_EDGE('',*,*,#5303,.T.);
#8284=ORIENTED_EDGE('',*,*,#5300,.T.);
#8285=ORIENTED_EDGE('',*,*,#5297,.T.);
#8286=ORIENTED_EDGE('',*,*,#5294,.T.);
#8287=ORIENTED_EDGE('',*,*,#5350,.T.);
#8288=ORIENTED_EDGE('',*,*,#5372,.T.);
#8289=ORIENTED_EDGE('',*,*,#5369,.T.);
#8290=ORIENTED_EDGE('',*,*,#5366,.T.);
#8291=ORIENTED_EDGE('',*,*,#5363,.T.);
#8292=ORIENTED_EDGE('',*,*,#5360,.T.);
#8293=ORIENTED_EDGE('',*,*,#5357,.T.);
#8294=ORIENTED_EDGE('',*,*,#5354,.T.);
#8295=ORIENTED_EDGE('',*,*,#5374,.T.);
#8296=ORIENTED_EDGE('',*,*,#5384,.T.);
#8297=ORIENTED_EDGE('',*,*,#5381,.T.);
#8298=ORIENTED_EDGE('',*,*,#5378,.T.);
#8299=ORIENTED_EDGE('',*,*,#5386,.T.);
#8300=ORIENTED_EDGE('',*,*,#5405,.T.);
#8301=ORIENTED_EDGE('',*,*,#5402,.T.);
#8302=ORIENTED_EDGE('',*,*,#5399,.T.);
#8303=ORIENTED_EDGE('',*,*,#5396,.T.);
#8304=ORIENTED_EDGE('',*,*,#5393,.T.);
#8305=ORIENTED_EDGE('',*,*,#5390,.T.);
#8306=ORIENTED_EDGE('',*,*,#5407,.T.);
#8307=ORIENTED_EDGE('',*,*,#5417,.T.);
#8308=ORIENTED_EDGE('',*,*,#5414,.T.);
#8309=ORIENTED_EDGE('',*,*,#5411,.T.);
#8310=ORIENTED_EDGE('',*,*,#5419,.T.);
#8311=ORIENTED_EDGE('',*,*,#5465,.T.);
#8312=ORIENTED_EDGE('',*,*,#5462,.T.);
#8313=ORIENTED_EDGE('',*,*,#5459,.T.);
#8314=ORIENTED_EDGE('',*,*,#5456,.T.);
#8315=ORIENTED_EDGE('',*,*,#5453,.T.);
#8316=ORIENTED_EDGE('',*,*,#5450,.T.);
#8317=ORIENTED_EDGE('',*,*,#5447,.T.);
#8318=ORIENTED_EDGE('',*,*,#5444,.T.);
#8319=ORIENTED_EDGE('',*,*,#5441,.T.);
#8320=ORIENTED_EDGE('',*,*,#5438,.T.);
#8321=ORIENTED_EDGE('',*,*,#5435,.T.);
#8322=ORIENTED_EDGE('',*,*,#5432,.T.);
#8323=ORIENTED_EDGE('',*,*,#5429,.T.);
#8324=ORIENTED_EDGE('',*,*,#5426,.T.);
#8325=ORIENTED_EDGE('',*,*,#5423,.T.);
#8326=ORIENTED_EDGE('',*,*,#5482,.T.);
#8327=ORIENTED_EDGE('',*,*,#5519,.T.);
#8328=ORIENTED_EDGE('',*,*,#5516,.T.);
#8329=ORIENTED_EDGE('',*,*,#5513,.T.);
#8330=ORIENTED_EDGE('',*,*,#5510,.T.);
#8331=ORIENTED_EDGE('',*,*,#5507,.T.);
#8332=ORIENTED_EDGE('',*,*,#5504,.T.);
#8333=ORIENTED_EDGE('',*,*,#5501,.T.);
#8334=ORIENTED_EDGE('',*,*,#5498,.T.);
#8335=ORIENTED_EDGE('',*,*,#5495,.T.);
#8336=ORIENTED_EDGE('',*,*,#5492,.T.);
#8337=ORIENTED_EDGE('',*,*,#5489,.T.);
#8338=ORIENTED_EDGE('',*,*,#5486,.T.);
#8339=ORIENTED_EDGE('',*,*,#5521,.T.);
#8340=ORIENTED_EDGE('',*,*,#5558,.T.);
#8341=ORIENTED_EDGE('',*,*,#5555,.T.);
#8342=ORIENTED_EDGE('',*,*,#5552,.T.);
#8343=ORIENTED_EDGE('',*,*,#5549,.T.);
#8344=ORIENTED_EDGE('',*,*,#5546,.T.);
#8345=ORIENTED_EDGE('',*,*,#5543,.T.);
#8346=ORIENTED_EDGE('',*,*,#5540,.T.);
#8347=ORIENTED_EDGE('',*,*,#5537,.T.);
#8348=ORIENTED_EDGE('',*,*,#5534,.T.);
#8349=ORIENTED_EDGE('',*,*,#5531,.T.);
#8350=ORIENTED_EDGE('',*,*,#5528,.T.);
#8351=ORIENTED_EDGE('',*,*,#5525,.T.);
#8352=ORIENTED_EDGE('',*,*,#5572,.T.);
#8353=ORIENTED_EDGE('',*,*,#5582,.T.);
#8354=ORIENTED_EDGE('',*,*,#5579,.T.);
#8355=ORIENTED_EDGE('',*,*,#5576,.T.);
#8356=ORIENTED_EDGE('',*,*,#5584,.T.);
#8357=ORIENTED_EDGE('',*,*,#5618,.T.);
#8358=ORIENTED_EDGE('',*,*,#5615,.T.);
#8359=ORIENTED_EDGE('',*,*,#5612,.T.);
#8360=ORIENTED_EDGE('',*,*,#5609,.T.);
#8361=ORIENTED_EDGE('',*,*,#5606,.T.);
#8362=ORIENTED_EDGE('',*,*,#5603,.T.);
#8363=ORIENTED_EDGE('',*,*,#5600,.T.);
#8364=ORIENTED_EDGE('',*,*,#5597,.T.);
#8365=ORIENTED_EDGE('',*,*,#5594,.T.);
#8366=ORIENTED_EDGE('',*,*,#5591,.T.);
#8367=ORIENTED_EDGE('',*,*,#5588,.T.);
#8368=ORIENTED_EDGE('',*,*,#5620,.T.);
#8369=ORIENTED_EDGE('',*,*,#5642,.T.);
#8370=ORIENTED_EDGE('',*,*,#5639,.T.);
#8371=ORIENTED_EDGE('',*,*,#5636,.T.);
#8372=ORIENTED_EDGE('',*,*,#5633,.T.);
#8373=ORIENTED_EDGE('',*,*,#5630,.T.);
#8374=ORIENTED_EDGE('',*,*,#5627,.T.);
#8375=ORIENTED_EDGE('',*,*,#5624,.T.);
#8376=ORIENTED_EDGE('',*,*,#5644,.T.);
#8377=ORIENTED_EDGE('',*,*,#5702,.T.);
#8378=ORIENTED_EDGE('',*,*,#5699,.T.);
#8379=ORIENTED_EDGE('',*,*,#5696,.T.);
#8380=ORIENTED_EDGE('',*,*,#5693,.T.);
#8381=ORIENTED_EDGE('',*,*,#5690,.T.);
#8382=ORIENTED_EDGE('',*,*,#5687,.T.);
#8383=ORIENTED_EDGE('',*,*,#5684,.T.);
#8384=ORIENTED_EDGE('',*,*,#5681,.T.);
#8385=ORIENTED_EDGE('',*,*,#5678,.T.);
#8386=ORIENTED_EDGE('',*,*,#5675,.T.);
#8387=ORIENTED_EDGE('',*,*,#5672,.T.);
#8388=ORIENTED_EDGE('',*,*,#5669,.T.);
#8389=ORIENTED_EDGE('',*,*,#5666,.T.);
#8390=ORIENTED_EDGE('',*,*,#5663,.T.);
#8391=ORIENTED_EDGE('',*,*,#5660,.T.);
#8392=ORIENTED_EDGE('',*,*,#5657,.T.);
#8393=ORIENTED_EDGE('',*,*,#5654,.T.);
#8394=ORIENTED_EDGE('',*,*,#5651,.T.);
#8395=ORIENTED_EDGE('',*,*,#5648,.T.);
#8396=ORIENTED_EDGE('',*,*,#5704,.T.);
#8397=ORIENTED_EDGE('',*,*,#5741,.T.);
#8398=ORIENTED_EDGE('',*,*,#5738,.T.);
#8399=ORIENTED_EDGE('',*,*,#5735,.T.);
#8400=ORIENTED_EDGE('',*,*,#5732,.T.);
#8401=ORIENTED_EDGE('',*,*,#5729,.T.);
#8402=ORIENTED_EDGE('',*,*,#5726,.T.);
#8403=ORIENTED_EDGE('',*,*,#5723,.T.);
#8404=ORIENTED_EDGE('',*,*,#5720,.T.);
#8405=ORIENTED_EDGE('',*,*,#5717,.T.);
#8406=ORIENTED_EDGE('',*,*,#5714,.T.);
#8407=ORIENTED_EDGE('',*,*,#5711,.T.);
#8408=ORIENTED_EDGE('',*,*,#5708,.T.);
#8409=ORIENTED_EDGE('',*,*,#5743,.T.);
#8410=ORIENTED_EDGE('',*,*,#5795,.T.);
#8411=ORIENTED_EDGE('',*,*,#5792,.T.);
#8412=ORIENTED_EDGE('',*,*,#5789,.T.);
#8413=ORIENTED_EDGE('',*,*,#5786,.T.);
#8414=ORIENTED_EDGE('',*,*,#5783,.T.);
#8415=ORIENTED_EDGE('',*,*,#5780,.T.);
#8416=ORIENTED_EDGE('',*,*,#5777,.T.);
#8417=ORIENTED_EDGE('',*,*,#5774,.T.);
#8418=ORIENTED_EDGE('',*,*,#5771,.T.);
#8419=ORIENTED_EDGE('',*,*,#5768,.T.);
#8420=ORIENTED_EDGE('',*,*,#5765,.T.);
#8421=ORIENTED_EDGE('',*,*,#5762,.T.);
#8422=ORIENTED_EDGE('',*,*,#5759,.T.);
#8423=ORIENTED_EDGE('',*,*,#5756,.T.);
#8424=ORIENTED_EDGE('',*,*,#5753,.T.);
#8425=ORIENTED_EDGE('',*,*,#5750,.T.);
#8426=ORIENTED_EDGE('',*,*,#5747,.T.);
#8427=ORIENTED_EDGE('',*,*,#5797,.T.);
#8428=ORIENTED_EDGE('',*,*,#5807,.T.);
#8429=ORIENTED_EDGE('',*,*,#5804,.T.);
#8430=ORIENTED_EDGE('',*,*,#5801,.T.);
#8431=ORIENTED_EDGE('',*,*,#5809,.T.);
#8432=ORIENTED_EDGE('',*,*,#5819,.T.);
#8433=ORIENTED_EDGE('',*,*,#5816,.T.);
#8434=ORIENTED_EDGE('',*,*,#5813,.T.);
#8435=ORIENTED_EDGE('',*,*,#5821,.T.);
#8436=ORIENTED_EDGE('',*,*,#5873,.T.);
#8437=ORIENTED_EDGE('',*,*,#5870,.T.);
#8438=ORIENTED_EDGE('',*,*,#5867,.T.);
#8439=ORIENTED_EDGE('',*,*,#5864,.T.);
#8440=ORIENTED_EDGE('',*,*,#5861,.T.);
#8441=ORIENTED_EDGE('',*,*,#5858,.T.);
#8442=ORIENTED_EDGE('',*,*,#5855,.T.);
#8443=ORIENTED_EDGE('',*,*,#5852,.T.);
#8444=ORIENTED_EDGE('',*,*,#5849,.T.);
#8445=ORIENTED_EDGE('',*,*,#5846,.T.);
#8446=ORIENTED_EDGE('',*,*,#5843,.T.);
#8447=ORIENTED_EDGE('',*,*,#5840,.T.);
#8448=ORIENTED_EDGE('',*,*,#5837,.T.);
#8449=ORIENTED_EDGE('',*,*,#5834,.T.);
#8450=ORIENTED_EDGE('',*,*,#5831,.T.);
#8451=ORIENTED_EDGE('',*,*,#5828,.T.);
#8452=ORIENTED_EDGE('',*,*,#5825,.T.);
#8453=ORIENTED_EDGE('',*,*,#5875,.T.);
#8454=ORIENTED_EDGE('',*,*,#5933,.T.);
#8455=ORIENTED_EDGE('',*,*,#5930,.T.);
#8456=ORIENTED_EDGE('',*,*,#5927,.T.);
#8457=ORIENTED_EDGE('',*,*,#5924,.T.);
#8458=ORIENTED_EDGE('',*,*,#5921,.T.);
#8459=ORIENTED_EDGE('',*,*,#5918,.T.);
#8460=ORIENTED_EDGE('',*,*,#5915,.T.);
#8461=ORIENTED_EDGE('',*,*,#5912,.T.);
#8462=ORIENTED_EDGE('',*,*,#5909,.T.);
#8463=ORIENTED_EDGE('',*,*,#5906,.T.);
#8464=ORIENTED_EDGE('',*,*,#5903,.T.);
#8465=ORIENTED_EDGE('',*,*,#5900,.T.);
#8466=ORIENTED_EDGE('',*,*,#5897,.T.);
#8467=ORIENTED_EDGE('',*,*,#5894,.T.);
#8468=ORIENTED_EDGE('',*,*,#5891,.T.);
#8469=ORIENTED_EDGE('',*,*,#5888,.T.);
#8470=ORIENTED_EDGE('',*,*,#5885,.T.);
#8471=ORIENTED_EDGE('',*,*,#5882,.T.);
#8472=ORIENTED_EDGE('',*,*,#5879,.T.);
#8473=ORIENTED_EDGE('',*,*,#5935,.T.);
#8474=ORIENTED_EDGE('',*,*,#5984,.T.);
#8475=ORIENTED_EDGE('',*,*,#5981,.T.);
#8476=ORIENTED_EDGE('',*,*,#5978,.T.);
#8477=ORIENTED_EDGE('',*,*,#5975,.T.);
#8478=ORIENTED_EDGE('',*,*,#5972,.T.);
#8479=ORIENTED_EDGE('',*,*,#5969,.T.);
#8480=ORIENTED_EDGE('',*,*,#5966,.T.);
#8481=ORIENTED_EDGE('',*,*,#5963,.T.);
#8482=ORIENTED_EDGE('',*,*,#5960,.T.);
#8483=ORIENTED_EDGE('',*,*,#5957,.T.);
#8484=ORIENTED_EDGE('',*,*,#5954,.T.);
#8485=ORIENTED_EDGE('',*,*,#5951,.T.);
#8486=ORIENTED_EDGE('',*,*,#5948,.T.);
#8487=ORIENTED_EDGE('',*,*,#5945,.T.);
#8488=ORIENTED_EDGE('',*,*,#5942,.T.);
#8489=ORIENTED_EDGE('',*,*,#5939,.T.);
#8490=ORIENTED_EDGE('',*,*,#6007,.T.);
#8491=ORIENTED_EDGE('',*,*,#6047,.T.);
#8492=ORIENTED_EDGE('',*,*,#6044,.T.);
#8493=ORIENTED_EDGE('',*,*,#6041,.T.);
#8494=ORIENTED_EDGE('',*,*,#6038,.T.);
#8495=ORIENTED_EDGE('',*,*,#6035,.T.);
#8496=ORIENTED_EDGE('',*,*,#6032,.T.);
#8497=ORIENTED_EDGE('',*,*,#6029,.T.);
#8498=ORIENTED_EDGE('',*,*,#6026,.T.);
#8499=ORIENTED_EDGE('',*,*,#6023,.T.);
#8500=ORIENTED_EDGE('',*,*,#6020,.T.);
#8501=ORIENTED_EDGE('',*,*,#6017,.T.);
#8502=ORIENTED_EDGE('',*,*,#6014,.T.);
#8503=ORIENTED_EDGE('',*,*,#6011,.T.);
#8504=ORIENTED_EDGE('',*,*,#6049,.T.);
#8505=ORIENTED_EDGE('',*,*,#6059,.T.);
#8506=ORIENTED_EDGE('',*,*,#6056,.T.);
#8507=ORIENTED_EDGE('',*,*,#6053,.T.);
#8508=ORIENTED_EDGE('',*,*,#5986,.T.);
#8509=ORIENTED_EDGE('',*,*,#5990,.T.);
#8510=ORIENTED_EDGE('',*,*,#5993,.T.);
#8511=ORIENTED_EDGE('',*,*,#5996,.T.);
#8512=ORIENTED_EDGE('',*,*,#5999,.T.);
#8513=ORIENTED_EDGE('',*,*,#6002,.T.);
#8514=ORIENTED_EDGE('',*,*,#6005,.T.);
#8515=ORIENTED_EDGE('',*,*,#5560,.T.);
#8516=ORIENTED_EDGE('',*,*,#5564,.T.);
#8517=ORIENTED_EDGE('',*,*,#5567,.T.);
#8518=ORIENTED_EDGE('',*,*,#5570,.T.);
#8519=ORIENTED_EDGE('',*,*,#5467,.T.);
#8520=ORIENTED_EDGE('',*,*,#5471,.T.);
#8521=ORIENTED_EDGE('',*,*,#5474,.T.);
#8522=ORIENTED_EDGE('',*,*,#5477,.T.);
#8523=ORIENTED_EDGE('',*,*,#5480,.T.);
#8524=ORIENTED_EDGE('',*,*,#5254,.T.);
#8525=ORIENTED_EDGE('',*,*,#5258,.T.);
#8526=ORIENTED_EDGE('',*,*,#5261,.T.);
#8527=ORIENTED_EDGE('',*,*,#5264,.T.);
#8528=ORIENTED_EDGE('',*,*,#5267,.T.);
#8529=ORIENTED_EDGE('',*,*,#5270,.T.);
#8530=ORIENTED_EDGE('',*,*,#5273,.T.);
#8531=ORIENTED_EDGE('',*,*,#5276,.T.);
#8532=ORIENTED_EDGE('',*,*,#5212,.T.);
#8533=ORIENTED_EDGE('',*,*,#5216,.T.);
#8534=ORIENTED_EDGE('',*,*,#5219,.T.);
#8535=ORIENTED_EDGE('',*,*,#6070,.T.);
#8536=ORIENTED_EDGE('',*,*,#6071,.T.);
#8537=ORIENTED_EDGE('',*,*,#6072,.T.);
#8538=ORIENTED_EDGE('',*,*,#6073,.T.);
#8539=ORIENTED_EDGE('',*,*,#6071,.F.);
#8540=ORIENTED_EDGE('',*,*,#6074,.T.);
#8541=ORIENTED_EDGE('',*,*,#6075,.T.);
#8542=ORIENTED_EDGE('',*,*,#6076,.T.);
#8543=ORIENTED_EDGE('',*,*,#6077,.T.);
#8544=ORIENTED_EDGE('',*,*,#6078,.T.);
#8545=ORIENTED_EDGE('',*,*,#6076,.F.);
#8546=ORIENTED_EDGE('',*,*,#6079,.T.);
#8547=ORIENTED_EDGE('',*,*,#6080,.T.);
#8548=ORIENTED_EDGE('',*,*,#6081,.T.);
#8549=ORIENTED_EDGE('',*,*,#6082,.T.);
#8550=ORIENTED_EDGE('',*,*,#6083,.T.);
#8551=ORIENTED_EDGE('',*,*,#6081,.F.);
#8552=ORIENTED_EDGE('',*,*,#6084,.T.);
#8553=ORIENTED_EDGE('',*,*,#6085,.T.);
#8554=ORIENTED_EDGE('',*,*,#6086,.T.);
#8555=ORIENTED_EDGE('',*,*,#6087,.T.);
#8556=ORIENTED_EDGE('',*,*,#6088,.F.);
#8557=ORIENTED_EDGE('',*,*,#6086,.F.);
#8558=ORIENTED_EDGE('',*,*,#6089,.T.);
#8559=ORIENTED_EDGE('',*,*,#6072,.F.);
#8560=ORIENTED_EDGE('',*,*,#6074,.F.);
#8561=ORIENTED_EDGE('',*,*,#6070,.F.);
#8562=ORIENTED_EDGE('',*,*,#6090,.F.);
#8563=ORIENTED_EDGE('',*,*,#6087,.F.);
#8564=ORIENTED_EDGE('',*,*,#6089,.F.);
#8565=ORIENTED_EDGE('',*,*,#6085,.F.);
#8566=ORIENTED_EDGE('',*,*,#6091,.T.);
#8567=ORIENTED_EDGE('',*,*,#6082,.F.);
#8568=ORIENTED_EDGE('',*,*,#6084,.F.);
#8569=ORIENTED_EDGE('',*,*,#6080,.F.);
#8570=ORIENTED_EDGE('',*,*,#6092,.T.);
#8571=ORIENTED_EDGE('',*,*,#6077,.F.);
#8572=ORIENTED_EDGE('',*,*,#6079,.F.);
#8573=ORIENTED_EDGE('',*,*,#6075,.F.);
#8574=ORIENTED_EDGE('',*,*,#6093,.F.);
#8575=ORIENTED_EDGE('',*,*,#6094,.T.);
#8576=ORIENTED_EDGE('',*,*,#6095,.T.);
#8577=ORIENTED_EDGE('',*,*,#6096,.T.);
#8578=ORIENTED_EDGE('',*,*,#6097,.T.);
#8579=ORIENTED_EDGE('',*,*,#6098,.T.);
#8580=ORIENTED_EDGE('',*,*,#6099,.T.);
#8581=ORIENTED_EDGE('',*,*,#6100,.T.);
#8582=ORIENTED_EDGE('',*,*,#6101,.T.);
#8583=ORIENTED_EDGE('',*,*,#6102,.T.);
#8584=ORIENTED_EDGE('',*,*,#5119,.T.);
#8585=ORIENTED_EDGE('',*,*,#5123,.T.);
#8586=ORIENTED_EDGE('',*,*,#5126,.T.);
#8587=ORIENTED_EDGE('',*,*,#6103,.F.);
#8588=ORIENTED_EDGE('',*,*,#6061,.F.);
#8589=ORIENTED_EDGE('',*,*,#6104,.F.);
#8590=ORIENTED_EDGE('',*,*,#6094,.F.);
#8591=ORIENTED_EDGE('',*,*,#6103,.T.);
#8592=ORIENTED_EDGE('',*,*,#6102,.F.);
#8593=ORIENTED_EDGE('',*,*,#6105,.F.);
#8594=ORIENTED_EDGE('',*,*,#6062,.F.);
#8595=ORIENTED_EDGE('',*,*,#6106,.T.);
#8596=ORIENTED_EDGE('',*,*,#6107,.T.);
#8597=ORIENTED_EDGE('',*,*,#6108,.F.);
#8598=ORIENTED_EDGE('',*,*,#6109,.F.);
#8599=ORIENTED_EDGE('',*,*,#6110,.F.);
#8600=ORIENTED_EDGE('',*,*,#6111,.T.);
#8601=ORIENTED_EDGE('',*,*,#6112,.F.);
#8602=ORIENTED_EDGE('',*,*,#6107,.F.);
#8603=ORIENTED_EDGE('',*,*,#6113,.T.);
#8604=ORIENTED_EDGE('',*,*,#6114,.T.);
#8605=ORIENTED_EDGE('',*,*,#6115,.F.);
#8606=ORIENTED_EDGE('',*,*,#6111,.F.);
#8607=ORIENTED_EDGE('',*,*,#6105,.T.);
#8608=ORIENTED_EDGE('',*,*,#6101,.F.);
#8609=ORIENTED_EDGE('',*,*,#6116,.F.);
#8610=ORIENTED_EDGE('',*,*,#6063,.F.);
#8611=ORIENTED_EDGE('',*,*,#6117,.T.);
#8612=ORIENTED_EDGE('',*,*,#6118,.T.);
#8613=ORIENTED_EDGE('',*,*,#6119,.T.);
#8614=ORIENTED_EDGE('',*,*,#6120,.T.);
#8615=ORIENTED_EDGE('',*,*,#6121,.T.);
#8616=ORIENTED_EDGE('',*,*,#6122,.T.);
#8617=ORIENTED_EDGE('',*,*,#6123,.T.);
#8618=ORIENTED_EDGE('',*,*,#6124,.T.);
#8619=ORIENTED_EDGE('',*,*,#6108,.T.);
#8620=ORIENTED_EDGE('',*,*,#6112,.T.);
#8621=ORIENTED_EDGE('',*,*,#6115,.T.);
#8622=ORIENTED_EDGE('',*,*,#6125,.T.);
#8623=ORIENTED_EDGE('',*,*,#6126,.T.);
#8624=ORIENTED_EDGE('',*,*,#6127,.T.);
#8625=ORIENTED_EDGE('',*,*,#6128,.T.);
#8626=ORIENTED_EDGE('',*,*,#6129,.T.);
#8627=ORIENTED_EDGE('',*,*,#6130,.T.);
#8628=ORIENTED_EDGE('',*,*,#6131,.T.);
#8629=ORIENTED_EDGE('',*,*,#6132,.T.);
#8630=ORIENTED_EDGE('',*,*,#6133,.T.);
#8631=ORIENTED_EDGE('',*,*,#6134,.T.);
#8632=ORIENTED_EDGE('',*,*,#6135,.T.);
#8633=ORIENTED_EDGE('',*,*,#6136,.T.);
#8634=ORIENTED_EDGE('',*,*,#6137,.T.);
#8635=ORIENTED_EDGE('',*,*,#6138,.T.);
#8636=ORIENTED_EDGE('',*,*,#6139,.T.);
#8637=ORIENTED_EDGE('',*,*,#6140,.T.);
#8638=ORIENTED_EDGE('',*,*,#6141,.T.);
#8639=ORIENTED_EDGE('',*,*,#6142,.T.);
#8640=ORIENTED_EDGE('',*,*,#6143,.T.);
#8641=ORIENTED_EDGE('',*,*,#6144,.T.);
#8642=ORIENTED_EDGE('',*,*,#6145,.T.);
#8643=ORIENTED_EDGE('',*,*,#6146,.T.);
#8644=ORIENTED_EDGE('',*,*,#6147,.T.);
#8645=ORIENTED_EDGE('',*,*,#6148,.F.);
#8646=ORIENTED_EDGE('',*,*,#6149,.T.);
#8647=ORIENTED_EDGE('',*,*,#6067,.F.);
#8648=ORIENTED_EDGE('',*,*,#6150,.F.);
#8649=ORIENTED_EDGE('',*,*,#6151,.T.);
#8650=ORIENTED_EDGE('',*,*,#6152,.F.);
#8651=ORIENTED_EDGE('',*,*,#6153,.T.);
#8652=ORIENTED_EDGE('',*,*,#6154,.F.);
#8653=ORIENTED_EDGE('',*,*,#6097,.F.);
#8654=ORIENTED_EDGE('',*,*,#6155,.F.);
#8655=ORIENTED_EDGE('',*,*,#6148,.T.);
#8656=ORIENTED_EDGE('',*,*,#6156,.T.);
#8657=ORIENTED_EDGE('',*,*,#6157,.T.);
#8658=ORIENTED_EDGE('',*,*,#6158,.F.);
#8659=ORIENTED_EDGE('',*,*,#6159,.F.);
#8660=ORIENTED_EDGE('',*,*,#6158,.T.);
#8661=ORIENTED_EDGE('',*,*,#6160,.T.);
#8662=ORIENTED_EDGE('',*,*,#6161,.T.);
#8663=ORIENTED_EDGE('',*,*,#6162,.T.);
#8664=ORIENTED_EDGE('',*,*,#6163,.F.);
#8665=ORIENTED_EDGE('',*,*,#6155,.T.);
#8666=ORIENTED_EDGE('',*,*,#6096,.F.);
#8667=ORIENTED_EDGE('',*,*,#6164,.T.);
#8668=ORIENTED_EDGE('',*,*,#6068,.F.);
#8669=ORIENTED_EDGE('',*,*,#6149,.F.);
#8670=ORIENTED_EDGE('',*,*,#6159,.T.);
#8671=ORIENTED_EDGE('',*,*,#6165,.T.);
#8672=ORIENTED_EDGE('',*,*,#6166,.F.);
#8673=ORIENTED_EDGE('',*,*,#6167,.F.);
#8674=ORIENTED_EDGE('',*,*,#6168,.F.);
#8675=ORIENTED_EDGE('',*,*,#6169,.F.);
#8676=ORIENTED_EDGE('',*,*,#6163,.T.);
#8677=ORIENTED_EDGE('',*,*,#6170,.F.);
#8678=ORIENTED_EDGE('',*,*,#6171,.F.);
#8679=ORIENTED_EDGE('',*,*,#6172,.F.);
#8680=ORIENTED_EDGE('',*,*,#6156,.F.);
#8681=ORIENTED_EDGE('',*,*,#6173,.F.);
#8682=ORIENTED_EDGE('',*,*,#6174,.F.);
#8683=ORIENTED_EDGE('',*,*,#6175,.T.);
#8684=ORIENTED_EDGE('',*,*,#6176,.T.);
#8685=ORIENTED_EDGE('',*,*,#6177,.F.);
#8686=ORIENTED_EDGE('',*,*,#6178,.T.);
#8687=ORIENTED_EDGE('',*,*,#6179,.F.);
#8688=ORIENTED_EDGE('',*,*,#6180,.F.);
#8689=ORIENTED_EDGE('',*,*,#6181,.T.);
#8690=ORIENTED_EDGE('',*,*,#6182,.F.);
#8691=ORIENTED_EDGE('',*,*,#6183,.T.);
#8692=ORIENTED_EDGE('',*,*,#6184,.T.);
#8693=ORIENTED_EDGE('',*,*,#6160,.F.);
#8694=ORIENTED_EDGE('',*,*,#6157,.F.);
#8695=ORIENTED_EDGE('',*,*,#6172,.T.);
#8696=ORIENTED_EDGE('',*,*,#6185,.T.);
#8697=ORIENTED_EDGE('',*,*,#6173,.T.);
#8698=ORIENTED_EDGE('',*,*,#6186,.T.);
#8699=ORIENTED_EDGE('',*,*,#6187,.F.);
#8700=ORIENTED_EDGE('',*,*,#6188,.F.);
#8701=ORIENTED_EDGE('',*,*,#6128,.F.);
#8702=ORIENTED_EDGE('',*,*,#6189,.T.);
#8703=ORIENTED_EDGE('',*,*,#6174,.T.);
#8704=ORIENTED_EDGE('',*,*,#6189,.F.);
#8705=ORIENTED_EDGE('',*,*,#6127,.F.);
#8706=ORIENTED_EDGE('',*,*,#6190,.T.);
#8707=ORIENTED_EDGE('',*,*,#6175,.F.);
#8708=ORIENTED_EDGE('',*,*,#6190,.F.);
#8709=ORIENTED_EDGE('',*,*,#6126,.F.);
#8710=ORIENTED_EDGE('',*,*,#6191,.T.);
#8711=ORIENTED_EDGE('',*,*,#6176,.F.);
#8712=ORIENTED_EDGE('',*,*,#6191,.F.);
#8713=ORIENTED_EDGE('',*,*,#6125,.F.);
#8714=ORIENTED_EDGE('',*,*,#6114,.F.);
#8715=ORIENTED_EDGE('',*,*,#6192,.F.);
#8716=ORIENTED_EDGE('',*,*,#6193,.T.);
#8717=ORIENTED_EDGE('',*,*,#6177,.T.);
#8718=ORIENTED_EDGE('',*,*,#6193,.F.);
#8719=ORIENTED_EDGE('',*,*,#6194,.F.);
#8720=ORIENTED_EDGE('',*,*,#6195,.F.);
#8721=ORIENTED_EDGE('',*,*,#6194,.T.);
#8722=ORIENTED_EDGE('',*,*,#6192,.T.);
#8723=ORIENTED_EDGE('',*,*,#6113,.F.);
#8724=ORIENTED_EDGE('',*,*,#6178,.F.);
#8725=ORIENTED_EDGE('',*,*,#6195,.T.);
#8726=ORIENTED_EDGE('',*,*,#6110,.T.);
#8727=ORIENTED_EDGE('',*,*,#6196,.T.);
#8728=ORIENTED_EDGE('',*,*,#6196,.F.);
#8729=ORIENTED_EDGE('',*,*,#6106,.F.);
#8730=ORIENTED_EDGE('',*,*,#6197,.T.);
#8731=ORIENTED_EDGE('',*,*,#6198,.T.);
#8732=ORIENTED_EDGE('',*,*,#6179,.T.);
#8733=ORIENTED_EDGE('',*,*,#6198,.F.);
#8734=ORIENTED_EDGE('',*,*,#6199,.T.);
#8735=ORIENTED_EDGE('',*,*,#6180,.T.);
#8736=ORIENTED_EDGE('',*,*,#6199,.F.);
#8737=ORIENTED_EDGE('',*,*,#6197,.F.);
#8738=ORIENTED_EDGE('',*,*,#6109,.T.);
#8739=ORIENTED_EDGE('',*,*,#6124,.F.);
#8740=ORIENTED_EDGE('',*,*,#6200,.T.);
#8741=ORIENTED_EDGE('',*,*,#6181,.F.);
#8742=ORIENTED_EDGE('',*,*,#6200,.F.);
#8743=ORIENTED_EDGE('',*,*,#6123,.F.);
#8744=ORIENTED_EDGE('',*,*,#6201,.T.);
#8745=ORIENTED_EDGE('',*,*,#6182,.T.);
#8746=ORIENTED_EDGE('',*,*,#6201,.F.);
#8747=ORIENTED_EDGE('',*,*,#6122,.F.);
#8748=ORIENTED_EDGE('',*,*,#6202,.T.);
#8749=ORIENTED_EDGE('',*,*,#6183,.F.);
#8750=ORIENTED_EDGE('',*,*,#6202,.F.);
#8751=ORIENTED_EDGE('',*,*,#6121,.F.);
#8752=ORIENTED_EDGE('',*,*,#6203,.T.);
#8753=ORIENTED_EDGE('',*,*,#6204,.F.);
#8754=ORIENTED_EDGE('',*,*,#6205,.F.);
#8755=ORIENTED_EDGE('',*,*,#6186,.F.);
#8756=ORIENTED_EDGE('',*,*,#6185,.F.);
#8757=ORIENTED_EDGE('',*,*,#6171,.T.);
#8758=ORIENTED_EDGE('',*,*,#6206,.T.);
#8759=ORIENTED_EDGE('',*,*,#6205,.T.);
#8760=ORIENTED_EDGE('',*,*,#6207,.T.);
#8761=ORIENTED_EDGE('',*,*,#6161,.F.);
#8762=ORIENTED_EDGE('',*,*,#6184,.F.);
#8763=ORIENTED_EDGE('',*,*,#6165,.F.);
#8764=ORIENTED_EDGE('',*,*,#6162,.F.);
#8765=ORIENTED_EDGE('',*,*,#6207,.F.);
#8766=ORIENTED_EDGE('',*,*,#6208,.T.);
#8767=ORIENTED_EDGE('',*,*,#6206,.F.);
#8768=ORIENTED_EDGE('',*,*,#6170,.T.);
#8769=ORIENTED_EDGE('',*,*,#6208,.F.);
#8770=ORIENTED_EDGE('',*,*,#6204,.T.);
#8771=ORIENTED_EDGE('',*,*,#6209,.T.);
#8772=ORIENTED_EDGE('',*,*,#6210,.T.);
#8773=ORIENTED_EDGE('',*,*,#6211,.T.);
#8774=ORIENTED_EDGE('',*,*,#6212,.T.);
#8775=ORIENTED_EDGE('',*,*,#6213,.T.);
#8776=ORIENTED_EDGE('',*,*,#6214,.T.);
#8777=ORIENTED_EDGE('',*,*,#6215,.T.);
#8778=ORIENTED_EDGE('',*,*,#6216,.T.);
#8779=ORIENTED_EDGE('',*,*,#6217,.T.);
#8780=ORIENTED_EDGE('',*,*,#6218,.T.);
#8781=ORIENTED_EDGE('',*,*,#6219,.T.);
#8782=ORIENTED_EDGE('',*,*,#6220,.T.);
#8783=ORIENTED_EDGE('',*,*,#6221,.T.);
#8784=ORIENTED_EDGE('',*,*,#6222,.T.);
#8785=ORIENTED_EDGE('',*,*,#6223,.T.);
#8786=ORIENTED_EDGE('',*,*,#6224,.T.);
#8787=ORIENTED_EDGE('',*,*,#6225,.T.);
#8788=ORIENTED_EDGE('',*,*,#6187,.T.);
#8789=ORIENTED_EDGE('',*,*,#6226,.F.);
#8790=ORIENTED_EDGE('',*,*,#6227,.T.);
#8791=ORIENTED_EDGE('',*,*,#6228,.T.);
#8792=ORIENTED_EDGE('',*,*,#6229,.F.);
#8793=ORIENTED_EDGE('',*,*,#6230,.F.);
#8794=ORIENTED_EDGE('',*,*,#6231,.T.);
#8795=ORIENTED_EDGE('',*,*,#6232,.T.);
#8796=ORIENTED_EDGE('',*,*,#6233,.F.);
#8797=ORIENTED_EDGE('',*,*,#6234,.F.);
#8798=ORIENTED_EDGE('',*,*,#6235,.T.);
#8799=ORIENTED_EDGE('',*,*,#6236,.T.);
#8800=ORIENTED_EDGE('',*,*,#6237,.F.);
#8801=ORIENTED_EDGE('',*,*,#6238,.F.);
#8802=ORIENTED_EDGE('',*,*,#6239,.T.);
#8803=ORIENTED_EDGE('',*,*,#6240,.T.);
#8804=ORIENTED_EDGE('',*,*,#6241,.F.);
#8805=ORIENTED_EDGE('',*,*,#6242,.F.);
#8806=ORIENTED_EDGE('',*,*,#6243,.T.);
#8807=ORIENTED_EDGE('',*,*,#6244,.T.);
#8808=ORIENTED_EDGE('',*,*,#6245,.F.);
#8809=ORIENTED_EDGE('',*,*,#6246,.F.);
#8810=ORIENTED_EDGE('',*,*,#6247,.T.);
#8811=ORIENTED_EDGE('',*,*,#6248,.T.);
#8812=ORIENTED_EDGE('',*,*,#6249,.F.);
#8813=ORIENTED_EDGE('',*,*,#6250,.F.);
#8814=ORIENTED_EDGE('',*,*,#6251,.T.);
#8815=ORIENTED_EDGE('',*,*,#6252,.T.);
#8816=ORIENTED_EDGE('',*,*,#6253,.F.);
#8817=ORIENTED_EDGE('',*,*,#6254,.F.);
#8818=ORIENTED_EDGE('',*,*,#6255,.T.);
#8819=ORIENTED_EDGE('',*,*,#6256,.T.);
#8820=ORIENTED_EDGE('',*,*,#6257,.F.);
#8821=ORIENTED_EDGE('',*,*,#6258,.F.);
#8822=ORIENTED_EDGE('',*,*,#6129,.F.);
#8823=ORIENTED_EDGE('',*,*,#6188,.T.);
#8824=ORIENTED_EDGE('',*,*,#6225,.F.);
#8825=ORIENTED_EDGE('',*,*,#6259,.F.);
#8826=ORIENTED_EDGE('',*,*,#6260,.F.);
#8827=ORIENTED_EDGE('',*,*,#6261,.T.);
#8828=ORIENTED_EDGE('',*,*,#6262,.F.);
#8829=ORIENTED_EDGE('',*,*,#6263,.T.);
#8830=ORIENTED_EDGE('',*,*,#6209,.F.);
#8831=ORIENTED_EDGE('',*,*,#6203,.F.);
#8832=ORIENTED_EDGE('',*,*,#6120,.F.);
#8833=ORIENTED_EDGE('',*,*,#6264,.F.);
#8834=ORIENTED_EDGE('',*,*,#6265,.F.);
#8835=ORIENTED_EDGE('',*,*,#6130,.F.);
#8836=ORIENTED_EDGE('',*,*,#6258,.T.);
#8837=ORIENTED_EDGE('',*,*,#6266,.F.);
#8838=ORIENTED_EDGE('',*,*,#6264,.T.);
#8839=ORIENTED_EDGE('',*,*,#6260,.T.);
#8840=ORIENTED_EDGE('',*,*,#6267,.F.);
#8841=ORIENTED_EDGE('',*,*,#6268,.T.);
#8842=ORIENTED_EDGE('',*,*,#6269,.T.);
#8843=ORIENTED_EDGE('',*,*,#6270,.T.);
#8844=ORIENTED_EDGE('',*,*,#6271,.T.);
#8845=ORIENTED_EDGE('',*,*,#6272,.T.);
#8846=ORIENTED_EDGE('',*,*,#6273,.T.);
#8847=ORIENTED_EDGE('',*,*,#6274,.F.);
#8848=ORIENTED_EDGE('',*,*,#6275,.F.);
#8849=ORIENTED_EDGE('',*,*,#6262,.T.);
#8850=ORIENTED_EDGE('',*,*,#6276,.T.);
#8851=ORIENTED_EDGE('',*,*,#6277,.F.);
#8852=ORIENTED_EDGE('',*,*,#6278,.T.);
#8853=ORIENTED_EDGE('',*,*,#6279,.T.);
#8854=ORIENTED_EDGE('',*,*,#6280,.T.);
#8855=ORIENTED_EDGE('',*,*,#6281,.F.);
#8856=ORIENTED_EDGE('',*,*,#6282,.T.);
#8857=ORIENTED_EDGE('',*,*,#6283,.F.);
#8858=ORIENTED_EDGE('',*,*,#6135,.F.);
#8859=ORIENTED_EDGE('',*,*,#6284,.T.);
#8860=ORIENTED_EDGE('',*,*,#6270,.F.);
#8861=ORIENTED_EDGE('',*,*,#6285,.T.);
#8862=ORIENTED_EDGE('',*,*,#6221,.F.);
#8863=ORIENTED_EDGE('',*,*,#6286,.F.);
#8864=ORIENTED_EDGE('',*,*,#6131,.F.);
#8865=ORIENTED_EDGE('',*,*,#6265,.T.);
#8866=ORIENTED_EDGE('',*,*,#6266,.T.);
#8867=ORIENTED_EDGE('',*,*,#6220,.F.);
#8868=ORIENTED_EDGE('',*,*,#6287,.F.);
#8869=ORIENTED_EDGE('',*,*,#6136,.F.);
#8870=ORIENTED_EDGE('',*,*,#6283,.T.);
#8871=ORIENTED_EDGE('',*,*,#6288,.T.);
#8872=ORIENTED_EDGE('',*,*,#6289,.F.);
#8873=ORIENTED_EDGE('',*,*,#6290,.F.);
#8874=ORIENTED_EDGE('',*,*,#6291,.T.);
#8875=ORIENTED_EDGE('',*,*,#6292,.F.);
#8876=ORIENTED_EDGE('',*,*,#6293,.T.);
#8877=ORIENTED_EDGE('',*,*,#6294,.F.);
#8878=ORIENTED_EDGE('',*,*,#6295,.F.);
#8879=ORIENTED_EDGE('',*,*,#6296,.F.);
#8880=ORIENTED_EDGE('',*,*,#6297,.T.);
#8881=ORIENTED_EDGE('',*,*,#6298,.F.);
#8882=ORIENTED_EDGE('',*,*,#6299,.F.);
#8883=ORIENTED_EDGE('',*,*,#6300,.T.);
#8884=ORIENTED_EDGE('',*,*,#6301,.T.);
#8885=ORIENTED_EDGE('',*,*,#6302,.T.);
#8886=ORIENTED_EDGE('',*,*,#6303,.T.);
#8887=ORIENTED_EDGE('',*,*,#6304,.T.);
#8888=ORIENTED_EDGE('',*,*,#6305,.T.);
#8889=ORIENTED_EDGE('',*,*,#6064,.F.);
#8890=ORIENTED_EDGE('',*,*,#6116,.T.);
#8891=ORIENTED_EDGE('',*,*,#6100,.F.);
#8892=ORIENTED_EDGE('',*,*,#6306,.F.);
#8893=ORIENTED_EDGE('',*,*,#6307,.T.);
#8894=ORIENTED_EDGE('',*,*,#6308,.T.);
#8895=ORIENTED_EDGE('',*,*,#6309,.T.);
#8896=ORIENTED_EDGE('',*,*,#6310,.T.);
#8897=ORIENTED_EDGE('',*,*,#6311,.T.);
#8898=ORIENTED_EDGE('',*,*,#6312,.F.);
#8899=ORIENTED_EDGE('',*,*,#6313,.F.);
#8900=ORIENTED_EDGE('',*,*,#6314,.T.);
#8901=ORIENTED_EDGE('',*,*,#6315,.F.);
#8902=ORIENTED_EDGE('',*,*,#6288,.F.);
#8903=ORIENTED_EDGE('',*,*,#6316,.T.);
#8904=ORIENTED_EDGE('',*,*,#6317,.F.);
#8905=ORIENTED_EDGE('',*,*,#6318,.T.);
#8906=ORIENTED_EDGE('',*,*,#6319,.T.);
#8907=ORIENTED_EDGE('',*,*,#6320,.F.);
#8908=ORIENTED_EDGE('',*,*,#6321,.T.);
#8909=ORIENTED_EDGE('',*,*,#6307,.F.);
#8910=ORIENTED_EDGE('',*,*,#6322,.F.);
#8911=ORIENTED_EDGE('',*,*,#6313,.T.);
#8912=ORIENTED_EDGE('',*,*,#6323,.T.);
#8913=ORIENTED_EDGE('',*,*,#6311,.F.);
#8914=ORIENTED_EDGE('',*,*,#6310,.F.);
#8915=ORIENTED_EDGE('',*,*,#6324,.T.);
#8916=ORIENTED_EDGE('',*,*,#6325,.T.);
#8917=ORIENTED_EDGE('',*,*,#6326,.F.);
#8918=ORIENTED_EDGE('',*,*,#6327,.T.);
#8919=ORIENTED_EDGE('',*,*,#6328,.T.);
#8920=ORIENTED_EDGE('',*,*,#6329,.F.);
#8921=ORIENTED_EDGE('',*,*,#6150,.T.);
#8922=ORIENTED_EDGE('',*,*,#6066,.F.);
#8923=ORIENTED_EDGE('',*,*,#6330,.F.);
#8924=ORIENTED_EDGE('',*,*,#6154,.T.);
#8925=ORIENTED_EDGE('',*,*,#6331,.F.);
#8926=ORIENTED_EDGE('',*,*,#6332,.T.);
#8927=ORIENTED_EDGE('',*,*,#6098,.F.);
#8928=ORIENTED_EDGE('',*,*,#6333,.F.);
#8929=ORIENTED_EDGE('',*,*,#6334,.T.);
#8930=ORIENTED_EDGE('',*,*,#6318,.F.);
#8931=ORIENTED_EDGE('',*,*,#6335,.T.);
#8932=ORIENTED_EDGE('',*,*,#6152,.T.);
#8933=ORIENTED_EDGE('',*,*,#6336,.F.);
#8934=ORIENTED_EDGE('',*,*,#6337,.F.);
#8935=ORIENTED_EDGE('',*,*,#6338,.T.);
#8936=ORIENTED_EDGE('',*,*,#6339,.T.);
#8937=ORIENTED_EDGE('',*,*,#6340,.F.);
#8938=ORIENTED_EDGE('',*,*,#6341,.F.);
#8939=ORIENTED_EDGE('',*,*,#6342,.T.);
#8940=ORIENTED_EDGE('',*,*,#6343,.F.);
#8941=ORIENTED_EDGE('',*,*,#6344,.T.);
#8942=ORIENTED_EDGE('',*,*,#6345,.T.);
#8943=ORIENTED_EDGE('',*,*,#6346,.T.);
#8944=ORIENTED_EDGE('',*,*,#6347,.T.);
#8945=ORIENTED_EDGE('',*,*,#6348,.F.);
#8946=ORIENTED_EDGE('',*,*,#6349,.T.);
#8947=ORIENTED_EDGE('',*,*,#6350,.T.);
#8948=ORIENTED_EDGE('',*,*,#6351,.T.);
#8949=ORIENTED_EDGE('',*,*,#6352,.T.);
#8950=ORIENTED_EDGE('',*,*,#6314,.F.);
#8951=ORIENTED_EDGE('',*,*,#6322,.T.);
#8952=ORIENTED_EDGE('',*,*,#6353,.T.);
#8953=ORIENTED_EDGE('',*,*,#6354,.F.);
#8954=ORIENTED_EDGE('',*,*,#6329,.T.);
#8955=ORIENTED_EDGE('',*,*,#6355,.T.);
#8956=ORIENTED_EDGE('',*,*,#6356,.T.);
#8957=ORIENTED_EDGE('',*,*,#6336,.T.);
#8958=ORIENTED_EDGE('',*,*,#6151,.F.);
#8959=ORIENTED_EDGE('',*,*,#6357,.T.);
#8960=ORIENTED_EDGE('',*,*,#6300,.F.);
#8961=ORIENTED_EDGE('',*,*,#6358,.T.);
#8962=ORIENTED_EDGE('',*,*,#6343,.T.);
#8963=ORIENTED_EDGE('',*,*,#6359,.T.);
#8964=ORIENTED_EDGE('',*,*,#6360,.F.);
#8965=ORIENTED_EDGE('',*,*,#6361,.T.);
#8966=ORIENTED_EDGE('',*,*,#6304,.F.);
#8967=ORIENTED_EDGE('',*,*,#6362,.T.);
#8968=ORIENTED_EDGE('',*,*,#6363,.F.);
#8969=ORIENTED_EDGE('',*,*,#6364,.F.);
#8970=ORIENTED_EDGE('',*,*,#6337,.T.);
#8971=ORIENTED_EDGE('',*,*,#6356,.F.);
#8972=ORIENTED_EDGE('',*,*,#6365,.T.);
#8973=ORIENTED_EDGE('',*,*,#6366,.F.);
#8974=ORIENTED_EDGE('',*,*,#6367,.T.);
#8975=ORIENTED_EDGE('',*,*,#6368,.T.);
#8976=ORIENTED_EDGE('',*,*,#6301,.F.);
#8977=ORIENTED_EDGE('',*,*,#6357,.F.);
#8978=ORIENTED_EDGE('',*,*,#6369,.T.);
#8979=ORIENTED_EDGE('',*,*,#6359,.F.);
#8980=ORIENTED_EDGE('',*,*,#6342,.F.);
#8981=ORIENTED_EDGE('',*,*,#6370,.T.);
#8982=ORIENTED_EDGE('',*,*,#6371,.T.);
#8983=ORIENTED_EDGE('',*,*,#6367,.F.);
#8984=ORIENTED_EDGE('',*,*,#6372,.T.);
#8985=ORIENTED_EDGE('',*,*,#6373,.F.);
#8986=ORIENTED_EDGE('',*,*,#6374,.F.);
#8987=ORIENTED_EDGE('',*,*,#6365,.F.);
#8988=ORIENTED_EDGE('',*,*,#6370,.F.);
#8989=ORIENTED_EDGE('',*,*,#6341,.T.);
#8990=ORIENTED_EDGE('',*,*,#6375,.F.);
#8991=ORIENTED_EDGE('',*,*,#6371,.F.);
#8992=ORIENTED_EDGE('',*,*,#6340,.T.);
#8993=ORIENTED_EDGE('',*,*,#6376,.T.);
#8994=ORIENTED_EDGE('',*,*,#6377,.F.);
#8995=ORIENTED_EDGE('',*,*,#6302,.F.);
#8996=ORIENTED_EDGE('',*,*,#6368,.F.);
#8997=ORIENTED_EDGE('',*,*,#6375,.T.);
#8998=ORIENTED_EDGE('',*,*,#6338,.F.);
#8999=ORIENTED_EDGE('',*,*,#6364,.T.);
#9000=ORIENTED_EDGE('',*,*,#6378,.F.);
#9001=ORIENTED_EDGE('',*,*,#6362,.F.);
#9002=ORIENTED_EDGE('',*,*,#6303,.F.);
#9003=ORIENTED_EDGE('',*,*,#6377,.T.);
#9004=ORIENTED_EDGE('',*,*,#6379,.T.);
#9005=ORIENTED_EDGE('',*,*,#6380,.T.);
#9006=ORIENTED_EDGE('',*,*,#6381,.T.);
#9007=ORIENTED_EDGE('',*,*,#6382,.T.);
#9008=ORIENTED_EDGE('',*,*,#6382,.F.);
#9009=ORIENTED_EDGE('',*,*,#6383,.T.);
#9010=ORIENTED_EDGE('',*,*,#6376,.F.);
#9011=ORIENTED_EDGE('',*,*,#6339,.F.);
#9012=ORIENTED_EDGE('',*,*,#6383,.F.);
#9013=ORIENTED_EDGE('',*,*,#6381,.F.);
#9014=ORIENTED_EDGE('',*,*,#6384,.F.);
#9015=ORIENTED_EDGE('',*,*,#6385,.F.);
#9016=ORIENTED_EDGE('',*,*,#6386,.T.);
#9017=ORIENTED_EDGE('',*,*,#6379,.F.);
#9018=ORIENTED_EDGE('',*,*,#6088,.T.);
#9019=ORIENTED_EDGE('',*,*,#6387,.T.);
#9020=ORIENTED_EDGE('',*,*,#6384,.T.);
#9021=ORIENTED_EDGE('',*,*,#6380,.F.);
#9022=ORIENTED_EDGE('',*,*,#6386,.F.);
#9023=ORIENTED_EDGE('',*,*,#6388,.T.);
#9024=ORIENTED_EDGE('',*,*,#6388,.F.);
#9025=ORIENTED_EDGE('',*,*,#6385,.T.);
#9026=ORIENTED_EDGE('',*,*,#6387,.F.);
#9027=ORIENTED_EDGE('',*,*,#6091,.F.);
#9028=ORIENTED_EDGE('',*,*,#6378,.T.);
#9029=ORIENTED_EDGE('',*,*,#6363,.T.);
#9030=ORIENTED_EDGE('',*,*,#6083,.F.);
#9031=ORIENTED_EDGE('',*,*,#6389,.T.);
#9032=ORIENTED_EDGE('',*,*,#6372,.F.);
#9033=ORIENTED_EDGE('',*,*,#6366,.T.);
#9034=ORIENTED_EDGE('',*,*,#6374,.T.);
#9035=ORIENTED_EDGE('',*,*,#6390,.T.);
#9036=ORIENTED_EDGE('',*,*,#6390,.F.);
#9037=ORIENTED_EDGE('',*,*,#6373,.T.);
#9038=ORIENTED_EDGE('',*,*,#6389,.F.);
#9039=ORIENTED_EDGE('',*,*,#6092,.F.);
#9040=ORIENTED_EDGE('',*,*,#6369,.F.);
#9041=ORIENTED_EDGE('',*,*,#6360,.T.);
#9042=ORIENTED_EDGE('',*,*,#6289,.T.);
#9043=ORIENTED_EDGE('',*,*,#6315,.T.);
#9044=ORIENTED_EDGE('',*,*,#6352,.F.);
#9045=ORIENTED_EDGE('',*,*,#6391,.F.);
#9046=ORIENTED_EDGE('',*,*,#6392,.F.);
#9047=ORIENTED_EDGE('',*,*,#6316,.F.);
#9048=ORIENTED_EDGE('',*,*,#6306,.T.);
#9049=ORIENTED_EDGE('',*,*,#6099,.F.);
#9050=ORIENTED_EDGE('',*,*,#6332,.F.);
#9051=ORIENTED_EDGE('',*,*,#6299,.T.);
#9052=ORIENTED_EDGE('',*,*,#6393,.T.);
#9053=ORIENTED_EDGE('',*,*,#6344,.F.);
#9054=ORIENTED_EDGE('',*,*,#6358,.F.);
#9055=ORIENTED_EDGE('',*,*,#6330,.T.);
#9056=ORIENTED_EDGE('',*,*,#6065,.F.);
#9057=ORIENTED_EDGE('',*,*,#6305,.F.);
#9058=ORIENTED_EDGE('',*,*,#6361,.F.);
#9059=ORIENTED_EDGE('',*,*,#6355,.F.);
#9060=ORIENTED_EDGE('',*,*,#6290,.T.);
#9061=ORIENTED_EDGE('',*,*,#6391,.T.);
#9062=ORIENTED_EDGE('',*,*,#6351,.F.);
#9063=ORIENTED_EDGE('',*,*,#6394,.F.);
#9064=ORIENTED_EDGE('',*,*,#6291,.F.);
#9065=ORIENTED_EDGE('',*,*,#6394,.T.);
#9066=ORIENTED_EDGE('',*,*,#6350,.F.);
#9067=ORIENTED_EDGE('',*,*,#6395,.F.);
#9068=ORIENTED_EDGE('',*,*,#6296,.T.);
#9069=ORIENTED_EDGE('',*,*,#6396,.F.);
#9070=ORIENTED_EDGE('',*,*,#6347,.F.);
#9071=ORIENTED_EDGE('',*,*,#6397,.F.);
#9072=ORIENTED_EDGE('',*,*,#6292,.T.);
#9073=ORIENTED_EDGE('',*,*,#6395,.T.);
#9074=ORIENTED_EDGE('',*,*,#6349,.F.);
#9075=ORIENTED_EDGE('',*,*,#6398,.F.);
#9076=ORIENTED_EDGE('',*,*,#6297,.F.);
#9077=ORIENTED_EDGE('',*,*,#6397,.T.);
#9078=ORIENTED_EDGE('',*,*,#6346,.F.);
#9079=ORIENTED_EDGE('',*,*,#6399,.F.);
#9080=ORIENTED_EDGE('',*,*,#6298,.T.);
#9081=ORIENTED_EDGE('',*,*,#6399,.T.);
#9082=ORIENTED_EDGE('',*,*,#6345,.F.);
#9083=ORIENTED_EDGE('',*,*,#6393,.F.);
#9084=ORIENTED_EDGE('',*,*,#6396,.T.);
#9085=ORIENTED_EDGE('',*,*,#6295,.T.);
#9086=ORIENTED_EDGE('',*,*,#6400,.F.);
#9087=ORIENTED_EDGE('',*,*,#6401,.T.);
#9088=ORIENTED_EDGE('',*,*,#6402,.T.);
#9089=ORIENTED_EDGE('',*,*,#6348,.T.);
#9090=ORIENTED_EDGE('',*,*,#6402,.F.);
#9091=ORIENTED_EDGE('',*,*,#6403,.F.);
#9092=ORIENTED_EDGE('',*,*,#6404,.F.);
#9093=ORIENTED_EDGE('',*,*,#6398,.T.);
#9094=ORIENTED_EDGE('',*,*,#6404,.T.);
#9095=ORIENTED_EDGE('',*,*,#6405,.F.);
#9096=ORIENTED_EDGE('',*,*,#6406,.F.);
#9097=ORIENTED_EDGE('',*,*,#6293,.F.);
#9098=ORIENTED_EDGE('',*,*,#6400,.T.);
#9099=ORIENTED_EDGE('',*,*,#6294,.T.);
#9100=ORIENTED_EDGE('',*,*,#6406,.T.);
#9101=ORIENTED_EDGE('',*,*,#6407,.T.);
#9102=ORIENTED_EDGE('',*,*,#6407,.F.);
#9103=ORIENTED_EDGE('',*,*,#6405,.T.);
#9104=ORIENTED_EDGE('',*,*,#6403,.T.);
#9105=ORIENTED_EDGE('',*,*,#6401,.F.);
#9106=ORIENTED_EDGE('',*,*,#6335,.F.);
#9107=ORIENTED_EDGE('',*,*,#6317,.T.);
#9108=ORIENTED_EDGE('',*,*,#6392,.T.);
#9109=ORIENTED_EDGE('',*,*,#6331,.T.);
#9110=ORIENTED_EDGE('',*,*,#6153,.F.);
#9111=ORIENTED_EDGE('',*,*,#6164,.F.);
#9112=ORIENTED_EDGE('',*,*,#6095,.F.);
#9113=ORIENTED_EDGE('',*,*,#6104,.T.);
#9114=ORIENTED_EDGE('',*,*,#6069,.F.);
#9115=ORIENTED_EDGE('',*,*,#6333,.T.);
#9116=ORIENTED_EDGE('',*,*,#6408,.F.);
#9117=ORIENTED_EDGE('',*,*,#6409,.F.);
#9118=ORIENTED_EDGE('',*,*,#6410,.F.);
#9119=ORIENTED_EDGE('',*,*,#6411,.T.);
#9120=ORIENTED_EDGE('',*,*,#6412,.F.);
#9121=ORIENTED_EDGE('',*,*,#6413,.T.);
#9122=ORIENTED_EDGE('',*,*,#6414,.T.);
#9123=ORIENTED_EDGE('',*,*,#6308,.F.);
#9124=ORIENTED_EDGE('',*,*,#6321,.F.);
#9125=ORIENTED_EDGE('',*,*,#6415,.T.);
#9126=ORIENTED_EDGE('',*,*,#6319,.F.);
#9127=ORIENTED_EDGE('',*,*,#6334,.F.);
#9128=ORIENTED_EDGE('',*,*,#6410,.T.);
#9129=ORIENTED_EDGE('',*,*,#6409,.T.);
#9130=ORIENTED_EDGE('',*,*,#6413,.F.);
#9131=ORIENTED_EDGE('',*,*,#6416,.F.);
#9132=ORIENTED_EDGE('',*,*,#6417,.T.);
#9133=ORIENTED_EDGE('',*,*,#6418,.T.);
#9134=ORIENTED_EDGE('',*,*,#6411,.F.);
#9135=ORIENTED_EDGE('',*,*,#6078,.F.);
#9136=ORIENTED_EDGE('',*,*,#6419,.F.);
#9137=ORIENTED_EDGE('',*,*,#6416,.T.);
#9138=ORIENTED_EDGE('',*,*,#6412,.T.);
#9139=ORIENTED_EDGE('',*,*,#6418,.F.);
#9140=ORIENTED_EDGE('',*,*,#6420,.F.);
#9141=ORIENTED_EDGE('',*,*,#6420,.T.);
#9142=ORIENTED_EDGE('',*,*,#6417,.F.);
#9143=ORIENTED_EDGE('',*,*,#6419,.T.);
#9144=ORIENTED_EDGE('',*,*,#6093,.T.);
#9145=ORIENTED_EDGE('',*,*,#6320,.T.);
#9146=ORIENTED_EDGE('',*,*,#6415,.F.);
#9147=ORIENTED_EDGE('',*,*,#6324,.F.);
#9148=ORIENTED_EDGE('',*,*,#6309,.F.);
#9149=ORIENTED_EDGE('',*,*,#6414,.F.);
#9150=ORIENTED_EDGE('',*,*,#6408,.T.);
#9151=ORIENTED_EDGE('',*,*,#6354,.T.);
#9152=ORIENTED_EDGE('',*,*,#6421,.T.);
#9153=ORIENTED_EDGE('',*,*,#6422,.T.);
#9154=ORIENTED_EDGE('',*,*,#6421,.F.);
#9155=ORIENTED_EDGE('',*,*,#6353,.F.);
#9156=ORIENTED_EDGE('',*,*,#6328,.F.);
#9157=ORIENTED_EDGE('',*,*,#6422,.F.);
#9158=ORIENTED_EDGE('',*,*,#6327,.F.);
#9159=ORIENTED_EDGE('',*,*,#6423,.T.);
#9160=ORIENTED_EDGE('',*,*,#6424,.T.);
#9161=ORIENTED_EDGE('',*,*,#6425,.T.);
#9162=ORIENTED_EDGE('',*,*,#6325,.F.);
#9163=ORIENTED_EDGE('',*,*,#6073,.F.);
#9164=ORIENTED_EDGE('',*,*,#6426,.F.);
#9165=ORIENTED_EDGE('',*,*,#6423,.F.);
#9166=ORIENTED_EDGE('',*,*,#6326,.T.);
#9167=ORIENTED_EDGE('',*,*,#6425,.F.);
#9168=ORIENTED_EDGE('',*,*,#6427,.F.);
#9169=ORIENTED_EDGE('',*,*,#6427,.T.);
#9170=ORIENTED_EDGE('',*,*,#6424,.F.);
#9171=ORIENTED_EDGE('',*,*,#6426,.T.);
#9172=ORIENTED_EDGE('',*,*,#6090,.T.);
#9173=ORIENTED_EDGE('',*,*,#6323,.F.);
#9174=ORIENTED_EDGE('',*,*,#6312,.T.);
#9175=ORIENTED_EDGE('',*,*,#6428,.T.);
#9176=ORIENTED_EDGE('',*,*,#6147,.F.);
#9177=ORIENTED_EDGE('',*,*,#6429,.T.);
#9178=ORIENTED_EDGE('',*,*,#6279,.F.);
#9179=ORIENTED_EDGE('',*,*,#6278,.F.);
#9180=ORIENTED_EDGE('',*,*,#6430,.T.);
#9181=ORIENTED_EDGE('',*,*,#6117,.F.);
#9182=ORIENTED_EDGE('',*,*,#6428,.F.);
#9183=ORIENTED_EDGE('',*,*,#6430,.F.);
#9184=ORIENTED_EDGE('',*,*,#6277,.T.);
#9185=ORIENTED_EDGE('',*,*,#6431,.T.);
#9186=ORIENTED_EDGE('',*,*,#6118,.F.);
#9187=ORIENTED_EDGE('',*,*,#6432,.T.);
#9188=ORIENTED_EDGE('',*,*,#6145,.F.);
#9189=ORIENTED_EDGE('',*,*,#6433,.F.);
#9190=ORIENTED_EDGE('',*,*,#6213,.F.);
#9191=ORIENTED_EDGE('',*,*,#6434,.F.);
#9192=ORIENTED_EDGE('',*,*,#6281,.T.);
#9193=ORIENTED_EDGE('',*,*,#6276,.F.);
#9194=ORIENTED_EDGE('',*,*,#6261,.F.);
#9195=ORIENTED_EDGE('',*,*,#6119,.F.);
#9196=ORIENTED_EDGE('',*,*,#6431,.F.);
#9197=ORIENTED_EDGE('',*,*,#6280,.F.);
#9198=ORIENTED_EDGE('',*,*,#6429,.F.);
#9199=ORIENTED_EDGE('',*,*,#6146,.F.);
#9200=ORIENTED_EDGE('',*,*,#6432,.F.);
#9201=ORIENTED_EDGE('',*,*,#6212,.F.);
#9202=ORIENTED_EDGE('',*,*,#6435,.F.);
#9203=ORIENTED_EDGE('',*,*,#6282,.F.);
#9204=ORIENTED_EDGE('',*,*,#6434,.T.);
#9205=ORIENTED_EDGE('',*,*,#6435,.T.);
#9206=ORIENTED_EDGE('',*,*,#6211,.F.);
#9207=ORIENTED_EDGE('',*,*,#6436,.F.);
#9208=ORIENTED_EDGE('',*,*,#6274,.T.);
#9209=ORIENTED_EDGE('',*,*,#6275,.T.);
#9210=ORIENTED_EDGE('',*,*,#6436,.T.);
#9211=ORIENTED_EDGE('',*,*,#6210,.F.);
#9212=ORIENTED_EDGE('',*,*,#6263,.F.);
#9213=ORIENTED_EDGE('',*,*,#6214,.F.);
#9214=ORIENTED_EDGE('',*,*,#6433,.T.);
#9215=ORIENTED_EDGE('',*,*,#6144,.F.);
#9216=ORIENTED_EDGE('',*,*,#6437,.F.);
#9217=ORIENTED_EDGE('',*,*,#6437,.T.);
#9218=ORIENTED_EDGE('',*,*,#6143,.F.);
#9219=ORIENTED_EDGE('',*,*,#6438,.F.);
#9220=ORIENTED_EDGE('',*,*,#6215,.F.);
#9221=ORIENTED_EDGE('',*,*,#6439,.F.);
#9222=ORIENTED_EDGE('',*,*,#6440,.F.);
#9223=ORIENTED_EDGE('',*,*,#6441,.T.);
#9224=ORIENTED_EDGE('',*,*,#6216,.F.);
#9225=ORIENTED_EDGE('',*,*,#6438,.T.);
#9226=ORIENTED_EDGE('',*,*,#6142,.F.);
#9227=ORIENTED_EDGE('',*,*,#6442,.F.);
#9228=ORIENTED_EDGE('',*,*,#6439,.T.);
#9229=ORIENTED_EDGE('',*,*,#6141,.F.);
#9230=ORIENTED_EDGE('',*,*,#6443,.F.);
#9231=ORIENTED_EDGE('',*,*,#6442,.T.);
#9232=ORIENTED_EDGE('',*,*,#6444,.T.);
#9233=ORIENTED_EDGE('',*,*,#6445,.T.);
#9234=ORIENTED_EDGE('',*,*,#6446,.T.);
#9235=ORIENTED_EDGE('',*,*,#6447,.F.);
#9236=ORIENTED_EDGE('',*,*,#6440,.T.);
#9237=ORIENTED_EDGE('',*,*,#6447,.T.);
#9238=ORIENTED_EDGE('',*,*,#6448,.T.);
#9239=ORIENTED_EDGE('',*,*,#6217,.F.);
#9240=ORIENTED_EDGE('',*,*,#6441,.F.);
#9241=ORIENTED_EDGE('',*,*,#6449,.T.);
#9242=ORIENTED_EDGE('',*,*,#6450,.T.);
#9243=ORIENTED_EDGE('',*,*,#6451,.F.);
#9244=ORIENTED_EDGE('',*,*,#6452,.F.);
#9245=ORIENTED_EDGE('',*,*,#6453,.T.);
#9246=ORIENTED_EDGE('',*,*,#6454,.T.);
#9247=ORIENTED_EDGE('',*,*,#6455,.F.);
#9248=ORIENTED_EDGE('',*,*,#6456,.F.);
#9249=ORIENTED_EDGE('',*,*,#6457,.T.);
#9250=ORIENTED_EDGE('',*,*,#6458,.T.);
#9251=ORIENTED_EDGE('',*,*,#6459,.F.);
#9252=ORIENTED_EDGE('',*,*,#6460,.F.);
#9253=ORIENTED_EDGE('',*,*,#6461,.T.);
#9254=ORIENTED_EDGE('',*,*,#6462,.T.);
#9255=ORIENTED_EDGE('',*,*,#6463,.F.);
#9256=ORIENTED_EDGE('',*,*,#6464,.F.);
#9257=ORIENTED_EDGE('',*,*,#6465,.T.);
#9258=ORIENTED_EDGE('',*,*,#6466,.T.);
#9259=ORIENTED_EDGE('',*,*,#6467,.F.);
#9260=ORIENTED_EDGE('',*,*,#6468,.F.);
#9261=ORIENTED_EDGE('',*,*,#6469,.T.);
#9262=ORIENTED_EDGE('',*,*,#6470,.T.);
#9263=ORIENTED_EDGE('',*,*,#6471,.F.);
#9264=ORIENTED_EDGE('',*,*,#6472,.F.);
#9265=ORIENTED_EDGE('',*,*,#6473,.T.);
#9266=ORIENTED_EDGE('',*,*,#6474,.T.);
#9267=ORIENTED_EDGE('',*,*,#6475,.F.);
#9268=ORIENTED_EDGE('',*,*,#6476,.F.);
#9269=ORIENTED_EDGE('',*,*,#6477,.T.);
#9270=ORIENTED_EDGE('',*,*,#6478,.T.);
#9271=ORIENTED_EDGE('',*,*,#6479,.F.);
#9272=ORIENTED_EDGE('',*,*,#6480,.F.);
#9273=ORIENTED_EDGE('',*,*,#6481,.T.);
#9274=ORIENTED_EDGE('',*,*,#6138,.F.);
#9275=ORIENTED_EDGE('',*,*,#6482,.F.);
#9276=ORIENTED_EDGE('',*,*,#6218,.F.);
#9277=ORIENTED_EDGE('',*,*,#6448,.F.);
#9278=ORIENTED_EDGE('',*,*,#6446,.F.);
#9279=ORIENTED_EDGE('',*,*,#6445,.F.);
#9280=ORIENTED_EDGE('',*,*,#6483,.T.);
#9281=ORIENTED_EDGE('',*,*,#6139,.F.);
#9282=ORIENTED_EDGE('',*,*,#6481,.F.);
#9283=ORIENTED_EDGE('',*,*,#6443,.T.);
#9284=ORIENTED_EDGE('',*,*,#6140,.F.);
#9285=ORIENTED_EDGE('',*,*,#6483,.F.);
#9286=ORIENTED_EDGE('',*,*,#6444,.F.);
#9287=ORIENTED_EDGE('',*,*,#6287,.T.);
#9288=ORIENTED_EDGE('',*,*,#6219,.F.);
#9289=ORIENTED_EDGE('',*,*,#6482,.T.);
#9290=ORIENTED_EDGE('',*,*,#6137,.F.);
#9291=ORIENTED_EDGE('',*,*,#6226,.T.);
#9292=ORIENTED_EDGE('',*,*,#6484,.F.);
#9293=ORIENTED_EDGE('',*,*,#6449,.F.);
#9294=ORIENTED_EDGE('',*,*,#6485,.F.);
#9295=ORIENTED_EDGE('',*,*,#6227,.F.);
#9296=ORIENTED_EDGE('',*,*,#6485,.T.);
#9297=ORIENTED_EDGE('',*,*,#6452,.T.);
#9298=ORIENTED_EDGE('',*,*,#6486,.F.);
#9299=ORIENTED_EDGE('',*,*,#6228,.F.);
#9300=ORIENTED_EDGE('',*,*,#6486,.T.);
#9301=ORIENTED_EDGE('',*,*,#6451,.T.);
#9302=ORIENTED_EDGE('',*,*,#6487,.T.);
#9303=ORIENTED_EDGE('',*,*,#6229,.T.);
#9304=ORIENTED_EDGE('',*,*,#6487,.F.);
#9305=ORIENTED_EDGE('',*,*,#6450,.F.);
#9306=ORIENTED_EDGE('',*,*,#6484,.T.);
#9307=ORIENTED_EDGE('',*,*,#6230,.T.);
#9308=ORIENTED_EDGE('',*,*,#6488,.F.);
#9309=ORIENTED_EDGE('',*,*,#6453,.F.);
#9310=ORIENTED_EDGE('',*,*,#6489,.F.);
#9311=ORIENTED_EDGE('',*,*,#6231,.F.);
#9312=ORIENTED_EDGE('',*,*,#6489,.T.);
#9313=ORIENTED_EDGE('',*,*,#6456,.T.);
#9314=ORIENTED_EDGE('',*,*,#6490,.F.);
#9315=ORIENTED_EDGE('',*,*,#6232,.F.);
#9316=ORIENTED_EDGE('',*,*,#6490,.T.);
#9317=ORIENTED_EDGE('',*,*,#6455,.T.);
#9318=ORIENTED_EDGE('',*,*,#6491,.T.);
#9319=ORIENTED_EDGE('',*,*,#6233,.T.);
#9320=ORIENTED_EDGE('',*,*,#6491,.F.);
#9321=ORIENTED_EDGE('',*,*,#6454,.F.);
#9322=ORIENTED_EDGE('',*,*,#6488,.T.);
#9323=ORIENTED_EDGE('',*,*,#6234,.T.);
#9324=ORIENTED_EDGE('',*,*,#6492,.F.);
#9325=ORIENTED_EDGE('',*,*,#6457,.F.);
#9326=ORIENTED_EDGE('',*,*,#6493,.F.);
#9327=ORIENTED_EDGE('',*,*,#6235,.F.);
#9328=ORIENTED_EDGE('',*,*,#6493,.T.);
#9329=ORIENTED_EDGE('',*,*,#6460,.T.);
#9330=ORIENTED_EDGE('',*,*,#6494,.F.);
#9331=ORIENTED_EDGE('',*,*,#6236,.F.);
#9332=ORIENTED_EDGE('',*,*,#6494,.T.);
#9333=ORIENTED_EDGE('',*,*,#6459,.T.);
#9334=ORIENTED_EDGE('',*,*,#6495,.T.);
#9335=ORIENTED_EDGE('',*,*,#6237,.T.);
#9336=ORIENTED_EDGE('',*,*,#6495,.F.);
#9337=ORIENTED_EDGE('',*,*,#6458,.F.);
#9338=ORIENTED_EDGE('',*,*,#6492,.T.);
#9339=ORIENTED_EDGE('',*,*,#6238,.T.);
#9340=ORIENTED_EDGE('',*,*,#6496,.F.);
#9341=ORIENTED_EDGE('',*,*,#6461,.F.);
#9342=ORIENTED_EDGE('',*,*,#6497,.F.);
#9343=ORIENTED_EDGE('',*,*,#6239,.F.);
#9344=ORIENTED_EDGE('',*,*,#6497,.T.);
#9345=ORIENTED_EDGE('',*,*,#6464,.T.);
#9346=ORIENTED_EDGE('',*,*,#6498,.F.);
#9347=ORIENTED_EDGE('',*,*,#6240,.F.);
#9348=ORIENTED_EDGE('',*,*,#6498,.T.);
#9349=ORIENTED_EDGE('',*,*,#6463,.T.);
#9350=ORIENTED_EDGE('',*,*,#6499,.T.);
#9351=ORIENTED_EDGE('',*,*,#6241,.T.);
#9352=ORIENTED_EDGE('',*,*,#6499,.F.);
#9353=ORIENTED_EDGE('',*,*,#6462,.F.);
#9354=ORIENTED_EDGE('',*,*,#6496,.T.);
#9355=ORIENTED_EDGE('',*,*,#6242,.T.);
#9356=ORIENTED_EDGE('',*,*,#6500,.F.);
#9357=ORIENTED_EDGE('',*,*,#6465,.F.);
#9358=ORIENTED_EDGE('',*,*,#6501,.F.);
#9359=ORIENTED_EDGE('',*,*,#6243,.F.);
#9360=ORIENTED_EDGE('',*,*,#6501,.T.);
#9361=ORIENTED_EDGE('',*,*,#6468,.T.);
#9362=ORIENTED_EDGE('',*,*,#6502,.F.);
#9363=ORIENTED_EDGE('',*,*,#6244,.F.);
#9364=ORIENTED_EDGE('',*,*,#6502,.T.);
#9365=ORIENTED_EDGE('',*,*,#6467,.T.);
#9366=ORIENTED_EDGE('',*,*,#6503,.T.);
#9367=ORIENTED_EDGE('',*,*,#6245,.T.);
#9368=ORIENTED_EDGE('',*,*,#6503,.F.);
#9369=ORIENTED_EDGE('',*,*,#6466,.F.);
#9370=ORIENTED_EDGE('',*,*,#6500,.T.);
#9371=ORIENTED_EDGE('',*,*,#6246,.T.);
#9372=ORIENTED_EDGE('',*,*,#6504,.F.);
#9373=ORIENTED_EDGE('',*,*,#6469,.F.);
#9374=ORIENTED_EDGE('',*,*,#6505,.F.);
#9375=ORIENTED_EDGE('',*,*,#6247,.F.);
#9376=ORIENTED_EDGE('',*,*,#6505,.T.);
#9377=ORIENTED_EDGE('',*,*,#6472,.T.);
#9378=ORIENTED_EDGE('',*,*,#6506,.F.);
#9379=ORIENTED_EDGE('',*,*,#6248,.F.);
#9380=ORIENTED_EDGE('',*,*,#6506,.T.);
#9381=ORIENTED_EDGE('',*,*,#6471,.T.);
#9382=ORIENTED_EDGE('',*,*,#6507,.T.);
#9383=ORIENTED_EDGE('',*,*,#6249,.T.);
#9384=ORIENTED_EDGE('',*,*,#6507,.F.);
#9385=ORIENTED_EDGE('',*,*,#6470,.F.);
#9386=ORIENTED_EDGE('',*,*,#6504,.T.);
#9387=ORIENTED_EDGE('',*,*,#6250,.T.);
#9388=ORIENTED_EDGE('',*,*,#6508,.F.);
#9389=ORIENTED_EDGE('',*,*,#6473,.F.);
#9390=ORIENTED_EDGE('',*,*,#6509,.F.);
#9391=ORIENTED_EDGE('',*,*,#6251,.F.);
#9392=ORIENTED_EDGE('',*,*,#6509,.T.);
#9393=ORIENTED_EDGE('',*,*,#6476,.T.);
#9394=ORIENTED_EDGE('',*,*,#6510,.F.);
#9395=ORIENTED_EDGE('',*,*,#6252,.F.);
#9396=ORIENTED_EDGE('',*,*,#6510,.T.);
#9397=ORIENTED_EDGE('',*,*,#6475,.T.);
#9398=ORIENTED_EDGE('',*,*,#6511,.T.);
#9399=ORIENTED_EDGE('',*,*,#6253,.T.);
#9400=ORIENTED_EDGE('',*,*,#6511,.F.);
#9401=ORIENTED_EDGE('',*,*,#6474,.F.);
#9402=ORIENTED_EDGE('',*,*,#6508,.T.);
#9403=ORIENTED_EDGE('',*,*,#6254,.T.);
#9404=ORIENTED_EDGE('',*,*,#6512,.F.);
#9405=ORIENTED_EDGE('',*,*,#6477,.F.);
#9406=ORIENTED_EDGE('',*,*,#6513,.F.);
#9407=ORIENTED_EDGE('',*,*,#6255,.F.);
#9408=ORIENTED_EDGE('',*,*,#6513,.T.);
#9409=ORIENTED_EDGE('',*,*,#6480,.T.);
#9410=ORIENTED_EDGE('',*,*,#6514,.F.);
#9411=ORIENTED_EDGE('',*,*,#6256,.F.);
#9412=ORIENTED_EDGE('',*,*,#6514,.T.);
#9413=ORIENTED_EDGE('',*,*,#6479,.T.);
#9414=ORIENTED_EDGE('',*,*,#6515,.T.);
#9415=ORIENTED_EDGE('',*,*,#6257,.T.);
#9416=ORIENTED_EDGE('',*,*,#6515,.F.);
#9417=ORIENTED_EDGE('',*,*,#6478,.F.);
#9418=ORIENTED_EDGE('',*,*,#6512,.T.);
#9419=ORIENTED_EDGE('',*,*,#6271,.F.);
#9420=ORIENTED_EDGE('',*,*,#6284,.F.);
#9421=ORIENTED_EDGE('',*,*,#6134,.F.);
#9422=ORIENTED_EDGE('',*,*,#6516,.F.);
#9423=ORIENTED_EDGE('',*,*,#6516,.T.);
#9424=ORIENTED_EDGE('',*,*,#6133,.F.);
#9425=ORIENTED_EDGE('',*,*,#6517,.F.);
#9426=ORIENTED_EDGE('',*,*,#6272,.F.);
#9427=ORIENTED_EDGE('',*,*,#6273,.F.);
#9428=ORIENTED_EDGE('',*,*,#6517,.T.);
#9429=ORIENTED_EDGE('',*,*,#6132,.F.);
#9430=ORIENTED_EDGE('',*,*,#6286,.T.);
#9431=ORIENTED_EDGE('',*,*,#6222,.F.);
#9432=ORIENTED_EDGE('',*,*,#6285,.F.);
#9433=ORIENTED_EDGE('',*,*,#6269,.F.);
#9434=ORIENTED_EDGE('',*,*,#6518,.T.);
#9435=ORIENTED_EDGE('',*,*,#6518,.F.);
#9436=ORIENTED_EDGE('',*,*,#6268,.F.);
#9437=ORIENTED_EDGE('',*,*,#6519,.T.);
#9438=ORIENTED_EDGE('',*,*,#6223,.F.);
#9439=ORIENTED_EDGE('',*,*,#6267,.T.);
#9440=ORIENTED_EDGE('',*,*,#6259,.T.);
#9441=ORIENTED_EDGE('',*,*,#6224,.F.);
#9442=ORIENTED_EDGE('',*,*,#6519,.F.);
#9443=ORIENTED_EDGE('',*,*,#6166,.T.);
#9444=ORIENTED_EDGE('',*,*,#6520,.T.);
#9445=ORIENTED_EDGE('',*,*,#6521,.F.);
#9446=ORIENTED_EDGE('',*,*,#6522,.F.);
#9447=ORIENTED_EDGE('',*,*,#6167,.T.);
#9448=ORIENTED_EDGE('',*,*,#6522,.T.);
#9449=ORIENTED_EDGE('',*,*,#6523,.F.);
#9450=ORIENTED_EDGE('',*,*,#6524,.F.);
#9451=ORIENTED_EDGE('',*,*,#6168,.T.);
#9452=ORIENTED_EDGE('',*,*,#6524,.T.);
#9453=ORIENTED_EDGE('',*,*,#6525,.F.);
#9454=ORIENTED_EDGE('',*,*,#6526,.F.);
#9455=ORIENTED_EDGE('',*,*,#6169,.T.);
#9456=ORIENTED_EDGE('',*,*,#6526,.T.);
#9457=ORIENTED_EDGE('',*,*,#6527,.F.);
#9458=ORIENTED_EDGE('',*,*,#6520,.F.);
#9459=ORIENTED_EDGE('',*,*,#6521,.T.);
#9460=ORIENTED_EDGE('',*,*,#6527,.T.);
#9461=ORIENTED_EDGE('',*,*,#6525,.T.);
#9462=ORIENTED_EDGE('',*,*,#6523,.T.);
#9463=ORIENTED_EDGE('',*,*,#6528,.F.);
#9464=ORIENTED_EDGE('',*,*,#6529,.F.);
#9465=ORIENTED_EDGE('',*,*,#6530,.F.);
#9466=ORIENTED_EDGE('',*,*,#6531,.T.);
#9467=ORIENTED_EDGE('',*,*,#6532,.F.);
#9468=ORIENTED_EDGE('',*,*,#6533,.F.);
#9469=ORIENTED_EDGE('',*,*,#6534,.F.);
#9470=ORIENTED_EDGE('',*,*,#6535,.F.);
#9471=ORIENTED_EDGE('',*,*,#6536,.F.);
#9472=ORIENTED_EDGE('',*,*,#6537,.F.);
#9473=ORIENTED_EDGE('',*,*,#6538,.T.);
#9474=ORIENTED_EDGE('',*,*,#6539,.F.);
#9475=ORIENTED_EDGE('',*,*,#6540,.F.);
#9476=ORIENTED_EDGE('',*,*,#6541,.F.);
#9477=ORIENTED_EDGE('',*,*,#6542,.F.);
#9478=ORIENTED_EDGE('',*,*,#6543,.F.);
#9479=ORIENTED_EDGE('',*,*,#6544,.F.);
#9480=ORIENTED_EDGE('',*,*,#6545,.F.);
#9481=ORIENTED_EDGE('',*,*,#6546,.F.);
#9482=ORIENTED_EDGE('',*,*,#6547,.F.);
#9483=ORIENTED_EDGE('',*,*,#6548,.T.);
#9484=ORIENTED_EDGE('',*,*,#6549,.F.);
#9485=ORIENTED_EDGE('',*,*,#6550,.F.);
#9486=ORIENTED_EDGE('',*,*,#6551,.F.);
#9487=ORIENTED_EDGE('',*,*,#6552,.T.);
#9488=ORIENTED_EDGE('',*,*,#6553,.T.);
#9489=ORIENTED_EDGE('',*,*,#6554,.F.);
#9490=ORIENTED_EDGE('',*,*,#6555,.F.);
#9491=ORIENTED_EDGE('',*,*,#6556,.F.);
#9492=ORIENTED_EDGE('',*,*,#6557,.F.);
#9493=ORIENTED_EDGE('',*,*,#6558,.F.);
#9494=ORIENTED_EDGE('',*,*,#6559,.T.);
#9495=ORIENTED_EDGE('',*,*,#6560,.F.);
#9496=ORIENTED_EDGE('',*,*,#6561,.T.);
#9497=ORIENTED_EDGE('',*,*,#6562,.F.);
#9498=ORIENTED_EDGE('',*,*,#6563,.F.);
#9499=ORIENTED_EDGE('',*,*,#6528,.T.);
#9500=ORIENTED_EDGE('',*,*,#6564,.T.);
#9501=ORIENTED_EDGE('',*,*,#6565,.F.);
#9502=ORIENTED_EDGE('',*,*,#6566,.F.);
#9503=ORIENTED_EDGE('',*,*,#6529,.T.);
#9504=ORIENTED_EDGE('',*,*,#6563,.T.);
#9505=ORIENTED_EDGE('',*,*,#6567,.F.);
#9506=ORIENTED_EDGE('',*,*,#6568,.F.);
#9507=ORIENTED_EDGE('',*,*,#6530,.T.);
#9508=ORIENTED_EDGE('',*,*,#6566,.T.);
#9509=ORIENTED_EDGE('',*,*,#6569,.F.);
#9510=ORIENTED_EDGE('',*,*,#6568,.T.);
#9511=ORIENTED_EDGE('',*,*,#6570,.F.);
#9512=ORIENTED_EDGE('',*,*,#6571,.F.);
#9513=ORIENTED_EDGE('',*,*,#6531,.F.);
#9514=ORIENTED_EDGE('',*,*,#6572,.F.);
#9515=ORIENTED_EDGE('',*,*,#6532,.T.);
#9516=ORIENTED_EDGE('',*,*,#6571,.T.);
#9517=ORIENTED_EDGE('',*,*,#6573,.F.);
#9518=ORIENTED_EDGE('',*,*,#6574,.F.);
#9519=ORIENTED_EDGE('',*,*,#6533,.T.);
#9520=ORIENTED_EDGE('',*,*,#6572,.T.);
#9521=ORIENTED_EDGE('',*,*,#6575,.F.);
#9522=ORIENTED_EDGE('',*,*,#6576,.F.);
#9523=ORIENTED_EDGE('',*,*,#6534,.T.);
#9524=ORIENTED_EDGE('',*,*,#6574,.T.);
#9525=ORIENTED_EDGE('',*,*,#6577,.F.);
#9526=ORIENTED_EDGE('',*,*,#6576,.T.);
#9527=ORIENTED_EDGE('',*,*,#6578,.F.);
#9528=ORIENTED_EDGE('',*,*,#6564,.F.);
#9529=ORIENTED_EDGE('',*,*,#6535,.T.);
#9530=ORIENTED_EDGE('',*,*,#6565,.T.);
#9531=ORIENTED_EDGE('',*,*,#6578,.T.);
#9532=ORIENTED_EDGE('',*,*,#6577,.T.);
#9533=ORIENTED_EDGE('',*,*,#6575,.T.);
#9534=ORIENTED_EDGE('',*,*,#6573,.T.);
#9535=ORIENTED_EDGE('',*,*,#6570,.T.);
#9536=ORIENTED_EDGE('',*,*,#6569,.T.);
#9537=ORIENTED_EDGE('',*,*,#6567,.T.);
#9538=ORIENTED_EDGE('',*,*,#6579,.T.);
#9539=ORIENTED_EDGE('',*,*,#6580,.T.);
#9540=ORIENTED_EDGE('',*,*,#6581,.T.);
#9541=ORIENTED_EDGE('',*,*,#6582,.T.);
#9542=ORIENTED_EDGE('',*,*,#6583,.T.);
#9543=ORIENTED_EDGE('',*,*,#6584,.T.);
#9544=ORIENTED_EDGE('',*,*,#6585,.T.);
#9545=ORIENTED_EDGE('',*,*,#6586,.T.);
#9546=ORIENTED_EDGE('',*,*,#6587,.T.);
#9547=ORIENTED_EDGE('',*,*,#6588,.T.);
#9548=ORIENTED_EDGE('',*,*,#6589,.T.);
#9549=ORIENTED_EDGE('',*,*,#6590,.T.);
#9550=ORIENTED_EDGE('',*,*,#6591,.T.);
#9551=ORIENTED_EDGE('',*,*,#6592,.T.);
#9552=ORIENTED_EDGE('',*,*,#6593,.T.);
#9553=ORIENTED_EDGE('',*,*,#6594,.T.);
#9554=ORIENTED_EDGE('',*,*,#6595,.T.);
#9555=ORIENTED_EDGE('',*,*,#6596,.T.);
#9556=ORIENTED_EDGE('',*,*,#6597,.T.);
#9557=ORIENTED_EDGE('',*,*,#6598,.T.);
#9558=ORIENTED_EDGE('',*,*,#6599,.T.);
#9559=ORIENTED_EDGE('',*,*,#6600,.T.);
#9560=ORIENTED_EDGE('',*,*,#6601,.T.);
#9561=ORIENTED_EDGE('',*,*,#6602,.T.);
#9562=ORIENTED_EDGE('',*,*,#6603,.T.);
#9563=ORIENTED_EDGE('',*,*,#6604,.T.);
#9564=ORIENTED_EDGE('',*,*,#6605,.T.);
#9565=ORIENTED_EDGE('',*,*,#6606,.F.);
#9566=ORIENTED_EDGE('',*,*,#6556,.T.);
#9567=ORIENTED_EDGE('',*,*,#6607,.T.);
#9568=ORIENTED_EDGE('',*,*,#6579,.F.);
#9569=ORIENTED_EDGE('',*,*,#6606,.T.);
#9570=ORIENTED_EDGE('',*,*,#6581,.F.);
#9571=ORIENTED_EDGE('',*,*,#6608,.F.);
#9572=ORIENTED_EDGE('',*,*,#6557,.T.);
#9573=ORIENTED_EDGE('',*,*,#6607,.F.);
#9574=ORIENTED_EDGE('',*,*,#6558,.T.);
#9575=ORIENTED_EDGE('',*,*,#6608,.T.);
#9576=ORIENTED_EDGE('',*,*,#6580,.F.);
#9577=ORIENTED_EDGE('',*,*,#6609,.F.);
#9578=ORIENTED_EDGE('',*,*,#6537,.T.);
#9579=ORIENTED_EDGE('',*,*,#6610,.T.);
#9580=ORIENTED_EDGE('',*,*,#6582,.F.);
#9581=ORIENTED_EDGE('',*,*,#6609,.T.);
#9582=ORIENTED_EDGE('',*,*,#6594,.F.);
#9583=ORIENTED_EDGE('',*,*,#6611,.F.);
#9584=ORIENTED_EDGE('',*,*,#6538,.F.);
#9585=ORIENTED_EDGE('',*,*,#6612,.F.);
#9586=ORIENTED_EDGE('',*,*,#6539,.T.);
#9587=ORIENTED_EDGE('',*,*,#6611,.T.);
#9588=ORIENTED_EDGE('',*,*,#6593,.F.);
#9589=ORIENTED_EDGE('',*,*,#6613,.F.);
#9590=ORIENTED_EDGE('',*,*,#6540,.T.);
#9591=ORIENTED_EDGE('',*,*,#6612,.T.);
#9592=ORIENTED_EDGE('',*,*,#6592,.F.);
#9593=ORIENTED_EDGE('',*,*,#6613,.T.);
#9594=ORIENTED_EDGE('',*,*,#6591,.F.);
#9595=ORIENTED_EDGE('',*,*,#6614,.F.);
#9596=ORIENTED_EDGE('',*,*,#6541,.T.);
#9597=ORIENTED_EDGE('',*,*,#6615,.F.);
#9598=ORIENTED_EDGE('',*,*,#6542,.T.);
#9599=ORIENTED_EDGE('',*,*,#6614,.T.);
#9600=ORIENTED_EDGE('',*,*,#6590,.F.);
#9601=ORIENTED_EDGE('',*,*,#6616,.F.);
#9602=ORIENTED_EDGE('',*,*,#6543,.T.);
#9603=ORIENTED_EDGE('',*,*,#6615,.T.);
#9604=ORIENTED_EDGE('',*,*,#6589,.F.);
#9605=ORIENTED_EDGE('',*,*,#6616,.T.);
#9606=ORIENTED_EDGE('',*,*,#6588,.F.);
#9607=ORIENTED_EDGE('',*,*,#6617,.F.);
#9608=ORIENTED_EDGE('',*,*,#6544,.T.);
#9609=ORIENTED_EDGE('',*,*,#6618,.F.);
#9610=ORIENTED_EDGE('',*,*,#6545,.T.);
#9611=ORIENTED_EDGE('',*,*,#6617,.T.);
#9612=ORIENTED_EDGE('',*,*,#6587,.F.);
#9613=ORIENTED_EDGE('',*,*,#6619,.F.);
#9614=ORIENTED_EDGE('',*,*,#6546,.T.);
#9615=ORIENTED_EDGE('',*,*,#6618,.T.);
#9616=ORIENTED_EDGE('',*,*,#6586,.F.);
#9617=ORIENTED_EDGE('',*,*,#6620,.F.);
#9618=ORIENTED_EDGE('',*,*,#6547,.T.);
#9619=ORIENTED_EDGE('',*,*,#6619,.T.);
#9620=ORIENTED_EDGE('',*,*,#6585,.F.);
#9621=ORIENTED_EDGE('',*,*,#6620,.T.);
#9622=ORIENTED_EDGE('',*,*,#6584,.F.);
#9623=ORIENTED_EDGE('',*,*,#6621,.F.);
#9624=ORIENTED_EDGE('',*,*,#6548,.F.);
#9625=ORIENTED_EDGE('',*,*,#6610,.F.);
#9626=ORIENTED_EDGE('',*,*,#6536,.T.);
#9627=ORIENTED_EDGE('',*,*,#6621,.T.);
#9628=ORIENTED_EDGE('',*,*,#6583,.F.);
#9629=ORIENTED_EDGE('',*,*,#6622,.F.);
#9630=ORIENTED_EDGE('',*,*,#6549,.T.);
#9631=ORIENTED_EDGE('',*,*,#6623,.T.);
#9632=ORIENTED_EDGE('',*,*,#6595,.F.);
#9633=ORIENTED_EDGE('',*,*,#6624,.F.);
#9634=ORIENTED_EDGE('',*,*,#6550,.T.);
#9635=ORIENTED_EDGE('',*,*,#6622,.T.);
#9636=ORIENTED_EDGE('',*,*,#6601,.F.);
#9637=ORIENTED_EDGE('',*,*,#6625,.F.);
#9638=ORIENTED_EDGE('',*,*,#6551,.T.);
#9639=ORIENTED_EDGE('',*,*,#6624,.T.);
#9640=ORIENTED_EDGE('',*,*,#6600,.F.);
#9641=ORIENTED_EDGE('',*,*,#6626,.F.);
#9642=ORIENTED_EDGE('',*,*,#6552,.F.);
#9643=ORIENTED_EDGE('',*,*,#6625,.T.);
#9644=ORIENTED_EDGE('',*,*,#6599,.F.);
#9645=ORIENTED_EDGE('',*,*,#6626,.T.);
#9646=ORIENTED_EDGE('',*,*,#6598,.F.);
#9647=ORIENTED_EDGE('',*,*,#6627,.F.);
#9648=ORIENTED_EDGE('',*,*,#6553,.F.);
#9649=ORIENTED_EDGE('',*,*,#6628,.F.);
#9650=ORIENTED_EDGE('',*,*,#6554,.T.);
#9651=ORIENTED_EDGE('',*,*,#6627,.T.);
#9652=ORIENTED_EDGE('',*,*,#6597,.F.);
#9653=ORIENTED_EDGE('',*,*,#6628,.T.);
#9654=ORIENTED_EDGE('',*,*,#6596,.F.);
#9655=ORIENTED_EDGE('',*,*,#6623,.F.);
#9656=ORIENTED_EDGE('',*,*,#6555,.T.);
#9657=ORIENTED_EDGE('',*,*,#6629,.F.);
#9658=ORIENTED_EDGE('',*,*,#6559,.F.);
#9659=ORIENTED_EDGE('',*,*,#6630,.T.);
#9660=ORIENTED_EDGE('',*,*,#6602,.F.);
#9661=ORIENTED_EDGE('',*,*,#6629,.T.);
#9662=ORIENTED_EDGE('',*,*,#6605,.F.);
#9663=ORIENTED_EDGE('',*,*,#6631,.F.);
#9664=ORIENTED_EDGE('',*,*,#6560,.T.);
#9665=ORIENTED_EDGE('',*,*,#6632,.F.);
#9666=ORIENTED_EDGE('',*,*,#6561,.F.);
#9667=ORIENTED_EDGE('',*,*,#6631,.T.);
#9668=ORIENTED_EDGE('',*,*,#6604,.F.);
#9669=ORIENTED_EDGE('',*,*,#6630,.F.);
#9670=ORIENTED_EDGE('',*,*,#6562,.T.);
#9671=ORIENTED_EDGE('',*,*,#6632,.T.);
#9672=ORIENTED_EDGE('',*,*,#6603,.F.);
#9673=ORIENTED_EDGE('',*,*,#6633,.F.);
#9674=ORIENTED_EDGE('',*,*,#6634,.T.);
#9675=ORIENTED_EDGE('',*,*,#6635,.F.);
#9676=ORIENTED_EDGE('',*,*,#6636,.F.);
#9677=ORIENTED_EDGE('',*,*,#6637,.F.);
#9678=ORIENTED_EDGE('',*,*,#6636,.T.);
#9679=ORIENTED_EDGE('',*,*,#6638,.F.);
#9680=ORIENTED_EDGE('',*,*,#6639,.F.);
#9681=ORIENTED_EDGE('',*,*,#6640,.F.);
#9682=ORIENTED_EDGE('',*,*,#6639,.T.);
#9683=ORIENTED_EDGE('',*,*,#6641,.F.);
#9684=ORIENTED_EDGE('',*,*,#6642,.F.);
#9685=ORIENTED_EDGE('',*,*,#6643,.F.);
#9686=ORIENTED_EDGE('',*,*,#6642,.T.);
#9687=ORIENTED_EDGE('',*,*,#6644,.F.);
#9688=ORIENTED_EDGE('',*,*,#6634,.F.);
#9689=ORIENTED_EDGE('',*,*,#6643,.T.);
#9690=ORIENTED_EDGE('',*,*,#6633,.T.);
#9691=ORIENTED_EDGE('',*,*,#6637,.T.);
#9692=ORIENTED_EDGE('',*,*,#6640,.T.);
#9693=ORIENTED_EDGE('',*,*,#6644,.T.);
#9694=ORIENTED_EDGE('',*,*,#6641,.T.);
#9695=ORIENTED_EDGE('',*,*,#6638,.T.);
#9696=ORIENTED_EDGE('',*,*,#6635,.T.);
#9697=PLANE('',#10995);
#9698=PLANE('',#10996);
#9699=PLANE('',#10997);
#9700=PLANE('',#10998);
#9701=PLANE('',#10999);
#9702=PLANE('',#11000);
#9703=PLANE('',#11001);
#9704=PLANE('',#11002);
#9705=PLANE('',#11003);
#9706=PLANE('',#11004);
#9707=PLANE('',#11005);
#9708=PLANE('',#11006);
#9709=PLANE('',#11007);
#9710=PLANE('',#11008);
#9711=PLANE('',#11009);
#9712=PLANE('',#11010);
#9713=PLANE('',#11011);
#9714=PLANE('',#11012);
#9715=PLANE('',#11013);
#9716=PLANE('',#11016);
#9717=PLANE('',#11017);
#9718=PLANE('',#11018);
#9719=PLANE('',#11019);
#9720=PLANE('',#11020);
#9721=PLANE('',#11021);
#9722=PLANE('',#11022);
#9723=PLANE('',#11023);
#9724=PLANE('',#11024);
#9725=PLANE('',#11025);
#9726=PLANE('',#11026);
#9727=PLANE('',#11027);
#9728=PLANE('',#11028);
#9729=PLANE('',#11029);
#9730=PLANE('',#11030);
#9731=PLANE('',#11031);
#9732=PLANE('',#11032);
#9733=PLANE('',#11033);
#9734=PLANE('',#11034);
#9735=PLANE('',#11035);
#9736=PLANE('',#11036);
#9737=PLANE('',#11037);
#9738=PLANE('',#11038);
#9739=PLANE('',#11039);
#9740=PLANE('',#11040);
#9741=PLANE('',#11041);
#9742=PLANE('',#11042);
#9743=PLANE('',#11043);
#9744=PLANE('',#11044);
#9745=PLANE('',#11045);
#9746=PLANE('',#11046);
#9747=PLANE('',#11047);
#9748=PLANE('',#11048);
#9749=PLANE('',#11049);
#9750=PLANE('',#11050);
#9751=PLANE('',#11051);
#9752=PLANE('',#11052);
#9753=PLANE('',#11053);
#9754=PLANE('',#11054);
#9755=PLANE('',#11055);
#9756=PLANE('',#11056);
#9757=PLANE('',#11057);
#9758=PLANE('',#11058);
#9759=PLANE('',#11059);
#9760=PLANE('',#11060);
#9761=PLANE('',#11061);
#9762=PLANE('',#11062);
#9763=PLANE('',#11063);
#9764=PLANE('',#11064);
#9765=PLANE('',#11065);
#9766=PLANE('',#11066);
#9767=PLANE('',#11067);
#9768=PLANE('',#11068);
#9769=PLANE('',#11069);
#9770=PLANE('',#11070);
#9771=PLANE('',#11071);
#9772=PLANE('',#11072);
#9773=PLANE('',#11073);
#9774=PLANE('',#11074);
#9775=PLANE('',#11075);
#9776=PLANE('',#11076);
#9777=PLANE('',#11077);
#9778=PLANE('',#11078);
#9779=PLANE('',#11079);
#9780=PLANE('',#11080);
#9781=PLANE('',#11081);
#9782=PLANE('',#11082);
#9783=PLANE('',#11083);
#9784=PLANE('',#11084);
#9785=PLANE('',#11085);
#9786=PLANE('',#11086);
#9787=PLANE('',#11087);
#9788=PLANE('',#11088);
#9789=PLANE('',#11089);
#9790=PLANE('',#11090);
#9791=PLANE('',#11091);
#9792=PLANE('',#11092);
#9793=PLANE('',#11093);
#9794=PLANE('',#11094);
#9795=PLANE('',#11095);
#9796=PLANE('',#11096);
#9797=PLANE('',#11097);
#9798=PLANE('',#11098);
#9799=PLANE('',#11099);
#9800=PLANE('',#11100);
#9801=PLANE('',#11101);
#9802=PLANE('',#11102);
#9803=PLANE('',#11103);
#9804=PLANE('',#11104);
#9805=PLANE('',#11105);
#9806=PLANE('',#11106);
#9807=PLANE('',#11107);
#9808=PLANE('',#11108);
#9809=PLANE('',#11109);
#9810=PLANE('',#11110);
#9811=PLANE('',#11111);
#9812=PLANE('',#11112);
#9813=PLANE('',#11113);
#9814=PLANE('',#11114);
#9815=PLANE('',#11115);
#9816=PLANE('',#11116);
#9817=PLANE('',#11117);
#9818=PLANE('',#11118);
#9819=PLANE('',#11119);
#9820=PLANE('',#11120);
#9821=PLANE('',#11121);
#9822=PLANE('',#11122);
#9823=PLANE('',#11123);
#9824=PLANE('',#11124);
#9825=PLANE('',#11125);
#9826=PLANE('',#11126);
#9827=PLANE('',#11127);
#9828=PLANE('',#11128);
#9829=PLANE('',#11129);
#9830=PLANE('',#11130);
#9831=PLANE('',#11131);
#9832=PLANE('',#11132);
#9833=PLANE('',#11133);
#9834=PLANE('',#11134);
#9835=PLANE('',#11135);
#9836=PLANE('',#11136);
#9837=PLANE('',#11137);
#9838=PLANE('',#11138);
#9839=PLANE('',#11139);
#9840=PLANE('',#11140);
#9841=PLANE('',#11141);
#9842=PLANE('',#11142);
#9843=PLANE('',#11143);
#9844=PLANE('',#11144);
#9845=PLANE('',#11145);
#9846=PLANE('',#11146);
#9847=PLANE('',#11147);
#9848=PLANE('',#11148);
#9849=PLANE('',#11149);
#9850=PLANE('',#11150);
#9851=PLANE('',#11151);
#9852=PLANE('',#11152);
#9853=PLANE('',#11153);
#9854=PLANE('',#11154);
#9855=PLANE('',#11155);
#9856=PLANE('',#11156);
#9857=PLANE('',#11157);
#9858=PLANE('',#11158);
#9859=PLANE('',#11159);
#9860=PLANE('',#11160);
#9861=PLANE('',#11161);
#9862=PLANE('',#11162);
#9863=PLANE('',#11163);
#9864=PLANE('',#11164);
#9865=PLANE('',#11165);
#9866=PLANE('',#11166);
#9867=PLANE('',#11167);
#9868=PLANE('',#11168);
#9869=PLANE('',#11169);
#9870=PLANE('',#11170);
#9871=PLANE('',#11171);
#9872=PLANE('',#11172);
#9873=PLANE('',#11173);
#9874=PLANE('',#11174);
#9875=PLANE('',#11175);
#9876=PLANE('',#11176);
#9877=PLANE('',#11179);
#9878=PLANE('',#11180);
#9879=PLANE('',#11181);
#9880=PLANE('',#11182);
#9881=PLANE('',#11183);
#9882=PLANE('',#11184);
#9883=PLANE('',#11185);
#9884=PLANE('',#11186);
#9885=PLANE('',#11187);
#9886=PLANE('',#11188);
#9887=PLANE('',#11189);
#9888=PLANE('',#11190);
#9889=PLANE('',#11193);
#9890=PLANE('',#11194);
#9891=PLANE('',#11195);
#9892=PLANE('',#11196);
#9893=PLANE('',#11197);
#9894=PLANE('',#11201);
#9895=PLANE('',#11205);
#9896=PLANE('',#11209);
#9897=PLANE('',#11213);
#9898=PLANE('',#11214);
#9899=PLANE('',#11215);
#9900=PLANE('',#11216);
#9901=PLANE('',#11217);
#9902=PLANE('',#11218);
#9903=PLANE('',#11221);
#9904=PLANE('',#11223);
#9905=PLANE('',#11226);
#9906=PLANE('',#11229);
#9907=PLANE('',#11242);
#9908=PLANE('',#11245);
#9909=PLANE('',#11246);
#9910=PLANE('',#11247);
#9911=PLANE('',#11248);
#9912=PLANE('',#11249);
#9913=PLANE('',#11254);
#9914=PLANE('',#11256);
#9915=PLANE('',#11257);
#9916=PLANE('',#11261);
#9917=PLANE('',#11265);
#9918=PLANE('',#11266);
#9919=PLANE('',#11268);
#9920=PLANE('',#11269);
#9921=PLANE('',#11270);
#9922=PLANE('',#11271);
#9923=PLANE('',#11272);
#9924=PLANE('',#11277);
#9925=PLANE('',#11278);
#9926=PLANE('',#11281);
#9927=PLANE('',#11285);
#9928=PLANE('',#11290);
#9929=PLANE('',#11291);
#9930=PLANE('',#11293);
#9931=PLANE('',#11314);
#9932=PLANE('',#11315);
#9933=PLANE('',#11316);
#9934=PLANE('',#11333);
#9935=PLANE('',#11336);
#9936=PLANE('',#11342);
#9937=PLANE('',#11346);
#9938=PLANE('',#11347);
#9939=PLANE('',#11351);
#9940=PLANE('',#11352);
#9941=PLANE('',#11353);
#9942=PLANE('',#11354);
#9943=PLANE('',#11356);
#9944=PLANE('',#11357);
#9945=PLANE('',#11358);
#9946=PLANE('',#11360);
#9947=PLANE('',#11361);
#9948=PLANE('',#11363);
#9949=PLANE('',#11364);
#9950=PLANE('',#11365);
#9951=PLANE('',#11367);
#9952=PLANE('',#11368);
#9953=PLANE('',#11378);
#9954=PLANE('',#11382);
#9955=PLANE('',#11383);
#9956=PLANE('',#11384);
#9957=PLANE('',#11387);
#9958=PLANE('',#11391);
#9959=PLANE('',#11392);
#9960=PLANE('',#11393);
#9961=PLANE('',#11395);
#9962=PLANE('',#11396);
#9963=PLANE('',#11400);
#9964=PLANE('',#11401);
#9965=PLANE('',#11403);
#9966=PLANE('',#11404);
#9967=PLANE('',#11407);
#9968=PLANE('',#11409);
#9969=PLANE('',#11410);
#9970=PLANE('',#11412);
#9971=PLANE('',#11413);
#9972=PLANE('',#11414);
#9973=PLANE('',#11415);
#9974=PLANE('',#11416);
#9975=PLANE('',#11417);
#9976=PLANE('',#11418);
#9977=PLANE('',#11419);
#9978=PLANE('',#11420);
#9979=PLANE('',#11421);
#9980=PLANE('',#11422);
#9981=PLANE('',#11423);
#9982=PLANE('',#11424);
#9983=PLANE('',#11425);
#9984=PLANE('',#11426);
#9985=PLANE('',#11427);
#9986=PLANE('',#11428);
#9987=PLANE('',#11429);
#9988=PLANE('',#11430);
#9989=PLANE('',#11431);
#9990=PLANE('',#11432);
#9991=PLANE('',#11433);
#9992=PLANE('',#11434);
#9993=PLANE('',#11435);
#9994=PLANE('',#11436);
#9995=PLANE('',#11437);
#9996=PLANE('',#11438);
#9997=PLANE('',#11439);
#9998=PLANE('',#11440);
#9999=PLANE('',#11441);
#10000=PLANE('',#11442);
#10001=PLANE('',#11443);
#10002=PLANE('',#11444);
#10003=PLANE('',#11445);
#10004=PLANE('',#11447);
#10005=PLANE('',#11450);
#10006=PLANE('',#11451);
#10007=PLANE('',#11452);
#10008=PLANE('',#11453);
#10009=PLANE('',#11454);
#10010=PLANE('',#11455);
#10011=PLANE('',#11456);
#10012=PLANE('',#11457);
#10013=PLANE('',#11458);
#10014=PLANE('',#11460);
#10015=PLANE('',#11461);
#10016=PLANE('',#11462);
#10017=PLANE('',#11463);
#10018=PLANE('',#11464);
#10019=PLANE('',#11465);
#10020=PLANE('',#11466);
#10021=PLANE('',#11467);
#10022=PLANE('',#11468);
#10023=PLANE('',#11469);
#10024=PLANE('',#11470);
#10025=PLANE('',#11472);
#10026=PLANE('',#11473);
#10027=PLANE('',#11474);
#10028=PLANE('',#11475);
#10029=PLANE('',#11476);
#10030=PLANE('',#11477);
#10031=PLANE('',#11478);
#10032=PLANE('',#11479);
#10033=PLANE('',#11480);
#10034=PLANE('',#11481);
#10035=PLANE('',#11482);
#10036=PLANE('',#11483);
#10037=PLANE('',#11484);
#10038=PLANE('',#11485);
#10039=PLANE('',#11486);
#10040=PLANE('',#11487);
#10041=PLANE('',#11488);
#10042=PLANE('',#11489);
#10043=PLANE('',#11490);
#10044=PLANE('',#11491);
#10045=PLANE('',#11492);
#10046=PLANE('',#11493);
#10047=PLANE('',#11494);
#10048=PLANE('',#11496);
#10049=PLANE('',#11498);
#10050=PLANE('',#11499);
#10051=PLANE('',#11500);
#10052=PLANE('',#11501);
#10053=PLANE('',#11502);
#10054=PLANE('',#11503);
#10055=STYLED_ITEM('',(#10955),#10396);
#10056=STYLED_ITEM('',(#10955),#10397);
#10057=STYLED_ITEM('',(#10955),#10398);
#10058=STYLED_ITEM('',(#10955),#10399);
#10059=STYLED_ITEM('',(#10955),#10400);
#10060=STYLED_ITEM('',(#10955),#10401);
#10061=STYLED_ITEM('',(#10955),#10402);
#10062=STYLED_ITEM('',(#10955),#10403);
#10063=STYLED_ITEM('',(#10955),#10404);
#10064=STYLED_ITEM('',(#10955),#10405);
#10065=STYLED_ITEM('',(#10955),#10406);
#10066=STYLED_ITEM('',(#10955),#10407);
#10067=STYLED_ITEM('',(#10955),#10408);
#10068=STYLED_ITEM('',(#10955),#10409);
#10069=STYLED_ITEM('',(#10955),#10410);
#10070=STYLED_ITEM('',(#10955),#10411);
#10071=STYLED_ITEM('',(#10955),#10412);
#10072=STYLED_ITEM('',(#10955),#10413);
#10073=STYLED_ITEM('',(#10955),#10414);
#10074=STYLED_ITEM('',(#10955),#10415);
#10075=STYLED_ITEM('',(#10955),#10416);
#10076=STYLED_ITEM('',(#10955),#10417);
#10077=STYLED_ITEM('',(#10955),#10418);
#10078=STYLED_ITEM('',(#10955),#10419);
#10079=STYLED_ITEM('',(#10955),#10420);
#10080=STYLED_ITEM('',(#10955),#10421);
#10081=STYLED_ITEM('',(#10955),#10422);
#10082=STYLED_ITEM('',(#10955),#10423);
#10083=STYLED_ITEM('',(#10955),#10424);
#10084=STYLED_ITEM('',(#10955),#10425);
#10085=STYLED_ITEM('',(#10955),#10426);
#10086=STYLED_ITEM('',(#10955),#10427);
#10087=STYLED_ITEM('',(#10955),#10428);
#10088=STYLED_ITEM('',(#10955),#10429);
#10089=STYLED_ITEM('',(#10955),#10430);
#10090=STYLED_ITEM('',(#10955),#10431);
#10091=STYLED_ITEM('',(#10955),#10432);
#10092=STYLED_ITEM('',(#10955),#10433);
#10093=STYLED_ITEM('',(#10955),#10434);
#10094=STYLED_ITEM('',(#10955),#10435);
#10095=STYLED_ITEM('',(#10955),#10436);
#10096=STYLED_ITEM('',(#10955),#10437);
#10097=STYLED_ITEM('',(#10955),#10438);
#10098=STYLED_ITEM('',(#10955),#10439);
#10099=STYLED_ITEM('',(#10955),#10440);
#10100=STYLED_ITEM('',(#10955),#10441);
#10101=STYLED_ITEM('',(#10955),#10442);
#10102=STYLED_ITEM('',(#10955),#10443);
#10103=STYLED_ITEM('',(#10955),#10444);
#10104=STYLED_ITEM('',(#10955),#10445);
#10105=STYLED_ITEM('',(#10955),#10446);
#10106=STYLED_ITEM('',(#10955),#10447);
#10107=STYLED_ITEM('',(#10955),#10448);
#10108=STYLED_ITEM('',(#10955),#10449);
#10109=STYLED_ITEM('',(#10955),#10450);
#10110=STYLED_ITEM('',(#10955),#10451);
#10111=STYLED_ITEM('',(#10955),#10452);
#10112=STYLED_ITEM('',(#10955),#10453);
#10113=STYLED_ITEM('',(#10955),#10454);
#10114=STYLED_ITEM('',(#10955),#10455);
#10115=STYLED_ITEM('',(#10955),#10456);
#10116=STYLED_ITEM('',(#10955),#10457);
#10117=STYLED_ITEM('',(#10955),#10458);
#10118=STYLED_ITEM('',(#10955),#10459);
#10119=STYLED_ITEM('',(#10955),#10460);
#10120=STYLED_ITEM('',(#10955),#10461);
#10121=STYLED_ITEM('',(#10955),#10462);
#10122=STYLED_ITEM('',(#10955),#10463);
#10123=STYLED_ITEM('',(#10955),#10464);
#10124=STYLED_ITEM('',(#10955),#10465);
#10125=STYLED_ITEM('',(#10955),#10466);
#10126=STYLED_ITEM('',(#10955),#10467);
#10127=STYLED_ITEM('',(#10955),#10468);
#10128=STYLED_ITEM('',(#10955),#10469);
#10129=STYLED_ITEM('',(#10955),#10470);
#10130=STYLED_ITEM('',(#10955),#10471);
#10131=STYLED_ITEM('',(#10955),#10472);
#10132=STYLED_ITEM('',(#10955),#10473);
#10133=STYLED_ITEM('',(#10955),#10474);
#10134=STYLED_ITEM('',(#10955),#10475);
#10135=STYLED_ITEM('',(#10955),#10476);
#10136=STYLED_ITEM('',(#10955),#10477);
#10137=STYLED_ITEM('',(#10955),#10478);
#10138=STYLED_ITEM('',(#10955),#10479);
#10139=STYLED_ITEM('',(#10955),#10480);
#10140=STYLED_ITEM('',(#10955),#10481);
#10141=STYLED_ITEM('',(#10955),#10482);
#10142=STYLED_ITEM('',(#10955),#10483);
#10143=STYLED_ITEM('',(#10955),#10484);
#10144=STYLED_ITEM('',(#10955),#10485);
#10145=STYLED_ITEM('',(#10955),#10486);
#10146=STYLED_ITEM('',(#10955),#10487);
#10147=STYLED_ITEM('',(#10955),#10488);
#10148=STYLED_ITEM('',(#10955),#10489);
#10149=STYLED_ITEM('',(#10955),#10490);
#10150=STYLED_ITEM('',(#10955),#10491);
#10151=STYLED_ITEM('',(#10955),#10492);
#10152=STYLED_ITEM('',(#10955),#10493);
#10153=STYLED_ITEM('',(#10955),#10494);
#10154=STYLED_ITEM('',(#10955),#10495);
#10155=STYLED_ITEM('',(#10955),#10496);
#10156=STYLED_ITEM('',(#10955),#10497);
#10157=STYLED_ITEM('',(#10955),#10498);
#10158=STYLED_ITEM('',(#10955),#10499);
#10159=STYLED_ITEM('',(#10955),#10500);
#10160=STYLED_ITEM('',(#10955),#10501);
#10161=STYLED_ITEM('',(#10955),#10502);
#10162=STYLED_ITEM('',(#10955),#10503);
#10163=STYLED_ITEM('',(#10955),#10504);
#10164=STYLED_ITEM('',(#10955),#10505);
#10165=STYLED_ITEM('',(#10955),#10506);
#10166=STYLED_ITEM('',(#10955),#10507);
#10167=STYLED_ITEM('',(#10955),#10508);
#10168=STYLED_ITEM('',(#10955),#10509);
#10169=STYLED_ITEM('',(#10955),#10510);
#10170=STYLED_ITEM('',(#10955),#10511);
#10171=STYLED_ITEM('',(#10955),#10512);
#10172=STYLED_ITEM('',(#10955),#10513);
#10173=STYLED_ITEM('',(#10955),#10514);
#10174=STYLED_ITEM('',(#10955),#10515);
#10175=STYLED_ITEM('',(#10955),#10516);
#10176=STYLED_ITEM('',(#10955),#10517);
#10177=STYLED_ITEM('',(#10955),#10518);
#10178=STYLED_ITEM('',(#10955),#10519);
#10179=STYLED_ITEM('',(#10955),#10520);
#10180=STYLED_ITEM('',(#10955),#10521);
#10181=STYLED_ITEM('',(#10955),#10522);
#10182=STYLED_ITEM('',(#10955),#10523);
#10183=STYLED_ITEM('',(#10955),#10524);
#10184=STYLED_ITEM('',(#10955),#10525);
#10185=STYLED_ITEM('',(#10955),#10526);
#10186=STYLED_ITEM('',(#10955),#10527);
#10187=STYLED_ITEM('',(#10955),#10528);
#10188=STYLED_ITEM('',(#10955),#10529);
#10189=STYLED_ITEM('',(#10955),#10530);
#10190=STYLED_ITEM('',(#10955),#10531);
#10191=STYLED_ITEM('',(#10955),#10532);
#10192=STYLED_ITEM('',(#10955),#10533);
#10193=STYLED_ITEM('',(#10955),#10534);
#10194=STYLED_ITEM('',(#10955),#10535);
#10195=STYLED_ITEM('',(#10955),#10536);
#10196=STYLED_ITEM('',(#10955),#10537);
#10197=STYLED_ITEM('',(#10955),#10538);
#10198=STYLED_ITEM('',(#10955),#10539);
#10199=STYLED_ITEM('',(#10955),#10540);
#10200=STYLED_ITEM('',(#10955),#10541);
#10201=STYLED_ITEM('',(#10955),#10542);
#10202=STYLED_ITEM('',(#10955),#10543);
#10203=STYLED_ITEM('',(#10955),#10544);
#10204=STYLED_ITEM('',(#10955),#10545);
#10205=STYLED_ITEM('',(#10955),#10546);
#10206=STYLED_ITEM('',(#10955),#10547);
#10207=STYLED_ITEM('',(#10955),#10548);
#10208=STYLED_ITEM('',(#10955),#10549);
#10209=STYLED_ITEM('',(#10955),#10550);
#10210=STYLED_ITEM('',(#10955),#10551);
#10211=STYLED_ITEM('',(#10955),#10552);
#10212=STYLED_ITEM('',(#10955),#10553);
#10213=STYLED_ITEM('',(#10955),#10554);
#10214=STYLED_ITEM('',(#10955),#10555);
#10215=STYLED_ITEM('',(#10955),#10556);
#10216=STYLED_ITEM('',(#10955),#10557);
#10217=STYLED_ITEM('',(#10955),#10558);
#10218=STYLED_ITEM('',(#10955),#10559);
#10219=STYLED_ITEM('',(#10955),#10560);
#10220=STYLED_ITEM('',(#10955),#10561);
#10221=STYLED_ITEM('',(#10955),#10562);
#10222=STYLED_ITEM('',(#10955),#10563);
#10223=STYLED_ITEM('',(#10955),#10564);
#10224=STYLED_ITEM('',(#10955),#10565);
#10225=STYLED_ITEM('',(#10955),#10566);
#10226=STYLED_ITEM('',(#10955),#10567);
#10227=STYLED_ITEM('',(#10955),#10568);
#10228=STYLED_ITEM('',(#10955),#10569);
#10229=STYLED_ITEM('',(#10955),#10570);
#10230=STYLED_ITEM('',(#10955),#10571);
#10231=STYLED_ITEM('',(#10955),#10572);
#10232=STYLED_ITEM('',(#10955),#10573);
#10233=STYLED_ITEM('',(#10955),#10574);
#10234=STYLED_ITEM('',(#10955),#10575);
#10235=STYLED_ITEM('',(#10955),#10576);
#10236=STYLED_ITEM('',(#10955),#10577);
#10237=STYLED_ITEM('',(#10955),#10578);
#10238=STYLED_ITEM('',(#10955),#10579);
#10239=STYLED_ITEM('',(#10955),#10580);
#10240=STYLED_ITEM('',(#10955),#10581);
#10241=STYLED_ITEM('',(#10955),#10582);
#10242=STYLED_ITEM('',(#10955),#10583);
#10243=STYLED_ITEM('',(#10955),#10584);
#10244=STYLED_ITEM('',(#10955),#10585);
#10245=STYLED_ITEM('',(#10955),#10586);
#10246=STYLED_ITEM('',(#10955),#10587);
#10247=STYLED_ITEM('',(#10955),#10588);
#10248=STYLED_ITEM('',(#10955),#10589);
#10249=STYLED_ITEM('',(#10955),#10590);
#10250=STYLED_ITEM('',(#10955),#10591);
#10251=STYLED_ITEM('',(#10955),#10592);
#10252=STYLED_ITEM('',(#10955),#10593);
#10253=STYLED_ITEM('',(#10955),#10594);
#10254=STYLED_ITEM('',(#10955),#10595);
#10255=STYLED_ITEM('',(#10955),#10596);
#10256=STYLED_ITEM('',(#10955),#10597);
#10257=STYLED_ITEM('',(#10955),#10598);
#10258=STYLED_ITEM('',(#10955),#10599);
#10259=STYLED_ITEM('',(#10955),#10600);
#10260=STYLED_ITEM('',(#10955),#10601);
#10261=STYLED_ITEM('',(#10955),#10602);
#10262=STYLED_ITEM('',(#10955),#10603);
#10263=STYLED_ITEM('',(#10955),#10604);
#10264=STYLED_ITEM('',(#10955),#10605);
#10265=STYLED_ITEM('',(#10955),#10606);
#10266=STYLED_ITEM('',(#10955),#10607);
#10267=STYLED_ITEM('',(#10955),#10608);
#10268=STYLED_ITEM('',(#10955),#10609);
#10269=STYLED_ITEM('',(#10955),#10610);
#10270=STYLED_ITEM('',(#10955),#10611);
#10271=STYLED_ITEM('',(#10955),#10612);
#10272=STYLED_ITEM('',(#10955),#10613);
#10273=STYLED_ITEM('',(#10955),#10614);
#10274=STYLED_ITEM('',(#10955),#10615);
#10275=STYLED_ITEM('',(#10955),#10616);
#10276=STYLED_ITEM('',(#10955),#10617);
#10277=STYLED_ITEM('',(#10955),#10618);
#10278=STYLED_ITEM('',(#10955),#10619);
#10279=STYLED_ITEM('',(#10955),#10620);
#10280=STYLED_ITEM('',(#10955),#10621);
#10281=STYLED_ITEM('',(#10955),#10622);
#10282=STYLED_ITEM('',(#10955),#10623);
#10283=STYLED_ITEM('',(#10955),#10624);
#10284=STYLED_ITEM('',(#10955),#10625);
#10285=STYLED_ITEM('',(#10955),#10626);
#10286=STYLED_ITEM('',(#10955),#10627);
#10287=STYLED_ITEM('',(#10955),#10628);
#10288=STYLED_ITEM('',(#10955),#10629);
#10289=STYLED_ITEM('',(#10955),#10630);
#10290=STYLED_ITEM('',(#10955),#10631);
#10291=STYLED_ITEM('',(#10955),#10632);
#10292=STYLED_ITEM('',(#10955),#10633);
#10293=STYLED_ITEM('',(#10955),#10634);
#10294=STYLED_ITEM('',(#10955),#10635);
#10295=STYLED_ITEM('',(#10955),#10636);
#10296=STYLED_ITEM('',(#10955),#10637);
#10297=STYLED_ITEM('',(#10955),#10638);
#10298=STYLED_ITEM('',(#10955),#10639);
#10299=STYLED_ITEM('',(#10955),#10640);
#10300=STYLED_ITEM('',(#10955),#10641);
#10301=STYLED_ITEM('',(#10955),#10642);
#10302=STYLED_ITEM('',(#10955),#10643);
#10303=STYLED_ITEM('',(#10955),#10644);
#10304=STYLED_ITEM('',(#10955),#10645);
#10305=STYLED_ITEM('',(#10955),#10646);
#10306=STYLED_ITEM('',(#10955),#10647);
#10307=STYLED_ITEM('',(#10955),#10648);
#10308=STYLED_ITEM('',(#10955),#10649);
#10309=STYLED_ITEM('',(#10955),#10650);
#10310=STYLED_ITEM('',(#10955),#10651);
#10311=STYLED_ITEM('',(#10955),#10652);
#10312=STYLED_ITEM('',(#10955),#10653);
#10313=STYLED_ITEM('',(#10955),#10654);
#10314=STYLED_ITEM('',(#10955),#10655);
#10315=STYLED_ITEM('',(#10955),#10656);
#10316=STYLED_ITEM('',(#10955),#10657);
#10317=STYLED_ITEM('',(#10955),#10658);
#10318=STYLED_ITEM('',(#10955),#10659);
#10319=STYLED_ITEM('',(#10955),#10660);
#10320=STYLED_ITEM('',(#10955),#10661);
#10321=STYLED_ITEM('',(#10955),#10662);
#10322=STYLED_ITEM('',(#10955),#10663);
#10323=STYLED_ITEM('',(#10955),#10664);
#10324=STYLED_ITEM('',(#10955),#10665);
#10325=STYLED_ITEM('',(#10955),#10666);
#10326=STYLED_ITEM('',(#10955),#10667);
#10327=STYLED_ITEM('',(#10955),#10668);
#10328=STYLED_ITEM('',(#10955),#10669);
#10329=STYLED_ITEM('',(#10955),#10670);
#10330=STYLED_ITEM('',(#10955),#10671);
#10331=STYLED_ITEM('',(#10955),#10672);
#10332=STYLED_ITEM('',(#10955),#10673);
#10333=STYLED_ITEM('',(#10955),#10674);
#10334=STYLED_ITEM('',(#10955),#10675);
#10335=STYLED_ITEM('',(#10955),#10676);
#10336=STYLED_ITEM('',(#10955),#10677);
#10337=STYLED_ITEM('',(#10955),#10678);
#10338=STYLED_ITEM('',(#10955),#10679);
#10339=STYLED_ITEM('',(#10955),#10680);
#10340=STYLED_ITEM('',(#10955),#10681);
#10341=STYLED_ITEM('',(#10955),#10682);
#10342=STYLED_ITEM('',(#10955),#10683);
#10343=STYLED_ITEM('',(#10955),#10684);
#10344=STYLED_ITEM('',(#10955),#10685);
#10345=STYLED_ITEM('',(#10955),#10686);
#10346=STYLED_ITEM('',(#10955),#10687);
#10347=STYLED_ITEM('',(#10955),#10688);
#10348=STYLED_ITEM('',(#10955),#10689);
#10349=STYLED_ITEM('',(#10955),#10690);
#10350=STYLED_ITEM('',(#10955),#10691);
#10351=STYLED_ITEM('',(#10955),#10692);
#10352=STYLED_ITEM('',(#10955),#10693);
#10353=STYLED_ITEM('',(#10955),#10694);
#10354=STYLED_ITEM('',(#10955),#10695);
#10355=STYLED_ITEM('',(#10955),#10696);
#10356=STYLED_ITEM('',(#10955),#10697);
#10357=STYLED_ITEM('',(#10955),#10698);
#10358=STYLED_ITEM('',(#10955),#10699);
#10359=STYLED_ITEM('',(#10955),#10700);
#10360=STYLED_ITEM('',(#10955),#10701);
#10361=STYLED_ITEM('',(#10955),#10702);
#10362=STYLED_ITEM('',(#10955),#10703);
#10363=STYLED_ITEM('',(#10955),#10704);
#10364=STYLED_ITEM('',(#10955),#10705);
#10365=STYLED_ITEM('',(#10955),#10706);
#10366=STYLED_ITEM('',(#10955),#10707);
#10367=STYLED_ITEM('',(#10955),#10708);
#10368=STYLED_ITEM('',(#10955),#10709);
#10369=STYLED_ITEM('',(#10955),#10710);
#10370=STYLED_ITEM('',(#10955),#10711);
#10371=STYLED_ITEM('',(#10955),#10712);
#10372=STYLED_ITEM('',(#10955),#10713);
#10373=STYLED_ITEM('',(#10955),#10714);
#10374=STYLED_ITEM('',(#10955),#10715);
#10375=STYLED_ITEM('',(#10955),#10716);
#10376=STYLED_ITEM('',(#10955),#10717);
#10377=STYLED_ITEM('',(#10955),#10718);
#10378=STYLED_ITEM('',(#10955),#10719);
#10379=STYLED_ITEM('',(#10955),#10720);
#10380=STYLED_ITEM('',(#10955),#10721);
#10381=STYLED_ITEM('',(#10955),#10722);
#10382=STYLED_ITEM('',(#10955),#10723);
#10383=STYLED_ITEM('',(#10955),#10724);
#10384=STYLED_ITEM('',(#10955),#10725);
#10385=STYLED_ITEM('',(#10955),#10726);
#10386=STYLED_ITEM('',(#10955),#10727);
#10387=STYLED_ITEM('',(#10955),#10728);
#10388=STYLED_ITEM('',(#10955),#10729);
#10389=STYLED_ITEM('',(#10955),#10730);
#10390=STYLED_ITEM('',(#10955),#10731);
#10391=STYLED_ITEM('',(#10955),#10732);
#10392=STYLED_ITEM('',(#10955),#10733);
#10393=STYLED_ITEM('',(#10955),#10734);
#10394=STYLED_ITEM('',(#10954),#51);
#10395=STYLED_ITEM('',(#10956),#52);
#10396=ADVANCED_FACE('',(#719),#9697,.T.);
#10397=ADVANCED_FACE('',(#720),#9698,.T.);
#10398=ADVANCED_FACE('',(#721),#9699,.T.);
#10399=ADVANCED_FACE('',(#722),#9700,.F.);
#10400=ADVANCED_FACE('',(#723),#9701,.F.);
#10401=ADVANCED_FACE('',(#724),#9702,.F.);
#10402=ADVANCED_FACE('',(#725),#9703,.F.);
#10403=ADVANCED_FACE('',(#726),#9704,.F.);
#10404=ADVANCED_FACE('',(#727),#9705,.F.);
#10405=ADVANCED_FACE('',(#728),#9706,.F.);
#10406=ADVANCED_FACE('',(#729),#9707,.F.);
#10407=ADVANCED_FACE('',(#730),#9708,.F.);
#10408=ADVANCED_FACE('',(#731),#9709,.F.);
#10409=ADVANCED_FACE('',(#732),#9710,.F.);
#10410=ADVANCED_FACE('',(#733,#665),#9711,.F.);
#10411=ADVANCED_FACE('',(#734),#9712,.F.);
#10412=ADVANCED_FACE('',(#735),#9713,.F.);
#10413=ADVANCED_FACE('',(#736),#515,.F.);
#10414=ADVANCED_FACE('',(#737),#516,.F.);
#10415=ADVANCED_FACE('',(#738),#517,.F.);
#10416=ADVANCED_FACE('',(#739),#518,.F.);
#10417=ADVANCED_FACE('',(#740),#519,.F.);
#10418=ADVANCED_FACE('',(#741),#9714,.F.);
#10419=ADVANCED_FACE('',(#742),#9715,.F.);
#10420=ADVANCED_FACE('',(#743),#520,.F.);
#10421=ADVANCED_FACE('',(#744),#521,.F.);
#10422=ADVANCED_FACE('',(#745),#522,.F.);
#10423=ADVANCED_FACE('',(#746),#523,.F.);
#10424=ADVANCED_FACE('',(#747),#524,.F.);
#10425=ADVANCED_FACE('',(#748),#525,.F.);
#10426=ADVANCED_FACE('',(#749),#9716,.F.);
#10427=ADVANCED_FACE('',(#750),#9717,.F.);
#10428=ADVANCED_FACE('',(#751),#9718,.T.);
#10429=ADVANCED_FACE('',(#752),#9719,.T.);
#10430=ADVANCED_FACE('',(#753),#9720,.T.);
#10431=ADVANCED_FACE('',(#754),#9721,.T.);
#10432=ADVANCED_FACE('',(#755),#9722,.F.);
#10433=ADVANCED_FACE('',(#756),#9723,.F.);
#10434=ADVANCED_FACE('',(#757),#9724,.F.);
#10435=ADVANCED_FACE('',(#758),#9725,.F.);
#10436=ADVANCED_FACE('',(#759),#9726,.F.);
#10437=ADVANCED_FACE('',(#760),#9727,.F.);
#10438=ADVANCED_FACE('',(#761),#9728,.F.);
#10439=ADVANCED_FACE('',(#762),#9729,.F.);
#10440=ADVANCED_FACE('',(#763),#9730,.F.);
#10441=ADVANCED_FACE('',(#764),#9731,.F.);
#10442=ADVANCED_FACE('',(#765),#9732,.F.);
#10443=ADVANCED_FACE('',(#766,#666),#9733,.F.);
#10444=ADVANCED_FACE('',(#767),#526,.T.);
#10445=ADVANCED_FACE('',(#768),#527,.T.);
#10446=ADVANCED_FACE('',(#769),#528,.T.);
#10447=ADVANCED_FACE('',(#770),#529,.T.);
#10448=ADVANCED_FACE('',(#771),#530,.T.);
#10449=ADVANCED_FACE('',(#772),#531,.T.);
#10450=ADVANCED_FACE('',(#773),#532,.T.);
#10451=ADVANCED_FACE('',(#774),#533,.T.);
#10452=ADVANCED_FACE('',(#775),#534,.F.);
#10453=ADVANCED_FACE('',(#776),#535,.F.);
#10454=ADVANCED_FACE('',(#777),#536,.F.);
#10455=ADVANCED_FACE('',(#778),#537,.F.);
#10456=ADVANCED_FACE('',(#779,#667),#9734,.T.);
#10457=ADVANCED_FACE('',(#780),#538,.F.);
#10458=ADVANCED_FACE('',(#781),#539,.F.);
#10459=ADVANCED_FACE('',(#782),#540,.F.);
#10460=ADVANCED_FACE('',(#783),#9735,.F.);
#10461=ADVANCED_FACE('',(#784),#9736,.F.);
#10462=ADVANCED_FACE('',(#785),#9737,.F.);
#10463=ADVANCED_FACE('',(#786),#9738,.F.);
#10464=ADVANCED_FACE('',(#787),#9739,.F.);
#10465=ADVANCED_FACE('',(#788),#541,.F.);
#10466=ADVANCED_FACE('',(#789),#542,.F.);
#10467=ADVANCED_FACE('',(#790),#543,.F.);
#10468=ADVANCED_FACE('',(#791),#544,.F.);
#10469=ADVANCED_FACE('',(#792),#545,.F.);
#10470=ADVANCED_FACE('',(#793),#546,.F.);
#10471=ADVANCED_FACE('',(#794),#547,.F.);
#10472=ADVANCED_FACE('',(#795),#9740,.F.);
#10473=ADVANCED_FACE('',(#796),#9741,.F.);
#10474=ADVANCED_FACE('',(#797),#548,.F.);
#10475=ADVANCED_FACE('',(#798),#549,.F.);
#10476=ADVANCED_FACE('',(#799),#550,.F.);
#10477=ADVANCED_FACE('',(#800),#9742,.T.);
#10478=ADVANCED_FACE('',(#801),#9743,.F.);
#10479=ADVANCED_FACE('',(#802),#9744,.F.);
#10480=ADVANCED_FACE('',(#803),#9745,.F.);
#10481=ADVANCED_FACE('',(#804),#9746,.F.);
#10482=ADVANCED_FACE('',(#805),#9747,.F.);
#10483=ADVANCED_FACE('',(#806),#9748,.F.);
#10484=ADVANCED_FACE('',(#807),#9749,.F.);
#10485=ADVANCED_FACE('',(#808),#9750,.F.);
#10486=ADVANCED_FACE('',(#809),#9751,.F.);
#10487=ADVANCED_FACE('',(#810),#9752,.F.);
#10488=ADVANCED_FACE('',(#811),#9753,.F.);
#10489=ADVANCED_FACE('',(#812),#9754,.F.);
#10490=ADVANCED_FACE('',(#813),#9755,.F.);
#10491=ADVANCED_FACE('',(#814),#9756,.F.);
#10492=ADVANCED_FACE('',(#815),#9757,.F.);
#10493=ADVANCED_FACE('',(#816),#9758,.F.);
#10494=ADVANCED_FACE('',(#817),#9759,.F.);
#10495=ADVANCED_FACE('',(#818),#9760,.F.);
#10496=ADVANCED_FACE('',(#819),#9761,.F.);
#10497=ADVANCED_FACE('',(#820),#9762,.F.);
#10498=ADVANCED_FACE('',(#821),#9763,.F.);
#10499=ADVANCED_FACE('',(#822),#9764,.F.);
#10500=ADVANCED_FACE('',(#823),#9765,.F.);
#10501=ADVANCED_FACE('',(#824),#9766,.F.);
#10502=ADVANCED_FACE('',(#825),#9767,.F.);
#10503=ADVANCED_FACE('',(#826),#9768,.F.);
#10504=ADVANCED_FACE('',(#827),#9769,.F.);
#10505=ADVANCED_FACE('',(#828),#551,.F.);
#10506=ADVANCED_FACE('',(#829),#552,.F.);
#10507=ADVANCED_FACE('',(#830),#9770,.F.);
#10508=ADVANCED_FACE('',(#831),#9771,.F.);
#10509=ADVANCED_FACE('',(#832),#553,.F.);
#10510=ADVANCED_FACE('',(#833),#554,.F.);
#10511=ADVANCED_FACE('',(#834),#555,.F.);
#10512=ADVANCED_FACE('',(#835),#556,.F.);
#10513=ADVANCED_FACE('',(#836),#557,.F.);
#10514=ADVANCED_FACE('',(#837),#9772,.F.);
#10515=ADVANCED_FACE('',(#838),#9773,.F.);
#10516=ADVANCED_FACE('',(#839),#558,.F.);
#10517=ADVANCED_FACE('',(#840),#559,.F.);
#10518=ADVANCED_FACE('',(#841),#560,.F.);
#10519=ADVANCED_FACE('',(#842),#561,.F.);
#10520=ADVANCED_FACE('',(#843),#562,.F.);
#10521=ADVANCED_FACE('',(#844),#9774,.T.);
#10522=ADVANCED_FACE('',(#845),#563,.T.);
#10523=ADVANCED_FACE('',(#846),#564,.T.);
#10524=ADVANCED_FACE('',(#847),#565,.T.);
#10525=ADVANCED_FACE('',(#848),#9775,.T.);
#10526=ADVANCED_FACE('',(#849),#566,.T.);
#10527=ADVANCED_FACE('',(#850),#567,.F.);
#10528=ADVANCED_FACE('',(#851),#568,.F.);
#10529=ADVANCED_FACE('',(#852),#9776,.F.);
#10530=ADVANCED_FACE('',(#853),#9777,.F.);
#10531=ADVANCED_FACE('',(#854),#569,.F.);
#10532=ADVANCED_FACE('',(#855),#570,.F.);
#10533=ADVANCED_FACE('',(#856),#571,.F.);
#10534=ADVANCED_FACE('',(#857),#9778,.F.);
#10535=ADVANCED_FACE('',(#858),#9779,.F.);
#10536=ADVANCED_FACE('',(#859),#572,.F.);
#10537=ADVANCED_FACE('',(#860),#573,.F.);
#10538=ADVANCED_FACE('',(#861),#574,.F.);
#10539=ADVANCED_FACE('',(#862),#575,.F.);
#10540=ADVANCED_FACE('',(#863,#668),#9780,.T.);
#10541=ADVANCED_FACE('',(#864),#9781,.F.);
#10542=ADVANCED_FACE('',(#865),#576,.F.);
#10543=ADVANCED_FACE('',(#866),#577,.F.);
#10544=ADVANCED_FACE('',(#867),#9782,.F.);
#10545=ADVANCED_FACE('',(#868),#9783,.F.);
#10546=ADVANCED_FACE('',(#869),#9784,.F.);
#10547=ADVANCED_FACE('',(#870),#9785,.F.);
#10548=ADVANCED_FACE('',(#871),#9786,.F.);
#10549=ADVANCED_FACE('',(#872),#578,.F.);
#10550=ADVANCED_FACE('',(#873),#579,.F.);
#10551=ADVANCED_FACE('',(#874),#580,.F.);
#10552=ADVANCED_FACE('',(#875),#9787,.F.);
#10553=ADVANCED_FACE('',(#876),#9788,.F.);
#10554=ADVANCED_FACE('',(#877),#9789,.T.);
#10555=ADVANCED_FACE('',(#878),#581,.T.);
#10556=ADVANCED_FACE('',(#879),#582,.T.);
#10557=ADVANCED_FACE('',(#880),#583,.T.);
#10558=ADVANCED_FACE('',(#881),#584,.T.);
#10559=ADVANCED_FACE('',(#882),#585,.F.);
#10560=ADVANCED_FACE('',(#883),#586,.F.);
#10561=ADVANCED_FACE('',(#884),#587,.F.);
#10562=ADVANCED_FACE('',(#885),#588,.F.);
#10563=ADVANCED_FACE('',(#886,#669),#9790,.T.);
#10564=ADVANCED_FACE('',(#887),#9791,.F.);
#10565=ADVANCED_FACE('',(#888),#9792,.F.);
#10566=ADVANCED_FACE('',(#889),#9793,.F.);
#10567=ADVANCED_FACE('',(#890),#9794,.F.);
#10568=ADVANCED_FACE('',(#891),#9795,.F.);
#10569=ADVANCED_FACE('',(#892),#9796,.F.);
#10570=ADVANCED_FACE('',(#893),#9797,.F.);
#10571=ADVANCED_FACE('',(#894),#9798,.F.);
#10572=ADVANCED_FACE('',(#895),#9799,.F.);
#10573=ADVANCED_FACE('',(#896),#9800,.F.);
#10574=ADVANCED_FACE('',(#897),#9801,.F.);
#10575=ADVANCED_FACE('',(#898),#9802,.F.);
#10576=ADVANCED_FACE('',(#899),#9803,.F.);
#10577=ADVANCED_FACE('',(#900),#9804,.F.);
#10578=ADVANCED_FACE('',(#901),#9805,.F.);
#10579=ADVANCED_FACE('',(#902),#9806,.F.);
#10580=ADVANCED_FACE('',(#903),#9807,.F.);
#10581=ADVANCED_FACE('',(#904),#9808,.F.);
#10582=ADVANCED_FACE('',(#905),#9809,.F.);
#10583=ADVANCED_FACE('',(#906),#9810,.F.);
#10584=ADVANCED_FACE('',(#907),#9811,.F.);
#10585=ADVANCED_FACE('',(#908),#9812,.F.);
#10586=ADVANCED_FACE('',(#909),#589,.F.);
#10587=ADVANCED_FACE('',(#910),#590,.F.);
#10588=ADVANCED_FACE('',(#911),#9813,.F.);
#10589=ADVANCED_FACE('',(#912),#9814,.F.);
#10590=ADVANCED_FACE('',(#913),#591,.F.);
#10591=ADVANCED_FACE('',(#914),#592,.F.);
#10592=ADVANCED_FACE('',(#915),#593,.F.);
#10593=ADVANCED_FACE('',(#916),#594,.F.);
#10594=ADVANCED_FACE('',(#917),#595,.F.);
#10595=ADVANCED_FACE('',(#918),#596,.F.);
#10596=ADVANCED_FACE('',(#919),#597,.F.);
#10597=ADVANCED_FACE('',(#920),#598,.F.);
#10598=ADVANCED_FACE('',(#921),#9815,.F.);
#10599=ADVANCED_FACE('',(#922),#9816,.F.);
#10600=ADVANCED_FACE('',(#923),#599,.F.);
#10601=ADVANCED_FACE('',(#924),#600,.F.);
#10602=ADVANCED_FACE('',(#925),#601,.F.);
#10603=ADVANCED_FACE('',(#926),#602,.F.);
#10604=ADVANCED_FACE('',(#927),#603,.F.);
#10605=ADVANCED_FACE('',(#928),#604,.F.);
#10606=ADVANCED_FACE('',(#929),#9817,.T.);
#10607=ADVANCED_FACE('',(#930),#9818,.F.);
#10608=ADVANCED_FACE('',(#931),#605,.F.);
#10609=ADVANCED_FACE('',(#932),#606,.F.);
#10610=ADVANCED_FACE('',(#933),#9819,.F.);
#10611=ADVANCED_FACE('',(#934),#9820,.F.);
#10612=ADVANCED_FACE('',(#935),#9821,.F.);
#10613=ADVANCED_FACE('',(#936),#9822,.F.);
#10614=ADVANCED_FACE('',(#937),#9823,.F.);
#10615=ADVANCED_FACE('',(#938),#607,.F.);
#10616=ADVANCED_FACE('',(#939),#608,.F.);
#10617=ADVANCED_FACE('',(#940),#609,.F.);
#10618=ADVANCED_FACE('',(#941),#9824,.F.);
#10619=ADVANCED_FACE('',(#942),#9825,.F.);
#10620=ADVANCED_FACE('',(#943),#9826,.T.);
#10621=ADVANCED_FACE('',(#944),#610,.F.);
#10622=ADVANCED_FACE('',(#945),#9827,.F.);
#10623=ADVANCED_FACE('',(#946),#9828,.F.);
#10624=ADVANCED_FACE('',(#947),#611,.F.);
#10625=ADVANCED_FACE('',(#948),#612,.F.);
#10626=ADVANCED_FACE('',(#949),#613,.F.);
#10627=ADVANCED_FACE('',(#950),#9829,.F.);
#10628=ADVANCED_FACE('',(#951),#9830,.F.);
#10629=ADVANCED_FACE('',(#952),#9831,.F.);
#10630=ADVANCED_FACE('',(#953),#9832,.F.);
#10631=ADVANCED_FACE('',(#954),#9833,.F.);
#10632=ADVANCED_FACE('',(#955),#9834,.F.);
#10633=ADVANCED_FACE('',(#956),#9835,.F.);
#10634=ADVANCED_FACE('',(#957),#9836,.F.);
#10635=ADVANCED_FACE('',(#958),#9837,.F.);
#10636=ADVANCED_FACE('',(#959),#9838,.F.);
#10637=ADVANCED_FACE('',(#960),#9839,.F.);
#10638=ADVANCED_FACE('',(#961),#614,.F.);
#10639=ADVANCED_FACE('',(#962),#9840,.T.);
#10640=ADVANCED_FACE('',(#963),#9841,.F.);
#10641=ADVANCED_FACE('',(#964),#9842,.F.);
#10642=ADVANCED_FACE('',(#965),#9843,.F.);
#10643=ADVANCED_FACE('',(#966),#9844,.F.);
#10644=ADVANCED_FACE('',(#967),#9845,.F.);
#10645=ADVANCED_FACE('',(#968),#9846,.F.);
#10646=ADVANCED_FACE('',(#969),#9847,.F.);
#10647=ADVANCED_FACE('',(#970),#9848,.F.);
#10648=ADVANCED_FACE('',(#971),#9849,.F.);
#10649=ADVANCED_FACE('',(#972),#9850,.F.);
#10650=ADVANCED_FACE('',(#973),#615,.F.);
#10651=ADVANCED_FACE('',(#974),#9851,.F.);
#10652=ADVANCED_FACE('',(#975),#9852,.F.);
#10653=ADVANCED_FACE('',(#976),#616,.F.);
#10654=ADVANCED_FACE('',(#977),#617,.F.);
#10655=ADVANCED_FACE('',(#978),#618,.F.);
#10656=ADVANCED_FACE('',(#979),#9853,.F.);
#10657=ADVANCED_FACE('',(#980),#9854,.F.);
#10658=ADVANCED_FACE('',(#981),#9855,.F.);
#10659=ADVANCED_FACE('',(#982),#9856,.F.);
#10660=ADVANCED_FACE('',(#983),#9857,.F.);
#10661=ADVANCED_FACE('',(#984),#9858,.F.);
#10662=ADVANCED_FACE('',(#985),#9859,.F.);
#10663=ADVANCED_FACE('',(#986),#9860,.F.);
#10664=ADVANCED_FACE('',(#987),#9861,.F.);
#10665=ADVANCED_FACE('',(#988),#9862,.F.);
#10666=ADVANCED_FACE('',(#989),#9863,.F.);
#10667=ADVANCED_FACE('',(#990),#619,.F.);
#10668=ADVANCED_FACE('',(#991),#9864,.T.);
#10669=ADVANCED_FACE('',(#992),#620,.F.);
#10670=ADVANCED_FACE('',(#993),#621,.F.);
#10671=ADVANCED_FACE('',(#994),#622,.F.);
#10672=ADVANCED_FACE('',(#995),#9865,.F.);
#10673=ADVANCED_FACE('',(#996),#9866,.F.);
#10674=ADVANCED_FACE('',(#997),#9867,.F.);
#10675=ADVANCED_FACE('',(#998),#9868,.F.);
#10676=ADVANCED_FACE('',(#999),#9869,.F.);
#10677=ADVANCED_FACE('',(#1000),#623,.F.);
#10678=ADVANCED_FACE('',(#1001),#624,.F.);
#10679=ADVANCED_FACE('',(#1002),#625,.F.);
#10680=ADVANCED_FACE('',(#1003),#626,.F.);
#10681=ADVANCED_FACE('',(#1004),#627,.F.);
#10682=ADVANCED_FACE('',(#1005),#628,.F.);
#10683=ADVANCED_FACE('',(#1006),#629,.F.);
#10684=ADVANCED_FACE('',(#1007),#9870,.F.);
#10685=ADVANCED_FACE('',(#1008),#9871,.F.);
#10686=ADVANCED_FACE('',(#1009),#630,.F.);
#10687=ADVANCED_FACE('',(#1010),#631,.F.);
#10688=ADVANCED_FACE('',(#1011),#632,.F.);
#10689=ADVANCED_FACE('',(#1012),#9872,.T.);
#10690=ADVANCED_FACE('',(#1013),#9873,.F.);
#10691=ADVANCED_FACE('',(#1014),#9874,.F.);
#10692=ADVANCED_FACE('',(#1015),#633,.F.);
#10693=ADVANCED_FACE('',(#1016),#634,.F.);
#10694=ADVANCED_FACE('',(#1017),#635,.F.);
#10695=ADVANCED_FACE('',(#1018),#636,.F.);
#10696=ADVANCED_FACE('',(#1019),#637,.F.);
#10697=ADVANCED_FACE('',(#1020),#9875,.F.);
#10698=ADVANCED_FACE('',(#1021),#9876,.F.);
#10699=ADVANCED_FACE('',(#1022),#638,.F.);
#10700=ADVANCED_FACE('',(#1023),#639,.F.);
#10701=ADVANCED_FACE('',(#1024),#640,.F.);
#10702=ADVANCED_FACE('',(#1025),#641,.F.);
#10703=ADVANCED_FACE('',(#1026),#642,.F.);
#10704=ADVANCED_FACE('',(#1027),#643,.F.);
#10705=ADVANCED_FACE('',(#1028),#9877,.F.);
#10706=ADVANCED_FACE('',(#1029),#9878,.F.);
#10707=ADVANCED_FACE('',(#1030),#9879,.T.);
#10708=ADVANCED_FACE('',(#1031),#644,.T.);
#10709=ADVANCED_FACE('',(#1032),#645,.T.);
#10710=ADVANCED_FACE('',(#1033),#646,.T.);
#10711=ADVANCED_FACE('',(#1034),#647,.T.);
#10712=ADVANCED_FACE('',(#1035),#648,.T.);
#10713=ADVANCED_FACE('',(#1036),#649,.T.);
#10714=ADVANCED_FACE('',(#1037),#650,.T.);
#10715=ADVANCED_FACE('',(#1038),#651,.F.);
#10716=ADVANCED_FACE('',(#1039),#652,.F.);
#10717=ADVANCED_FACE('',(#1040),#653,.F.);
#10718=ADVANCED_FACE('',(#1041),#654,.F.);
#10719=ADVANCED_FACE('',(#1042),#655,.F.);
#10720=ADVANCED_FACE('',(#1043),#9880,.F.);
#10721=ADVANCED_FACE('',(#1044),#9881,.F.);
#10722=ADVANCED_FACE('',(#1045),#656,.F.);
#10723=ADVANCED_FACE('',(#1046),#657,.F.);
#10724=ADVANCED_FACE('',(#1047),#658,.F.);
#10725=ADVANCED_FACE('',(#1048),#659,.F.);
#10726=ADVANCED_FACE('',(#1049),#660,.F.);
#10727=ADVANCED_FACE('',(#1050),#661,.F.);
#10728=ADVANCED_FACE('',(#1051),#662,.F.);
#10729=ADVANCED_FACE('',(#1052,#670),#9882,.T.);
#10730=ADVANCED_FACE('',(#1053),#9883,.F.);
#10731=ADVANCED_FACE('',(#1054),#9884,.F.);
#10732=ADVANCED_FACE('',(#1055),#9885,.F.);
#10733=ADVANCED_FACE('',(#1056),#9886,.F.);
#10734=ADVANCED_FACE('',(#1057),#9887,.F.);
#10735=ADVANCED_FACE('',(#1058,#671,#672,#673,#674,#675,#676,#677,#678,
#679,#680,#681,#682,#683,#684,#685,#686,#687,#688,#689,#690,#691,#692,#693,
#694,#695),#9888,.T.);
#10736=ADVANCED_FACE('',(#1059),#9889,.T.);
#10737=ADVANCED_FACE('',(#1060),#9890,.T.);
#10738=ADVANCED_FACE('',(#1061),#9891,.T.);
#10739=ADVANCED_FACE('',(#1062),#9892,.T.);
#10740=ADVANCED_FACE('',(#1063),#9893,.T.);
#10741=ADVANCED_FACE('',(#1064),#101,.T.);
#10742=ADVANCED_FACE('',(#1065),#9894,.F.);
#10743=ADVANCED_FACE('',(#1066),#102,.T.);
#10744=ADVANCED_FACE('',(#1067),#9895,.T.);
#10745=ADVANCED_FACE('',(#1068),#103,.T.);
#10746=ADVANCED_FACE('',(#1069),#9896,.T.);
#10747=ADVANCED_FACE('',(#1070),#104,.T.);
#10748=ADVANCED_FACE('',(#1071),#9897,.F.);
#10749=ADVANCED_FACE('',(#1072),#9898,.T.);
#10750=ADVANCED_FACE('',(#1073),#9899,.T.);
#10751=ADVANCED_FACE('',(#1074),#9900,.T.);
#10752=ADVANCED_FACE('',(#1075),#9901,.T.);
#10753=ADVANCED_FACE('',(#1076),#9902,.F.);
#10754=ADVANCED_FACE('',(#1077),#9903,.T.);
#10755=ADVANCED_FACE('',(#1078),#55,.T.);
#10756=ADVANCED_FACE('',(#1079),#9904,.T.);
#10757=ADVANCED_FACE('',(#1080),#53,.T.);
#10758=ADVANCED_FACE('',(#1081),#9905,.F.);
#10759=ADVANCED_FACE('',(#1082),#54,.T.);
#10760=ADVANCED_FACE('',(#1083,#696),#9906,.T.);
#10761=ADVANCED_FACE('',(#1084),#9907,.T.);
#10762=ADVANCED_FACE('',(#1085),#9908,.F.);
#10763=ADVANCED_FACE('',(#1086),#9909,.T.);
#10764=ADVANCED_FACE('',(#1087,#697),#9910,.T.);
#10765=ADVANCED_FACE('',(#1088),#9911,.F.);
#10766=ADVANCED_FACE('',(#1089),#9912,.F.);
#10767=ADVANCED_FACE('',(#1090),#9913,.F.);
#10768=ADVANCED_FACE('',(#1091),#56,.F.);
#10769=ADVANCED_FACE('',(#1092),#9914,.F.);
#10770=ADVANCED_FACE('',(#1093),#9915,.F.);
#10771=ADVANCED_FACE('',(#1094),#57,.F.);
#10772=ADVANCED_FACE('',(#1095),#58,.F.);
#10773=ADVANCED_FACE('',(#1096),#9916,.F.);
#10774=ADVANCED_FACE('',(#1097),#59,.F.);
#10775=ADVANCED_FACE('',(#1098),#60,.F.);
#10776=ADVANCED_FACE('',(#1099),#9917,.F.);
#10777=ADVANCED_FACE('',(#1100),#9918,.F.);
#10778=ADVANCED_FACE('',(#1101),#61,.F.);
#10779=ADVANCED_FACE('',(#1102),#9919,.F.);
#10780=ADVANCED_FACE('',(#1103),#9920,.F.);
#10781=ADVANCED_FACE('',(#1104),#9921,.F.);
#10782=ADVANCED_FACE('',(#1105),#9922,.F.);
#10783=ADVANCED_FACE('',(#1106,#698,#699,#700,#701,#702,#703,#704,#705),
#9923,.T.);
#10784=ADVANCED_FACE('',(#1107),#9924,.F.);
#10785=ADVANCED_FACE('',(#1108),#9925,.F.);
#10786=ADVANCED_FACE('',(#1109),#62,.F.);
#10787=ADVANCED_FACE('',(#1110),#9926,.T.);
#10788=ADVANCED_FACE('',(#1111),#9927,.T.);
#10789=ADVANCED_FACE('',(#1112),#9928,.F.);
#10790=ADVANCED_FACE('',(#1113),#9929,.F.);
#10791=ADVANCED_FACE('',(#1114),#63,.F.);
#10792=ADVANCED_FACE('',(#1115),#9930,.T.);
#10793=ADVANCED_FACE('',(#1116),#64,.T.);
#10794=ADVANCED_FACE('',(#1117),#65,.T.);
#10795=ADVANCED_FACE('',(#1118),#66,.T.);
#10796=ADVANCED_FACE('',(#1119),#9931,.T.);
#10797=ADVANCED_FACE('',(#1120),#9932,.T.);
#10798=ADVANCED_FACE('',(#1121),#9933,.T.);
#10799=ADVANCED_FACE('',(#1122),#67,.T.);
#10800=ADVANCED_FACE('',(#1123),#68,.T.);
#10801=ADVANCED_FACE('',(#1124),#69,.T.);
#10802=ADVANCED_FACE('',(#1125),#70,.T.);
#10803=ADVANCED_FACE('',(#1126),#9934,.F.);
#10804=ADVANCED_FACE('',(#1127),#71,.F.);
#10805=ADVANCED_FACE('',(#1128),#9935,.F.);
#10806=ADVANCED_FACE('',(#1129),#72,.T.);
#10807=ADVANCED_FACE('',(#1130),#73,.F.);
#10808=ADVANCED_FACE('',(#1131),#9936,.F.);
#10809=ADVANCED_FACE('',(#1132),#105,.T.);
#10810=ADVANCED_FACE('',(#1133),#9937,.F.);
#10811=ADVANCED_FACE('',(#1134),#9938,.T.);
#10812=ADVANCED_FACE('',(#1135),#106,.T.);
#10813=ADVANCED_FACE('',(#1136),#9939,.F.);
#10814=ADVANCED_FACE('',(#1137),#9940,.T.);
#10815=ADVANCED_FACE('',(#1138),#9941,.T.);
#10816=ADVANCED_FACE('',(#1139),#9942,.T.);
#10817=ADVANCED_FACE('',(#1140),#9943,.T.);
#10818=ADVANCED_FACE('',(#1141),#9944,.T.);
#10819=ADVANCED_FACE('',(#1142),#9945,.T.);
#10820=ADVANCED_FACE('',(#1143),#74,.F.);
#10821=ADVANCED_FACE('',(#1144),#9946,.T.);
#10822=ADVANCED_FACE('',(#1145),#9947,.T.);
#10823=ADVANCED_FACE('',(#1146),#75,.F.);
#10824=ADVANCED_FACE('',(#1147),#9948,.T.);
#10825=ADVANCED_FACE('',(#1148),#9949,.T.);
#10826=ADVANCED_FACE('',(#1149),#9950,.F.);
#10827=ADVANCED_FACE('',(#1150),#9951,.T.);
#10828=ADVANCED_FACE('',(#1151),#9952,.T.);
#10829=ADVANCED_FACE('',(#1152),#76,.T.);
#10830=ADVANCED_FACE('',(#1153),#77,.T.);
#10831=ADVANCED_FACE('',(#1154),#78,.T.);
#10832=ADVANCED_FACE('',(#1155),#79,.F.);
#10833=ADVANCED_FACE('',(#1156),#80,.T.);
#10834=ADVANCED_FACE('',(#1157),#9953,.F.);
#10835=ADVANCED_FACE('',(#1158),#107,.T.);
#10836=ADVANCED_FACE('',(#1159),#9954,.F.);
#10837=ADVANCED_FACE('',(#1160),#9955,.F.);
#10838=ADVANCED_FACE('',(#1161),#9956,.F.);
#10839=ADVANCED_FACE('',(#1162),#81,.F.);
#10840=ADVANCED_FACE('',(#1163),#9957,.F.);
#10841=ADVANCED_FACE('',(#1164),#108,.T.);
#10842=ADVANCED_FACE('',(#1165),#9958,.F.);
#10843=ADVANCED_FACE('',(#1166),#9959,.F.);
#10844=ADVANCED_FACE('',(#1167),#9960,.F.);
#10845=ADVANCED_FACE('',(#1168),#82,.F.);
#10846=ADVANCED_FACE('',(#1169),#9961,.F.);
#10847=ADVANCED_FACE('',(#1170),#9962,.F.);
#10848=ADVANCED_FACE('',(#1171),#83,.F.);
#10849=ADVANCED_FACE('',(#1172),#84,.F.);
#10850=ADVANCED_FACE('',(#1173),#85,.F.);
#10851=ADVANCED_FACE('',(#1174),#9963,.F.);
#10852=ADVANCED_FACE('',(#1175),#9964,.F.);
#10853=ADVANCED_FACE('',(#1176),#86,.F.);
#10854=ADVANCED_FACE('',(#1177),#9965,.F.);
#10855=ADVANCED_FACE('',(#1178),#9966,.F.);
#10856=ADVANCED_FACE('',(#1179),#87,.F.);
#10857=ADVANCED_FACE('',(#1180),#9967,.T.);
#10858=ADVANCED_FACE('',(#1181,#706,#707,#708,#709,#710,#711,#712,#713),
#9968,.F.);
#10859=ADVANCED_FACE('',(#1182),#9969,.F.);
#10860=ADVANCED_FACE('',(#1183),#88,.F.);
#10861=ADVANCED_FACE('',(#1184),#9970,.F.);
#10862=ADVANCED_FACE('',(#1185),#9971,.F.);
#10863=ADVANCED_FACE('',(#1186),#9972,.F.);
#10864=ADVANCED_FACE('',(#1187),#9973,.T.);
#10865=ADVANCED_FACE('',(#1188),#9974,.T.);
#10866=ADVANCED_FACE('',(#1189),#9975,.T.);
#10867=ADVANCED_FACE('',(#1190),#9976,.F.);
#10868=ADVANCED_FACE('',(#1191),#9977,.T.);
#10869=ADVANCED_FACE('',(#1192),#9978,.T.);
#10870=ADVANCED_FACE('',(#1193),#9979,.T.);
#10871=ADVANCED_FACE('',(#1194),#9980,.F.);
#10872=ADVANCED_FACE('',(#1195),#9981,.T.);
#10873=ADVANCED_FACE('',(#1196),#9982,.T.);
#10874=ADVANCED_FACE('',(#1197),#9983,.T.);
#10875=ADVANCED_FACE('',(#1198),#9984,.F.);
#10876=ADVANCED_FACE('',(#1199),#9985,.T.);
#10877=ADVANCED_FACE('',(#1200),#9986,.T.);
#10878=ADVANCED_FACE('',(#1201),#9987,.T.);
#10879=ADVANCED_FACE('',(#1202),#9988,.F.);
#10880=ADVANCED_FACE('',(#1203),#9989,.T.);
#10881=ADVANCED_FACE('',(#1204),#9990,.T.);
#10882=ADVANCED_FACE('',(#1205),#9991,.T.);
#10883=ADVANCED_FACE('',(#1206),#9992,.F.);
#10884=ADVANCED_FACE('',(#1207),#9993,.T.);
#10885=ADVANCED_FACE('',(#1208),#9994,.T.);
#10886=ADVANCED_FACE('',(#1209),#9995,.T.);
#10887=ADVANCED_FACE('',(#1210),#9996,.F.);
#10888=ADVANCED_FACE('',(#1211),#9997,.T.);
#10889=ADVANCED_FACE('',(#1212),#9998,.T.);
#10890=ADVANCED_FACE('',(#1213),#9999,.T.);
#10891=ADVANCED_FACE('',(#1214),#10000,.F.);
#10892=ADVANCED_FACE('',(#1215),#10001,.T.);
#10893=ADVANCED_FACE('',(#1216),#10002,.T.);
#10894=ADVANCED_FACE('',(#1217),#10003,.T.);
#10895=ADVANCED_FACE('',(#1218),#89,.F.);
#10896=ADVANCED_FACE('',(#1219),#10004,.F.);
#10897=ADVANCED_FACE('',(#1220),#90,.F.);
#10898=ADVANCED_FACE('',(#1221),#91,.F.);
#10899=ADVANCED_FACE('',(#1222),#10005,.F.);
#10900=ADVANCED_FACE('',(#1223),#10006,.F.);
#10901=ADVANCED_FACE('',(#1224),#10007,.F.);
#10902=ADVANCED_FACE('',(#1225),#10008,.F.);
#10903=ADVANCED_FACE('',(#1226),#10009,.F.);
#10904=ADVANCED_FACE('',(#1227),#10010,.F.);
#10905=ADVANCED_FACE('',(#1228,#714,#715,#716),#10011,.T.);
#10906=ADVANCED_FACE('',(#1229),#10012,.T.);
#10907=ADVANCED_FACE('',(#1230),#10013,.T.);
#10908=ADVANCED_FACE('',(#1231),#10014,.T.);
#10909=ADVANCED_FACE('',(#1232),#10015,.T.);
#10910=ADVANCED_FACE('',(#1233),#10016,.T.);
#10911=ADVANCED_FACE('',(#1234),#10017,.T.);
#10912=ADVANCED_FACE('',(#1235),#10018,.T.);
#10913=ADVANCED_FACE('',(#1236),#10019,.T.);
#10914=ADVANCED_FACE('',(#1237),#10020,.T.);
#10915=ADVANCED_FACE('',(#1238),#10021,.T.);
#10916=ADVANCED_FACE('',(#1239,#717),#10022,.T.);
#10917=ADVANCED_FACE('',(#1240),#10023,.T.);
#10918=ADVANCED_FACE('',(#1241,#718),#10024,.T.);
#10919=ADVANCED_FACE('',(#1242),#10025,.T.);
#10920=ADVANCED_FACE('',(#1243),#10026,.T.);
#10921=ADVANCED_FACE('',(#1244),#10027,.T.);
#10922=ADVANCED_FACE('',(#1245),#10028,.T.);
#10923=ADVANCED_FACE('',(#1246),#10029,.T.);
#10924=ADVANCED_FACE('',(#1247),#10030,.T.);
#10925=ADVANCED_FACE('',(#1248),#10031,.T.);
#10926=ADVANCED_FACE('',(#1249),#10032,.T.);
#10927=ADVANCED_FACE('',(#1250),#10033,.T.);
#10928=ADVANCED_FACE('',(#1251),#10034,.T.);
#10929=ADVANCED_FACE('',(#1252),#10035,.T.);
#10930=ADVANCED_FACE('',(#1253),#10036,.T.);
#10931=ADVANCED_FACE('',(#1254),#10037,.T.);
#10932=ADVANCED_FACE('',(#1255),#10038,.T.);
#10933=ADVANCED_FACE('',(#1256),#10039,.T.);
#10934=ADVANCED_FACE('',(#1257),#10040,.T.);
#10935=ADVANCED_FACE('',(#1258),#10041,.T.);
#10936=ADVANCED_FACE('',(#1259),#10042,.T.);
#10937=ADVANCED_FACE('',(#1260),#10043,.T.);
#10938=ADVANCED_FACE('',(#1261),#663,.F.);
#10939=ADVANCED_FACE('',(#1262),#664,.F.);
#10940=ADVANCED_FACE('',(#1263),#10044,.T.);
#10941=ADVANCED_FACE('',(#1264),#10045,.T.);
#10942=ADVANCED_FACE('',(#1265),#10046,.T.);
#10943=ADVANCED_FACE('',(#1266),#10047,.T.);
#10944=ADVANCED_FACE('',(#1267),#92,.F.);
#10945=ADVANCED_FACE('',(#1268),#10048,.T.);
#10946=ADVANCED_FACE('',(#1269),#10049,.T.);
#10947=ADVANCED_FACE('',(#1270),#10050,.T.);
#10948=ADVANCED_FACE('',(#1271),#10051,.T.);
#10949=ADVANCED_FACE('',(#1272),#10052,.T.);
#10950=ADVANCED_FACE('',(#1273),#10053,.F.);
#10951=ADVANCED_FACE('',(#1274),#10054,.T.);
#10952=CLOSED_SHELL('',(#10396,#10397,#10398,#10399,#10400,#10401,#10402,
#10403,#10404,#10405,#10406,#10407,#10408,#10409,#10410,#10411,#10412,#10413,
#10414,#10415,#10416,#10417,#10418,#10419,#10420,#10421,#10422,#10423,#10424,
#10425,#10426,#10427,#10428,#10429,#10430,#10431,#10432,#10433,#10434,#10435,
#10436,#10437,#10438,#10439,#10440,#10441,#10442,#10443,#10444,#10445,#10446,
#10447,#10448,#10449,#10450,#10451,#10452,#10453,#10454,#10455,#10456,#10457,
#10458,#10459,#10460,#10461,#10462,#10463,#10464,#10465,#10466,#10467,#10468,
#10469,#10470,#10471,#10472,#10473,#10474,#10475,#10476,#10477,#10478,#10479,
#10480,#10481,#10482,#10483,#10484,#10485,#10486,#10487,#10488,#10489,#10490,
#10491,#10492,#10493,#10494,#10495,#10496,#10497,#10498,#10499,#10500,#10501,
#10502,#10503,#10504,#10505,#10506,#10507,#10508,#10509,#10510,#10511,#10512,
#10513,#10514,#10515,#10516,#10517,#10518,#10519,#10520,#10521,#10522,#10523,
#10524,#10525,#10526,#10527,#10528,#10529,#10530,#10531,#10532,#10533,#10534,
#10535,#10536,#10537,#10538,#10539,#10540,#10541,#10542,#10543,#10544,#10545,
#10546,#10547,#10548,#10549,#10550,#10551,#10552,#10553,#10554,#10555,#10556,
#10557,#10558,#10559,#10560,#10561,#10562,#10563,#10564,#10565,#10566,#10567,
#10568,#10569,#10570,#10571,#10572,#10573,#10574,#10575,#10576,#10577,#10578,
#10579,#10580,#10581,#10582,#10583,#10584,#10585,#10586,#10587,#10588,#10589,
#10590,#10591,#10592,#10593,#10594,#10595,#10596,#10597,#10598,#10599,#10600,
#10601,#10602,#10603,#10604,#10605,#10606,#10607,#10608,#10609,#10610,#10611,
#10612,#10613,#10614,#10615,#10616,#10617,#10618,#10619,#10620,#10621,#10622,
#10623,#10624,#10625,#10626,#10627,#10628,#10629,#10630,#10631,#10632,#10633,
#10634,#10635,#10636,#10637,#10638,#10639,#10640,#10641,#10642,#10643,#10644,
#10645,#10646,#10647,#10648,#10649,#10650,#10651,#10652,#10653,#10654,#10655,
#10656,#10657,#10658,#10659,#10660,#10661,#10662,#10663,#10664,#10665,#10666,
#10667,#10668,#10669,#10670,#10671,#10672,#10673,#10674,#10675,#10676,#10677,
#10678,#10679,#10680,#10681,#10682,#10683,#10684,#10685,#10686,#10687,#10688,
#10689,#10690,#10691,#10692,#10693,#10694,#10695,#10696,#10697,#10698,#10699,
#10700,#10701,#10702,#10703,#10704,#10705,#10706,#10707,#10708,#10709,#10710,
#10711,#10712,#10713,#10714,#10715,#10716,#10717,#10718,#10719,#10720,#10721,
#10722,#10723,#10724,#10725,#10726,#10727,#10728,#10729,#10730,#10731,#10732,
#10733,#10734,#10735,#10736,#10737,#10738,#10739,#10740,#10741,#10742,#10743,
#10744,#10745,#10746,#10747,#10748,#10749,#10750,#10751,#10752,#10753,#10754,
#10755,#10756,#10757,#10758,#10759,#10760,#10761,#10762,#10763,#10764,#10765,
#10766,#10767,#10768,#10769,#10770,#10771,#10772,#10773,#10774,#10775,#10776,
#10777,#10778,#10779,#10780,#10781,#10782,#10783,#10784,#10785,#10786,#10787,
#10788,#10789,#10790,#10791,#10792,#10793,#10794,#10795,#10796,#10797,#10798,
#10799,#10800,#10801,#10802,#10803,#10804,#10805,#10806,#10807,#10808,#10809,
#10810,#10811,#10812,#10813,#10814,#10815,#10816,#10817,#10818,#10819,#10820,
#10821,#10822,#10823,#10824,#10825,#10826,#10827,#10828,#10829,#10830,#10831,
#10832,#10833,#10834,#10835,#10836,#10837,#10838,#10839,#10840,#10841,#10842,
#10843,#10844,#10845,#10846,#10847,#10848,#10849,#10850,#10851,#10852,#10853,
#10854,#10855,#10856,#10857,#10858,#10859,#10860,#10861,#10862,#10863,#10864,
#10865,#10866,#10867,#10868,#10869,#10870,#10871,#10872,#10873,#10874,#10875,
#10876,#10877,#10878,#10879,#10880,#10881,#10882,#10883,#10884,#10885,#10886,
#10887,#10888,#10889,#10890,#10891,#10892,#10893,#10894,#10895,#10896,#10897,
#10898,#10899,#10900,#10901,#10902,#10903,#10904,#10905,#10906,#10907,#10908,
#10909,#10910,#10911,#10912,#10913,#10914,#10915,#10916,#10917,#10918,#10919,
#10920,#10921,#10922,#10923,#10924,#10925,#10926,#10927,#10928,#10929,#10930,
#10931,#10932,#10933,#10934,#10935,#10936,#10937,#10938,#10939,#10940,#10941,
#10942,#10943,#10944,#10945));
#10953=CLOSED_SHELL('',(#10946,#10947,#10948,#10949,#10950,#10951));
#10954=PRESENTATION_STYLE_ASSIGNMENT((#10957));
#10955=PRESENTATION_STYLE_ASSIGNMENT((#10958));
#10956=PRESENTATION_STYLE_ASSIGNMENT((#10959));
#10957=SURFACE_STYLE_USAGE(.BOTH.,#10960);
#10958=SURFACE_STYLE_USAGE(.BOTH.,#10961);
#10959=SURFACE_STYLE_USAGE(.BOTH.,#10962);
#10960=SURFACE_SIDE_STYLE('',(#10963));
#10961=SURFACE_SIDE_STYLE('',(#10964));
#10962=SURFACE_SIDE_STYLE('',(#10965));
#10963=SURFACE_STYLE_FILL_AREA(#10966);
#10964=SURFACE_STYLE_FILL_AREA(#10967);
#10965=SURFACE_STYLE_FILL_AREA(#10968);
#10966=FILL_AREA_STYLE('',(#10969));
#10967=FILL_AREA_STYLE('',(#10970));
#10968=FILL_AREA_STYLE('',(#10971));
#10969=FILL_AREA_STYLE_COLOUR('',#10972);
#10970=FILL_AREA_STYLE_COLOUR('',#10973);
#10971=FILL_AREA_STYLE_COLOUR('',#10974);
#10972=COLOUR_RGB('',0.,0.,0.);
#10973=COLOUR_RGB('',0.917647058823529,0.917647058823529,0.917647058823529);
#10974=COLOUR_RGB('',0.749019607843137,0.749019607843137,0.749019607843137);
#10975=DATE_TIME_ROLE('creation_date');
#10976=DATE_TIME_ROLE('creation_date');
#10977=DATE_TIME_ROLE('creation_date');
#10978=APPLIED_DATE_AND_TIME_ASSIGNMENT(#10981,#10975,(#18858));
#10979=APPLIED_DATE_AND_TIME_ASSIGNMENT(#10982,#10976,(#18859));
#10980=APPLIED_DATE_AND_TIME_ASSIGNMENT(#10983,#10977,(#18860));
#10981=DATE_AND_TIME(#10984,#10987);
#10982=DATE_AND_TIME(#10985,#10988);
#10983=DATE_AND_TIME(#10986,#10989);
#10984=CALENDAR_DATE(2019,27,6);
#10985=CALENDAR_DATE(2019,27,6);
#10986=CALENDAR_DATE(2019,27,6);
#10987=LOCAL_TIME(11,59,12.,#10990);
#10988=LOCAL_TIME(10,54,59.,#10991);
#10989=LOCAL_TIME(11,58,18.,#10992);
#10990=COORDINATED_UNIVERSAL_TIME_OFFSET(0,0,.BEHIND.);
#10991=COORDINATED_UNIVERSAL_TIME_OFFSET(0,0,.BEHIND.);
#10992=COORDINATED_UNIVERSAL_TIME_OFFSET(0,0,.BEHIND.);
#10993=AXIS2_PLACEMENT_3D('placement',#13665,#11513,#11514);
#10994=AXIS2_PLACEMENT_3D('placement',#13666,#11515,#11516);
#10995=AXIS2_PLACEMENT_3D('',#13667,#11517,#11518);
#10996=AXIS2_PLACEMENT_3D('',#13676,#11523,#11524);
#10997=AXIS2_PLACEMENT_3D('',#13682,#11528,#11529);
#10998=AXIS2_PLACEMENT_3D('',#13685,#11532,#11533);
#10999=AXIS2_PLACEMENT_3D('',#13694,#11538,#11539);
#11000=AXIS2_PLACEMENT_3D('',#13700,#11543,#11544);
#11001=AXIS2_PLACEMENT_3D('',#13706,#11548,#11549);
#11002=AXIS2_PLACEMENT_3D('',#13712,#11553,#11554);
#11003=AXIS2_PLACEMENT_3D('',#13718,#11558,#11559);
#11004=AXIS2_PLACEMENT_3D('',#13724,#11563,#11564);
#11005=AXIS2_PLACEMENT_3D('',#13730,#11568,#11569);
#11006=AXIS2_PLACEMENT_3D('',#13736,#11573,#11574);
#11007=AXIS2_PLACEMENT_3D('',#13742,#11578,#11579);
#11008=AXIS2_PLACEMENT_3D('',#13748,#11583,#11584);
#11009=AXIS2_PLACEMENT_3D('',#13751,#11587,#11588);
#11010=AXIS2_PLACEMENT_3D('',#13752,#11589,#11590);
#11011=AXIS2_PLACEMENT_3D('',#13761,#11595,#11596);
#11012=AXIS2_PLACEMENT_3D('',#13862,#11605,#11606);
#11013=AXIS2_PLACEMENT_3D('',#13868,#11610,#11611);
#11014=AXIS2_PLACEMENT_3D('',#13921,#11617,#11618);
#11015=AXIS2_PLACEMENT_3D('',#13924,#11620,#11621);
#11016=AXIS2_PLACEMENT_3D('',#13982,#11625,#11626);
#11017=AXIS2_PLACEMENT_3D('',#13988,#11630,#11631);
#11018=AXIS2_PLACEMENT_3D('',#13991,#11634,#11635);
#11019=AXIS2_PLACEMENT_3D('',#13992,#11636,#11637);
#11020=AXIS2_PLACEMENT_3D('',#14001,#11642,#11643);
#11021=AXIS2_PLACEMENT_3D('',#14007,#11647,#11648);
#11022=AXIS2_PLACEMENT_3D('',#14010,#11651,#11652);
#11023=AXIS2_PLACEMENT_3D('',#14019,#11657,#11658);
#11024=AXIS2_PLACEMENT_3D('',#14025,#11662,#11663);
#11025=AXIS2_PLACEMENT_3D('',#14031,#11667,#11668);
#11026=AXIS2_PLACEMENT_3D('',#14037,#11672,#11673);
#11027=AXIS2_PLACEMENT_3D('',#14043,#11677,#11678);
#11028=AXIS2_PLACEMENT_3D('',#14049,#11682,#11683);
#11029=AXIS2_PLACEMENT_3D('',#14055,#11687,#11688);
#11030=AXIS2_PLACEMENT_3D('',#14061,#11692,#11693);
#11031=AXIS2_PLACEMENT_3D('',#14067,#11697,#11698);
#11032=AXIS2_PLACEMENT_3D('',#14073,#11702,#11703);
#11033=AXIS2_PLACEMENT_3D('',#14076,#11706,#11707);
#11034=AXIS2_PLACEMENT_3D('',#14305,#11720,#11721);
#11035=AXIS2_PLACEMENT_3D('',#14366,#11726,#11727);
#11036=AXIS2_PLACEMENT_3D('',#14372,#11731,#11732);
#11037=AXIS2_PLACEMENT_3D('',#14378,#11736,#11737);
#11038=AXIS2_PLACEMENT_3D('',#14384,#11741,#11742);
#11039=AXIS2_PLACEMENT_3D('',#14390,#11746,#11747);
#11040=AXIS2_PLACEMENT_3D('',#14529,#11758,#11759);
#11041=AXIS2_PLACEMENT_3D('',#14535,#11763,#11764);
#11042=AXIS2_PLACEMENT_3D('',#14595,#11770,#11771);
#11043=AXIS2_PLACEMENT_3D('',#14596,#11772,#11773);
#11044=AXIS2_PLACEMENT_3D('',#14605,#11778,#11779);
#11045=AXIS2_PLACEMENT_3D('',#14611,#11783,#11784);
#11046=AXIS2_PLACEMENT_3D('',#14617,#11788,#11789);
#11047=AXIS2_PLACEMENT_3D('',#14623,#11793,#11794);
#11048=AXIS2_PLACEMENT_3D('',#14629,#11798,#11799);
#11049=AXIS2_PLACEMENT_3D('',#14635,#11803,#11804);
#11050=AXIS2_PLACEMENT_3D('',#14641,#11808,#11809);
#11051=AXIS2_PLACEMENT_3D('',#14644,#11812,#11813);
#11052=AXIS2_PLACEMENT_3D('',#14645,#11814,#11815);
#11053=AXIS2_PLACEMENT_3D('',#14654,#11820,#11821);
#11054=AXIS2_PLACEMENT_3D('',#14660,#11825,#11826);
#11055=AXIS2_PLACEMENT_3D('',#14666,#11830,#11831);
#11056=AXIS2_PLACEMENT_3D('',#14669,#11834,#11835);
#11057=AXIS2_PLACEMENT_3D('',#14670,#11836,#11837);
#11058=AXIS2_PLACEMENT_3D('',#14679,#11842,#11843);
#11059=AXIS2_PLACEMENT_3D('',#14685,#11847,#11848);
#11060=AXIS2_PLACEMENT_3D('',#14691,#11852,#11853);
#11061=AXIS2_PLACEMENT_3D('',#14697,#11857,#11858);
#11062=AXIS2_PLACEMENT_3D('',#14703,#11862,#11863);
#11063=AXIS2_PLACEMENT_3D('',#14709,#11867,#11868);
#11064=AXIS2_PLACEMENT_3D('',#14712,#11871,#11872);
#11065=AXIS2_PLACEMENT_3D('',#14713,#11873,#11874);
#11066=AXIS2_PLACEMENT_3D('',#14722,#11879,#11880);
#11067=AXIS2_PLACEMENT_3D('',#14728,#11884,#11885);
#11068=AXIS2_PLACEMENT_3D('',#14734,#11889,#11890);
#11069=AXIS2_PLACEMENT_3D('',#14737,#11893,#11894);
#11070=AXIS2_PLACEMENT_3D('',#14779,#11898,#11899);
#11071=AXIS2_PLACEMENT_3D('',#14785,#11903,#11904);
#11072=AXIS2_PLACEMENT_3D('',#14886,#11913,#11914);
#11073=AXIS2_PLACEMENT_3D('',#14892,#11918,#11919);
#11074=AXIS2_PLACEMENT_3D('',#14990,#11927,#11928);
#11075=AXIS2_PLACEMENT_3D('',#15051,#11933,#11934);
#11076=AXIS2_PLACEMENT_3D('',#15114,#11941,#11942);
#11077=AXIS2_PLACEMENT_3D('',#15120,#11946,#11947);
#11078=AXIS2_PLACEMENT_3D('',#15183,#11954,#11955);
#11079=AXIS2_PLACEMENT_3D('',#15189,#11959,#11960);
#11080=AXIS2_PLACEMENT_3D('',#15268,#11967,#11968);
#11081=AXIS2_PLACEMENT_3D('',#15269,#11969,#11970);
#11082=AXIS2_PLACEMENT_3D('',#15316,#11977,#11978);
#11083=AXIS2_PLACEMENT_3D('',#15322,#11982,#11983);
#11084=AXIS2_PLACEMENT_3D('',#15328,#11987,#11988);
#11085=AXIS2_PLACEMENT_3D('',#15334,#11992,#11993);
#11086=AXIS2_PLACEMENT_3D('',#15340,#11997,#11998);
#11087=AXIS2_PLACEMENT_3D('',#15403,#12005,#12006);
#11088=AXIS2_PLACEMENT_3D('',#15409,#12010,#12011);
#11089=AXIS2_PLACEMENT_3D('',#15412,#12014,#12015);
#11090=AXIS2_PLACEMENT_3D('',#15565,#12024,#12025);
#11091=AXIS2_PLACEMENT_3D('',#15566,#12026,#12027);
#11092=AXIS2_PLACEMENT_3D('',#15575,#12032,#12033);
#11093=AXIS2_PLACEMENT_3D('',#15581,#12037,#12038);
#11094=AXIS2_PLACEMENT_3D('',#15587,#12042,#12043);
#11095=AXIS2_PLACEMENT_3D('',#15593,#12047,#12048);
#11096=AXIS2_PLACEMENT_3D('',#15599,#12052,#12053);
#11097=AXIS2_PLACEMENT_3D('',#15605,#12057,#12058);
#11098=AXIS2_PLACEMENT_3D('',#15611,#12062,#12063);
#11099=AXIS2_PLACEMENT_3D('',#15617,#12067,#12068);
#11100=AXIS2_PLACEMENT_3D('',#15623,#12072,#12073);
#11101=AXIS2_PLACEMENT_3D('',#15629,#12077,#12078);
#11102=AXIS2_PLACEMENT_3D('',#15635,#12082,#12083);
#11103=AXIS2_PLACEMENT_3D('',#15638,#12086,#12087);
#11104=AXIS2_PLACEMENT_3D('',#15639,#12088,#12089);
#11105=AXIS2_PLACEMENT_3D('',#15648,#12094,#12095);
#11106=AXIS2_PLACEMENT_3D('',#15654,#12099,#12100);
#11107=AXIS2_PLACEMENT_3D('',#15660,#12104,#12105);
#11108=AXIS2_PLACEMENT_3D('',#15666,#12109,#12110);
#11109=AXIS2_PLACEMENT_3D('',#15672,#12114,#12115);
#11110=AXIS2_PLACEMENT_3D('',#15678,#12119,#12120);
#11111=AXIS2_PLACEMENT_3D('',#15684,#12124,#12125);
#11112=AXIS2_PLACEMENT_3D('',#15687,#12128,#12129);
#11113=AXIS2_PLACEMENT_3D('',#15729,#12133,#12134);
#11114=AXIS2_PLACEMENT_3D('',#15735,#12138,#12139);
#11115=AXIS2_PLACEMENT_3D('',#15893,#12151,#12152);
#11116=AXIS2_PLACEMENT_3D('',#15899,#12156,#12157);
#11117=AXIS2_PLACEMENT_3D('',#16016,#12166,#12167);
#11118=AXIS2_PLACEMENT_3D('',#16017,#12168,#12169);
#11119=AXIS2_PLACEMENT_3D('',#16064,#12176,#12177);
#11120=AXIS2_PLACEMENT_3D('',#16070,#12181,#12182);
#11121=AXIS2_PLACEMENT_3D('',#16076,#12186,#12187);
#11122=AXIS2_PLACEMENT_3D('',#16082,#12191,#12192);
#11123=AXIS2_PLACEMENT_3D('',#16088,#12196,#12197);
#11124=AXIS2_PLACEMENT_3D('',#16151,#12204,#12205);
#11125=AXIS2_PLACEMENT_3D('',#16157,#12209,#12210);
#11126=AXIS2_PLACEMENT_3D('',#16160,#12213,#12214);
#11127=AXIS2_PLACEMENT_3D('',#16183,#12217,#12218);
#11128=AXIS2_PLACEMENT_3D('',#16189,#12222,#12223);
#11129=AXIS2_PLACEMENT_3D('',#16252,#12230,#12231);
#11130=AXIS2_PLACEMENT_3D('',#16258,#12235,#12236);
#11131=AXIS2_PLACEMENT_3D('',#16264,#12240,#12241);
#11132=AXIS2_PLACEMENT_3D('',#16270,#12245,#12246);
#11133=AXIS2_PLACEMENT_3D('',#16276,#12250,#12251);
#11134=AXIS2_PLACEMENT_3D('',#16282,#12255,#12256);
#11135=AXIS2_PLACEMENT_3D('',#16288,#12260,#12261);
#11136=AXIS2_PLACEMENT_3D('',#16294,#12265,#12266);
#11137=AXIS2_PLACEMENT_3D('',#16300,#12270,#12271);
#11138=AXIS2_PLACEMENT_3D('',#16306,#12275,#12276);
#11139=AXIS2_PLACEMENT_3D('',#16312,#12280,#12281);
#11140=AXIS2_PLACEMENT_3D('',#16334,#12285,#12286);
#11141=AXIS2_PLACEMENT_3D('',#16335,#12287,#12288);
#11142=AXIS2_PLACEMENT_3D('',#16344,#12293,#12294);
#11143=AXIS2_PLACEMENT_3D('',#16350,#12298,#12299);
#11144=AXIS2_PLACEMENT_3D('',#16356,#12303,#12304);
#11145=AXIS2_PLACEMENT_3D('',#16359,#12307,#12308);
#11146=AXIS2_PLACEMENT_3D('',#16360,#12309,#12310);
#11147=AXIS2_PLACEMENT_3D('',#16369,#12315,#12316);
#11148=AXIS2_PLACEMENT_3D('',#16375,#12320,#12321);
#11149=AXIS2_PLACEMENT_3D('',#16381,#12325,#12326);
#11150=AXIS2_PLACEMENT_3D('',#16384,#12329,#12330);
#11151=AXIS2_PLACEMENT_3D('',#16407,#12333,#12334);
#11152=AXIS2_PLACEMENT_3D('',#16413,#12338,#12339);
#11153=AXIS2_PLACEMENT_3D('',#16476,#12346,#12347);
#11154=AXIS2_PLACEMENT_3D('',#16482,#12351,#12352);
#11155=AXIS2_PLACEMENT_3D('',#16488,#12356,#12357);
#11156=AXIS2_PLACEMENT_3D('',#16494,#12361,#12362);
#11157=AXIS2_PLACEMENT_3D('',#16500,#12366,#12367);
#11158=AXIS2_PLACEMENT_3D('',#16506,#12371,#12372);
#11159=AXIS2_PLACEMENT_3D('',#16512,#12376,#12377);
#11160=AXIS2_PLACEMENT_3D('',#16518,#12381,#12382);
#11161=AXIS2_PLACEMENT_3D('',#16524,#12386,#12387);
#11162=AXIS2_PLACEMENT_3D('',#16530,#12391,#12392);
#11163=AXIS2_PLACEMENT_3D('',#16536,#12396,#12397);
#11164=AXIS2_PLACEMENT_3D('',#16558,#12401,#12402);
#11165=AXIS2_PLACEMENT_3D('',#16619,#12407,#12408);
#11166=AXIS2_PLACEMENT_3D('',#16625,#12412,#12413);
#11167=AXIS2_PLACEMENT_3D('',#16631,#12417,#12418);
#11168=AXIS2_PLACEMENT_3D('',#16637,#12422,#12423);
#11169=AXIS2_PLACEMENT_3D('',#16643,#12427,#12428);
#11170=AXIS2_PLACEMENT_3D('',#16782,#12439,#12440);
#11171=AXIS2_PLACEMENT_3D('',#16788,#12444,#12445);
#11172=AXIS2_PLACEMENT_3D('',#16848,#12451,#12452);
#11173=AXIS2_PLACEMENT_3D('',#16849,#12453,#12454);
#11174=AXIS2_PLACEMENT_3D('',#16858,#12459,#12460);
#11175=AXIS2_PLACEMENT_3D('',#16959,#12469,#12470);
#11176=AXIS2_PLACEMENT_3D('',#16965,#12474,#12475);
#11177=AXIS2_PLACEMENT_3D('',#17018,#12481,#12482);
#11178=AXIS2_PLACEMENT_3D('',#17021,#12484,#12485);
#11179=AXIS2_PLACEMENT_3D('',#17079,#12489,#12490);
#11180=AXIS2_PLACEMENT_3D('',#17085,#12494,#12495);
#11181=AXIS2_PLACEMENT_3D('',#17088,#12498,#12499);
#11182=AXIS2_PLACEMENT_3D('',#17320,#12513,#12514);
#11183=AXIS2_PLACEMENT_3D('',#17326,#12518,#12519);
#11184=AXIS2_PLACEMENT_3D('',#17462,#12529,#12530);
#11185=AXIS2_PLACEMENT_3D('',#17463,#12531,#12532);
#11186=AXIS2_PLACEMENT_3D('',#17472,#12537,#12538);
#11187=AXIS2_PLACEMENT_3D('',#17478,#12542,#12543);
#11188=AXIS2_PLACEMENT_3D('',#17484,#12547,#12548);
#11189=AXIS2_PLACEMENT_3D('',#17487,#12551,#12552);
#11190=AXIS2_PLACEMENT_3D('',#17488,#12553,#12554);
#11191=AXIS2_PLACEMENT_3D('',#17491,#12555,#12556);
#11192=AXIS2_PLACEMENT_3D('',#17506,#12564,#12565);
#11193=AXIS2_PLACEMENT_3D('',#17507,#12566,#12567);
#11194=AXIS2_PLACEMENT_3D('',#17508,#12568,#12569);
#11195=AXIS2_PLACEMENT_3D('',#17509,#12570,#12571);
#11196=AXIS2_PLACEMENT_3D('',#17510,#12572,#12573);
#11197=AXIS2_PLACEMENT_3D('',#17511,#12574,#12575);
#11198=AXIS2_PLACEMENT_3D('',#17512,#12576,#12577);
#11199=AXIS2_PLACEMENT_3D('',#17519,#12578,#12579);
#11200=AXIS2_PLACEMENT_3D('',#17524,#12580,#12581);
#11201=AXIS2_PLACEMENT_3D('',#17525,#12582,#12583);
#11202=AXIS2_PLACEMENT_3D('',#17527,#12585,#12586);
#11203=AXIS2_PLACEMENT_3D('',#17534,#12587,#12588);
#11204=AXIS2_PLACEMENT_3D('',#17539,#12589,#12590);
#11205=AXIS2_PLACEMENT_3D('',#17540,#12591,#12592);
#11206=AXIS2_PLACEMENT_3D('',#17542,#12594,#12595);
#11207=AXIS2_PLACEMENT_3D('',#17549,#12596,#12597);
#11208=AXIS2_PLACEMENT_3D('',#17554,#12598,#12599);
#11209=AXIS2_PLACEMENT_3D('',#17555,#12600,#12601);
#11210=AXIS2_PLACEMENT_3D('',#17557,#12603,#12604);
#11211=AXIS2_PLACEMENT_3D('',#17564,#12605,#12606);
#11212=AXIS2_PLACEMENT_3D('',#17569,#12607,#12608);
#11213=AXIS2_PLACEMENT_3D('',#17570,#12609,#12610);
#11214=AXIS2_PLACEMENT_3D('',#17572,#12612,#12613);
#11215=AXIS2_PLACEMENT_3D('',#17574,#12615,#12616);
#11216=AXIS2_PLACEMENT_3D('',#17576,#12618,#12619);
#11217=AXIS2_PLACEMENT_3D('',#17578,#12621,#12622);
#11218=AXIS2_PLACEMENT_3D('',#17580,#12624,#12625);
#11219=AXIS2_PLACEMENT_3D('',#17583,#12626,#12627);
#11220=AXIS2_PLACEMENT_3D('',#17585,#12628,#12629);
#11221=AXIS2_PLACEMENT_3D('',#17599,#12637,#12638);
#11222=AXIS2_PLACEMENT_3D('',#17600,#12639,#12640);
#11223=AXIS2_PLACEMENT_3D('',#17603,#12643,#12644);
#11224=AXIS2_PLACEMENT_3D('',#17613,#12646,#12647);
#11225=AXIS2_PLACEMENT_3D('',#17617,#12649,#12650);
#11226=AXIS2_PLACEMENT_3D('',#17619,#12652,#12653);
#11227=AXIS2_PLACEMENT_3D('',#17632,#12657,#12658);
#11228=AXIS2_PLACEMENT_3D('',#17635,#12660,#12661);
#11229=AXIS2_PLACEMENT_3D('',#17636,#12662,#12663);
#11230=AXIS2_PLACEMENT_3D('',#17640,#12665,#12666);
#11231=AXIS2_PLACEMENT_3D('',#17644,#12668,#12669);
#11232=AXIS2_PLACEMENT_3D('',#17650,#12672,#12673);
#11233=AXIS2_PLACEMENT_3D('',#17659,#12678,#12679);
#11234=AXIS2_PLACEMENT_3D('',#17665,#12682,#12683);
#11235=AXIS2_PLACEMENT_3D('',#17669,#12685,#12686);
#11236=AXIS2_PLACEMENT_3D('',#17673,#12688,#12689);
#11237=AXIS2_PLACEMENT_3D('',#17677,#12691,#12692);
#11238=AXIS2_PLACEMENT_3D('',#17683,#12695,#12696);
#11239=AXIS2_PLACEMENT_3D('',#17687,#12698,#12699);
#11240=AXIS2_PLACEMENT_3D('',#17693,#12702,#12703);
#11241=AXIS2_PLACEMENT_3D('',#17697,#12705,#12706);
#11242=AXIS2_PLACEMENT_3D('',#17699,#12708,#12709);
#11243=AXIS2_PLACEMENT_3D('',#17707,#12713,#12714);
#11244=AXIS2_PLACEMENT_3D('',#17711,#12716,#12717);
#11245=AXIS2_PLACEMENT_3D('',#17714,#12720,#12721);
#11246=AXIS2_PLACEMENT_3D('',#17720,#12725,#12726);
#11247=AXIS2_PLACEMENT_3D('',#17728,#12731,#12732);
#11248=AXIS2_PLACEMENT_3D('',#17741,#12740,#12741);
#11249=AXIS2_PLACEMENT_3D('',#17747,#12745,#12746);
#11250=AXIS2_PLACEMENT_3D('',#17752,#12748,#12749);
#11251=AXIS2_PLACEMENT_3D('',#17758,#12752,#12753);
#11252=AXIS2_PLACEMENT_3D('',#17762,#12755,#12756);
#11253=AXIS2_PLACEMENT_3D('',#17768,#12759,#12760);
#11254=AXIS2_PLACEMENT_3D('',#17773,#12764,#12765);
#11255=AXIS2_PLACEMENT_3D('',#17780,#12770,#12771);
#11256=AXIS2_PLACEMENT_3D('',#17782,#12773,#12774);
#11257=AXIS2_PLACEMENT_3D('',#17784,#12776,#12777);
#11258=AXIS2_PLACEMENT_3D('',#17788,#12780,#12781);
#11259=AXIS2_PLACEMENT_3D('',#17789,#12782,#12783);
#11260=AXIS2_PLACEMENT_3D('',#17790,#12784,#12785);
#11261=AXIS2_PLACEMENT_3D('',#17792,#12787,#12788);
#11262=AXIS2_PLACEMENT_3D('',#17794,#12790,#12791);
#11263=AXIS2_PLACEMENT_3D('',#17797,#12793,#12794);
#11264=AXIS2_PLACEMENT_3D('',#17798,#12795,#12796);
#11265=AXIS2_PLACEMENT_3D('',#17800,#12798,#12799);
#11266=AXIS2_PLACEMENT_3D('',#17802,#12801,#12802);
#11267=AXIS2_PLACEMENT_3D('',#17804,#12804,#12805);
#11268=AXIS2_PLACEMENT_3D('',#17806,#12807,#12808);
#11269=AXIS2_PLACEMENT_3D('',#17812,#12812,#12813);
#11270=AXIS2_PLACEMENT_3D('',#17814,#12815,#12816);
#11271=AXIS2_PLACEMENT_3D('',#17816,#12818,#12819);
#11272=AXIS2_PLACEMENT_3D('',#17818,#12821,#12822);
#11273=AXIS2_PLACEMENT_3D('',#17826,#12826,#12827);
#11274=AXIS2_PLACEMENT_3D('',#17830,#12829,#12830);
#11275=AXIS2_PLACEMENT_3D('',#17842,#12836,#12837);
#11276=AXIS2_PLACEMENT_3D('',#17846,#12839,#12840);
#11277=AXIS2_PLACEMENT_3D('',#17916,#12876,#12877);
#11278=AXIS2_PLACEMENT_3D('',#17922,#12881,#12882);
#11279=AXIS2_PLACEMENT_3D('',#17928,#12886,#12887);
#11280=AXIS2_PLACEMENT_3D('',#17930,#12888,#12889);
#11281=AXIS2_PLACEMENT_3D('',#17932,#12891,#12892);
#11282=AXIS2_PLACEMENT_3D('',#17940,#12896,#12897);
#11283=AXIS2_PLACEMENT_3D('',#17944,#12899,#12900);
#11284=AXIS2_PLACEMENT_3D('',#17947,#12902,#12903);
#11285=AXIS2_PLACEMENT_3D('',#17948,#12904,#12905);
#11286=AXIS2_PLACEMENT_3D('',#17954,#12908,#12909);
#11287=AXIS2_PLACEMENT_3D('',#17958,#12911,#12912);
#11288=AXIS2_PLACEMENT_3D('',#17962,#12914,#12915);
#11289=AXIS2_PLACEMENT_3D('',#17965,#12917,#12918);
#11290=AXIS2_PLACEMENT_3D('',#17966,#12919,#12920);
#11291=AXIS2_PLACEMENT_3D('',#17970,#12924,#12925);
#11292=AXIS2_PLACEMENT_3D('',#17972,#12927,#12928);
#11293=AXIS2_PLACEMENT_3D('',#17974,#12930,#12931);
#11294=AXIS2_PLACEMENT_3D('',#17977,#12932,#12933);
#11295=AXIS2_PLACEMENT_3D('',#17983,#12936,#12937);
#11296=AXIS2_PLACEMENT_3D('',#17995,#12943,#12944);
#11297=AXIS2_PLACEMENT_3D('',#18001,#12947,#12948);
#11298=AXIS2_PLACEMENT_3D('',#18003,#12949,#12950);
#11299=AXIS2_PLACEMENT_3D('',#18007,#12952,#12953);
#11300=AXIS2_PLACEMENT_3D('',#18009,#12954,#12955);
#11301=AXIS2_PLACEMENT_3D('',#18014,#12958,#12959);
#11302=AXIS2_PLACEMENT_3D('',#18016,#12960,#12961);
#11303=AXIS2_PLACEMENT_3D('',#18019,#12963,#12964);
#11304=AXIS2_PLACEMENT_3D('',#18020,#12965,#12966);
#11305=AXIS2_PLACEMENT_3D('',#18024,#12968,#12969);
#11306=AXIS2_PLACEMENT_3D('',#18028,#12971,#12972);
#11307=AXIS2_PLACEMENT_3D('',#18030,#12974,#12975);
#11308=AXIS2_PLACEMENT_3D('',#18047,#12977,#12978);
#11309=AXIS2_PLACEMENT_3D('',#18051,#12980,#12981);
#11310=AXIS2_PLACEMENT_3D('',#18053,#12983,#12984);
#11311=AXIS2_PLACEMENT_3D('',#18055,#12985,#12986);
#11312=AXIS2_PLACEMENT_3D('',#18056,#12987,#12988);
#11313=AXIS2_PLACEMENT_3D('',#18062,#12991,#12992);
#11314=AXIS2_PLACEMENT_3D('',#18075,#12994,#12995);
#11315=AXIS2_PLACEMENT_3D('',#18079,#12998,#12999);
#11316=AXIS2_PLACEMENT_3D('',#18083,#13002,#13003);
#11317=AXIS2_PLACEMENT_3D('',#18087,#13005,#13006);
#11318=AXIS2_PLACEMENT_3D('',#18092,#13009,#13010);
#11319=AXIS2_PLACEMENT_3D('',#18094,#13011,#13012);
#11320=AXIS2_PLACEMENT_3D('',#18102,#13016,#13017);
#11321=AXIS2_PLACEMENT_3D('',#18104,#13018,#13019);
#11322=AXIS2_PLACEMENT_3D('',#18110,#13022,#13023);
#11323=AXIS2_PLACEMENT_3D('',#18118,#13027,#13028);
#11324=AXIS2_PLACEMENT_3D('',#18125,#13033,#13034);
#11325=AXIS2_PLACEMENT_3D('',#18127,#13035,#13036);
#11326=AXIS2_PLACEMENT_3D('',#18142,#13037,#13038);
#11327=AXIS2_PLACEMENT_3D('',#18148,#13042,#13043);
#11328=AXIS2_PLACEMENT_3D('',#18149,#13044,#13045);
#11329=AXIS2_PLACEMENT_3D('',#18154,#13048,#13049);
#11330=AXIS2_PLACEMENT_3D('',#18156,#13051,#13052);
#11331=AXIS2_PLACEMENT_3D('',#18161,#13054,#13055);
#11332=AXIS2_PLACEMENT_3D('',#18165,#13058,#13059);
#11333=AXIS2_PLACEMENT_3D('',#18176,#13060,#13061);
#11334=AXIS2_PLACEMENT_3D('',#18183,#13066,#13067);
#11335=AXIS2_PLACEMENT_3D('',#18184,#13068,#13069);
#11336=AXIS2_PLACEMENT_3D('',#18185,#13070,#13071);
#11337=AXIS2_PLACEMENT_3D('',#18187,#13072,#13073);
#11338=AXIS2_PLACEMENT_3D('',#18189,#13075,#13076);
#11339=AXIS2_PLACEMENT_3D('',#18190,#13077,#13078);
#11340=AXIS2_PLACEMENT_3D('',#18194,#13080,#13081);
#11341=AXIS2_PLACEMENT_3D('',#18207,#13083,#13084);
#11342=AXIS2_PLACEMENT_3D('',#18209,#13086,#13087);
#11343=AXIS2_PLACEMENT_3D('',#18215,#13091,#13092);
#11344=AXIS2_PLACEMENT_3D('',#18216,#13093,#13094);
#11345=AXIS2_PLACEMENT_3D('',#18217,#13095,#13096);
#11346=AXIS2_PLACEMENT_3D('',#18218,#13097,#13098);
#11347=AXIS2_PLACEMENT_3D('',#18219,#13099,#13100);
#11348=AXIS2_PLACEMENT_3D('',#18220,#13101,#13102);
#11349=AXIS2_PLACEMENT_3D('',#18221,#13103,#13104);
#11350=AXIS2_PLACEMENT_3D('',#18222,#13105,#13106);
#11351=AXIS2_PLACEMENT_3D('',#18223,#13107,#13108);
#11352=AXIS2_PLACEMENT_3D('',#18224,#13109,#13110);
#11353=AXIS2_PLACEMENT_3D('',#18225,#13111,#13112);
#11354=AXIS2_PLACEMENT_3D('',#18227,#13114,#13115);
#11355=AXIS2_PLACEMENT_3D('',#18228,#13116,#13117);
#11356=AXIS2_PLACEMENT_3D('',#18229,#13118,#13119);
#11357=AXIS2_PLACEMENT_3D('',#18231,#13121,#13122);
#11358=AXIS2_PLACEMENT_3D('',#18232,#13123,#13124);
#11359=AXIS2_PLACEMENT_3D('',#18234,#13126,#13127);
#11360=AXIS2_PLACEMENT_3D('',#18236,#13129,#13130);
#11361=AXIS2_PLACEMENT_3D('',#18239,#13133,#13134);
#11362=AXIS2_PLACEMENT_3D('',#18241,#13136,#13137);
#11363=AXIS2_PLACEMENT_3D('',#18243,#13139,#13140);
#11364=AXIS2_PLACEMENT_3D('',#18244,#13141,#13142);
#11365=AXIS2_PLACEMENT_3D('',#18250,#13146,#13147);
#11366=AXIS2_PLACEMENT_3D('',#18252,#13148,#13149);
#11367=AXIS2_PLACEMENT_3D('',#18254,#13151,#13152);
#11368=AXIS2_PLACEMENT_3D('',#18258,#13155,#13156);
#11369=AXIS2_PLACEMENT_3D('',#18259,#13157,#13158);
#11370=AXIS2_PLACEMENT_3D('',#18260,#13159,#13160);
#11371=AXIS2_PLACEMENT_3D('',#18261,#13161,#13162);
#11372=AXIS2_PLACEMENT_3D('',#18262,#13163,#13164);
#11373=AXIS2_PLACEMENT_3D('',#18263,#13165,#13166);
#11374=AXIS2_PLACEMENT_3D('',#18265,#13167,#13168);
#11375=AXIS2_PLACEMENT_3D('',#18278,#13170,#13171);
#11376=AXIS2_PLACEMENT_3D('',#18282,#13173,#13174);
#11377=AXIS2_PLACEMENT_3D('',#18285,#13177,#13178);
#11378=AXIS2_PLACEMENT_3D('',#18286,#13179,#13180);
#11379=AXIS2_PLACEMENT_3D('',#18292,#13184,#13185);
#11380=AXIS2_PLACEMENT_3D('',#18293,#13186,#13187);
#11381=AXIS2_PLACEMENT_3D('',#18294,#13188,#13189);
#11382=AXIS2_PLACEMENT_3D('',#18295,#13190,#13191);
#11383=AXIS2_PLACEMENT_3D('',#18296,#13192,#13193);
#11384=AXIS2_PLACEMENT_3D('',#18297,#13194,#13195);
#11385=AXIS2_PLACEMENT_3D('',#18298,#13196,#13197);
#11386=AXIS2_PLACEMENT_3D('',#18299,#13198,#13199);
#11387=AXIS2_PLACEMENT_3D('',#18301,#13201,#13202);
#11388=AXIS2_PLACEMENT_3D('',#18307,#13206,#13207);
#11389=AXIS2_PLACEMENT_3D('',#18308,#13208,#13209);
#11390=AXIS2_PLACEMENT_3D('',#18309,#13210,#13211);
#11391=AXIS2_PLACEMENT_3D('',#18310,#13212,#13213);
#11392=AXIS2_PLACEMENT_3D('',#18311,#13214,#13215);
#11393=AXIS2_PLACEMENT_3D('',#18312,#13216,#13217);
#11394=AXIS2_PLACEMENT_3D('',#18315,#13220,#13221);
#11395=AXIS2_PLACEMENT_3D('',#18317,#13223,#13224);
#11396=AXIS2_PLACEMENT_3D('',#18319,#13226,#13227);
#11397=AXIS2_PLACEMENT_3D('',#18323,#13231,#13232);
#11398=AXIS2_PLACEMENT_3D('',#18324,#13233,#13234);
#11399=AXIS2_PLACEMENT_3D('',#18325,#13235,#13236);
#11400=AXIS2_PLACEMENT_3D('',#18327,#13238,#13239);
#11401=AXIS2_PLACEMENT_3D('',#18329,#13241,#13242);
#11402=AXIS2_PLACEMENT_3D('',#18330,#13243,#13244);
#11403=AXIS2_PLACEMENT_3D('',#18332,#13246,#13247);
#11404=AXIS2_PLACEMENT_3D('',#18334,#13249,#13250);
#11405=AXIS2_PLACEMENT_3D('',#18340,#13254,#13255);
#11406=AXIS2_PLACEMENT_3D('',#18342,#13256,#13257);
#11407=AXIS2_PLACEMENT_3D('',#18344,#13259,#13260);
#11408=AXIS2_PLACEMENT_3D('',#18348,#13262,#13263);
#11409=AXIS2_PLACEMENT_3D('',#18352,#13266,#13267);
#11410=AXIS2_PLACEMENT_3D('',#18418,#13301,#13302);
#11411=AXIS2_PLACEMENT_3D('',#18421,#13305,#13306);
#11412=AXIS2_PLACEMENT_3D('',#18423,#13308,#13309);
#11413=AXIS2_PLACEMENT_3D('',#18424,#13310,#13311);
#11414=AXIS2_PLACEMENT_3D('',#18425,#13312,#13313);
#11415=AXIS2_PLACEMENT_3D('',#18428,#13316,#13317);
#11416=AXIS2_PLACEMENT_3D('',#18430,#13319,#13320);
#11417=AXIS2_PLACEMENT_3D('',#18432,#13322,#13323);
#11418=AXIS2_PLACEMENT_3D('',#18433,#13324,#13325);
#11419=AXIS2_PLACEMENT_3D('',#18436,#13328,#13329);
#11420=AXIS2_PLACEMENT_3D('',#18438,#13331,#13332);
#11421=AXIS2_PLACEMENT_3D('',#18440,#13334,#13335);
#11422=AXIS2_PLACEMENT_3D('',#18441,#13336,#13337);
#11423=AXIS2_PLACEMENT_3D('',#18444,#13340,#13341);
#11424=AXIS2_PLACEMENT_3D('',#18446,#13343,#13344);
#11425=AXIS2_PLACEMENT_3D('',#18448,#13346,#13347);
#11426=AXIS2_PLACEMENT_3D('',#18449,#13348,#13349);
#11427=AXIS2_PLACEMENT_3D('',#18452,#13352,#13353);
#11428=AXIS2_PLACEMENT_3D('',#18454,#13355,#13356);
#11429=AXIS2_PLACEMENT_3D('',#18456,#13358,#13359);
#11430=AXIS2_PLACEMENT_3D('',#18457,#13360,#13361);
#11431=AXIS2_PLACEMENT_3D('',#18460,#13364,#13365);
#11432=AXIS2_PLACEMENT_3D('',#18462,#13367,#13368);
#11433=AXIS2_PLACEMENT_3D('',#18464,#13370,#13371);
#11434=AXIS2_PLACEMENT_3D('',#18465,#13372,#13373);
#11435=AXIS2_PLACEMENT_3D('',#18468,#13376,#13377);
#11436=AXIS2_PLACEMENT_3D('',#18470,#13379,#13380);
#11437=AXIS2_PLACEMENT_3D('',#18472,#13382,#13383);
#11438=AXIS2_PLACEMENT_3D('',#18473,#13384,#13385);
#11439=AXIS2_PLACEMENT_3D('',#18476,#13388,#13389);
#11440=AXIS2_PLACEMENT_3D('',#18478,#13391,#13392);
#11441=AXIS2_PLACEMENT_3D('',#18480,#13394,#13395);
#11442=AXIS2_PLACEMENT_3D('',#18481,#13396,#13397);
#11443=AXIS2_PLACEMENT_3D('',#18484,#13400,#13401);
#11444=AXIS2_PLACEMENT_3D('',#18486,#13403,#13404);
#11445=AXIS2_PLACEMENT_3D('',#18488,#13406,#13407);
#11446=AXIS2_PLACEMENT_3D('',#18489,#13408,#13409);
#11447=AXIS2_PLACEMENT_3D('',#18491,#13411,#13412);
#11448=AXIS2_PLACEMENT_3D('',#18493,#13414,#13415);
#11449=AXIS2_PLACEMENT_3D('',#18494,#13416,#13417);
#11450=AXIS2_PLACEMENT_3D('',#18496,#13419,#13420);
#11451=AXIS2_PLACEMENT_3D('',#18498,#13422,#13423);
#11452=AXIS2_PLACEMENT_3D('',#18499,#13424,#13425);
#11453=AXIS2_PLACEMENT_3D('',#18505,#13429,#13430);
#11454=AXIS2_PLACEMENT_3D('',#18509,#13433,#13434);
#11455=AXIS2_PLACEMENT_3D('',#18513,#13437,#13438);
#11456=AXIS2_PLACEMENT_3D('',#18515,#13440,#13441);
#11457=AXIS2_PLACEMENT_3D('',#18590,#13468,#13469);
#11458=AXIS2_PLACEMENT_3D('',#18597,#13473,#13474);
#11459=AXIS2_PLACEMENT_3D('',#18604,#13477,#13478);
#11460=AXIS2_PLACEMENT_3D('',#18606,#13480,#13481);
#11461=AXIS2_PLACEMENT_3D('',#18612,#13485,#13486);
#11462=AXIS2_PLACEMENT_3D('',#18616,#13489,#13490);
#11463=AXIS2_PLACEMENT_3D('',#18620,#13493,#13494);
#11464=AXIS2_PLACEMENT_3D('',#18624,#13497,#13498);
#11465=AXIS2_PLACEMENT_3D('',#18628,#13501,#13502);
#11466=AXIS2_PLACEMENT_3D('',#18632,#13505,#13506);
#11467=AXIS2_PLACEMENT_3D('',#18636,#13509,#13510);
#11468=AXIS2_PLACEMENT_3D('',#18638,#13512,#13513);
#11469=AXIS2_PLACEMENT_3D('',#18645,#13517,#13518);
#11470=AXIS2_PLACEMENT_3D('',#18672,#13532,#13533);
#11471=AXIS2_PLACEMENT_3D('',#18711,#13541,#13542);
#11472=AXIS2_PLACEMENT_3D('',#18713,#13544,#13545);
#11473=AXIS2_PLACEMENT_3D('',#18716,#13548,#13549);
#11474=AXIS2_PLACEMENT_3D('',#18718,#13551,#13552);
#11475=AXIS2_PLACEMENT_3D('',#18719,#13553,#13554);
#11476=AXIS2_PLACEMENT_3D('',#18722,#13557,#13558);
#11477=AXIS2_PLACEMENT_3D('',#18724,#13560,#13561);
#11478=AXIS2_PLACEMENT_3D('',#18726,#13563,#13564);
#11479=AXIS2_PLACEMENT_3D('',#18728,#13566,#13567);
#11480=AXIS2_PLACEMENT_3D('',#18730,#13569,#13570);
#11481=AXIS2_PLACEMENT_3D('',#18732,#13572,#13573);
#11482=AXIS2_PLACEMENT_3D('',#18734,#13575,#13576);
#11483=AXIS2_PLACEMENT_3D('',#18736,#13578,#13579);
#11484=AXIS2_PLACEMENT_3D('',#18738,#13581,#13582);
#11485=AXIS2_PLACEMENT_3D('',#18740,#13584,#13585);
#11486=AXIS2_PLACEMENT_3D('',#18742,#13587,#13588);
#11487=AXIS2_PLACEMENT_3D('',#18744,#13590,#13591);
#11488=AXIS2_PLACEMENT_3D('',#18745,#13592,#13593);
#11489=AXIS2_PLACEMENT_3D('',#18748,#13596,#13597);
#11490=AXIS2_PLACEMENT_3D('',#18750,#13599,#13600);
#11491=AXIS2_PLACEMENT_3D('',#18778,#13604,#13605);
#11492=AXIS2_PLACEMENT_3D('',#18780,#13607,#13608);
#11493=AXIS2_PLACEMENT_3D('',#18781,#13609,#13610);
#11494=AXIS2_PLACEMENT_3D('',#18784,#13613,#13614);
#11495=AXIS2_PLACEMENT_3D('',#18786,#13616,#13617);
#11496=AXIS2_PLACEMENT_3D('',#18788,#13619,#13620);
#11497=AXIS2_PLACEMENT_3D('placement',#18789,#13621,#13622);
#11498=AXIS2_PLACEMENT_3D('',#18790,#13623,#13624);
#11499=AXIS2_PLACEMENT_3D('',#18799,#13629,#13630);
#11500=AXIS2_PLACEMENT_3D('',#18805,#13634,#13635);
#11501=AXIS2_PLACEMENT_3D('',#18811,#13639,#13640);
#11502=AXIS2_PLACEMENT_3D('',#18814,#13643,#13644);
#11503=AXIS2_PLACEMENT_3D('',#18815,#13645,#13646);
#11504=AXIS2_PLACEMENT_3D('',#18816,#13647,#13648);
#11505=AXIS2_PLACEMENT_3D('',#18817,#13649,#13650);
#11506=AXIS2_PLACEMENT_3D('',#18818,#13651,#13652);
#11507=AXIS2_PLACEMENT_3D('',#18819,#13653,#13654);
#11508=AXIS2_PLACEMENT_3D('',#18820,#13655,#13656);
#11509=AXIS2_PLACEMENT_3D('',#18821,#13657,#13658);
#11510=AXIS2_PLACEMENT_3D('',#18822,#13659,#13660);
#11511=AXIS2_PLACEMENT_3D('',#18823,#13661,#13662);
#11512=AXIS2_PLACEMENT_3D('',#18824,#13663,#13664);
#11513=DIRECTION('axis',(0.,0.,1.));
#11514=DIRECTION('refdir',(1.,0.,0.));
#11515=DIRECTION('axis',(0.,0.,1.));
#11516=DIRECTION('refdir',(1.,0.,0.));
#11517=DIRECTION('center_axis',(0.,0.652472978799314,0.757811989834385));
#11518=DIRECTION('ref_axis',(0.,0.757811989834385,-0.652472978799314));
#11519=DIRECTION('',(0.,-0.757811989834385,0.652472978799314));
#11520=DIRECTION('',(-1.,0.,0.));
#11521=DIRECTION('',(0.,-0.757811989834385,0.652472978799314));
#11522=DIRECTION('',(-1.,0.,0.));
#11523=DIRECTION('center_axis',(0.,-1.,0.));
#11524=DIRECTION('ref_axis',(0.,0.,1.));
#11525=DIRECTION('',(0.,0.,-1.));
#11526=DIRECTION('',(0.,0.,-1.));
#11527=DIRECTION('',(-1.,0.,0.));
#11528=DIRECTION('center_axis',(0.,0.,-1.));
#11529=DIRECTION('ref_axis',(0.,-1.,0.));
#11530=DIRECTION('',(0.,1.,0.));
#11531=DIRECTION('',(0.,1.,0.));
#11532=DIRECTION('center_axis',(0.,0.,-1.));
#11533=DIRECTION('ref_axis',(0.,-1.,0.));
#11534=DIRECTION('',(0.,-1.,0.));
#11535=DIRECTION('',(-1.,0.,0.));
#11536=DIRECTION('',(0.,-1.,0.));
#11537=DIRECTION('',(-1.,0.,0.));
#11538=DIRECTION('center_axis',(0.,1.,0.));
#11539=DIRECTION('ref_axis',(0.,0.,-1.));
#11540=DIRECTION('',(0.,0.,-1.));
#11541=DIRECTION('',(-1.,0.,0.));
#11542=DIRECTION('',(0.,0.,-1.));
#11543=DIRECTION('center_axis',(0.,0.,-1.));
#11544=DIRECTION('ref_axis',(0.,-1.,0.));
#11545=DIRECTION('',(0.,-1.,0.));
#11546=DIRECTION('',(-1.,0.,0.));
#11547=DIRECTION('',(0.,-1.,0.));
#11548=DIRECTION('center_axis',(0.,1.,0.));
#11549=DIRECTION('ref_axis',(0.,0.,-1.));
#11550=DIRECTION('',(0.,0.,-1.));
#11551=DIRECTION('',(-1.,0.,0.));
#11552=DIRECTION('',(0.,0.,-1.));
#11553=DIRECTION('center_axis',(0.,0.655472859888768,0.755218729871843));
#11554=DIRECTION('ref_axis',(0.,0.755218729871843,-0.655472859888768));
#11555=DIRECTION('',(0.,0.755218729871843,-0.655472859888768));
#11556=DIRECTION('',(-1.,0.,0.));
#11557=DIRECTION('',(0.,0.755218729871843,-0.655472859888768));
#11558=DIRECTION('center_axis',(0.,0.,1.));
#11559=DIRECTION('ref_axis',(0.,1.,0.));
#11560=DIRECTION('',(0.,1.,0.));
#11561=DIRECTION('',(-1.,0.,0.));
#11562=DIRECTION('',(0.,1.,0.));
#11563=DIRECTION('center_axis',(0.,-1.,0.));
#11564=DIRECTION('ref_axis',(0.,0.,1.));
#11565=DIRECTION('',(0.,0.,1.));
#11566=DIRECTION('',(-1.,0.,0.));
#11567=DIRECTION('',(0.,0.,1.));
#11568=DIRECTION('center_axis',(0.,0.,1.));
#11569=DIRECTION('ref_axis',(0.,1.,0.));
#11570=DIRECTION('',(0.,1.,0.));
#11571=DIRECTION('',(-1.,0.,0.));
#11572=DIRECTION('',(0.,1.,0.));
#11573=DIRECTION('center_axis',(0.,-1.,0.));
#11574=DIRECTION('ref_axis',(0.,0.,1.));
#11575=DIRECTION('',(0.,0.,1.));
#11576=DIRECTION('',(-1.,0.,0.));
#11577=DIRECTION('',(0.,0.,1.));
#11578=DIRECTION('center_axis',(0.,0.,-1.));
#11579=DIRECTION('ref_axis',(0.,-1.,0.));
#11580=DIRECTION('',(0.,-1.,0.));
#11581=DIRECTION('',(-1.,0.,0.));
#11582=DIRECTION('',(0.,-1.,0.));
#11583=DIRECTION('center_axis',(0.,-1.,0.));
#11584=DIRECTION('ref_axis',(0.,0.,1.));
#11585=DIRECTION('',(0.,0.,1.));
#11586=DIRECTION('',(0.,0.,1.));
#11587=DIRECTION('center_axis',(-1.,0.,0.));
#11588=DIRECTION('ref_axis',(0.,0.,1.));
#11589=DIRECTION('center_axis',(0.,0.,-1.));
#11590=DIRECTION('ref_axis',(0.,-1.,0.));
#11591=DIRECTION('',(0.,-1.,0.));
#11592=DIRECTION('',(-1.,0.,0.));
#11593=DIRECTION('',(0.,-1.,0.));
#11594=DIRECTION('',(-1.,0.,0.));
#11595=DIRECTION('center_axis',(0.,1.,0.));
#11596=DIRECTION('ref_axis',(0.,0.,-1.));
#11597=DIRECTION('',(0.,0.,-1.));
#11598=DIRECTION('',(-1.,0.,0.));
#11599=DIRECTION('',(0.,0.,-1.));
#11600=DIRECTION('',(-1.,0.,0.));
#11601=DIRECTION('',(-1.,0.,0.));
#11602=DIRECTION('',(-1.,0.,0.));
#11603=DIRECTION('',(-1.,0.,0.));
#11604=DIRECTION('',(-1.,0.,0.));
#11605=DIRECTION('center_axis',(0.,0.,1.));
#11606=DIRECTION('ref_axis',(0.,1.,0.));
#11607=DIRECTION('',(0.,1.,0.));
#11608=DIRECTION('',(-1.,0.,0.));
#11609=DIRECTION('',(0.,1.,0.));
#11610=DIRECTION('center_axis',(0.,-1.,0.));
#11611=DIRECTION('ref_axis',(0.,0.,1.));
#11612=DIRECTION('',(0.,0.,1.));
#11613=DIRECTION('',(-1.,0.,0.));
#11614=DIRECTION('',(0.,0.,1.));
#11615=DIRECTION('',(-1.,0.,0.));
#11616=DIRECTION('',(-1.,0.,0.));
#11617=DIRECTION('center_axis',(1.,0.,0.));
#11618=DIRECTION('ref_axis',(0.,0.777479833815267,-0.628907869254778));
#11619=DIRECTION('',(-1.,0.,0.));
#11620=DIRECTION('center_axis',(1.,0.,0.));
#11621=DIRECTION('ref_axis',(0.,0.777479833815267,-0.628907869254778));
#11622=DIRECTION('',(-1.,0.,0.));
#11623=DIRECTION('',(-1.,0.,0.));
#11624=DIRECTION('',(-1.,0.,0.));
#11625=DIRECTION('center_axis',(0.,0.,1.));
#11626=DIRECTION('ref_axis',(0.,1.,0.));
#11627=DIRECTION('',(0.,1.,0.));
#11628=DIRECTION('',(-1.,0.,0.));
#11629=DIRECTION('',(0.,1.,0.));
#11630=DIRECTION('center_axis',(0.,-1.,0.));
#11631=DIRECTION('ref_axis',(0.,0.,1.));
#11632=DIRECTION('',(0.,0.,1.));
#11633=DIRECTION('',(0.,0.,1.));
#11634=DIRECTION('center_axis',(1.,0.,0.));
#11635=DIRECTION('ref_axis',(0.,0.,-1.));
#11636=DIRECTION('center_axis',(0.,0.652472978799314,0.757811989834385));
#11637=DIRECTION('ref_axis',(0.,0.757811989834385,-0.652472978799315));
#11638=DIRECTION('',(0.,-0.757811989834385,0.652472978799314));
#11639=DIRECTION('',(-1.,0.,0.));
#11640=DIRECTION('',(0.,-0.757811989834385,0.652472978799314));
#11641=DIRECTION('',(-1.,0.,0.));
#11642=DIRECTION('center_axis',(0.,-1.,0.));
#11643=DIRECTION('ref_axis',(0.,0.,1.));
#11644=DIRECTION('',(0.,0.,-1.));
#11645=DIRECTION('',(0.,0.,-1.));
#11646=DIRECTION('',(-1.,0.,0.));
#11647=DIRECTION('center_axis',(0.,0.,-1.));
#11648=DIRECTION('ref_axis',(0.,-1.,0.));
#11649=DIRECTION('',(0.,1.,0.));
#11650=DIRECTION('',(0.,1.,0.));
#11651=DIRECTION('center_axis',(0.,0.,-1.));
#11652=DIRECTION('ref_axis',(0.,-1.,0.));
#11653=DIRECTION('',(0.,-1.,0.));
#11654=DIRECTION('',(-1.,0.,0.));
#11655=DIRECTION('',(0.,-1.,0.));
#11656=DIRECTION('',(-1.,0.,0.));
#11657=DIRECTION('center_axis',(0.,1.,0.));
#11658=DIRECTION('ref_axis',(0.,0.,-1.));
#11659=DIRECTION('',(0.,0.,-1.));
#11660=DIRECTION('',(-1.,0.,0.));
#11661=DIRECTION('',(0.,0.,-1.));
#11662=DIRECTION('center_axis',(0.,0.,-1.));
#11663=DIRECTION('ref_axis',(0.,-1.,0.));
#11664=DIRECTION('',(0.,-1.,0.));
#11665=DIRECTION('',(-1.,0.,0.));
#11666=DIRECTION('',(0.,-1.,0.));
#11667=DIRECTION('center_axis',(0.,1.,0.));
#11668=DIRECTION('ref_axis',(0.,0.,-1.));
#11669=DIRECTION('',(0.,0.,-1.));
#11670=DIRECTION('',(-1.,0.,0.));
#11671=DIRECTION('',(0.,0.,-1.));
#11672=DIRECTION('center_axis',(0.,0.655472859888768,0.755218729871843));
#11673=DIRECTION('ref_axis',(0.,0.755218729871843,-0.655472859888768));
#11674=DIRECTION('',(0.,0.755218729871843,-0.655472859888768));
#11675=DIRECTION('',(-1.,0.,0.));
#11676=DIRECTION('',(0.,0.755218729871843,-0.655472859888768));
#11677=DIRECTION('center_axis',(0.,0.,1.));
#11678=DIRECTION('ref_axis',(0.,1.,0.));
#11679=DIRECTION('',(0.,1.,0.));
#11680=DIRECTION('',(-1.,0.,0.));
#11681=DIRECTION('',(0.,1.,0.));
#11682=DIRECTION('center_axis',(0.,-1.,0.));
#11683=DIRECTION('ref_axis',(0.,0.,1.));
#11684=DIRECTION('',(0.,0.,1.));
#11685=DIRECTION('',(-1.,0.,0.));
#11686=DIRECTION('',(0.,0.,1.));
#11687=DIRECTION('center_axis',(0.,0.,1.));
#11688=DIRECTION('ref_axis',(0.,1.,0.));
#11689=DIRECTION('',(0.,1.,0.));
#11690=DIRECTION('',(-1.,0.,0.));
#11691=DIRECTION('',(0.,1.,0.));
#11692=DIRECTION('center_axis',(0.,-1.,0.));
#11693=DIRECTION('ref_axis',(0.,0.,1.));
#11694=DIRECTION('',(0.,0.,1.));
#11695=DIRECTION('',(-1.,0.,0.));
#11696=DIRECTION('',(0.,0.,1.));
#11697=DIRECTION('center_axis',(0.,0.,-1.));
#11698=DIRECTION('ref_axis',(0.,-1.,0.));
#11699=DIRECTION('',(0.,-1.,0.));
#11700=DIRECTION('',(-1.,0.,0.));
#11701=DIRECTION('',(0.,-1.,0.));
#11702=DIRECTION('center_axis',(0.,-1.,0.));
#11703=DIRECTION('ref_axis',(0.,0.,1.));
#11704=DIRECTION('',(0.,0.,1.));
#11705=DIRECTION('',(0.,0.,1.));
#11706=DIRECTION('center_axis',(-1.,0.,0.));
#11707=DIRECTION('ref_axis',(0.,0.,1.));
#11708=DIRECTION('',(-1.,0.,0.));
#11709=DIRECTION('',(-1.,0.,0.));
#11710=DIRECTION('',(-1.,0.,0.));
#11711=DIRECTION('',(-1.,0.,0.));
#11712=DIRECTION('',(-1.,0.,0.));
#11713=DIRECTION('',(-1.,0.,0.));
#11714=DIRECTION('',(-1.,0.,0.));
#11715=DIRECTION('',(-1.,0.,0.));
#11716=DIRECTION('',(-1.,0.,0.));
#11717=DIRECTION('',(-1.,0.,0.));
#11718=DIRECTION('',(-1.,0.,0.));
#11719=DIRECTION('',(-1.,0.,0.));
#11720=DIRECTION('center_axis',(1.,0.,0.));
#11721=DIRECTION('ref_axis',(0.,0.,-1.));
#11722=DIRECTION('',(-1.,0.,0.));
#11723=DIRECTION('',(-1.,0.,0.));
#11724=DIRECTION('',(-1.,0.,0.));
#11725=DIRECTION('',(-1.,0.,0.));
#11726=DIRECTION('center_axis',(0.,0.,-1.));
#11727=DIRECTION('ref_axis',(0.,-1.,0.));
#11728=DIRECTION('',(0.,-1.,0.));
#11729=DIRECTION('',(-1.,0.,0.));
#11730=DIRECTION('',(0.,-1.,0.));
#11731=DIRECTION('center_axis',(0.,-1.,0.));
#11732=DIRECTION('ref_axis',(0.,0.,1.));
#11733=DIRECTION('',(0.,0.,1.));
#11734=DIRECTION('',(-1.,0.,0.));
#11735=DIRECTION('',(0.,0.,1.));
#11736=DIRECTION('center_axis',(0.,0.,-1.));
#11737=DIRECTION('ref_axis',(0.,-1.,0.));
#11738=DIRECTION('',(0.,-1.,0.));
#11739=DIRECTION('',(-1.,0.,0.));
#11740=DIRECTION('',(0.,-1.,0.));
#11741=DIRECTION('center_axis',(0.,1.,0.));
#11742=DIRECTION('ref_axis',(0.,0.,-1.));
#11743=DIRECTION('',(0.,0.,-1.));
#11744=DIRECTION('',(-1.,0.,0.));
#11745=DIRECTION('',(0.,0.,-1.));
#11746=DIRECTION('center_axis',(0.,0.,1.));
#11747=DIRECTION('ref_axis',(0.,1.,0.));
#11748=DIRECTION('',(0.,1.,0.));
#11749=DIRECTION('',(-1.,0.,0.));
#11750=DIRECTION('',(0.,1.,0.));
#11751=DIRECTION('',(-1.,0.,0.));
#11752=DIRECTION('',(-1.,0.,0.));
#11753=DIRECTION('',(-1.,0.,0.));
#11754=DIRECTION('',(-1.,0.,0.));
#11755=DIRECTION('',(-1.,0.,0.));
#11756=DIRECTION('',(-1.,0.,0.));
#11757=DIRECTION('',(-1.,0.,0.));
#11758=DIRECTION('center_axis',(0.,1.,0.));
#11759=DIRECTION('ref_axis',(0.,0.,-1.));
#11760=DIRECTION('',(0.,0.,-1.));
#11761=DIRECTION('',(-1.,0.,0.));
#11762=DIRECTION('',(0.,0.,-1.));
#11763=DIRECTION('center_axis',(0.,0.,1.));
#11764=DIRECTION('ref_axis',(0.,1.,0.));
#11765=DIRECTION('',(0.,1.,0.));
#11766=DIRECTION('',(-1.,0.,0.));
#11767=DIRECTION('',(0.,1.,0.));
#11768=DIRECTION('',(-1.,0.,0.));
#11769=DIRECTION('',(-1.,0.,0.));
#11770=DIRECTION('center_axis',(1.,0.,0.));
#11771=DIRECTION('ref_axis',(0.,0.,-1.));
#11772=DIRECTION('center_axis',(0.,1.,0.));
#11773=DIRECTION('ref_axis',(0.,0.,-1.));
#11774=DIRECTION('',(0.,0.,-1.));
#11775=DIRECTION('',(-1.,0.,0.));
#11776=DIRECTION('',(0.,0.,-1.));
#11777=DIRECTION('',(-1.,0.,0.));
#11778=DIRECTION('center_axis',(0.,0.344817462679615,0.938669759516728));
#11779=DIRECTION('ref_axis',(0.,0.938669759516728,-0.344817462679615));
#11780=DIRECTION('',(0.,0.938669759516728,-0.344817462679615));
#11781=DIRECTION('',(-1.,0.,0.));
#11782=DIRECTION('',(0.,0.938669759516728,-0.344817462679615));
#11783=DIRECTION('center_axis',(0.,0.346022239842844,-0.938226310403914));
#11784=DIRECTION('ref_axis',(0.,-0.938226310403914,-0.346022239842844));
#11785=DIRECTION('',(0.,-0.938226310403914,-0.346022239842844));
#11786=DIRECTION('',(-1.,0.,0.));
#11787=DIRECTION('',(0.,-0.938226310403914,-0.346022239842844));
#11788=DIRECTION('center_axis',(0.,1.,0.));
#11789=DIRECTION('ref_axis',(0.,0.,-1.));
#11790=DIRECTION('',(0.,0.,-1.));
#11791=DIRECTION('',(-1.,0.,0.));
#11792=DIRECTION('',(0.,0.,-1.));
#11793=DIRECTION('center_axis',(0.,-0.356348122141815,0.934353260734933));
#11794=DIRECTION('ref_axis',(0.,0.934353260734933,0.356348122141815));
#11795=DIRECTION('',(0.,0.934353260734933,0.356348122141814));
#11796=DIRECTION('',(-1.,0.,0.));
#11797=DIRECTION('',(0.,0.934353260734933,0.356348122141814));
#11798=DIRECTION('center_axis',(0.,0.395067921219999,0.918651913198306));
#11799=DIRECTION('ref_axis',(0.,0.918651913198306,-0.395067921219999));
#11800=DIRECTION('',(0.,0.918651913198306,-0.395067921219999));
#11801=DIRECTION('',(-1.,0.,0.));
#11802=DIRECTION('',(0.,0.918651913198306,-0.395067921219999));
#11803=DIRECTION('center_axis',(0.,-1.,0.));
#11804=DIRECTION('ref_axis',(0.,0.,1.));
#11805=DIRECTION('',(0.,0.,1.));
#11806=DIRECTION('',(-1.,0.,0.));
#11807=DIRECTION('',(0.,0.,1.));
#11808=DIRECTION('center_axis',(0.,-0.365811454359164,-0.930688981271205));
#11809=DIRECTION('ref_axis',(0.,-0.930688981271205,0.365811454359164));
#11810=DIRECTION('',(0.,-0.930688981271205,0.365811454359164));
#11811=DIRECTION('',(0.,-0.930688981271205,0.365811454359164));
#11812=DIRECTION('center_axis',(-1.,0.,0.));
#11813=DIRECTION('ref_axis',(0.,0.,1.));
#11814=DIRECTION('center_axis',(0.,0.,-1.));
#11815=DIRECTION('ref_axis',(0.,-1.,0.));
#11816=DIRECTION('',(0.,-1.,0.));
#11817=DIRECTION('',(-1.,0.,0.));
#11818=DIRECTION('',(0.,-1.,0.));
#11819=DIRECTION('',(-1.,0.,0.));
#11820=DIRECTION('center_axis',(0.,1.,0.));
#11821=DIRECTION('ref_axis',(0.,0.,-1.));
#11822=DIRECTION('',(0.,0.,-1.));
#11823=DIRECTION('',(-1.,0.,0.));
#11824=DIRECTION('',(0.,0.,-1.));
#11825=DIRECTION('center_axis',(0.,0.,1.));
#11826=DIRECTION('ref_axis',(0.,1.,0.));
#11827=DIRECTION('',(0.,1.,0.));
#11828=DIRECTION('',(-1.,0.,0.));
#11829=DIRECTION('',(0.,1.,0.));
#11830=DIRECTION('center_axis',(0.,-1.,0.));
#11831=DIRECTION('ref_axis',(0.,0.,1.));
#11832=DIRECTION('',(0.,0.,1.));
#11833=DIRECTION('',(0.,0.,1.));
#11834=DIRECTION('center_axis',(-1.,0.,0.));
#11835=DIRECTION('ref_axis',(0.,0.,1.));
#11836=DIRECTION('center_axis',(0.,1.,0.));
#11837=DIRECTION('ref_axis',(0.,0.,-1.));
#11838=DIRECTION('',(0.,0.,-1.));
#11839=DIRECTION('',(-1.,0.,0.));
#11840=DIRECTION('',(0.,0.,-1.));
#11841=DIRECTION('',(-1.,0.,0.));
#11842=DIRECTION('center_axis',(0.,0.332058807988624,0.943258685640993));
#11843=DIRECTION('ref_axis',(0.,0.943258685640993,-0.332058807988624));
#11844=DIRECTION('',(0.,0.943258685640993,-0.332058807988624));
#11845=DIRECTION('',(-1.,0.,0.));
#11846=DIRECTION('',(0.,0.943258685640993,-0.332058807988624));
#11847=DIRECTION('center_axis',(0.,0.334409845170765,-0.942427745481246));
#11848=DIRECTION('ref_axis',(0.,-0.942427745481246,-0.334409845170765));
#11849=DIRECTION('',(0.,-0.942427745481246,-0.334409845170765));
#11850=DIRECTION('',(-1.,0.,0.));
#11851=DIRECTION('',(0.,-0.942427745481246,-0.334409845170765));
#11852=DIRECTION('center_axis',(0.,1.,0.));
#11853=DIRECTION('ref_axis',(0.,0.,-1.));
#11854=DIRECTION('',(0.,0.,-1.));
#11855=DIRECTION('',(-1.,0.,0.));
#11856=DIRECTION('',(0.,0.,-1.));
#11857=DIRECTION('center_axis',(0.,-0.350014589605434,0.93674424848159));
#11858=DIRECTION('ref_axis',(0.,0.93674424848159,0.350014589605434));
#11859=DIRECTION('',(0.,0.93674424848159,0.350014589605434));
#11860=DIRECTION('',(-1.,0.,0.));
#11861=DIRECTION('',(0.,0.93674424848159,0.350014589605434));
#11862=DIRECTION('center_axis',(0.,-1.,0.));
#11863=DIRECTION('ref_axis',(0.,0.,1.));
#11864=DIRECTION('',(0.,0.,1.));
#11865=DIRECTION('',(-1.,0.,0.));
#11866=DIRECTION('',(0.,0.,1.));
#11867=DIRECTION('center_axis',(0.,-0.352673355335449,-0.935746495818411));
#11868=DIRECTION('ref_axis',(0.,-0.935746495818411,0.352673355335449));
#11869=DIRECTION('',(0.,-0.935746495818411,0.352673355335449));
#11870=DIRECTION('',(0.,-0.935746495818411,0.352673355335449));
#11871=DIRECTION('center_axis',(-1.,0.,0.));
#11872=DIRECTION('ref_axis',(0.,0.,1.));
#11873=DIRECTION('center_axis',(0.,0.,-1.));
#11874=DIRECTION('ref_axis',(0.,-1.,0.));
#11875=DIRECTION('',(0.,-1.,0.));
#11876=DIRECTION('',(-1.,0.,0.));
#11877=DIRECTION('',(0.,-1.,0.));
#11878=DIRECTION('',(-1.,0.,0.));
#11879=DIRECTION('center_axis',(0.,1.,0.));
#11880=DIRECTION('ref_axis',(0.,0.,-1.));
#11881=DIRECTION('',(0.,0.,-1.));
#11882=DIRECTION('',(-1.,0.,0.));
#11883=DIRECTION('',(0.,0.,-1.));
#11884=DIRECTION('center_axis',(0.,0.,1.));
#11885=DIRECTION('ref_axis',(0.,1.,0.));
#11886=DIRECTION('',(0.,1.,0.));
#11887=DIRECTION('',(-1.,0.,0.));
#11888=DIRECTION('',(0.,1.,0.));
#11889=DIRECTION('center_axis',(0.,-1.,0.));
#11890=DIRECTION('ref_axis',(0.,0.,1.));
#11891=DIRECTION('',(0.,0.,1.));
#11892=DIRECTION('',(0.,0.,1.));
#11893=DIRECTION('center_axis',(-1.,0.,0.));
#11894=DIRECTION('ref_axis',(0.,0.,1.));
#11895=DIRECTION('',(-1.,0.,0.));
#11896=DIRECTION('',(-1.,0.,0.));
#11897=DIRECTION('',(-1.,0.,0.));
#11898=DIRECTION('center_axis',(0.,0.,-1.));
#11899=DIRECTION('ref_axis',(0.,-1.,0.));
#11900=DIRECTION('',(0.,-1.,0.));
#11901=DIRECTION('',(-1.,0.,0.));
#11902=DIRECTION('',(0.,-1.,0.));
#11903=DIRECTION('center_axis',(0.,1.,0.));
#11904=DIRECTION('ref_axis',(0.,0.,-1.));
#11905=DIRECTION('',(0.,0.,-1.));
#11906=DIRECTION('',(-1.,0.,0.));
#11907=DIRECTION('',(0.,0.,-1.));
#11908=DIRECTION('',(-1.,0.,0.));
#11909=DIRECTION('',(-1.,0.,0.));
#11910=DIRECTION('',(-1.,0.,0.));
#11911=DIRECTION('',(-1.,0.,0.));
#11912=DIRECTION('',(-1.,0.,0.));
#11913=DIRECTION('center_axis',(0.,-1.,0.));
#11914=DIRECTION('ref_axis',(0.,0.,1.));
#11915=DIRECTION('',(0.,0.,1.));
#11916=DIRECTION('',(-1.,0.,0.));
#11917=DIRECTION('',(0.,0.,1.));
#11918=DIRECTION('center_axis',(0.,0.,-1.));
#11919=DIRECTION('ref_axis',(0.,-1.,0.));
#11920=DIRECTION('',(0.,-1.,0.));
#11921=DIRECTION('',(-1.,0.,0.));
#11922=DIRECTION('',(0.,-1.,0.));
#11923=DIRECTION('',(-1.,0.,0.));
#11924=DIRECTION('',(-1.,0.,0.));
#11925=DIRECTION('',(-1.,0.,0.));
#11926=DIRECTION('',(-1.,0.,0.));
#11927=DIRECTION('center_axis',(1.,0.,0.));
#11928=DIRECTION('ref_axis',(0.,0.,-1.));
#11929=DIRECTION('',(-1.,0.,0.));
#11930=DIRECTION('',(-1.,0.,0.));
#11931=DIRECTION('',(-1.,0.,0.));
#11932=DIRECTION('',(-1.,0.,0.));
#11933=DIRECTION('center_axis',(0.,-1.,0.));
#11934=DIRECTION('ref_axis',(0.,0.,1.));
#11935=DIRECTION('',(0.,0.,-1.));
#11936=DIRECTION('',(0.,0.,-1.));
#11937=DIRECTION('',(-1.,0.,0.));
#11938=DIRECTION('',(-1.,0.,0.));
#11939=DIRECTION('',(-1.,0.,0.));
#11940=DIRECTION('',(-1.,0.,0.));
#11941=DIRECTION('center_axis',(0.,0.,-1.));
#11942=DIRECTION('ref_axis',(0.,-1.,0.));
#11943=DIRECTION('',(0.,-1.,0.));
#11944=DIRECTION('',(-1.,0.,0.));
#11945=DIRECTION('',(0.,-1.,0.));
#11946=DIRECTION('center_axis',(0.,1.,0.));
#11947=DIRECTION('ref_axis',(0.,0.,-1.));
#11948=DIRECTION('',(0.,0.,-1.));
#11949=DIRECTION('',(-1.,0.,0.));
#11950=DIRECTION('',(0.,0.,-1.));
#11951=DIRECTION('',(-1.,0.,0.));
#11952=DIRECTION('',(-1.,0.,0.));
#11953=DIRECTION('',(-1.,0.,0.));
#11954=DIRECTION('center_axis',(0.,-1.,0.));
#11955=DIRECTION('ref_axis',(0.,0.,1.));
#11956=DIRECTION('',(0.,0.,1.));
#11957=DIRECTION('',(-1.,0.,0.));
#11958=DIRECTION('',(0.,0.,1.));
#11959=DIRECTION('center_axis',(0.,0.,-1.));
#11960=DIRECTION('ref_axis',(0.,-1.,0.));
#11961=DIRECTION('',(0.,-1.,0.));
#11962=DIRECTION('',(-1.,0.,0.));
#11963=DIRECTION('',(0.,-1.,0.));
#11964=DIRECTION('',(-1.,0.,0.));
#11965=DIRECTION('',(-1.,0.,0.));
#11966=DIRECTION('',(-1.,0.,0.));
#11967=DIRECTION('center_axis',(1.,0.,0.));
#11968=DIRECTION('ref_axis',(0.,0.,-1.));
#11969=DIRECTION('center_axis',(0.,0.,-1.));
#11970=DIRECTION('ref_axis',(0.,-1.,0.));
#11971=DIRECTION('',(0.,-1.,0.));
#11972=DIRECTION('',(-1.,0.,0.));
#11973=DIRECTION('',(0.,-1.,0.));
#11974=DIRECTION('',(-1.,0.,0.));
#11975=DIRECTION('',(-1.,0.,0.));
#11976=DIRECTION('',(-1.,0.,0.));
#11977=DIRECTION('center_axis',(0.,0.,-1.));
#11978=DIRECTION('ref_axis',(0.,-1.,0.));
#11979=DIRECTION('',(0.,-1.,0.));
#11980=DIRECTION('',(-1.,0.,0.));
#11981=DIRECTION('',(0.,-1.,0.));
#11982=DIRECTION('center_axis',(0.,1.,0.));
#11983=DIRECTION('ref_axis',(0.,0.,-1.));
#11984=DIRECTION('',(0.,0.,-1.));
#11985=DIRECTION('',(-1.,0.,0.));
#11986=DIRECTION('',(0.,0.,-1.));
#11987=DIRECTION('center_axis',(0.,0.,1.));
#11988=DIRECTION('ref_axis',(0.,1.,0.));
#11989=DIRECTION('',(0.,1.,0.));
#11990=DIRECTION('',(-1.,0.,0.));
#11991=DIRECTION('',(0.,1.,0.));
#11992=DIRECTION('center_axis',(0.,-1.,0.));
#11993=DIRECTION('ref_axis',(0.,0.,1.));
#11994=DIRECTION('',(0.,0.,1.));
#11995=DIRECTION('',(-1.,0.,0.));
#11996=DIRECTION('',(0.,0.,1.));
#11997=DIRECTION('center_axis',(0.,0.,-1.));
#11998=DIRECTION('ref_axis',(0.,-1.,0.));
#11999=DIRECTION('',(0.,-1.,0.));
#12000=DIRECTION('',(-1.,0.,0.));
#12001=DIRECTION('',(0.,-1.,0.));
#12002=DIRECTION('',(-1.,0.,0.));
#12003=DIRECTION('',(-1.,0.,0.));
#12004=DIRECTION('',(-1.,0.,0.));
#12005=DIRECTION('center_axis',(0.,0.,1.));
#12006=DIRECTION('ref_axis',(0.,1.,0.));
#12007=DIRECTION('',(0.,1.,0.));
#12008=DIRECTION('',(-1.,0.,0.));
#12009=DIRECTION('',(0.,1.,0.));
#12010=DIRECTION('center_axis',(0.,-1.,0.));
#12011=DIRECTION('ref_axis',(0.,0.,1.));
#12012=DIRECTION('',(0.,0.,1.));
#12013=DIRECTION('',(0.,0.,1.));
#12014=DIRECTION('center_axis',(1.,0.,0.));
#12015=DIRECTION('ref_axis',(0.,0.,-1.));
#12016=DIRECTION('',(-1.,0.,0.));
#12017=DIRECTION('',(-1.,0.,0.));
#12018=DIRECTION('',(-1.,0.,0.));
#12019=DIRECTION('',(-1.,0.,0.));
#12020=DIRECTION('',(-1.,0.,0.));
#12021=DIRECTION('',(-1.,0.,0.));
#12022=DIRECTION('',(-1.,0.,0.));
#12023=DIRECTION('',(-1.,0.,0.));
#12024=DIRECTION('center_axis',(1.,0.,0.));
#12025=DIRECTION('ref_axis',(0.,0.,-1.));
#12026=DIRECTION('center_axis',(0.,-1.,0.));
#12027=DIRECTION('ref_axis',(0.,0.,1.));
#12028=DIRECTION('',(0.,0.,1.));
#12029=DIRECTION('',(-1.,0.,0.));
#12030=DIRECTION('',(0.,0.,1.));
#12031=DIRECTION('',(-1.,0.,0.));
#12032=DIRECTION('center_axis',(0.,-0.323992974871704,-0.94605948662533));
#12033=DIRECTION('ref_axis',(0.,-0.94605948662533,0.323992974871704));
#12034=DIRECTION('',(0.,-0.94605948662533,0.323992974871704));
#12035=DIRECTION('',(-1.,0.,0.));
#12036=DIRECTION('',(0.,-0.94605948662533,0.323992974871704));
#12037=DIRECTION('center_axis',(0.,1.,0.));
#12038=DIRECTION('ref_axis',(0.,0.,-1.));
#12039=DIRECTION('',(0.,0.,-1.));
#12040=DIRECTION('',(-1.,0.,0.));
#12041=DIRECTION('',(0.,0.,-1.));
#12042=DIRECTION('center_axis',(0.,-0.320567626372332,-0.947225631474365));
#12043=DIRECTION('ref_axis',(0.,-0.947225631474365,0.320567626372332));
#12044=DIRECTION('',(0.,-0.947225631474365,0.320567626372332));
#12045=DIRECTION('',(-1.,0.,0.));
#12046=DIRECTION('',(0.,-0.947225631474365,0.320567626372332));
#12047=DIRECTION('center_axis',(0.,-1.,0.));
#12048=DIRECTION('ref_axis',(0.,0.,1.));
#12049=DIRECTION('',(0.,0.,1.));
#12050=DIRECTION('',(-1.,0.,0.));
#12051=DIRECTION('',(0.,0.,1.));
#12052=DIRECTION('center_axis',(0.,-0.323992974871704,-0.94605948662533));
#12053=DIRECTION('ref_axis',(0.,-0.94605948662533,0.323992974871704));
#12054=DIRECTION('',(0.,-0.94605948662533,0.323992974871704));
#12055=DIRECTION('',(-1.,0.,0.));
#12056=DIRECTION('',(0.,-0.94605948662533,0.323992974871704));
#12057=DIRECTION('center_axis',(0.,1.,0.));
#12058=DIRECTION('ref_axis',(0.,0.,-1.));
#12059=DIRECTION('',(0.,0.,-1.));
#12060=DIRECTION('',(-1.,0.,0.));
#12061=DIRECTION('',(0.,0.,-1.));
#12062=DIRECTION('center_axis',(0.,-0.322103579396945,-0.946704433357992));
#12063=DIRECTION('ref_axis',(0.,-0.946704433357992,0.322103579396945));
#12064=DIRECTION('',(0.,-0.946704433357992,0.322103579396945));
#12065=DIRECTION('',(-1.,0.,0.));
#12066=DIRECTION('',(0.,-0.946704433357992,0.322103579396945));
#12067=DIRECTION('center_axis',(0.,-1.,0.));
#12068=DIRECTION('ref_axis',(0.,0.,1.));
#12069=DIRECTION('',(0.,0.,1.));
#12070=DIRECTION('',(-1.,0.,0.));
#12071=DIRECTION('',(0.,0.,1.));
#12072=DIRECTION('center_axis',(0.,-0.318175110226082,-0.948031961081809));
#12073=DIRECTION('ref_axis',(0.,-0.948031961081809,0.318175110226082));
#12074=DIRECTION('',(0.,-0.948031961081809,0.318175110226081));
#12075=DIRECTION('',(-1.,0.,0.));
#12076=DIRECTION('',(0.,-0.948031961081809,0.318175110226081));
#12077=DIRECTION('center_axis',(0.,1.,0.));
#12078=DIRECTION('ref_axis',(0.,0.,-1.));
#12079=DIRECTION('',(0.,0.,-1.));
#12080=DIRECTION('',(-1.,0.,0.));
#12081=DIRECTION('',(0.,0.,-1.));
#12082=DIRECTION('center_axis',(0.,0.321517520909324,0.946903629599297));
#12083=DIRECTION('ref_axis',(0.,0.946903629599297,-0.321517520909324));
#12084=DIRECTION('',(0.,0.946903629599297,-0.321517520909324));
#12085=DIRECTION('',(0.,0.946903629599297,-0.321517520909324));
#12086=DIRECTION('center_axis',(-1.,0.,0.));
#12087=DIRECTION('ref_axis',(0.,0.,1.));
#12088=DIRECTION('center_axis',(0.,-1.,0.));
#12089=DIRECTION('ref_axis',(0.,0.,1.));
#12090=DIRECTION('',(0.,0.,1.));
#12091=DIRECTION('',(-1.,0.,0.));
#12092=DIRECTION('',(0.,0.,1.));
#12093=DIRECTION('',(-1.,0.,0.));
#12094=DIRECTION('center_axis',(0.,-0.321965133115762,-0.946751526567425));
#12095=DIRECTION('ref_axis',(0.,-0.946751526567425,0.321965133115762));
#12096=DIRECTION('',(0.,-0.946751526567425,0.321965133115762));
#12097=DIRECTION('',(-1.,0.,0.));
#12098=DIRECTION('',(0.,-0.946751526567425,0.321965133115762));
#12099=DIRECTION('center_axis',(0.,-1.,0.));
#12100=DIRECTION('ref_axis',(0.,0.,1.));
#12101=DIRECTION('',(0.,0.,1.));
#12102=DIRECTION('',(-1.,0.,0.));
#12103=DIRECTION('',(0.,0.,1.));
#12104=DIRECTION('center_axis',(0.,-0.318175110226082,-0.948031961081809));
#12105=DIRECTION('ref_axis',(0.,-0.948031961081809,0.318175110226082));
#12106=DIRECTION('',(0.,-0.948031961081809,0.318175110226081));
#12107=DIRECTION('',(-1.,0.,0.));
#12108=DIRECTION('',(0.,-0.948031961081809,0.318175110226081));
#12109=DIRECTION('center_axis',(0.,1.,0.));
#12110=DIRECTION('ref_axis',(0.,0.,-1.));
#12111=DIRECTION('',(0.,0.,-1.));
#12112=DIRECTION('',(-1.,0.,0.));
#12113=DIRECTION('',(0.,0.,-1.));
#12114=DIRECTION('center_axis',(0.,0.318175110226098,0.948031961081804));
#12115=DIRECTION('ref_axis',(0.,0.948031961081804,-0.318175110226098));
#12116=DIRECTION('',(0.,0.948031961081804,-0.318175110226097));
#12117=DIRECTION('',(-1.,0.,0.));
#12118=DIRECTION('',(0.,0.948031961081804,-0.318175110226097));
#12119=DIRECTION('center_axis',(0.,-1.,0.));
#12120=DIRECTION('ref_axis',(0.,0.,1.));
#12121=DIRECTION('',(0.,0.,1.));
#12122=DIRECTION('',(-1.,0.,0.));
#12123=DIRECTION('',(0.,0.,1.));
#12124=DIRECTION('center_axis',(0.,0.321965133115762,0.946751526567425));
#12125=DIRECTION('ref_axis',(0.,0.946751526567425,-0.321965133115762));
#12126=DIRECTION('',(0.,0.946751526567425,-0.321965133115762));
#12127=DIRECTION('',(0.,0.946751526567425,-0.321965133115762));
#12128=DIRECTION('center_axis',(-1.,0.,0.));
#12129=DIRECTION('ref_axis',(0.,0.,1.));
#12130=DIRECTION('',(-1.,0.,0.));
#12131=DIRECTION('',(-1.,0.,0.));
#12132=DIRECTION('',(-1.,0.,0.));
#12133=DIRECTION('center_axis',(0.,0.,-1.));
#12134=DIRECTION('ref_axis',(0.,-1.,0.));
#12135=DIRECTION('',(0.,-1.,0.));
#12136=DIRECTION('',(-1.,0.,0.));
#12137=DIRECTION('',(0.,-1.,0.));
#12138=DIRECTION('center_axis',(0.,1.,0.));
#12139=DIRECTION('ref_axis',(0.,0.,-1.));
#12140=DIRECTION('',(0.,0.,-1.));
#12141=DIRECTION('',(-1.,0.,0.));
#12142=DIRECTION('',(0.,0.,-1.));
#12143=DIRECTION('',(-1.,0.,0.));
#12144=DIRECTION('',(-1.,0.,0.));
#12145=DIRECTION('',(-1.,0.,0.));
#12146=DIRECTION('',(-1.,0.,0.));
#12147=DIRECTION('',(-1.,0.,0.));
#12148=DIRECTION('',(-1.,0.,0.));
#12149=DIRECTION('',(-1.,0.,0.));
#12150=DIRECTION('',(-1.,0.,0.));
#12151=DIRECTION('center_axis',(0.,-1.,0.));
#12152=DIRECTION('ref_axis',(0.,0.,1.));
#12153=DIRECTION('',(0.,0.,1.));
#12154=DIRECTION('',(-1.,0.,0.));
#12155=DIRECTION('',(0.,0.,1.));
#12156=DIRECTION('center_axis',(0.,0.,-1.));
#12157=DIRECTION('ref_axis',(0.,-1.,0.));
#12158=DIRECTION('',(0.,-1.,0.));
#12159=DIRECTION('',(-1.,0.,0.));
#12160=DIRECTION('',(0.,-1.,0.));
#12161=DIRECTION('',(-1.,0.,0.));
#12162=DIRECTION('',(-1.,0.,0.));
#12163=DIRECTION('',(-1.,0.,0.));
#12164=DIRECTION('',(-1.,0.,0.));
#12165=DIRECTION('',(-1.,0.,0.));
#12166=DIRECTION('center_axis',(1.,0.,0.));
#12167=DIRECTION('ref_axis',(0.,0.,-1.));
#12168=DIRECTION('center_axis',(0.,0.,-1.));
#12169=DIRECTION('ref_axis',(0.,-1.,0.));
#12170=DIRECTION('',(0.,-1.,0.));
#12171=DIRECTION('',(-1.,0.,0.));
#12172=DIRECTION('',(0.,-1.,0.));
#12173=DIRECTION('',(-1.,0.,0.));
#12174=DIRECTION('',(-1.,0.,0.));
#12175=DIRECTION('',(-1.,0.,0.));
#12176=DIRECTION('center_axis',(0.,0.,-1.));
#12177=DIRECTION('ref_axis',(0.,-1.,0.));
#12178=DIRECTION('',(0.,-1.,0.));
#12179=DIRECTION('',(-1.,0.,0.));
#12180=DIRECTION('',(0.,-1.,0.));
#12181=DIRECTION('center_axis',(0.,1.,0.));
#12182=DIRECTION('ref_axis',(0.,0.,-1.));
#12183=DIRECTION('',(0.,0.,-1.));
#12184=DIRECTION('',(-1.,0.,0.));
#12185=DIRECTION('',(0.,0.,-1.));
#12186=DIRECTION('center_axis',(0.,0.,1.));
#12187=DIRECTION('ref_axis',(0.,1.,0.));
#12188=DIRECTION('',(0.,1.,0.));
#12189=DIRECTION('',(-1.,0.,0.));
#12190=DIRECTION('',(0.,1.,0.));
#12191=DIRECTION('center_axis',(0.,-1.,0.));
#12192=DIRECTION('ref_axis',(0.,0.,1.));
#12193=DIRECTION('',(0.,0.,1.));
#12194=DIRECTION('',(-1.,0.,0.));
#12195=DIRECTION('',(0.,0.,1.));
#12196=DIRECTION('center_axis',(0.,0.,-1.));
#12197=DIRECTION('ref_axis',(0.,-1.,0.));
#12198=DIRECTION('',(0.,-1.,0.));
#12199=DIRECTION('',(-1.,0.,0.));
#12200=DIRECTION('',(0.,-1.,0.));
#12201=DIRECTION('',(-1.,0.,0.));
#12202=DIRECTION('',(-1.,0.,0.));
#12203=DIRECTION('',(-1.,0.,0.));
#12204=DIRECTION('center_axis',(0.,0.,1.));
#12205=DIRECTION('ref_axis',(0.,1.,0.));
#12206=DIRECTION('',(0.,1.,0.));
#12207=DIRECTION('',(-1.,0.,0.));
#12208=DIRECTION('',(0.,1.,0.));
#12209=DIRECTION('center_axis',(0.,-1.,0.));
#12210=DIRECTION('ref_axis',(0.,0.,1.));
#12211=DIRECTION('',(0.,0.,1.));
#12212=DIRECTION('',(0.,0.,1.));
#12213=DIRECTION('center_axis',(1.,0.,0.));
#12214=DIRECTION('ref_axis',(0.,0.,-1.));
#12215=DIRECTION('',(-1.,0.,0.));
#12216=DIRECTION('',(-1.,0.,0.));
#12217=DIRECTION('center_axis',(0.,0.,-1.));
#12218=DIRECTION('ref_axis',(0.,-1.,0.));
#12219=DIRECTION('',(0.,-1.,0.));
#12220=DIRECTION('',(-1.,0.,0.));
#12221=DIRECTION('',(0.,-1.,0.));
#12222=DIRECTION('center_axis',(0.,1.,0.));
#12223=DIRECTION('ref_axis',(0.,0.,-1.));
#12224=DIRECTION('',(0.,0.,-1.));
#12225=DIRECTION('',(-1.,0.,0.));
#12226=DIRECTION('',(0.,0.,-1.));
#12227=DIRECTION('',(-1.,0.,0.));
#12228=DIRECTION('',(-1.,0.,0.));
#12229=DIRECTION('',(-1.,0.,0.));
#12230=DIRECTION('center_axis',(0.,0.,-1.));
#12231=DIRECTION('ref_axis',(0.,-1.,0.));
#12232=DIRECTION('',(0.,-1.,0.));
#12233=DIRECTION('',(-1.,0.,0.));
#12234=DIRECTION('',(0.,-1.,0.));
#12235=DIRECTION('center_axis',(0.,-1.,0.));
#12236=DIRECTION('ref_axis',(0.,0.,1.));
#12237=DIRECTION('',(0.,0.,1.));
#12238=DIRECTION('',(-1.,0.,0.));
#12239=DIRECTION('',(0.,0.,1.));
#12240=DIRECTION('center_axis',(0.,0.,-1.));
#12241=DIRECTION('ref_axis',(0.,-1.,0.));
#12242=DIRECTION('',(0.,-1.,0.));
#12243=DIRECTION('',(-1.,0.,0.));
#12244=DIRECTION('',(0.,-1.,0.));
#12245=DIRECTION('center_axis',(0.,1.,0.));
#12246=DIRECTION('ref_axis',(0.,0.,-1.));
#12247=DIRECTION('',(0.,0.,-1.));
#12248=DIRECTION('',(-1.,0.,0.));
#12249=DIRECTION('',(0.,0.,-1.));
#12250=DIRECTION('center_axis',(0.,0.,-1.));
#12251=DIRECTION('ref_axis',(0.,-1.,0.));
#12252=DIRECTION('',(0.,-1.,0.));
#12253=DIRECTION('',(-1.,0.,0.));
#12254=DIRECTION('',(0.,-1.,0.));
#12255=DIRECTION('center_axis',(0.,1.,0.));
#12256=DIRECTION('ref_axis',(0.,0.,-1.));
#12257=DIRECTION('',(0.,0.,-1.));
#12258=DIRECTION('',(-1.,0.,0.));
#12259=DIRECTION('',(0.,0.,-1.));
#12260=DIRECTION('center_axis',(0.,0.,1.));
#12261=DIRECTION('ref_axis',(0.,1.,0.));
#12262=DIRECTION('',(0.,1.,0.));
#12263=DIRECTION('',(-1.,0.,0.));
#12264=DIRECTION('',(0.,1.,0.));
#12265=DIRECTION('center_axis',(0.,1.,0.));
#12266=DIRECTION('ref_axis',(0.,0.,-1.));
#12267=DIRECTION('',(0.,0.,-1.));
#12268=DIRECTION('',(-1.,0.,0.));
#12269=DIRECTION('',(0.,0.,-1.));
#12270=DIRECTION('center_axis',(0.,0.,1.));
#12271=DIRECTION('ref_axis',(0.,1.,0.));
#12272=DIRECTION('',(0.,1.,0.));
#12273=DIRECTION('',(-1.,0.,0.));
#12274=DIRECTION('',(0.,1.,0.));
#12275=DIRECTION('center_axis',(0.,-1.,0.));
#12276=DIRECTION('ref_axis',(0.,0.,1.));
#12277=DIRECTION('',(0.,0.,1.));
#12278=DIRECTION('',(-1.,0.,0.));
#12279=DIRECTION('',(0.,0.,1.));
#12280=DIRECTION('center_axis',(0.,0.,1.));
#12281=DIRECTION('ref_axis',(0.,1.,0.));
#12282=DIRECTION('',(0.,1.,0.));
#12283=DIRECTION('',(-1.,0.,0.));
#12284=DIRECTION('',(0.,1.,0.));
#12285=DIRECTION('center_axis',(1.,0.,0.));
#12286=DIRECTION('ref_axis',(0.,0.,-1.));
#12287=DIRECTION('center_axis',(0.,0.,-1.));
#12288=DIRECTION('ref_axis',(0.,-1.,0.));
#12289=DIRECTION('',(0.,-1.,0.));
#12290=DIRECTION('',(-1.,0.,0.));
#12291=DIRECTION('',(0.,-1.,0.));
#12292=DIRECTION('',(-1.,0.,0.));
#12293=DIRECTION('center_axis',(0.,1.,0.));
#12294=DIRECTION('ref_axis',(0.,0.,-1.));
#12295=DIRECTION('',(0.,0.,-1.));
#12296=DIRECTION('',(-1.,0.,0.));
#12297=DIRECTION('',(0.,0.,-1.));
#12298=DIRECTION('center_axis',(0.,0.,1.));
#12299=DIRECTION('ref_axis',(0.,1.,0.));
#12300=DIRECTION('',(0.,1.,0.));
#12301=DIRECTION('',(-1.,0.,0.));
#12302=DIRECTION('',(0.,1.,0.));
#12303=DIRECTION('center_axis',(0.,-1.,0.));
#12304=DIRECTION('ref_axis',(0.,0.,1.));
#12305=DIRECTION('',(0.,0.,1.));
#12306=DIRECTION('',(0.,0.,1.));
#12307=DIRECTION('center_axis',(-1.,0.,0.));
#12308=DIRECTION('ref_axis',(0.,0.,1.));
#12309=DIRECTION('center_axis',(0.,0.,-1.));
#12310=DIRECTION('ref_axis',(0.,-1.,0.));
#12311=DIRECTION('',(0.,-1.,0.));
#12312=DIRECTION('',(-1.,0.,0.));
#12313=DIRECTION('',(0.,-1.,0.));
#12314=DIRECTION('',(-1.,0.,0.));
#12315=DIRECTION('center_axis',(0.,1.,0.));
#12316=DIRECTION('ref_axis',(0.,0.,-1.));
#12317=DIRECTION('',(0.,0.,-1.));
#12318=DIRECTION('',(-1.,0.,0.));
#12319=DIRECTION('',(0.,0.,-1.));
#12320=DIRECTION('center_axis',(0.,0.,1.));
#12321=DIRECTION('ref_axis',(0.,1.,0.));
#12322=DIRECTION('',(0.,1.,0.));
#12323=DIRECTION('',(-1.,0.,0.));
#12324=DIRECTION('',(0.,1.,0.));
#12325=DIRECTION('center_axis',(0.,-1.,0.));
#12326=DIRECTION('ref_axis',(0.,0.,1.));
#12327=DIRECTION('',(0.,0.,1.));
#12328=DIRECTION('',(0.,0.,1.));
#12329=DIRECTION('center_axis',(-1.,0.,0.));
#12330=DIRECTION('ref_axis',(0.,0.,1.));
#12331=DIRECTION('',(-1.,0.,0.));
#12332=DIRECTION('',(-1.,0.,0.));
#12333=DIRECTION('center_axis',(0.,0.,-1.));
#12334=DIRECTION('ref_axis',(0.,-1.,0.));
#12335=DIRECTION('',(0.,-1.,0.));
#12336=DIRECTION('',(-1.,0.,0.));
#12337=DIRECTION('',(0.,-1.,0.));
#12338=DIRECTION('center_axis',(0.,1.,0.));
#12339=DIRECTION('ref_axis',(0.,0.,-1.));
#12340=DIRECTION('',(0.,0.,-1.));
#12341=DIRECTION('',(-1.,0.,0.));
#12342=DIRECTION('',(0.,0.,-1.));
#12343=DIRECTION('',(-1.,0.,0.));
#12344=DIRECTION('',(-1.,0.,0.));
#12345=DIRECTION('',(-1.,0.,0.));
#12346=DIRECTION('center_axis',(0.,0.,-1.));
#12347=DIRECTION('ref_axis',(0.,-1.,0.));
#12348=DIRECTION('',(0.,-1.,0.));
#12349=DIRECTION('',(-1.,0.,0.));
#12350=DIRECTION('',(0.,-1.,0.));
#12351=DIRECTION('center_axis',(0.,-1.,0.));
#12352=DIRECTION('ref_axis',(0.,0.,1.));
#12353=DIRECTION('',(0.,0.,1.));
#12354=DIRECTION('',(-1.,0.,0.));
#12355=DIRECTION('',(0.,0.,1.));
#12356=DIRECTION('center_axis',(0.,0.,-1.));
#12357=DIRECTION('ref_axis',(0.,-1.,0.));
#12358=DIRECTION('',(0.,-1.,0.));
#12359=DIRECTION('',(-1.,0.,0.));
#12360=DIRECTION('',(0.,-1.,0.));
#12361=DIRECTION('center_axis',(0.,1.,0.));
#12362=DIRECTION('ref_axis',(0.,0.,-1.));
#12363=DIRECTION('',(0.,0.,-1.));
#12364=DIRECTION('',(-1.,0.,0.));
#12365=DIRECTION('',(0.,0.,-1.));
#12366=DIRECTION('center_axis',(0.,0.,-1.));
#12367=DIRECTION('ref_axis',(0.,-1.,0.));
#12368=DIRECTION('',(0.,-1.,0.));
#12369=DIRECTION('',(-1.,0.,0.));
#12370=DIRECTION('',(0.,-1.,0.));
#12371=DIRECTION('center_axis',(0.,1.,0.));
#12372=DIRECTION('ref_axis',(0.,0.,-1.));
#12373=DIRECTION('',(0.,0.,-1.));
#12374=DIRECTION('',(-1.,0.,0.));
#12375=DIRECTION('',(0.,0.,-1.));
#12376=DIRECTION('center_axis',(0.,0.,1.));
#12377=DIRECTION('ref_axis',(0.,1.,0.));
#12378=DIRECTION('',(0.,1.,0.));
#12379=DIRECTION('',(-1.,0.,0.));
#12380=DIRECTION('',(0.,1.,0.));
#12381=DIRECTION('center_axis',(0.,1.,0.));
#12382=DIRECTION('ref_axis',(0.,0.,-1.));
#12383=DIRECTION('',(0.,0.,-1.));
#12384=DIRECTION('',(-1.,0.,0.));
#12385=DIRECTION('',(0.,0.,-1.));
#12386=DIRECTION('center_axis',(0.,0.,1.));
#12387=DIRECTION('ref_axis',(0.,1.,0.));
#12388=DIRECTION('',(0.,1.,0.));
#12389=DIRECTION('',(-1.,0.,0.));
#12390=DIRECTION('',(0.,1.,0.));
#12391=DIRECTION('center_axis',(0.,-1.,0.));
#12392=DIRECTION('ref_axis',(0.,0.,1.));
#12393=DIRECTION('',(0.,0.,1.));
#12394=DIRECTION('',(-1.,0.,0.));
#12395=DIRECTION('',(0.,0.,1.));
#12396=DIRECTION('center_axis',(0.,0.,1.));
#12397=DIRECTION('ref_axis',(0.,1.,0.));
#12398=DIRECTION('',(0.,1.,0.));
#12399=DIRECTION('',(-1.,0.,0.));
#12400=DIRECTION('',(0.,1.,0.));
#12401=DIRECTION('center_axis',(1.,0.,0.));
#12402=DIRECTION('ref_axis',(0.,0.,-1.));
#12403=DIRECTION('',(-1.,0.,0.));
#12404=DIRECTION('',(-1.,0.,0.));
#12405=DIRECTION('',(-1.,0.,0.));
#12406=DIRECTION('',(-1.,0.,0.));
#12407=DIRECTION('center_axis',(0.,0.,-1.));
#12408=DIRECTION('ref_axis',(0.,-1.,0.));
#12409=DIRECTION('',(0.,-1.,0.));
#12410=DIRECTION('',(-1.,0.,0.));
#12411=DIRECTION('',(0.,-1.,0.));
#12412=DIRECTION('center_axis',(0.,-1.,0.));
#12413=DIRECTION('ref_axis',(0.,0.,1.));
#12414=DIRECTION('',(0.,0.,1.));
#12415=DIRECTION('',(-1.,0.,0.));
#12416=DIRECTION('',(0.,0.,1.));
#12417=DIRECTION('center_axis',(0.,0.,-1.));
#12418=DIRECTION('ref_axis',(0.,-1.,0.));
#12419=DIRECTION('',(0.,-1.,0.));
#12420=DIRECTION('',(-1.,0.,0.));
#12421=DIRECTION('',(0.,-1.,0.));
#12422=DIRECTION('center_axis',(0.,1.,0.));
#12423=DIRECTION('ref_axis',(0.,0.,-1.));
#12424=DIRECTION('',(0.,0.,-1.));
#12425=DIRECTION('',(-1.,0.,0.));
#12426=DIRECTION('',(0.,0.,-1.));
#12427=DIRECTION('center_axis',(0.,0.,1.));
#12428=DIRECTION('ref_axis',(0.,1.,0.));
#12429=DIRECTION('',(0.,1.,0.));
#12430=DIRECTION('',(-1.,0.,0.));
#12431=DIRECTION('',(0.,1.,0.));
#12432=DIRECTION('',(-1.,0.,0.));
#12433=DIRECTION('',(-1.,0.,0.));
#12434=DIRECTION('',(-1.,0.,0.));
#12435=DIRECTION('',(-1.,0.,0.));
#12436=DIRECTION('',(-1.,0.,0.));
#12437=DIRECTION('',(-1.,0.,0.));
#12438=DIRECTION('',(-1.,0.,0.));
#12439=DIRECTION('center_axis',(0.,1.,0.));
#12440=DIRECTION('ref_axis',(0.,0.,-1.));
#12441=DIRECTION('',(0.,0.,-1.));
#12442=DIRECTION('',(-1.,0.,0.));
#12443=DIRECTION('',(0.,0.,-1.));
#12444=DIRECTION('center_axis',(0.,0.,1.));
#12445=DIRECTION('ref_axis',(0.,1.,0.));
#12446=DIRECTION('',(0.,1.,0.));
#12447=DIRECTION('',(-1.,0.,0.));
#12448=DIRECTION('',(0.,1.,0.));
#12449=DIRECTION('',(-1.,0.,0.));
#12450=DIRECTION('',(-1.,0.,0.));
#12451=DIRECTION('center_axis',(1.,0.,0.));
#12452=DIRECTION('ref_axis',(0.,0.,-1.));
#12453=DIRECTION('center_axis',(0.,0.,-1.));
#12454=DIRECTION('ref_axis',(0.,-1.,0.));
#12455=DIRECTION('',(0.,-1.,0.));
#12456=DIRECTION('',(-1.,0.,0.));
#12457=DIRECTION('',(0.,-1.,0.));
#12458=DIRECTION('',(-1.,0.,0.));
#12459=DIRECTION('center_axis',(0.,1.,0.));
#12460=DIRECTION('ref_axis',(0.,0.,-1.));
#12461=DIRECTION('',(0.,0.,-1.));
#12462=DIRECTION('',(-1.,0.,0.));
#12463=DIRECTION('',(0.,0.,-1.));
#12464=DIRECTION('',(-1.,0.,0.));
#12465=DIRECTION('',(-1.,0.,0.));
#12466=DIRECTION('',(-1.,0.,0.));
#12467=DIRECTION('',(-1.,0.,0.));
#12468=DIRECTION('',(-1.,0.,0.));
#12469=DIRECTION('center_axis',(0.,0.,1.));
#12470=DIRECTION('ref_axis',(0.,1.,0.));
#12471=DIRECTION('',(0.,1.,0.));
#12472=DIRECTION('',(-1.,0.,0.));
#12473=DIRECTION('',(0.,1.,0.));
#12474=DIRECTION('center_axis',(0.,-1.,0.));
#12475=DIRECTION('ref_axis',(0.,0.,1.));
#12476=DIRECTION('',(0.,0.,1.));
#12477=DIRECTION('',(-1.,0.,0.));
#12478=DIRECTION('',(0.,0.,1.));
#12479=DIRECTION('',(-1.,0.,0.));
#12480=DIRECTION('',(-1.,0.,0.));
#12481=DIRECTION('center_axis',(1.,0.,0.));
#12482=DIRECTION('ref_axis',(0.,0.777479833815383,-0.628907869254634));
#12483=DIRECTION('',(-1.,0.,0.));
#12484=DIRECTION('center_axis',(1.,0.,0.));
#12485=DIRECTION('ref_axis',(0.,0.777479833815383,-0.628907869254634));
#12486=DIRECTION('',(-1.,0.,0.));
#12487=DIRECTION('',(-1.,0.,0.));
#12488=DIRECTION('',(-1.,0.,0.));
#12489=DIRECTION('center_axis',(0.,0.,1.));
#12490=DIRECTION('ref_axis',(0.,1.,0.));
#12491=DIRECTION('',(0.,1.,0.));
#12492=DIRECTION('',(-1.,0.,0.));
#12493=DIRECTION('',(0.,1.,0.));
#12494=DIRECTION('center_axis',(0.,-1.,0.));
#12495=DIRECTION('ref_axis',(0.,0.,1.));
#12496=DIRECTION('',(0.,0.,1.));
#12497=DIRECTION('',(0.,0.,1.));
#12498=DIRECTION('center_axis',(1.,0.,0.));
#12499=DIRECTION('ref_axis',(0.,0.,-1.));
#12500=DIRECTION('',(-1.,0.,0.));
#12501=DIRECTION('',(-1.,0.,0.));
#12502=DIRECTION('',(-1.,0.,0.));
#12503=DIRECTION('',(-1.,0.,0.));
#12504=DIRECTION('',(-1.,0.,0.));
#12505=DIRECTION('',(-1.,0.,0.));
#12506=DIRECTION('',(-1.,0.,0.));
#12507=DIRECTION('',(-1.,0.,0.));
#12508=DIRECTION('',(-1.,0.,0.));
#12509=DIRECTION('',(-1.,0.,0.));
#12510=DIRECTION('',(-1.,0.,0.));
#12511=DIRECTION('',(-1.,0.,0.));
#12512=DIRECTION('',(-1.,0.,0.));
#12513=DIRECTION('center_axis',(0.,-1.,0.));
#12514=DIRECTION('ref_axis',(0.,0.,1.));
#12515=DIRECTION('',(0.,0.,1.));
#12516=DIRECTION('',(-1.,0.,0.));
#12517=DIRECTION('',(0.,0.,1.));
#12518=DIRECTION('center_axis',(0.,0.,-1.));
#12519=DIRECTION('ref_axis',(0.,-1.,0.));
#12520=DIRECTION('',(0.,-1.,0.));
#12521=DIRECTION('',(-1.,0.,0.));
#12522=DIRECTION('',(0.,-1.,0.));
#12523=DIRECTION('',(-1.,0.,0.));
#12524=DIRECTION('',(-1.,0.,0.));
#12525=DIRECTION('',(-1.,0.,0.));
#12526=DIRECTION('',(-1.,0.,0.));
#12527=DIRECTION('',(-1.,0.,0.));
#12528=DIRECTION('',(-1.,0.,0.));
#12529=DIRECTION('center_axis',(1.,0.,0.));
#12530=DIRECTION('ref_axis',(0.,0.,-1.));
#12531=DIRECTION('center_axis',(0.,0.,-1.));
#12532=DIRECTION('ref_axis',(0.,-1.,0.));
#12533=DIRECTION('',(0.,-1.,0.));
#12534=DIRECTION('',(-1.,0.,0.));
#12535=DIRECTION('',(0.,-1.,0.));
#12536=DIRECTION('',(-1.,0.,0.));
#12537=DIRECTION('center_axis',(0.,1.,0.));
#12538=DIRECTION('ref_axis',(0.,0.,-1.));
#12539=DIRECTION('',(0.,0.,-1.));
#12540=DIRECTION('',(-1.,0.,0.));
#12541=DIRECTION('',(0.,0.,-1.));
#12542=DIRECTION('center_axis',(0.,0.,1.));
#12543=DIRECTION('ref_axis',(0.,1.,0.));
#12544=DIRECTION('',(0.,1.,0.));
#12545=DIRECTION('',(-1.,0.,0.));
#12546=DIRECTION('',(0.,1.,0.));
#12547=DIRECTION('center_axis',(0.,-1.,0.));
#12548=DIRECTION('ref_axis',(0.,0.,1.));
#12549=DIRECTION('',(0.,0.,1.));
#12550=DIRECTION('',(0.,0.,1.));
#12551=DIRECTION('center_axis',(-1.,0.,0.));
#12552=DIRECTION('ref_axis',(0.,0.,1.));
#12553=DIRECTION('center_axis',(1.,0.,0.));
#12554=DIRECTION('ref_axis',(0.,0.,-1.));
#12555=DIRECTION('center_axis',(1.,0.,0.));
#12556=DIRECTION('ref_axis',(0.,0.987,-0.16072025385744));
#12557=DIRECTION('',(0.,0.,1.));
#12558=DIRECTION('',(0.,-1.,0.));
#12559=DIRECTION('',(0.,0.,-1.));
#12560=DIRECTION('',(0.,-1.,0.));
#12561=DIRECTION('',(0.,0.,-1.));
#12562=DIRECTION('',(0.,1.,0.));
#12563=DIRECTION('',(0.,0.976296007119894,0.216439613938283));
#12564=DIRECTION('center_axis',(1.,0.,0.));
#12565=DIRECTION('ref_axis',(0.,0.216439613938345,-0.97629600711988));
#12566=DIRECTION('center_axis',(1.,0.,0.));
#12567=DIRECTION('ref_axis',(0.,0.,-1.));
#12568=DIRECTION('center_axis',(1.,0.,0.));
#12569=DIRECTION('ref_axis',(0.,0.,-1.));
#12570=DIRECTION('center_axis',(1.,0.,0.));
#12571=DIRECTION('ref_axis',(0.,0.,-1.));
#12572=DIRECTION('center_axis',(1.,0.,0.));
#12573=DIRECTION('ref_axis',(0.,0.,-1.));
#12574=DIRECTION('center_axis',(1.,0.,0.));
#12575=DIRECTION('ref_axis',(0.,0.,-1.));
#12576=DIRECTION('center_axis',(0.,1.,0.));
#12577=DIRECTION('ref_axis',(0.294117647059154,0.,-0.955769224074717));
#12578=DIRECTION('center_axis',(0.,1.,0.));
#12579=DIRECTION('ref_axis',(0.294117647059154,0.,-0.955769224074717));
#12580=DIRECTION('center_axis',(0.,-1.,0.));
#12581=DIRECTION('ref_axis',(0.294117647058807,0.,-0.955769224074824));
#12582=DIRECTION('center_axis',(0.,1.,0.));
#12583=DIRECTION('ref_axis',(0.,0.,1.));
#12584=DIRECTION('',(0.,0.,-1.));
#12585=DIRECTION('center_axis',(0.,1.,0.));
#12586=DIRECTION('ref_axis',(-0.294117647058829,0.,0.955769224074817));
#12587=DIRECTION('center_axis',(0.,1.,0.));
#12588=DIRECTION('ref_axis',(-0.294117647058829,0.,0.955769224074817));
#12589=DIRECTION('center_axis',(0.,-1.,0.));
#12590=DIRECTION('ref_axis',(-0.294117647058807,0.,0.955769224074824));
#12591=DIRECTION('center_axis',(0.,-1.,0.));
#12592=DIRECTION('ref_axis',(0.,0.,-1.));
#12593=DIRECTION('',(0.,0.,1.));
#12594=DIRECTION('center_axis',(0.,1.,0.));
#12595=DIRECTION('ref_axis',(-0.294117647058828,0.,0.955769224074817));
#12596=DIRECTION('center_axis',(0.,1.,0.));
#12597=DIRECTION('ref_axis',(-0.294117647058828,0.,0.955769224074817));
#12598=DIRECTION('center_axis',(0.,-1.,0.));
#12599=DIRECTION('ref_axis',(-0.294117647058807,0.,0.955769224074824));
#12600=DIRECTION('center_axis',(0.,-1.,0.));
#12601=DIRECTION('ref_axis',(0.,0.,-1.));
#12602=DIRECTION('',(0.,0.,1.));
#12603=DIRECTION('center_axis',(0.,1.,0.));
#12604=DIRECTION('ref_axis',(0.294117647059153,0.,-0.955769224074718));
#12605=DIRECTION('center_axis',(0.,1.,0.));
#12606=DIRECTION('ref_axis',(0.294117647059153,0.,-0.955769224074718));
#12607=DIRECTION('center_axis',(0.,1.,0.));
#12608=DIRECTION('ref_axis',(0.294117647058807,0.,0.955769224074824));
#12609=DIRECTION('center_axis',(0.,1.,0.));
#12610=DIRECTION('ref_axis',(0.,0.,1.));
#12611=DIRECTION('',(0.,0.,-1.));
#12612=DIRECTION('center_axis',(-1.,0.,0.));
#12613=DIRECTION('ref_axis',(0.,0.,-1.));
#12614=DIRECTION('',(0.,0.,1.));
#12615=DIRECTION('center_axis',(-1.,0.,0.));
#12616=DIRECTION('ref_axis',(0.,0.,-1.));
#12617=DIRECTION('',(0.,0.,-1.));
#12618=DIRECTION('center_axis',(1.,0.,0.));
#12619=DIRECTION('ref_axis',(0.,0.,1.));
#12620=DIRECTION('',(0.,0.,1.));
#12621=DIRECTION('center_axis',(1.,0.,0.));
#12622=DIRECTION('ref_axis',(0.,0.,1.));
#12623=DIRECTION('',(0.,0.,-1.));
#12624=DIRECTION('center_axis',(1.,0.,0.));
#12625=DIRECTION('ref_axis',(0.,0.,-1.));
#12626=DIRECTION('center_axis',(-1.,0.,0.));
#12627=DIRECTION('ref_axis',(0.,1.,0.));
#12628=DIRECTION('center_axis',(-1.,0.,0.));
#12629=DIRECTION('ref_axis',(0.,1.,0.));
#12630=DIRECTION('',(0.,-0.976296007119894,-0.216439613938283));
#12631=DIRECTION('',(0.,-1.,0.));
#12632=DIRECTION('',(0.,0.,1.));
#12633=DIRECTION('',(0.,1.,0.));
#12634=DIRECTION('',(0.,0.,1.));
#12635=DIRECTION('',(0.,1.,0.));
#12636=DIRECTION('',(0.,0.,-1.));
#12637=DIRECTION('center_axis',(1.,0.,0.));
#12638=DIRECTION('ref_axis',(0.,0.,-1.));
#12639=DIRECTION('center_axis',(1.,0.,0.));
#12640=DIRECTION('ref_axis',(0.,0.987,-0.16072025385744));
#12641=DIRECTION('',(-1.,0.,0.));
#12642=DIRECTION('',(1.,0.,0.));
#12643=DIRECTION('center_axis',(0.,1.,0.));
#12644=DIRECTION('ref_axis',(0.,0.,1.));
#12645=DIRECTION('',(-1.,0.,0.));
#12646=DIRECTION('center_axis',(0.,0.,-1.));
#12647=DIRECTION('ref_axis',(0.,-1.,0.));
#12648=DIRECTION('',(0.,0.,1.));
#12649=DIRECTION('center_axis',(0.,0.,-1.));
#12650=DIRECTION('ref_axis',(0.,1.,0.));
#12651=DIRECTION('',(0.,0.,1.));
#12652=DIRECTION('center_axis',(0.,-1.,0.));
#12653=DIRECTION('ref_axis',(1.,0.,0.));
#12654=DIRECTION('',(1.,0.,0.));
#12655=DIRECTION('',(0.,0.,1.));
#12656=DIRECTION('',(-1.,0.,0.));
#12657=DIRECTION('center_axis',(0.,0.,-1.));
#12658=DIRECTION('ref_axis',(0.,-1.,0.));
#12659=DIRECTION('',(0.,0.,1.));
#12660=DIRECTION('center_axis',(0.,0.,-1.));
#12661=DIRECTION('ref_axis',(0.,1.,0.));
#12662=DIRECTION('center_axis',(0.,0.,1.));
#12663=DIRECTION('ref_axis',(1.,0.,0.));
#12664=DIRECTION('',(-1.,0.,0.));
#12665=DIRECTION('center_axis',(0.,0.,-1.));
#12666=DIRECTION('ref_axis',(-0.299999999999968,0.953939201416956,0.));
#12667=DIRECTION('',(0.,-1.,0.));
#12668=DIRECTION('center_axis',(0.,0.,-1.));
#12669=DIRECTION('ref_axis',(0.,1.,0.));
#12670=DIRECTION('',(-1.,0.,0.));
#12671=DIRECTION('',(0.,-1.,0.));
#12672=DIRECTION('center_axis',(0.,0.,-1.));
#12673=DIRECTION('ref_axis',(0.,1.,0.));
#12674=DIRECTION('',(-1.,0.,0.));
#12675=DIRECTION('',(0.,-1.,0.));
#12676=DIRECTION('',(0.,1.,0.));
#12677=DIRECTION('',(-1.,0.,0.));
#12678=DIRECTION('center_axis',(0.,0.,-1.));
#12679=DIRECTION('ref_axis',(1.,0.,0.));
#12680=DIRECTION('',(0.,1.,0.));
#12681=DIRECTION('',(-1.,0.,0.));
#12682=DIRECTION('center_axis',(0.,0.,-1.));
#12683=DIRECTION('ref_axis',(1.,0.,0.));
#12684=DIRECTION('',(0.,1.,0.));
#12685=DIRECTION('center_axis',(0.,0.,-1.));
#12686=DIRECTION('ref_axis',(1.,0.,0.));
#12687=DIRECTION('',(0.,1.,0.));
#12688=DIRECTION('center_axis',(0.,0.,-1.));
#12689=DIRECTION('ref_axis',(0.299999999999968,-0.953939201416956,0.));
#12690=DIRECTION('',(0.,1.,0.));
#12691=DIRECTION('center_axis',(0.,0.,-1.));
#12692=DIRECTION('ref_axis',(0.,-1.,0.));
#12693=DIRECTION('',(1.,0.,0.));
#12694=DIRECTION('',(0.,1.,0.));
#12695=DIRECTION('center_axis',(0.,0.,-1.));
#12696=DIRECTION('ref_axis',(0.,-1.,0.));
#12697=DIRECTION('',(1.,0.,0.));
#12698=DIRECTION('center_axis',(0.,0.,-1.));
#12699=DIRECTION('ref_axis',(-1.,0.,0.));
#12700=DIRECTION('',(0.,-1.,0.));
#12701=DIRECTION('',(1.,0.,0.));
#12702=DIRECTION('center_axis',(0.,0.,-1.));
#12703=DIRECTION('ref_axis',(-1.,0.,0.));
#12704=DIRECTION('',(0.,-1.,0.));
#12705=DIRECTION('center_axis',(0.,0.,-1.));
#12706=DIRECTION('ref_axis',(-1.,0.,0.));
#12707=DIRECTION('',(0.,-1.,0.));
#12708=DIRECTION('center_axis',(0.,0.,-1.));
#12709=DIRECTION('ref_axis',(0.,-1.,0.));
#12710=DIRECTION('',(-1.,0.,0.));
#12711=DIRECTION('',(1.,0.,0.));
#12712=DIRECTION('',(1.,1.398706172756E-14,0.));
#12713=DIRECTION('center_axis',(0.,0.,-1.));
#12714=DIRECTION('ref_axis',(1.,0.,0.));
#12715=DIRECTION('',(1.,0.,0.));
#12716=DIRECTION('center_axis',(0.,0.,-1.));
#12717=DIRECTION('ref_axis',(1.,0.,0.));
#12718=DIRECTION('',(1.,-1.398706172756E-14,0.));
#12719=DIRECTION('',(-1.,0.,0.));
#12720=DIRECTION('center_axis',(0.,-1.,0.));
#12721=DIRECTION('ref_axis',(0.,0.,1.));
#12722=DIRECTION('',(0.,0.,1.));
#12723=DIRECTION('',(1.,0.,0.));
#12724=DIRECTION('',(0.,0.,1.));
#12725=DIRECTION('center_axis',(-1.,0.,0.));
#12726=DIRECTION('ref_axis',(0.,0.,1.));
#12727=DIRECTION('',(0.,0.976296007119932,0.216439613938107));
#12728=DIRECTION('',(0.,1.,0.));
#12729=DIRECTION('',(0.,0.0801989243288638,-0.996778878456247));
#12730=DIRECTION('',(0.,0.,-1.));
#12731=DIRECTION('center_axis',(0.,0.216439613938107,-0.976296007119932));
#12732=DIRECTION('ref_axis',(0.,-0.976296007119932,-0.216439613938107));
#12733=DIRECTION('',(0.,0.976296007119932,0.216439613938107));
#12734=DIRECTION('',(1.,0.,0.));
#12735=DIRECTION('',(-1.,0.,0.));
#12736=DIRECTION('',(-1.,0.,0.));
#12737=DIRECTION('',(0.,-0.976296007119933,-0.216439613938107));
#12738=DIRECTION('',(1.,0.,0.));
#12739=DIRECTION('',(0.,0.976296007119933,0.216439613938107));
#12740=DIRECTION('center_axis',(-1.,0.,0.));
#12741=DIRECTION('ref_axis',(0.,0.,1.));
#12742=DIRECTION('',(0.,0.,-1.));
#12743=DIRECTION('',(0.,0.0801989243288638,-0.996778878456247));
#12744=DIRECTION('',(0.,1.,0.));
#12745=DIRECTION('center_axis',(0.,0.,1.));
#12746=DIRECTION('ref_axis',(0.,1.,0.));
#12747=DIRECTION('',(0.,1.,0.));
#12748=DIRECTION('center_axis',(0.,0.,-1.));
#12749=DIRECTION('ref_axis',(0.,-1.,0.));
#12750=DIRECTION('',(1.,0.,0.));
#12751=DIRECTION('',(0.,-1.,0.));
#12752=DIRECTION('center_axis',(0.,0.,-1.));
#12753=DIRECTION('ref_axis',(0.,-1.,0.));
#12754=DIRECTION('',(1.,0.,0.));
#12755=DIRECTION('center_axis',(0.,0.,-1.));
#12756=DIRECTION('ref_axis',(1.,0.,0.));
#12757=DIRECTION('',(0.,-1.,0.));
#12758=DIRECTION('',(1.,0.,0.));
#12759=DIRECTION('center_axis',(0.,0.,-1.));
#12760=DIRECTION('ref_axis',(1.,0.,0.));
#12761=DIRECTION('',(0.,1.,0.));
#12762=DIRECTION('',(1.,0.,0.));
#12763=DIRECTION('',(1.,0.,0.));
#12764=DIRECTION('center_axis',(-1.,0.,0.));
#12765=DIRECTION('ref_axis',(0.,-1.,0.));
#12766=DIRECTION('',(0.,0.0801989243288638,-0.996778878456247));
#12767=DIRECTION('',(0.,-1.,0.));
#12768=DIRECTION('',(0.,0.,-1.));
#12769=DIRECTION('',(0.,0.,-1.));
#12770=DIRECTION('center_axis',(0.,0.,-1.));
#12771=DIRECTION('ref_axis',(0.,-1.,0.));
#12772=DIRECTION('',(0.,0.,-1.));
#12773=DIRECTION('center_axis',(0.,-1.,0.));
#12774=DIRECTION('ref_axis',(1.,0.,0.));
#12775=DIRECTION('',(0.,0.,-1.));
#12776=DIRECTION('center_axis',(-1.,0.,0.));
#12777=DIRECTION('ref_axis',(0.,-1.,0.));
#12778=DIRECTION('',(0.,-0.258819045102493,0.965925826289076));
#12779=DIRECTION('',(0.,0.,-1.));
#12780=DIRECTION('center_axis',(0.,0.,-1.));
#12781=DIRECTION('ref_axis',(0.,-1.,0.));
#12782=DIRECTION('center_axis',(-5.31452854697199E-6,0.13052096823246,-0.991445549096579));
#12783=DIRECTION('ref_axis',(-8.09253956704106E-5,0.991445545807997,0.130520968233319));
#12784=DIRECTION('center_axis',(0.,-0.258819045102493,0.965925826289076));
#12785=DIRECTION('ref_axis',(-1.,0.,0.));
#12786=DIRECTION('',(0.,-0.258819045102493,0.965925826289076));
#12787=DIRECTION('center_axis',(0.,-0.965925826289076,-0.258819045102493));
#12788=DIRECTION('ref_axis',(0.,0.258819045102493,-0.965925826289076));
#12789=DIRECTION('',(0.,0.258819045102493,-0.965925826289076));
#12790=DIRECTION('center_axis',(0.,0.258819045102493,-0.965925826289076));
#12791=DIRECTION('ref_axis',(1.,0.,0.));
#12792=DIRECTION('',(0.,0.258819045102493,-0.965925826289076));
#12793=DIRECTION('center_axis',(-5.31452521208086E-6,0.130531416198854,
-0.991444173595708));
#12794=DIRECTION('ref_axis',(8.09253616908378E-5,0.991444170419407,0.130531415346878));
#12795=DIRECTION('center_axis',(0.,0.,-1.));
#12796=DIRECTION('ref_axis',(1.,0.,0.));
#12797=DIRECTION('',(0.,0.,-1.));
#12798=DIRECTION('center_axis',(1.,0.,0.));
#12799=DIRECTION('ref_axis',(0.,1.,0.));
#12800=DIRECTION('',(0.,0.,-1.));
#12801=DIRECTION('center_axis',(0.,-1.,0.));
#12802=DIRECTION('ref_axis',(1.,0.,0.));
#12803=DIRECTION('',(0.,0.,-1.));
#12804=DIRECTION('center_axis',(0.,0.,-1.));
#12805=DIRECTION('ref_axis',(1.,0.,0.));
#12806=DIRECTION('',(0.,0.,-1.));
#12807=DIRECTION('center_axis',(1.,0.,0.));
#12808=DIRECTION('ref_axis',(0.,1.,0.));
#12809=DIRECTION('',(0.,0.,-1.));
#12810=DIRECTION('',(0.,1.,0.));
#12811=DIRECTION('',(0.,0.0801989243288638,-0.996778878456247));
#12812=DIRECTION('center_axis',(0.,0.996778878456247,0.0801989243288638));
#12813=DIRECTION('ref_axis',(0.,0.0801989243288638,-0.996778878456247));
#12814=DIRECTION('',(1.,0.,0.));
#12815=DIRECTION('center_axis',(0.,0.996778878456247,0.0801989243288638));
#12816=DIRECTION('ref_axis',(0.,0.0801989243288638,-0.996778878456247));
#12817=DIRECTION('',(1.,0.,0.));
#12818=DIRECTION('center_axis',(0.,1.,0.));
#12819=DIRECTION('ref_axis',(0.,0.,-1.));
#12820=DIRECTION('',(-1.,0.,0.));
#12821=DIRECTION('center_axis',(0.,0.,1.));
#12822=DIRECTION('ref_axis',(1.,0.,0.));
#12823=DIRECTION('',(1.,0.,0.));
#12824=DIRECTION('',(0.,1.,0.));
#12825=DIRECTION('',(1.,0.,0.));
#12826=DIRECTION('center_axis',(0.,0.,1.));
#12827=DIRECTION('ref_axis',(0.,-1.,0.));
#12828=DIRECTION('',(0.,1.,0.));
#12829=DIRECTION('center_axis',(0.,0.,1.));
#12830=DIRECTION('ref_axis',(1.,0.,0.));
#12831=DIRECTION('',(-1.,0.,0.));
#12832=DIRECTION('',(0.,1.,0.));
#12833=DIRECTION('',(-1.,0.,0.));
#12834=DIRECTION('',(0.,-1.,0.));
#12835=DIRECTION('',(-1.,0.,0.));
#12836=DIRECTION('center_axis',(0.,0.,1.));
#12837=DIRECTION('ref_axis',(0.,1.,0.));
#12838=DIRECTION('',(0.,-1.,0.));
#12839=DIRECTION('center_axis',(0.,0.,1.));
#12840=DIRECTION('ref_axis',(-1.,0.,0.));
#12841=DIRECTION('',(1.,0.,0.));
#12842=DIRECTION('',(0.,-1.,0.));
#12843=DIRECTION('',(1.,0.,0.));
#12844=DIRECTION('',(0.,-1.,0.));
#12845=DIRECTION('',(1.,0.,0.));
#12846=DIRECTION('',(0.,-1.,0.));
#12847=DIRECTION('',(1.,0.,0.));
#12848=DIRECTION('',(0.,-1.,0.));
#12849=DIRECTION('',(1.,0.,0.));
#12850=DIRECTION('',(0.,-1.,0.));
#12851=DIRECTION('',(1.,0.,0.));
#12852=DIRECTION('',(0.,-1.,0.));
#12853=DIRECTION('',(1.,0.,0.));
#12854=DIRECTION('',(0.,-1.,0.));
#12855=DIRECTION('',(1.,0.,0.));
#12856=DIRECTION('',(0.,-1.,0.));
#12857=DIRECTION('',(1.,0.,0.));
#12858=DIRECTION('',(0.,-1.,0.));
#12859=DIRECTION('',(1.,0.,0.));
#12860=DIRECTION('',(0.,-1.,0.));
#12861=DIRECTION('',(1.,0.,0.));
#12862=DIRECTION('',(0.,-1.,0.));
#12863=DIRECTION('',(1.,0.,0.));
#12864=DIRECTION('',(0.,-1.,0.));
#12865=DIRECTION('',(1.,0.,0.));
#12866=DIRECTION('',(0.,-1.,0.));
#12867=DIRECTION('',(1.,0.,0.));
#12868=DIRECTION('',(0.,-1.,0.));
#12869=DIRECTION('',(1.,0.,0.));
#12870=DIRECTION('',(0.,-1.,0.));
#12871=DIRECTION('',(1.,0.,0.));
#12872=DIRECTION('',(0.,-1.,0.));
#12873=DIRECTION('',(1.,0.,0.));
#12874=DIRECTION('',(0.,-1.,0.));
#12875=DIRECTION('',(1.,0.,0.));
#12876=DIRECTION('center_axis',(0.,-1.,0.));
#12877=DIRECTION('ref_axis',(1.,0.,0.));
#12878=DIRECTION('',(0.,0.,-1.));
#12879=DIRECTION('',(0.,0.,-1.));
#12880=DIRECTION('',(1.,0.,0.));
#12881=DIRECTION('center_axis',(0.,-1.,0.));
#12882=DIRECTION('ref_axis',(1.,0.,0.));
#12883=DIRECTION('',(0.,0.,-1.));
#12884=DIRECTION('',(1.,0.,0.));
#12885=DIRECTION('',(0.,0.,-1.));
#12886=DIRECTION('center_axis',(0.,0.,-1.));
#12887=DIRECTION('ref_axis',(0.,-1.,0.));
#12888=DIRECTION('center_axis',(0.,0.,1.));
#12889=DIRECTION('ref_axis',(-1.,0.,0.));
#12890=DIRECTION('',(0.,0.,-1.));
#12891=DIRECTION('center_axis',(0.,0.,1.));
#12892=DIRECTION('ref_axis',(1.,0.,0.));
#12893=DIRECTION('',(0.,1.,0.));
#12894=DIRECTION('',(0.,-1.,0.));
#12895=DIRECTION('',(-1.,0.,0.));
#12896=DIRECTION('center_axis',(0.,0.,-1.));
#12897=DIRECTION('ref_axis',(0.,-1.,0.));
#12898=DIRECTION('',(0.,1.,0.));
#12899=DIRECTION('center_axis',(0.,0.,1.));
#12900=DIRECTION('ref_axis',(-0.300000000000013,0.953939201416941,0.));
#12901=DIRECTION('',(0.,-1.,0.));
#12902=DIRECTION('center_axis',(0.,0.,1.));
#12903=DIRECTION('ref_axis',(-1.,0.,0.));
#12904=DIRECTION('center_axis',(0.,0.,1.));
#12905=DIRECTION('ref_axis',(1.,0.,0.));
#12906=DIRECTION('',(1.,0.,0.));
#12907=DIRECTION('',(0.,1.,0.));
#12908=DIRECTION('center_axis',(0.,0.,1.));
#12909=DIRECTION('ref_axis',(0.,-1.,0.));
#12910=DIRECTION('',(0.,-1.,0.));
#12911=DIRECTION('center_axis',(0.,0.,1.));
#12912=DIRECTION('ref_axis',(0.300000000000013,-0.953939201416941,0.));
#12913=DIRECTION('',(0.,1.,0.));
#12914=DIRECTION('center_axis',(0.,0.,1.));
#12915=DIRECTION('ref_axis',(1.,0.,0.));
#12916=DIRECTION('',(0.,1.,0.));
#12917=DIRECTION('center_axis',(0.,0.,-1.));
#12918=DIRECTION('ref_axis',(1.,0.,0.));
#12919=DIRECTION('center_axis',(-1.,0.,0.));
#12920=DIRECTION('ref_axis',(0.,-1.,0.));
#12921=DIRECTION('',(0.,0.,-1.));
#12922=DIRECTION('',(0.,0.,-1.));
#12923=DIRECTION('',(0.,0.,-1.));
#12924=DIRECTION('center_axis',(-1.,0.,0.));
#12925=DIRECTION('ref_axis',(0.,-1.,0.));
#12926=DIRECTION('',(0.,0.,-1.));
#12927=DIRECTION('center_axis',(0.,0.,-1.));
#12928=DIRECTION('ref_axis',(-1.,0.,0.));
#12929=DIRECTION('',(0.,0.,-1.));
#12930=DIRECTION('center_axis',(0.,-1.,0.));
#12931=DIRECTION('ref_axis',(0.,0.,1.));
#12932=DIRECTION('center_axis',(0.,1.,0.));
#12933=DIRECTION('ref_axis',(0.390014852059308,0.,0.92080856597512));
#12934=DIRECTION('',(-1.,0.,0.));
#12935=DIRECTION('',(-0.0871557427476639,0.,0.996194698091745));
#12936=DIRECTION('center_axis',(0.,-1.,0.));
#12937=DIRECTION('ref_axis',(-0.996194698091748,0.,-0.0871557427476342));
#12938=DIRECTION('',(-1.,0.,0.));
#12939=DIRECTION('',(0.,0.,1.));
#12940=DIRECTION('',(-1.,0.,0.));
#12941=DIRECTION('',(0.,0.,1.));
#12942=DIRECTION('',(-1.,0.,0.));
#12943=DIRECTION('center_axis',(0.,-1.,0.));
#12944=DIRECTION('ref_axis',(0.,0.,-1.));
#12945=DIRECTION('',(-0.0871557427476639,0.,-0.996194698091745));
#12946=DIRECTION('',(-1.,0.,0.));
#12947=DIRECTION('center_axis',(0.,1.,0.));
#12948=DIRECTION('ref_axis',(-1.,0.,0.));
#12949=DIRECTION('center_axis',(0.,1.,0.));
#12950=DIRECTION('ref_axis',(-0.238442095379602,0.,0.971156716061308));
#12951=DIRECTION('',(1.,0.,0.));
#12952=DIRECTION('center_axis',(0.,1.,0.));
#12953=DIRECTION('ref_axis',(0.,0.,1.));
#12954=DIRECTION('center_axis',(0.,1.,0.));
#12955=DIRECTION('ref_axis',(0.390014852059308,0.,0.92080856597512));
#12956=DIRECTION('',(1.,0.,0.));
#12957=DIRECTION('',(-1.,0.,0.));
#12958=DIRECTION('center_axis',(0.,1.,0.));
#12959=DIRECTION('ref_axis',(-1.,0.,0.));
#12960=DIRECTION('center_axis',(0.,1.,0.));
#12961=DIRECTION('ref_axis',(-0.238442095379602,0.,0.971156716061308));
#12962=DIRECTION('',(1.,0.,-1.049029629567E-14));
#12963=DIRECTION('center_axis',(0.,1.,0.));
#12964=DIRECTION('ref_axis',(1.934668722951E-14,0.,1.));
#12965=DIRECTION('center_axis',(0.,-1.,0.));
#12966=DIRECTION('ref_axis',(0.,0.,1.));
#12967=DIRECTION('',(1.090734171415E-14,-1.,0.));
#12968=DIRECTION('center_axis',(0.,-1.,0.));
#12969=DIRECTION('ref_axis',(0.390014852059308,0.,-0.92080856597512));
#12970=DIRECTION('',(0.,-1.,0.));
#12971=DIRECTION('center_axis',(0.,-1.,0.));
#12972=DIRECTION('ref_axis',(0.390014852059308,0.,-0.92080856597512));
#12973=DIRECTION('',(0.,-1.,0.));
#12974=DIRECTION('center_axis',(0.,-1.,0.));
#12975=DIRECTION('ref_axis',(0.,0.,1.));
#12976=DIRECTION('',(0.,-1.,0.));
#12977=DIRECTION('center_axis',(0.,-1.,0.));
#12978=DIRECTION('ref_axis',(-0.73770491803278,0.,-0.675123287933581));
#12979=DIRECTION('',(0.,-1.,0.));
#12980=DIRECTION('center_axis',(0.,-1.,0.));
#12981=DIRECTION('ref_axis',(-0.390014852059308,0.,0.92080856597512));
#12982=DIRECTION('',(0.,1.,0.));
#12983=DIRECTION('center_axis',(0.,-1.,0.));
#12984=DIRECTION('ref_axis',(0.,0.,1.));
#12985=DIRECTION('center_axis',(0.,1.,0.));
#12986=DIRECTION('ref_axis',(0.238442095379602,0.,-0.971156716061308));
#12987=DIRECTION('center_axis',(0.,-1.,0.));
#12988=DIRECTION('ref_axis',(0.238442095379602,0.,-0.971156716061308));
#12989=DIRECTION('',(-2.331179271933E-14,-1.,0.));
#12990=DIRECTION('',(0.,-1.,0.));
#12991=DIRECTION('center_axis',(0.,-1.,0.));
#12992=DIRECTION('ref_axis',(0.,0.,-1.));
#12993=DIRECTION('',(0.,1.,0.));
#12994=DIRECTION('center_axis',(0.,-1.,0.));
#12995=DIRECTION('ref_axis',(0.,0.,1.));
#12996=DIRECTION('',(0.,0.,1.));
#12997=DIRECTION('',(1.,0.,0.));
#12998=DIRECTION('center_axis',(0.,-1.,0.));
#12999=DIRECTION('ref_axis',(0.,0.,1.));
#13000=DIRECTION('',(0.,0.,-1.));
#13001=DIRECTION('',(-1.,0.,0.));
#13002=DIRECTION('center_axis',(0.,-1.,0.));
#13003=DIRECTION('ref_axis',(0.,0.,1.));
#13004=DIRECTION('',(0.,0.,1.));
#13005=DIRECTION('center_axis',(0.,1.,0.));
#13006=DIRECTION('ref_axis',(0.0864490323555197,0.,-0.996256274662697));
#13007=DIRECTION('',(0.,0.,-1.));
#13008=DIRECTION('',(0.,0.,-1.));
#13009=DIRECTION('center_axis',(0.,-1.,0.));
#13010=DIRECTION('ref_axis',(0.390014852059308,0.,-0.92080856597512));
#13011=DIRECTION('center_axis',(0.,1.,0.));
#13012=DIRECTION('ref_axis',(0.238442095379602,0.,-0.971156716061308));
#13013=DIRECTION('',(0.,0.,1.));
#13014=DIRECTION('',(1.,0.,2.098059259134E-14));
#13015=DIRECTION('',(0.,0.,1.));
#13016=DIRECTION('center_axis',(0.,1.,0.));
#13017=DIRECTION('ref_axis',(0.0864490323555197,0.,-0.996256274662697));
#13018=DIRECTION('center_axis',(0.,-1.,0.));
#13019=DIRECTION('ref_axis',(-1.,0.,0.));
#13020=DIRECTION('',(-1.,0.,0.));
#13021=DIRECTION('',(-0.0871557427476639,0.,-0.996194698091745));
#13022=DIRECTION('center_axis',(0.,1.,0.));
#13023=DIRECTION('ref_axis',(0.996194698091745,0.,-0.0871557427476639));
#13024=DIRECTION('',(-1.,0.,0.));
#13025=DIRECTION('',(1.,0.,0.));
#13026=DIRECTION('',(-1.,0.,0.));
#13027=DIRECTION('center_axis',(0.,1.,0.));
#13028=DIRECTION('ref_axis',(0.,0.,-1.));
#13029=DIRECTION('',(-0.0871557427476639,0.,0.996194698091745));
#13030=DIRECTION('',(-1.,0.,0.));
#13031=DIRECTION('',(0.,0.,1.));
#13032=DIRECTION('',(1.,0.,-1.398706172756E-14));
#13033=DIRECTION('center_axis',(0.,0.,-1.));
#13034=DIRECTION('ref_axis',(-1.,0.,0.));
#13035=DIRECTION('center_axis',(0.,0.,-1.));
#13036=DIRECTION('ref_axis',(1.,0.,0.));
#13037=DIRECTION('center_axis',(0.,-1.,0.));
#13038=DIRECTION('ref_axis',(0.,0.,1.));
#13039=DIRECTION('',(0.,1.,0.));
#13040=DIRECTION('',(0.,-1.,0.));
#13041=DIRECTION('',(0.,-1.,0.));
#13042=DIRECTION('center_axis',(0.,-1.,0.));
#13043=DIRECTION('ref_axis',(-0.390014852059308,0.,0.92080856597512));
#13044=DIRECTION('center_axis',(0.,-1.,0.));
#13045=DIRECTION('ref_axis',(0.,0.,1.));
#13046=DIRECTION('',(0.,1.,0.));
#13047=DIRECTION('',(0.,-1.,0.));
#13048=DIRECTION('center_axis',(0.,-1.,0.));
#13049=DIRECTION('ref_axis',(0.390014852059308,0.,-0.92080856597512));
#13050=DIRECTION('',(0.,-1.,0.));
#13051=DIRECTION('center_axis',(0.,-1.,0.));
#13052=DIRECTION('ref_axis',(0.,0.,1.));
#13053=DIRECTION('',(0.,-1.,0.));
#13054=DIRECTION('center_axis',(0.,-1.,0.));
#13055=DIRECTION('ref_axis',(0.,0.,1.));
#13056=DIRECTION('',(2.194728432651E-9,1.,0.));
#13057=DIRECTION('',(-6.511291207534E-9,1.,0.));
#13058=DIRECTION('center_axis',(0.,-1.,0.));
#13059=DIRECTION('ref_axis',(-0.238442095379602,0.,0.971156716061308));
#13060=DIRECTION('center_axis',(-1.,0.,0.));
#13061=DIRECTION('ref_axis',(0.,1.,0.));
#13062=DIRECTION('',(1.68863236702805E-9,7.39883345587321E-6,0.999999999972629));
#13063=DIRECTION('',(0.,-0.927183854566793,-0.374606593415897));
#13064=DIRECTION('',(0.,0.,1.));
#13065=DIRECTION('',(0.,-0.927183854566793,0.374606593415897));
#13066=DIRECTION('center_axis',(0.,0.,1.));
#13067=DIRECTION('ref_axis',(0.,1.,0.));
#13068=DIRECTION('center_axis',(0.,0.,-1.));
#13069=DIRECTION('ref_axis',(-0.999999895822552,0.000456459072212778,0.));
#13070=DIRECTION('center_axis',(0.,0.,-1.));
#13071=DIRECTION('ref_axis',(1.,0.,0.));
#13072=DIRECTION('center_axis',(0.,0.,-1.));
#13073=DIRECTION('ref_axis',(0.,1.,0.));
#13074=DIRECTION('',(0.,-1.,0.));
#13075=DIRECTION('center_axis',(0.,-1.,0.));
#13076=DIRECTION('ref_axis',(0.,0.,1.));
#13077=DIRECTION('center_axis',(0.,1.,0.));
#13078=DIRECTION('ref_axis',(0.238442095379602,0.,0.971156716061308));
#13079=DIRECTION('',(0.,-1.,0.));
#13080=DIRECTION('center_axis',(0.,1.,0.));
#13081=DIRECTION('ref_axis',(0.,0.,1.));
#13082=DIRECTION('',(0.,1.,0.));
#13083=DIRECTION('center_axis',(0.,0.,1.));
#13084=DIRECTION('ref_axis',(1.,1.398706172756E-14,0.));
#13085=DIRECTION('',(0.,2.57942714083592E-7,0.999999999999967));
#13086=DIRECTION('center_axis',(1.,0.,0.));
#13087=DIRECTION('ref_axis',(0.,-1.,0.));
#13088=DIRECTION('',(0.,0.927183854566793,-0.374606593415897));
#13089=DIRECTION('',(0.,0.,-1.));
#13090=DIRECTION('',(0.,0.927183854566793,0.374606593415897));
#13091=DIRECTION('center_axis',(0.,1.,0.));
#13092=DIRECTION('ref_axis',(0.,0.,-1.));
#13093=DIRECTION('center_axis',(0.866025403784429,0.500000000000017,0.));
#13094=DIRECTION('ref_axis',(0.500000000000017,-0.866025403784429,1.65201915219179E-16));
#13095=DIRECTION('center_axis',(0.866025403784429,0.500000000000017,0.));
#13096=DIRECTION('ref_axis',(0.500000000000017,-0.866025403784429,1.65201915219179E-16));
#13097=DIRECTION('center_axis',(0.866025403784429,0.500000000000017,0.));
#13098=DIRECTION('ref_axis',(0.500000000000017,-0.866025403784429,0.));
#13099=DIRECTION('center_axis',(0.,1.,0.));
#13100=DIRECTION('ref_axis',(0.,0.,-1.));
#13101=DIRECTION('center_axis',(0.,1.,0.));
#13102=DIRECTION('ref_axis',(0.,0.,1.));
#13103=DIRECTION('center_axis',(-0.866025403784429,0.500000000000017,0.));
#13104=DIRECTION('ref_axis',(-0.500000000000017,-0.866025403784429,1.10134610146013E-16));
#13105=DIRECTION('center_axis',(-0.866025403784429,0.500000000000017,0.));
#13106=DIRECTION('ref_axis',(-0.500000000000017,-0.866025403784429,1.10134610146013E-16));
#13107=DIRECTION('center_axis',(-0.866025403784429,0.500000000000017,0.));
#13108=DIRECTION('ref_axis',(0.500000000000017,0.866025403784429,0.));
#13109=DIRECTION('center_axis',(0.,1.,0.));
#13110=DIRECTION('ref_axis',(0.,0.,1.));
#13111=DIRECTION('center_axis',(0.,0.,1.));
#13112=DIRECTION('ref_axis',(-1.,0.,0.));
#13113=DIRECTION('',(0.,-1.,0.));
#13114=DIRECTION('center_axis',(0.,0.,1.));
#13115=DIRECTION('ref_axis',(-1.,0.,0.));
#13116=DIRECTION('center_axis',(0.,0.,-1.));
#13117=DIRECTION('ref_axis',(-0.0666666666666612,-0.997775303139718,0.));
#13118=DIRECTION('center_axis',(0.,0.,1.));
#13119=DIRECTION('ref_axis',(-1.,0.,0.));
#13120=DIRECTION('',(0.,-1.,0.));
#13121=DIRECTION('center_axis',(0.,0.,1.));
#13122=DIRECTION('ref_axis',(-1.,0.,0.));
#13123=DIRECTION('center_axis',(0.996194698091745,0.,0.087155742747664));
#13124=DIRECTION('ref_axis',(-0.0871557427476639,0.,0.996194698091745));
#13125=DIRECTION('',(0.,-1.,0.));
#13126=DIRECTION('center_axis',(0.,-1.,0.));
#13127=DIRECTION('ref_axis',(0.,0.,1.));
#13128=DIRECTION('',(0.,-1.,0.));
#13129=DIRECTION('center_axis',(0.,0.,1.));
#13130=DIRECTION('ref_axis',(-1.,0.,0.));
#13131=DIRECTION('',(0.,1.,0.));
#13132=DIRECTION('',(0.,-1.,0.));
#13133=DIRECTION('center_axis',(0.,0.,1.));
#13134=DIRECTION('ref_axis',(-1.,0.,0.));
#13135=DIRECTION('',(0.,-1.,0.));
#13136=DIRECTION('center_axis',(0.,-1.,0.));
#13137=DIRECTION('ref_axis',(0.,0.,1.));
#13138=DIRECTION('',(0.,-1.,0.));
#13139=DIRECTION('center_axis',(-0.996194698091745,0.,0.087155742747664));
#13140=DIRECTION('ref_axis',(-0.0871557427476639,0.,-0.996194698091745));
#13141=DIRECTION('center_axis',(1.,0.,0.));
#13142=DIRECTION('ref_axis',(0.,1.,0.));
#13143=DIRECTION('',(0.,1.,0.));
#13144=DIRECTION('',(0.,0.,-1.));
#13145=DIRECTION('',(0.,1.,-4.417551042628E-14));
#13146=DIRECTION('center_axis',(0.,0.,1.));
#13147=DIRECTION('ref_axis',(1.,0.,0.));
#13148=DIRECTION('center_axis',(0.,0.,1.));
#13149=DIRECTION('ref_axis',(-0.833333333333308,-0.552770798392605,0.));
#13150=DIRECTION('',(0.,-1.,4.417551042628E-14));
#13151=DIRECTION('center_axis',(-1.,0.,0.));
#13152=DIRECTION('ref_axis',(0.,-1.,0.));
#13153=DIRECTION('',(0.,0.,-1.));
#13154=DIRECTION('',(0.,-1.,0.));
#13155=DIRECTION('center_axis',(0.,0.,1.));
#13156=DIRECTION('ref_axis',(0.,1.,0.));
#13157=DIRECTION('center_axis',(0.,0.,1.));
#13158=DIRECTION('ref_axis',(-0.833333333333308,-0.552770798392605,0.));
#13159=DIRECTION('center_axis',(0.,0.,1.));
#13160=DIRECTION('ref_axis',(1.,0.,0.));
#13161=DIRECTION('center_axis',(0.,0.,-1.));
#13162=DIRECTION('ref_axis',(-1.,0.,0.));
#13163=DIRECTION('center_axis',(-1.,0.,0.));
#13164=DIRECTION('ref_axis',(0.,0.,1.));
#13165=DIRECTION('center_axis',(0.,0.,1.));
#13166=DIRECTION('ref_axis',(0.,1.,0.));
#13167=DIRECTION('center_axis',(0.,0.,-1.));
#13168=DIRECTION('ref_axis',(-0.999999895822412,0.000456459379284806,0.));
#13169=DIRECTION('',(1.68863478536305E-9,7.39883843280821E-6,0.999999999972629));
#13170=DIRECTION('center_axis',(0.,-1.,0.));
#13171=DIRECTION('ref_axis',(0.,0.,-1.));
#13172=DIRECTION('',(0.,-1.,0.));
#13173=DIRECTION('center_axis',(0.,-1.,0.));
#13174=DIRECTION('ref_axis',(0.,0.,1.));
#13175=DIRECTION('',(2.194731182875E-9,1.,0.));
#13176=DIRECTION('',(-6.511281882685E-9,1.,0.));
#13177=DIRECTION('center_axis',(0.,-1.,0.));
#13178=DIRECTION('ref_axis',(-0.238442095379602,0.,0.971156716061308));
#13179=DIRECTION('center_axis',(-1.,0.,0.));
#13180=DIRECTION('ref_axis',(0.,0.,-1.));
#13181=DIRECTION('',(0.,0.927183854566793,0.374606593415897));
#13182=DIRECTION('',(0.,0.,-1.));
#13183=DIRECTION('',(0.,0.927183854566793,-0.374606593415897));
#13184=DIRECTION('center_axis',(0.,1.,0.));
#13185=DIRECTION('ref_axis',(0.,0.,1.));
#13186=DIRECTION('center_axis',(0.866025403784429,-0.500000000000017,0.));
#13187=DIRECTION('ref_axis',(-0.500000000000017,-0.866025403784429,5.50673050730068E-17));
#13188=DIRECTION('center_axis',(0.866025403784429,-0.500000000000017,0.));
#13189=DIRECTION('ref_axis',(-0.500000000000017,-0.866025403784429,5.50673050730068E-17));
#13190=DIRECTION('center_axis',(-0.866025403784429,0.500000000000017,0.));
#13191=DIRECTION('ref_axis',(0.500000000000017,0.866025403784429,0.));
#13192=DIRECTION('center_axis',(0.,-1.,0.));
#13193=DIRECTION('ref_axis',(0.,0.,-1.));
#13194=DIRECTION('center_axis',(-1.049029629567E-14,0.,-1.));
#13195=DIRECTION('ref_axis',(1.,0.,-1.06581410364015E-14));
#13196=DIRECTION('center_axis',(0.,0.,-1.));
#13197=DIRECTION('ref_axis',(0.,1.,0.));
#13198=DIRECTION('center_axis',(0.,0.,1.));
#13199=DIRECTION('ref_axis',(1.,1.398706172756E-14,0.));
#13200=DIRECTION('',(0.,2.57807403957691E-7,0.999999999999967));
#13201=DIRECTION('center_axis',(1.,0.,0.));
#13202=DIRECTION('ref_axis',(0.,0.,1.));
#13203=DIRECTION('',(0.,-0.927183854566793,0.374606593415897));
#13204=DIRECTION('',(0.,0.,1.));
#13205=DIRECTION('',(0.,0.927183854566793,0.374606593415897));
#13206=DIRECTION('center_axis',(0.,1.,0.));
#13207=DIRECTION('ref_axis',(0.,0.,-1.));
#13208=DIRECTION('center_axis',(-0.866025403784429,-0.500000000000017,0.));
#13209=DIRECTION('ref_axis',(0.500000000000017,-0.866025403784429,2.20269220292238E-16));
#13210=DIRECTION('center_axis',(-0.866025403784429,-0.500000000000017,0.));
#13211=DIRECTION('ref_axis',(0.500000000000017,-0.866025403784429,2.20269220292238E-16));
#13212=DIRECTION('center_axis',(0.866025403784429,0.500000000000017,0.));
#13213=DIRECTION('ref_axis',(0.500000000000017,-0.866025403784429,0.));
#13214=DIRECTION('center_axis',(0.,-1.,0.));
#13215=DIRECTION('ref_axis',(0.,0.,1.));
#13216=DIRECTION('center_axis',(1.,0.,0.));
#13217=DIRECTION('ref_axis',(0.,1.,0.));
#13218=DIRECTION('',(0.,0.,1.));
#13219=DIRECTION('',(0.,0.,-1.));
#13220=DIRECTION('center_axis',(0.,0.,-1.));
#13221=DIRECTION('ref_axis',(1.,0.,0.));
#13222=DIRECTION('',(0.,0.,1.));
#13223=DIRECTION('center_axis',(1.,0.,0.));
#13224=DIRECTION('ref_axis',(0.,1.,0.));
#13225=DIRECTION('',(0.,0.,1.));
#13226=DIRECTION('center_axis',(1.,0.,0.));
#13227=DIRECTION('ref_axis',(0.,1.,0.));
#13228=DIRECTION('',(0.,0.,1.));
#13229=DIRECTION('',(0.,0.,1.));
#13230=DIRECTION('',(0.,0.,-1.));
#13231=DIRECTION('center_axis',(0.,0.,-1.));
#13232=DIRECTION('ref_axis',(1.,0.,0.));
#13233=DIRECTION('center_axis',(0.,0.,-1.));
#13234=DIRECTION('ref_axis',(0.300000000000013,0.953939201416941,0.));
#13235=DIRECTION('center_axis',(0.,0.,-1.));
#13236=DIRECTION('ref_axis',(1.,0.,0.));
#13237=DIRECTION('',(0.,0.,-1.));
#13238=DIRECTION('center_axis',(0.,-1.,0.));
#13239=DIRECTION('ref_axis',(1.,0.,0.));
#13240=DIRECTION('',(0.,0.,-1.));
#13241=DIRECTION('center_axis',(1.,0.,0.));
#13242=DIRECTION('ref_axis',(0.,1.,0.));
#13243=DIRECTION('center_axis',(0.,0.,-1.));
#13244=DIRECTION('ref_axis',(0.,1.,0.));
#13245=DIRECTION('',(0.,0.,1.));
#13246=DIRECTION('center_axis',(0.,1.,0.));
#13247=DIRECTION('ref_axis',(-1.,0.,0.));
#13248=DIRECTION('',(0.,0.,1.));
#13249=DIRECTION('center_axis',(1.,0.,0.));
#13250=DIRECTION('ref_axis',(0.,1.,0.));
#13251=DIRECTION('',(0.,0.,1.));
#13252=DIRECTION('',(0.,1.,0.));
#13253=DIRECTION('',(0.,0.,-1.));
#13254=DIRECTION('center_axis',(0.,0.,-1.));
#13255=DIRECTION('ref_axis',(0.,1.,0.));
#13256=DIRECTION('center_axis',(0.,0.,1.));
#13257=DIRECTION('ref_axis',(1.,0.,0.));
#13258=DIRECTION('',(0.,0.,1.));
#13259=DIRECTION('center_axis',(0.,0.,1.));
#13260=DIRECTION('ref_axis',(1.,0.,0.));
#13261=DIRECTION('',(-1.,0.,0.));
#13262=DIRECTION('center_axis',(0.,0.,1.));
#13263=DIRECTION('ref_axis',(0.,1.,0.));
#13264=DIRECTION('',(0.,-1.,0.));
#13265=DIRECTION('',(-1.,0.,0.));
#13266=DIRECTION('center_axis',(0.,1.,0.));
#13267=DIRECTION('ref_axis',(-1.,0.,0.));
#13268=DIRECTION('',(0.,0.,-1.));
#13269=DIRECTION('',(0.,0.,1.));
#13270=DIRECTION('',(1.,0.,0.));
#13271=DIRECTION('',(0.,0.,1.));
#13272=DIRECTION('',(1.,0.,0.));
#13273=DIRECTION('',(0.,0.,1.));
#13274=DIRECTION('',(1.,0.,0.));
#13275=DIRECTION('',(0.,0.,1.));
#13276=DIRECTION('',(1.,0.,0.));
#13277=DIRECTION('',(0.,0.,1.));
#13278=DIRECTION('',(1.,0.,0.));
#13279=DIRECTION('',(0.,0.,1.));
#13280=DIRECTION('',(1.,0.,0.));
#13281=DIRECTION('',(0.,0.,1.));
#13282=DIRECTION('',(1.,0.,0.));
#13283=DIRECTION('',(0.,0.,1.));
#13284=DIRECTION('',(1.,0.,0.));
#13285=DIRECTION('',(0.,0.,1.));
#13286=DIRECTION('',(1.,0.,0.));
#13287=DIRECTION('',(0.,0.,1.));
#13288=DIRECTION('',(1.,0.,0.));
#13289=DIRECTION('',(0.,0.,1.));
#13290=DIRECTION('',(1.,0.,0.));
#13291=DIRECTION('',(0.,0.,1.));
#13292=DIRECTION('',(1.,0.,0.));
#13293=DIRECTION('',(0.,0.,1.));
#13294=DIRECTION('',(1.,0.,0.));
#13295=DIRECTION('',(0.,0.,1.));
#13296=DIRECTION('',(1.,0.,0.));
#13297=DIRECTION('',(0.,0.,1.));
#13298=DIRECTION('',(1.,0.,0.));
#13299=DIRECTION('',(0.,0.,1.));
#13300=DIRECTION('',(1.,0.,0.));
#13301=DIRECTION('center_axis',(-1.,0.,0.));
#13302=DIRECTION('ref_axis',(0.,-1.,0.));
#13303=DIRECTION('',(0.,0.,1.));
#13304=DIRECTION('',(0.,0.,1.));
#13305=DIRECTION('center_axis',(0.,0.,-1.));
#13306=DIRECTION('ref_axis',(-1.,0.,0.));
#13307=DIRECTION('',(0.,0.,1.));
#13308=DIRECTION('center_axis',(0.,1.,0.));
#13309=DIRECTION('ref_axis',(-1.,0.,0.));
#13310=DIRECTION('center_axis',(0.,1.,0.));
#13311=DIRECTION('ref_axis',(-1.,0.,0.));
#13312=DIRECTION('center_axis',(1.,0.,0.));
#13313=DIRECTION('ref_axis',(0.,0.,-1.));
#13314=DIRECTION('',(0.,-0.443885182213093,-0.896083670764985));
#13315=DIRECTION('',(0.,0.443885182213092,0.896083670764985));
#13316=DIRECTION('center_axis',(0.,0.896083670764985,-0.443885182213093));
#13317=DIRECTION('ref_axis',(0.,0.443885182213092,0.896083670764985));
#13318=DIRECTION('',(0.,0.443885182213092,0.896083670764985));
#13319=DIRECTION('center_axis',(1.,0.,0.));
#13320=DIRECTION('ref_axis',(0.,0.,-1.));
#13321=DIRECTION('',(0.,-0.443885182213093,-0.896083670764985));
#13322=DIRECTION('center_axis',(0.,-0.896083670764985,0.443885182213093));
#13323=DIRECTION('ref_axis',(0.,-0.443885182213092,-0.896083670764985));
#13324=DIRECTION('center_axis',(1.,0.,0.));
#13325=DIRECTION('ref_axis',(0.,0.,-1.));
#13326=DIRECTION('',(0.,-0.443885182213093,-0.896083670764985));
#13327=DIRECTION('',(0.,0.443885182213092,0.896083670764985));
#13328=DIRECTION('center_axis',(0.,0.896083670764985,-0.443885182213093));
#13329=DIRECTION('ref_axis',(0.,0.443885182213092,0.896083670764985));
#13330=DIRECTION('',(0.,0.443885182213092,0.896083670764985));
#13331=DIRECTION('center_axis',(1.,0.,0.));
#13332=DIRECTION('ref_axis',(0.,0.,-1.));
#13333=DIRECTION('',(0.,-0.443885182213093,-0.896083670764985));
#13334=DIRECTION('center_axis',(0.,-0.896083670764985,0.443885182213093));
#13335=DIRECTION('ref_axis',(0.,-0.443885182213092,-0.896083670764985));
#13336=DIRECTION('center_axis',(1.,0.,0.));
#13337=DIRECTION('ref_axis',(0.,0.,-1.));
#13338=DIRECTION('',(0.,-0.443885182213093,-0.896083670764985));
#13339=DIRECTION('',(0.,0.443885182213092,0.896083670764985));
#13340=DIRECTION('center_axis',(0.,0.896083670764985,-0.443885182213093));
#13341=DIRECTION('ref_axis',(0.,0.443885182213092,0.896083670764985));
#13342=DIRECTION('',(0.,0.443885182213092,0.896083670764985));
#13343=DIRECTION('center_axis',(1.,0.,0.));
#13344=DIRECTION('ref_axis',(0.,0.,-1.));
#13345=DIRECTION('',(0.,-0.443885182213093,-0.896083670764985));
#13346=DIRECTION('center_axis',(0.,-0.896083670764985,0.443885182213093));
#13347=DIRECTION('ref_axis',(0.,-0.443885182213092,-0.896083670764985));
#13348=DIRECTION('center_axis',(1.,0.,0.));
#13349=DIRECTION('ref_axis',(0.,0.,-1.));
#13350=DIRECTION('',(0.,-0.443885182213093,-0.896083670764985));
#13351=DIRECTION('',(0.,0.443885182213092,0.896083670764985));
#13352=DIRECTION('center_axis',(0.,0.896083670764985,-0.443885182213093));
#13353=DIRECTION('ref_axis',(0.,0.443885182213092,0.896083670764985));
#13354=DIRECTION('',(0.,0.443885182213092,0.896083670764985));
#13355=DIRECTION('center_axis',(1.,0.,0.));
#13356=DIRECTION('ref_axis',(0.,0.,-1.));
#13357=DIRECTION('',(0.,-0.443885182213093,-0.896083670764985));
#13358=DIRECTION('center_axis',(0.,-0.896083670764985,0.443885182213093));
#13359=DIRECTION('ref_axis',(0.,-0.443885182213092,-0.896083670764985));
#13360=DIRECTION('center_axis',(1.,0.,0.));
#13361=DIRECTION('ref_axis',(0.,0.,-1.));
#13362=DIRECTION('',(0.,-0.443885182213093,-0.896083670764985));
#13363=DIRECTION('',(0.,0.443885182213092,0.896083670764985));
#13364=DIRECTION('center_axis',(0.,0.896083670764985,-0.443885182213093));
#13365=DIRECTION('ref_axis',(0.,0.443885182213092,0.896083670764985));
#13366=DIRECTION('',(0.,0.443885182213092,0.896083670764985));
#13367=DIRECTION('center_axis',(1.,0.,0.));
#13368=DIRECTION('ref_axis',(0.,0.,-1.));
#13369=DIRECTION('',(0.,-0.443885182213093,-0.896083670764985));
#13370=DIRECTION('center_axis',(0.,-0.896083670764985,0.443885182213093));
#13371=DIRECTION('ref_axis',(0.,-0.443885182213092,-0.896083670764985));
#13372=DIRECTION('center_axis',(1.,0.,0.));
#13373=DIRECTION('ref_axis',(0.,0.,-1.));
#13374=DIRECTION('',(0.,-0.443885182213093,-0.896083670764985));
#13375=DIRECTION('',(0.,0.443885182213092,0.896083670764985));
#13376=DIRECTION('center_axis',(0.,0.896083670764985,-0.443885182213093));
#13377=DIRECTION('ref_axis',(0.,0.443885182213092,0.896083670764985));
#13378=DIRECTION('',(0.,0.443885182213092,0.896083670764985));
#13379=DIRECTION('center_axis',(1.,0.,0.));
#13380=DIRECTION('ref_axis',(0.,0.,-1.));
#13381=DIRECTION('',(0.,-0.443885182213093,-0.896083670764985));
#13382=DIRECTION('center_axis',(0.,-0.896083670764985,0.443885182213093));
#13383=DIRECTION('ref_axis',(0.,-0.443885182213092,-0.896083670764985));
#13384=DIRECTION('center_axis',(1.,0.,0.));
#13385=DIRECTION('ref_axis',(0.,0.,-1.));
#13386=DIRECTION('',(0.,-0.443885182213093,-0.896083670764985));
#13387=DIRECTION('',(0.,0.443885182213092,0.896083670764985));
#13388=DIRECTION('center_axis',(0.,0.896083670764985,-0.443885182213093));
#13389=DIRECTION('ref_axis',(0.,0.443885182213092,0.896083670764985));
#13390=DIRECTION('',(0.,0.443885182213092,0.896083670764985));
#13391=DIRECTION('center_axis',(1.,0.,0.));
#13392=DIRECTION('ref_axis',(0.,0.,-1.));
#13393=DIRECTION('',(0.,-0.443885182213093,-0.896083670764985));
#13394=DIRECTION('center_axis',(0.,-0.896083670764985,0.443885182213093));
#13395=DIRECTION('ref_axis',(0.,-0.443885182213092,-0.896083670764985));
#13396=DIRECTION('center_axis',(1.,0.,0.));
#13397=DIRECTION('ref_axis',(0.,0.,-1.));
#13398=DIRECTION('',(0.,-0.443885182213093,-0.896083670764985));
#13399=DIRECTION('',(0.,0.443885182213092,0.896083670764985));
#13400=DIRECTION('center_axis',(0.,0.896083670764985,-0.443885182213093));
#13401=DIRECTION('ref_axis',(0.,0.443885182213092,0.896083670764985));
#13402=DIRECTION('',(0.,0.443885182213092,0.896083670764985));
#13403=DIRECTION('center_axis',(1.,0.,0.));
#13404=DIRECTION('ref_axis',(0.,0.,-1.));
#13405=DIRECTION('',(0.,-0.443885182213093,-0.896083670764985));
#13406=DIRECTION('center_axis',(0.,-0.896083670764985,0.443885182213093));
#13407=DIRECTION('ref_axis',(0.,-0.443885182213092,-0.896083670764985));
#13408=DIRECTION('center_axis',(0.,0.,-1.));
#13409=DIRECTION('ref_axis',(-1.,0.,0.));
#13410=DIRECTION('',(0.,0.,1.));
#13411=DIRECTION('center_axis',(-1.,0.,0.));
#13412=DIRECTION('ref_axis',(0.,-1.,0.));
#13413=DIRECTION('',(0.,0.,1.));
#13414=DIRECTION('center_axis',(0.,0.,-1.));
#13415=DIRECTION('ref_axis',(-0.300000000000013,-0.953939201416941,0.));
#13416=DIRECTION('center_axis',(0.,0.,-1.));
#13417=DIRECTION('ref_axis',(0.,-1.,0.));
#13418=DIRECTION('',(0.,0.,-1.));
#13419=DIRECTION('center_axis',(0.,-1.,0.));
#13420=DIRECTION('ref_axis',(1.,0.,0.));
#13421=DIRECTION('',(0.,0.,-1.));
#13422=DIRECTION('center_axis',(-1.,0.,0.));
#13423=DIRECTION('ref_axis',(0.,-1.,0.));
#13424=DIRECTION('center_axis',(0.,-0.976296007119932,-0.216439613938107));
#13425=DIRECTION('ref_axis',(-1.,0.,0.));
#13426=DIRECTION('',(0.,-0.216439613938107,0.976296007119932));
#13427=DIRECTION('',(-1.,0.,0.));
#13428=DIRECTION('',(0.,-0.216439613938107,0.976296007119932));
#13429=DIRECTION('center_axis',(1.,0.,0.));
#13430=DIRECTION('ref_axis',(0.,-0.976296007119932,-0.216439613938107));
#13431=DIRECTION('',(0.,-0.976296007119933,-0.216439613938107));
#13432=DIRECTION('',(0.,-0.216439613938107,0.976296007119932));
#13433=DIRECTION('center_axis',(0.,0.976296007119932,0.216439613938107));
#13434=DIRECTION('ref_axis',(1.,0.,0.));
#13435=DIRECTION('',(1.,0.,0.));
#13436=DIRECTION('',(0.,-0.216439613938107,0.976296007119932));
#13437=DIRECTION('center_axis',(-1.,0.,0.));
#13438=DIRECTION('ref_axis',(0.,0.976296007119932,0.216439613938107));
#13439=DIRECTION('',(0.,0.976296007119933,0.216439613938107));
#13440=DIRECTION('center_axis',(0.,0.216439613938107,-0.976296007119932));
#13441=DIRECTION('ref_axis',(0.,0.976296007119932,0.216439613938107));
#13442=DIRECTION('',(-1.,0.,0.));
#13443=DIRECTION('',(0.484809620246308,-0.853887727828615,-0.189302351755903));
#13444=DIRECTION('',(1.,0.,0.));
#13445=DIRECTION('',(-0.484809620246308,-0.853887727828615,-0.189302351755903));
#13446=DIRECTION('',(-1.,0.,0.));
#13447=DIRECTION('',(-0.428960660306414,-0.881910805334229,-0.195514918469707));
#13448=DIRECTION('',(-1.,0.,0.));
#13449=DIRECTION('',(-0.422618261740695,0.884824673705589,0.196160907535298));
#13450=DIRECTION('',(0.374606593415908,-0.905205895079619,-0.200679315532104));
#13451=DIRECTION('',(1.,0.,0.));
#13452=DIRECTION('',(0.,-0.976296007119932,-0.216439613938107));
#13453=DIRECTION('',(-1.,0.,0.));
#13454=DIRECTION('',(0.,-0.976296007119932,-0.216439613938107));
#13455=DIRECTION('',(-0.389395009517293,0.899237801526185,0.199356221045097));
#13456=DIRECTION('',(-1.,0.,0.));
#13457=DIRECTION('',(-0.389396220309604,-0.899237301780208,-0.199356110254102));
#13458=DIRECTION('',(0.,0.976296007119932,0.216439613938107));
#13459=DIRECTION('',(-1.,0.,0.));
#13460=DIRECTION('',(0.,-0.976296007119932,-0.216439613938107));
#13461=DIRECTION('',(1.,0.,0.));
#13462=DIRECTION('',(-0.374606593415908,-0.905205895079619,-0.200679315532104));
#13463=DIRECTION('',(-1.,0.,0.));
#13464=DIRECTION('',(0.,-0.976296007119932,-0.216439613938107));
#13465=DIRECTION('',(1.,0.,0.));
#13466=DIRECTION('',(-1.,0.,0.));
#13467=DIRECTION('',(0.,0.976296007119932,0.216439613938107));
#13468=DIRECTION('center_axis',(0.,0.216439613938107,-0.976296007119932));
#13469=DIRECTION('ref_axis',(0.,0.976296007119932,0.216439613938107));
#13470=DIRECTION('',(-0.428960660306414,-0.881910805334229,-0.195514918469707));
#13471=DIRECTION('',(-0.422618261740695,0.884824673705589,0.196160907535298));
#13472=DIRECTION('',(1.,0.,0.));
#13473=DIRECTION('center_axis',(0.,0.216439613938107,-0.976296007119932));
#13474=DIRECTION('ref_axis',(0.,0.976296007119932,0.216439613938107));
#13475=DIRECTION('',(0.,-0.976296007119932,-0.216439613938107));
#13476=DIRECTION('',(1.,0.,0.));
#13477=DIRECTION('center_axis',(0.,0.216439613938107,-0.976296007119932));
#13478=DIRECTION('ref_axis',(-5.42429918931018E-14,-0.976296007119932,-0.216439613938107));
#13479=DIRECTION('',(-1.,0.,0.));
#13480=DIRECTION('center_axis',(0.,-0.976296007119932,-0.216439613938107));
#13481=DIRECTION('ref_axis',(-1.,0.,0.));
#13482=DIRECTION('',(0.,0.216439613938107,-0.976296007119932));
#13483=DIRECTION('',(0.,0.216439613938107,-0.976296007119932));
#13484=DIRECTION('',(-1.,0.,0.));
#13485=DIRECTION('center_axis',(0.874619707139409,0.473317696459805,0.104932007039601));
#13486=DIRECTION('ref_axis',(0.484809620246314,-0.853887727828612,-0.189302351755902));
#13487=DIRECTION('',(0.,0.216439613938107,-0.976296007119932));
#13488=DIRECTION('',(0.484809620246308,-0.853887727828615,-0.189302351755903));
#13489=DIRECTION('center_axis',(0.,0.976296007119932,0.216439613938107));
#13490=DIRECTION('ref_axis',(1.,0.,0.));
#13491=DIRECTION('',(0.,0.216439613938107,-0.976296007119932));
#13492=DIRECTION('',(1.,0.,0.));
#13493=DIRECTION('center_axis',(-0.874619707139409,0.473317696459805,0.104932007039601));
#13494=DIRECTION('ref_axis',(0.484809620246314,0.853887727828612,0.189302351755902));
#13495=DIRECTION('',(0.484809620246308,0.853887727828615,0.189302351755903));
#13496=DIRECTION('',(0.,0.216439613938107,-0.976296007119932));
#13497=DIRECTION('center_axis',(0.,-0.976296007119932,-0.216439613938107));
#13498=DIRECTION('ref_axis',(-1.,0.,0.));
#13499=DIRECTION('',(0.,0.216439613938107,-0.976296007119932));
#13500=DIRECTION('',(-1.,0.,0.));
#13501=DIRECTION('center_axis',(0.903323171356457,-0.41879257986868,-0.0928440797113556));
#13502=DIRECTION('ref_axis',(-0.428960660306412,-0.88191080533423,-0.195514918469708));
#13503=DIRECTION('',(0.,0.216439613938107,-0.976296007119932));
#13504=DIRECTION('',(-0.428960660306414,-0.881910805334229,-0.195514918469707));
#13505=DIRECTION('center_axis',(0.,-0.976296007119932,-0.216439613938107));
#13506=DIRECTION('ref_axis',(-1.,0.,0.));
#13507=DIRECTION('',(0.,0.216439613938107,-0.976296007119932));
#13508=DIRECTION('',(-1.,0.,0.));
#13509=DIRECTION('center_axis',(-0.906307787036645,-0.412600521473421,-0.0914713334143546));
#13510=DIRECTION('ref_axis',(-0.422618261740709,0.884824673705582,0.196160907535297));
#13511=DIRECTION('',(-0.422618261740695,0.884824673705589,0.196160907535298));
#13512=DIRECTION('center_axis',(0.,0.216439613938107,-0.976296007119932));
#13513=DIRECTION('ref_axis',(-1.,0.,0.));
#13514=DIRECTION('',(-0.428960660306414,-0.881910805334229,-0.195514918469707));
#13515=DIRECTION('',(1.,0.,0.));
#13516=DIRECTION('',(-0.422618261740695,0.884824673705589,0.196160907535298));
#13517=DIRECTION('center_axis',(0.,0.216439613938107,-0.976296007119932));
#13518=DIRECTION('ref_axis',(-1.,0.,0.));
#13519=DIRECTION('',(1.,0.,0.));
#13520=DIRECTION('',(0.374606593415908,-0.905205895079619,-0.200679315532104));
#13521=DIRECTION('',(0.374606593415908,0.905205895079619,0.200679315532104));
#13522=DIRECTION('',(1.,0.,0.));
#13523=DIRECTION('',(0.,-0.976296007119932,-0.216439613938107));
#13524=DIRECTION('',(-1.,0.,0.));
#13525=DIRECTION('',(0.,0.976296007119932,0.216439613938107));
#13526=DIRECTION('',(-0.389396220309604,-0.899237301780208,-0.199356110254102));
#13527=DIRECTION('',(-1.,0.,0.));
#13528=DIRECTION('',(-0.389395009517293,0.899237801526185,0.199356221045097));
#13529=DIRECTION('',(0.,-0.976296007119932,-0.216439613938107));
#13530=DIRECTION('',(-1.,0.,0.));
#13531=DIRECTION('',(0.,0.976296007119932,0.216439613938107));
#13532=DIRECTION('center_axis',(0.,0.216439613938107,-0.976296007119932));
#13533=DIRECTION('ref_axis',(-1.,0.,0.));
#13534=DIRECTION('',(-1.,0.,0.));
#13535=DIRECTION('',(0.,0.976296007119932,0.216439613938107));
#13536=DIRECTION('',(-1.,0.,0.));
#13537=DIRECTION('',(1.,0.,0.));
#13538=DIRECTION('',(0.,-0.976296007119932,-0.216439613938107));
#13539=DIRECTION('',(0.,0.976296007119932,0.216439613938107));
#13540=DIRECTION('',(-1.,0.,0.));
#13541=DIRECTION('center_axis',(0.,-0.216439613938107,0.976296007119932));
#13542=DIRECTION('ref_axis',(1.80809972977006E-14,0.976296007119932,0.216439613938107));
#13543=DIRECTION('',(1.,0.,0.));
#13544=DIRECTION('center_axis',(0.903323171356457,-0.41879257986868,-0.0928440797113556));
#13545=DIRECTION('ref_axis',(-0.428960660306412,-0.88191080533423,-0.195514918469708));
#13546=DIRECTION('',(0.,0.216439613938107,-0.976296007119932));
#13547=DIRECTION('',(0.,0.216439613938107,-0.976296007119932));
#13548=DIRECTION('center_axis',(-0.906307787036663,-0.412600521473383,-0.0914713334143463));
#13549=DIRECTION('ref_axis',(-0.422618261740671,0.8848246737056,0.196160907535301));
#13550=DIRECTION('',(0.,0.216439613938107,-0.976296007119932));
#13551=DIRECTION('center_axis',(0.,0.976296007119932,0.216439613938107));
#13552=DIRECTION('ref_axis',(1.,0.,0.));
#13553=DIRECTION('center_axis',(0.,0.976296007119932,0.216439613938107));
#13554=DIRECTION('ref_axis',(1.,0.,0.));
#13555=DIRECTION('',(0.,0.216439613938107,-0.976296007119932));
#13556=DIRECTION('',(0.,0.216439613938107,-0.976296007119932));
#13557=DIRECTION('center_axis',(-1.,0.,0.));
#13558=DIRECTION('ref_axis',(0.,0.976296007119932,0.216439613938107));
#13559=DIRECTION('',(0.,0.216439613938107,-0.976296007119932));
#13560=DIRECTION('center_axis',(0.,-0.976296007119932,-0.216439613938107));
#13561=DIRECTION('ref_axis',(-1.,0.,0.));
#13562=DIRECTION('',(0.,0.216439613938107,-0.976296007119932));
#13563=DIRECTION('center_axis',(1.,0.,0.));
#13564=DIRECTION('ref_axis',(0.,-0.976296007119932,-0.216439613938107));
#13565=DIRECTION('',(0.,0.216439613938107,-0.976296007119932));
#13566=DIRECTION('center_axis',(-0.92107085860047,-0.380164792984188,-0.0842805055293473));
#13567=DIRECTION('ref_axis',(-0.389395009517319,0.899237801526174,0.199356221045093));
#13568=DIRECTION('',(0.,0.216439613938107,-0.976296007119932));
#13569=DIRECTION('center_axis',(0.,-0.976296007119932,-0.216439613938107));
#13570=DIRECTION('ref_axis',(-1.,0.,0.));
#13571=DIRECTION('',(0.,0.216439613938107,-0.976296007119932));
#13572=DIRECTION('center_axis',(0.921070346720902,-0.380165975075901,-0.0842807675927702));
#13573=DIRECTION('ref_axis',(-0.389396220309644,-0.899237301780192,-0.199356110254097));
#13574=DIRECTION('',(0.,0.216439613938107,-0.976296007119932));
#13575=DIRECTION('center_axis',(-1.,0.,0.));
#13576=DIRECTION('ref_axis',(0.,0.976296007119932,0.216439613938107));
#13577=DIRECTION('',(0.,0.216439613938107,-0.976296007119932));
#13578=DIRECTION('center_axis',(0.,-0.976296007119932,-0.216439613938107));
#13579=DIRECTION('ref_axis',(-1.,0.,0.));
#13580=DIRECTION('',(0.,0.216439613938107,-0.976296007119932));
#13581=DIRECTION('center_axis',(1.,0.,0.));
#13582=DIRECTION('ref_axis',(0.,-0.976296007119932,-0.216439613938107));
#13583=DIRECTION('',(0.,0.216439613938107,-0.976296007119932));
#13584=DIRECTION('center_axis',(0.,0.976296007119932,0.216439613938107));
#13585=DIRECTION('ref_axis',(1.,0.,0.));
#13586=DIRECTION('',(0.,0.216439613938107,-0.976296007119932));
#13587=DIRECTION('center_axis',(-0.927183854566774,0.36572692139279,0.0810797064576077));
#13588=DIRECTION('ref_axis',(0.374606593415946,0.905205895079604,0.200679315532103));
#13589=DIRECTION('',(0.,0.216439613938107,-0.976296007119932));
#13590=DIRECTION('center_axis',(0.927183854566774,0.36572692139279,0.0810797064576077));
#13591=DIRECTION('ref_axis',(0.374606593415945,-0.905205895079604,-0.200679315532103));
#13592=DIRECTION('center_axis',(0.,-0.976296007119932,-0.216439613938107));
#13593=DIRECTION('ref_axis',(-1.,0.,0.));
#13594=DIRECTION('',(0.,0.216439613938107,-0.976296007119932));
#13595=DIRECTION('',(0.,0.216439613938107,-0.976296007119932));
#13596=DIRECTION('center_axis',(1.,0.,0.));
#13597=DIRECTION('ref_axis',(0.,-0.976296007119932,-0.216439613938107));
#13598=DIRECTION('',(0.,0.216439613938107,-0.976296007119932));
#13599=DIRECTION('center_axis',(0.,0.976296007119932,0.216439613938107));
#13600=DIRECTION('ref_axis',(1.,0.,0.));
#13601=DIRECTION('',(3.78816255121512E-14,0.216439613938107,-0.976296007119932));
#13602=DIRECTION('',(0.,0.216439613938107,-0.976296007119932));
#13603=DIRECTION('',(0.,0.216439613938107,-0.976296007119932));
#13604=DIRECTION('center_axis',(0.,-0.976296007119932,-0.216439613938107));
#13605=DIRECTION('ref_axis',(-1.,0.,0.));
#13606=DIRECTION('',(0.,0.216439613938107,-0.976296007119932));
#13607=DIRECTION('center_axis',(-1.,0.,0.));
#13608=DIRECTION('ref_axis',(0.,0.976296007119932,0.216439613938107));
#13609=DIRECTION('center_axis',(-1.,0.,0.));
#13610=DIRECTION('ref_axis',(0.,0.976296007119932,0.216439613938107));
#13611=DIRECTION('',(0.,0.216439613938107,-0.976296007119932));
#13612=DIRECTION('',(0.,0.216439613938107,-0.976296007119932));
#13613=DIRECTION('center_axis',(0.,0.976296007119932,0.216439613938107));
#13614=DIRECTION('ref_axis',(1.,0.,0.));
#13615=DIRECTION('',(1.16558847729704E-14,0.216439613938107,-0.976296007119932));
#13616=DIRECTION('center_axis',(0.,0.216439613938107,-0.976296007119932));
#13617=DIRECTION('ref_axis',(-1.,0.,0.));
#13618=DIRECTION('',(0.,0.216439613938107,-0.976296007119932));
#13619=DIRECTION('center_axis',(0.,-0.976296007119932,-0.216439613938107));
#13620=DIRECTION('ref_axis',(-1.,0.,0.));
#13621=DIRECTION('axis',(0.,0.,1.));
#13622=DIRECTION('refdir',(1.,0.,0.));
#13623=DIRECTION('center_axis',(-1.,0.,0.));
#13624=DIRECTION('ref_axis',(0.,-1.,0.));
#13625=DIRECTION('',(0.,1.,0.));
#13626=DIRECTION('',(0.,0.,1.));
#13627=DIRECTION('',(0.,-1.,0.));
#13628=DIRECTION('',(0.,0.,1.));
#13629=DIRECTION('center_axis',(-3.01691039300314E-16,1.,0.));
#13630=DIRECTION('ref_axis',(-1.,-3.02535774210355E-16,0.));
#13631=DIRECTION('',(1.,3.01691039300314E-16,0.));
#13632=DIRECTION('',(-1.,-3.01691039300314E-16,0.));
#13633=DIRECTION('',(0.,0.,1.));
#13634=DIRECTION('center_axis',(1.,9.63735264431559E-17,0.));
#13635=DIRECTION('ref_axis',(-9.71445146547012E-17,1.,0.));
#13636=DIRECTION('',(9.6373526443156E-17,-1.,0.));
#13637=DIRECTION('',(-9.6373526443156E-17,1.,0.));
#13638=DIRECTION('',(0.,0.,1.));
#13639=DIRECTION('center_axis',(7.54227598250785E-17,-1.,0.));
#13640=DIRECTION('ref_axis',(1.,7.49400541621981E-17,0.));
#13641=DIRECTION('',(-1.,-7.54227598250785E-17,0.));
#13642=DIRECTION('',(1.,7.54227598250785E-17,0.));
#13643=DIRECTION('center_axis',(0.,0.,1.));
#13644=DIRECTION('ref_axis',(1.,0.,0.));
#13645=DIRECTION('center_axis',(0.,0.,1.));
#13646=DIRECTION('ref_axis',(1.,0.,0.));
#13647=DIRECTION('',(-1.80129253435143E-16,1.61451782669947E-15,1.));
#13648=DIRECTION('',(1.,3.19578398166253E-31,1.80129253435143E-16));
#13649=DIRECTION('',(-1.94289029309403E-16,-1.,1.61451782669947E-15));
#13650=DIRECTION('',(1.,-1.94289029309403E-16,1.04706493610064E-16));
#13651=DIRECTION('',(-1.94289029309403E-16,-1.,1.61451782669947E-15));
#13652=DIRECTION('',(1.,-1.94289029309403E-16,1.04706493610064E-16));
#13653=DIRECTION('',(-1.94289029309403E-16,-1.,1.61451782669947E-15));
#13654=DIRECTION('',(1.,-1.94289029309403E-16,1.04706493610064E-16));
#13655=DIRECTION('',(-1.94289029309403E-16,-1.,1.61451782669947E-15));
#13656=DIRECTION('',(1.,-1.94289029309403E-16,1.04706493610064E-16));
#13657=DIRECTION('',(2.77555756156288E-16,1.,-1.61451782669947E-15));
#13658=DIRECTION('',(1.,-2.77555756156287E-16,7.08088572210694E-16));
#13659=DIRECTION('',(2.77555756156288E-16,1.,-1.61451782669947E-15));
#13660=DIRECTION('',(1.,-2.77555756156287E-16,7.08088572210694E-16));
#13661=DIRECTION('',(2.77555756156288E-16,1.,-1.61451782669947E-15));
#13662=DIRECTION('',(1.,-2.77555756156287E-16,7.08088572210694E-16));
#13663=DIRECTION('',(2.77555756156288E-16,1.,-1.61451782669947E-15));
#13664=DIRECTION('',(1.,-2.77555756156287E-16,7.08088572210694E-16));
#13665=CARTESIAN_POINT('',(0.,0.,0.));
#13666=CARTESIAN_POINT('',(0.,0.,0.));
#13667=CARTESIAN_POINT('Origin',(7.812,3.48169196256135,-6.74062405198245));
#13668=CARTESIAN_POINT('',(7.812,3.87229164423263,-7.07692875715585));
#13669=CARTESIAN_POINT('',(7.812,3.48169196256135,-6.74062405198245));
#13670=CARTESIAN_POINT('',(7.812,2.97043076543378,-6.30043028267137));
#13671=CARTESIAN_POINT('',(7.802,3.87229164423263,-7.07692875715585));
#13672=CARTESIAN_POINT('',(7.812,3.87229164423263,-7.07692875715585));
#13673=CARTESIAN_POINT('',(7.802,3.48169196256135,-6.74062405198245));
#13674=CARTESIAN_POINT('',(7.802,3.56521191936616,-6.81253438823556));
#13675=CARTESIAN_POINT('',(7.812,3.48169196256135,-6.74062405198245));
#13676=CARTESIAN_POINT('Origin',(7.812,3.48169196256135,-7.07692875715585));
#13677=CARTESIAN_POINT('',(7.812,3.48169196256135,-7.07692875715585));
#13678=CARTESIAN_POINT('',(7.812,3.48169196256135,-8.33313691467438));
#13679=CARTESIAN_POINT('',(7.802,3.48169196256135,-7.07692875715585));
#13680=CARTESIAN_POINT('',(7.802,3.48169196256135,-7.05992196817381));
#13681=CARTESIAN_POINT('',(7.812,3.48169196256135,-7.07692875715585));
#13682=CARTESIAN_POINT('Origin',(7.812,3.87229164423263,-7.07692875715585));
#13683=CARTESIAN_POINT('',(7.812,1.56035710843173,-7.07692875715585));
#13684=CARTESIAN_POINT('',(7.802,3.69229055822899,-7.07692875715585));
#13685=CARTESIAN_POINT('Origin',(7.812,3.48169196256135,-7.32490282892227));
#13686=CARTESIAN_POINT('',(7.812,3.48169196256135,-7.32490282892227));
#13687=CARTESIAN_POINT('',(7.812,3.37391238234915,-7.32490282892227));
#13688=CARTESIAN_POINT('',(7.812,1.36505726759609,-7.32490282892227));
#13689=CARTESIAN_POINT('',(7.802,3.48169196256135,-7.32490282892227));
#13690=CARTESIAN_POINT('',(7.812,3.48169196256135,-7.32490282892227));
#13691=CARTESIAN_POINT('',(7.802,3.37391238234915,-7.32490282892227));
#13692=CARTESIAN_POINT('',(7.802,3.48169196256135,-7.32490282892227));
#13693=CARTESIAN_POINT('',(7.812,3.37391238234915,-7.32490282892227));
#13694=CARTESIAN_POINT('Origin',(7.812,3.48169196256135,-7.20577802974036));
#13695=CARTESIAN_POINT('',(7.812,3.48169196256135,-7.20577802974036));
#13696=CARTESIAN_POINT('',(7.812,3.48169196256135,-8.39756155096664));
#13697=CARTESIAN_POINT('',(7.802,3.48169196256135,-7.20577802974036));
#13698=CARTESIAN_POINT('',(7.812,3.48169196256135,-7.20577802974036));
#13699=CARTESIAN_POINT('',(7.802,3.48169196256135,-7.20577802974036));
#13700=CARTESIAN_POINT('Origin',(7.812,4.03031433702495,-7.20577802974036));
#13701=CARTESIAN_POINT('',(7.812,4.03031433702495,-7.20577802974036));
#13702=CARTESIAN_POINT('',(7.812,1.63936845482789,-7.20577802974036));
#13703=CARTESIAN_POINT('',(7.802,4.03031433702495,-7.20577802974036));
#13704=CARTESIAN_POINT('',(7.812,4.03031433702495,-7.20577802974036));
#13705=CARTESIAN_POINT('',(7.802,4.03031433702495,-7.20577802974036));
#13706=CARTESIAN_POINT('Origin',(7.812,4.03031433702495,-7.08260136664071));
#13707=CARTESIAN_POINT('',(7.812,4.03031433702495,-7.08260136664071));
#13708=CARTESIAN_POINT('',(7.812,4.03031433702495,-8.33597321941681));
#13709=CARTESIAN_POINT('',(7.802,4.03031433702495,-7.08260136664071));
#13710=CARTESIAN_POINT('',(7.812,4.03031433702495,-7.08260136664071));
#13711=CARTESIAN_POINT('',(7.802,4.03031433702495,-7.08260136664071));
#13712=CARTESIAN_POINT('Origin',(7.812,3.51491724668692,-6.6352755901209));
#13713=CARTESIAN_POINT('',(7.812,3.51491724668692,-6.6352755901209));
#13714=CARTESIAN_POINT('',(7.812,3.02937794291717,-6.21386411892452));
#13715=CARTESIAN_POINT('',(7.802,3.51491724668692,-6.6352755901209));
#13716=CARTESIAN_POINT('',(7.812,3.51491724668692,-6.6352755901209));
#13717=CARTESIAN_POINT('',(7.802,3.51491724668692,-6.6352755901209));
#13718=CARTESIAN_POINT('Origin',(7.812,3.37391238234915,-6.6352755901209));
#13719=CARTESIAN_POINT('',(7.812,3.37391238234915,-6.6352755901209));
#13720=CARTESIAN_POINT('',(7.812,1.31116747748999,-6.6352755901209));
#13721=CARTESIAN_POINT('',(7.802,3.37391238234915,-6.6352755901209));
#13722=CARTESIAN_POINT('',(7.812,3.37391238234915,-6.6352755901209));
#13723=CARTESIAN_POINT('',(7.802,3.37391238234915,-6.6352755901209));
#13724=CARTESIAN_POINT('Origin',(7.812,3.37391238234915,-7.07692875715585));
#13725=CARTESIAN_POINT('',(7.812,3.37391238234915,-7.07692875715585));
#13726=CARTESIAN_POINT('',(7.812,3.37391238234915,-8.33313691467438));
#13727=CARTESIAN_POINT('',(7.802,3.37391238234915,-7.07692875715585));
#13728=CARTESIAN_POINT('',(7.812,3.37391238234915,-7.07692875715585));
#13729=CARTESIAN_POINT('',(7.802,3.37391238234915,-7.07692875715585));
#13730=CARTESIAN_POINT('Origin',(7.812,3.03031432212379,-7.07692875715585));
#13731=CARTESIAN_POINT('',(7.812,3.03031432212379,-7.07692875715585));
#13732=CARTESIAN_POINT('',(7.812,1.13936844737731,-7.07692875715585));
#13733=CARTESIAN_POINT('',(7.802,3.03031432212379,-7.07692875715585));
#13734=CARTESIAN_POINT('',(7.812,3.03031432212379,-7.07692875715585));
#13735=CARTESIAN_POINT('',(7.802,3.03031432212379,-7.07692875715585));
#13736=CARTESIAN_POINT('Origin',(7.812,3.03031432212379,-7.20577802974036));
#13737=CARTESIAN_POINT('',(7.812,3.03031432212379,-7.20577802974036));
#13738=CARTESIAN_POINT('',(7.812,3.03031432212379,-8.39756155096664));
#13739=CARTESIAN_POINT('',(7.802,3.03031432212379,-7.20577802974036));
#13740=CARTESIAN_POINT('',(7.812,3.03031432212379,-7.20577802974036));
#13741=CARTESIAN_POINT('',(7.802,3.03031432212379,-7.20577802974036));
#13742=CARTESIAN_POINT('Origin',(7.812,3.37391238234915,-7.20577802974036));
#13743=CARTESIAN_POINT('',(7.812,3.37391238234915,-7.20577802974036));
#13744=CARTESIAN_POINT('',(7.812,1.31116747748999,-7.20577802974036));
#13745=CARTESIAN_POINT('',(7.802,3.37391238234915,-7.20577802974036));
#13746=CARTESIAN_POINT('',(7.812,3.37391238234915,-7.20577802974036));
#13747=CARTESIAN_POINT('',(7.802,3.37391238234915,-7.20577802974036));
#13748=CARTESIAN_POINT('Origin',(7.812,3.37391238234915,-7.32490282892227));
#13749=CARTESIAN_POINT('',(7.812,3.37391238234915,-8.45712395055759));
#13750=CARTESIAN_POINT('',(7.802,3.37391238234915,-7.32490282892227));
#13751=CARTESIAN_POINT('Origin',(7.802,3.51228947222536,-7.04291517919177));
#13752=CARTESIAN_POINT('Origin',(7.812,3.1461976301715,-5.29816049726278));
#13753=CARTESIAN_POINT('',(7.812,3.1461976301715,-5.29816049726278));
#13754=CARTESIAN_POINT('',(7.812,3.03031432212379,-5.29816049726278));
#13755=CARTESIAN_POINT('',(7.812,1.19731010140116,-5.29816049726278));
#13756=CARTESIAN_POINT('',(7.802,3.1461976301715,-5.29816049726278));
#13757=CARTESIAN_POINT('',(7.812,3.1461976301715,-5.29816049726278));
#13758=CARTESIAN_POINT('',(7.802,3.03031432212379,-5.29816049726278));
#13759=CARTESIAN_POINT('',(7.802,3.1461976301715,-5.29816049726278));
#13760=CARTESIAN_POINT('',(7.812,3.03031432212379,-5.29816049726278));
#13761=CARTESIAN_POINT('Origin',(7.812,3.1461976301715,-4.80707459043126));
#13762=CARTESIAN_POINT('',(7.812,3.1461976301715,-4.80707459043126));
#13763=CARTESIAN_POINT('',(7.812,3.1461976301715,-7.19820983131209));
#13764=CARTESIAN_POINT('',(7.802,3.1461976301715,-4.80707459043126));
#13765=CARTESIAN_POINT('',(7.812,3.1461976301715,-4.80707459043126));
#13766=CARTESIAN_POINT('',(7.802,3.1461976301715,-4.80707459043126));
#13767=CARTESIAN_POINT('Ctrl Pts',(7.812,3.40551692090762,-5.07125611786868));
#13768=CARTESIAN_POINT('Ctrl Pts',(7.802,3.40551692090762,-5.07125611786868));
#13769=CARTESIAN_POINT('Ctrl Pts',(7.812,3.33663523430583,-5.00804704075175));
#13770=CARTESIAN_POINT('Ctrl Pts',(7.802,3.33663523430583,-5.00804704075175));
#13771=CARTESIAN_POINT('Ctrl Pts',(7.812,3.18914738769967,-4.85326583909363));
#13772=CARTESIAN_POINT('Ctrl Pts',(7.802,3.18914738769967,-4.85326583909363));
#13773=CARTESIAN_POINT('Ctrl Pts',(7.812,3.1461976301715,-4.80707459043126));
#13774=CARTESIAN_POINT('Ctrl Pts',(7.802,3.1461976301715,-4.80707459043126));
#13775=CARTESIAN_POINT('',(7.812,3.40551692090762,-5.07125611786868));
#13776=CARTESIAN_POINT('Ctrl Pts',(7.812,3.40551692090762,-5.07125611786868));
#13777=CARTESIAN_POINT('Ctrl Pts',(7.812,3.33663523430583,-5.00804704075175));
#13778=CARTESIAN_POINT('Ctrl Pts',(7.812,3.18914738769967,-4.85326583909363));
#13779=CARTESIAN_POINT('Ctrl Pts',(7.812,3.1461976301715,-4.80707459043126));
#13780=CARTESIAN_POINT('',(7.802,3.40551692090762,-5.07125611786868));
#13781=CARTESIAN_POINT('',(7.812,3.40551692090762,-5.07125611786868));
#13782=CARTESIAN_POINT('Ctrl Pts',(7.802,3.40551692090762,-5.07125611786868));
#13783=CARTESIAN_POINT('Ctrl Pts',(7.802,3.33663523430583,-5.00804704075175));
#13784=CARTESIAN_POINT('Ctrl Pts',(7.802,3.18914738769967,-4.85326583909363));
#13785=CARTESIAN_POINT('Ctrl Pts',(7.802,3.1461976301715,-4.80707459043126));
#13786=CARTESIAN_POINT('Ctrl Pts',(7.812,3.57650557823674,-5.20496762715449));
#13787=CARTESIAN_POINT('Ctrl Pts',(7.802,3.57650557823674,-5.20496762715449));
#13788=CARTESIAN_POINT('Ctrl Pts',(7.812,3.53274544792502,-5.18065644364798));
#13789=CARTESIAN_POINT('Ctrl Pts',(7.802,3.53274544792502,-5.18065644364798));
#13790=CARTESIAN_POINT('Ctrl Pts',(7.812,3.44684593286868,-5.1101540114791));
#13791=CARTESIAN_POINT('Ctrl Pts',(7.802,3.44684593286868,-5.1101540114791));
#13792=CARTESIAN_POINT('Ctrl Pts',(7.812,3.40551692090762,-5.07125611786868));
#13793=CARTESIAN_POINT('Ctrl Pts',(7.802,3.40551692090762,-5.07125611786868));
#13794=CARTESIAN_POINT('',(7.812,3.57650557823674,-5.20496762715449));
#13795=CARTESIAN_POINT('Ctrl Pts',(7.812,3.57650557823674,-5.20496762715449));
#13796=CARTESIAN_POINT('Ctrl Pts',(7.812,3.53274544792502,-5.18065644364798));
#13797=CARTESIAN_POINT('Ctrl Pts',(7.812,3.44684593286868,-5.1101540114791));
#13798=CARTESIAN_POINT('Ctrl Pts',(7.812,3.40551692090762,-5.07125611786868));
#13799=CARTESIAN_POINT('',(7.802,3.57650557823674,-5.20496762715449));
#13800=CARTESIAN_POINT('',(7.812,3.57650557823674,-5.20496762715449));
#13801=CARTESIAN_POINT('Ctrl Pts',(7.802,3.57650557823674,-5.20496762715449));
#13802=CARTESIAN_POINT('Ctrl Pts',(7.802,3.53274544792502,-5.18065644364798));
#13803=CARTESIAN_POINT('Ctrl Pts',(7.802,3.44684593286868,-5.1101540114791));
#13804=CARTESIAN_POINT('Ctrl Pts',(7.802,3.40551692090762,-5.07125611786868));
#13805=CARTESIAN_POINT('Ctrl Pts',(7.812,3.77666765577369,-5.25683148530172));
#13806=CARTESIAN_POINT('Ctrl Pts',(7.802,3.77666765577369,-5.25683148530172));
#13807=CARTESIAN_POINT('Ctrl Pts',(7.812,3.71751044257451,-5.25683148530172));
#13808=CARTESIAN_POINT('Ctrl Pts',(7.802,3.71751044257451,-5.25683148530172));
#13809=CARTESIAN_POINT('Ctrl Pts',(7.812,3.61864496298136,-5.229278810661));
#13810=CARTESIAN_POINT('Ctrl Pts',(7.802,3.61864496298136,-5.229278810661));
#13811=CARTESIAN_POINT('Ctrl Pts',(7.812,3.57650557823674,-5.20496762715449));
#13812=CARTESIAN_POINT('Ctrl Pts',(7.802,3.57650557823674,-5.20496762715449));
#13813=CARTESIAN_POINT('',(7.812,3.77666765577369,-5.25683148530172));
#13814=CARTESIAN_POINT('Ctrl Pts',(7.812,3.77666765577369,-5.25683148530172));
#13815=CARTESIAN_POINT('Ctrl Pts',(7.812,3.71751044257451,-5.25683148530172));
#13816=CARTESIAN_POINT('Ctrl Pts',(7.812,3.61864496298136,-5.229278810661));
#13817=CARTESIAN_POINT('Ctrl Pts',(7.812,3.57650557823674,-5.20496762715449));
#13818=CARTESIAN_POINT('',(7.802,3.77666765577369,-5.25683148530172));
#13819=CARTESIAN_POINT('',(7.812,3.77666765577369,-5.25683148530172));
#13820=CARTESIAN_POINT('Ctrl Pts',(7.802,3.77666765577369,-5.25683148530172));
#13821=CARTESIAN_POINT('Ctrl Pts',(7.802,3.71751044257451,-5.25683148530172));
#13822=CARTESIAN_POINT('Ctrl Pts',(7.802,3.61864496298136,-5.229278810661));
#13823=CARTESIAN_POINT('Ctrl Pts',(7.802,3.57650557823674,-5.20496762715449));
#13824=CARTESIAN_POINT('Ctrl Pts',(7.812,4.05138402939726,-4.95861430095518));
#13825=CARTESIAN_POINT('Ctrl Pts',(7.802,4.05138402939726,-4.95861430095518));
#13826=CARTESIAN_POINT('Ctrl Pts',(7.812,4.05138402939726,-5.0988087925094));
#13827=CARTESIAN_POINT('Ctrl Pts',(7.802,4.05138402939726,-5.0988087925094));
#13828=CARTESIAN_POINT('Ctrl Pts',(7.812,3.90308581000754,-5.25683148530172));
#13829=CARTESIAN_POINT('Ctrl Pts',(7.802,3.90308581000754,-5.25683148530172));
#13830=CARTESIAN_POINT('Ctrl Pts',(7.812,3.77666765577369,-5.25683148530172));
#13831=CARTESIAN_POINT('Ctrl Pts',(7.802,3.77666765577369,-5.25683148530172));
#13832=CARTESIAN_POINT('',(7.812,4.05138402939726,-4.95861430095518));
#13833=CARTESIAN_POINT('Ctrl Pts',(7.812,4.05138402939726,-4.95861430095518));
#13834=CARTESIAN_POINT('Ctrl Pts',(7.812,4.05138402939726,-5.0988087925094));
#13835=CARTESIAN_POINT('Ctrl Pts',(7.812,3.90308581000754,-5.25683148530172));
#13836=CARTESIAN_POINT('Ctrl Pts',(7.812,3.77666765577369,-5.25683148530172));
#13837=CARTESIAN_POINT('',(7.802,4.05138402939726,-4.95861430095518));
#13838=CARTESIAN_POINT('',(7.812,4.05138402939726,-4.95861430095518));
#13839=CARTESIAN_POINT('Ctrl Pts',(7.802,4.05138402939726,-4.95861430095518));
#13840=CARTESIAN_POINT('Ctrl Pts',(7.802,4.05138402939726,-5.0988087925094));
#13841=CARTESIAN_POINT('Ctrl Pts',(7.802,3.90308581000754,-5.25683148530172));
#13842=CARTESIAN_POINT('Ctrl Pts',(7.802,3.77666765577369,-5.25683148530172));
#13843=CARTESIAN_POINT('Ctrl Pts',(7.812,3.99141644341453,-4.70253650135326));
#13844=CARTESIAN_POINT('Ctrl Pts',(7.802,3.99141644341453,-4.70253650135326));
#13845=CARTESIAN_POINT('Ctrl Pts',(7.812,4.01167576300329,-4.74386551331433));
#13846=CARTESIAN_POINT('Ctrl Pts',(7.802,4.01167576300329,-4.74386551331433));
#13847=CARTESIAN_POINT('Ctrl Pts',(7.812,4.05138402939726,-4.89216373270405));
#13848=CARTESIAN_POINT('Ctrl Pts',(7.802,4.05138402939726,-4.89216373270405));
#13849=CARTESIAN_POINT('Ctrl Pts',(7.812,4.05138402939726,-4.95861430095518));
#13850=CARTESIAN_POINT('Ctrl Pts',(7.802,4.05138402939726,-4.95861430095518));
#13851=CARTESIAN_POINT('',(7.812,3.99141644341453,-4.70253650135326));
#13852=CARTESIAN_POINT('Ctrl Pts',(7.812,3.99141644341453,-4.70253650135326));
#13853=CARTESIAN_POINT('Ctrl Pts',(7.812,4.01167576300329,-4.74386551331433));
#13854=CARTESIAN_POINT('Ctrl Pts',(7.812,4.05138402939726,-4.89216373270405));
#13855=CARTESIAN_POINT('Ctrl Pts',(7.812,4.05138402939726,-4.95861430095518));
#13856=CARTESIAN_POINT('',(7.802,3.99141644341453,-4.70253650135326));
#13857=CARTESIAN_POINT('',(7.812,3.99141644341453,-4.70253650135326));
#13858=CARTESIAN_POINT('Ctrl Pts',(7.802,3.99141644341453,-4.70253650135326));
#13859=CARTESIAN_POINT('Ctrl Pts',(7.802,4.01167576300329,-4.74386551331433));
#13860=CARTESIAN_POINT('Ctrl Pts',(7.802,4.05138402939726,-4.89216373270405));
#13861=CARTESIAN_POINT('Ctrl Pts',(7.802,4.05138402939726,-4.95861430095518));
#13862=CARTESIAN_POINT('Origin',(7.812,3.84879083350967,-4.70253650135326));
#13863=CARTESIAN_POINT('',(7.812,3.84879083350967,-4.70253650135326));
#13864=CARTESIAN_POINT('',(7.812,1.54860670307025,-4.70253650135326));
#13865=CARTESIAN_POINT('',(7.802,3.84879083350967,-4.70253650135326));
#13866=CARTESIAN_POINT('',(7.812,3.84879083350967,-4.70253650135326));
#13867=CARTESIAN_POINT('',(7.802,3.84879083350967,-4.70253650135326));
#13868=CARTESIAN_POINT('Origin',(7.812,3.84879083350967,-4.70982985640521));
#13869=CARTESIAN_POINT('',(7.812,3.84879083350967,-4.70982985640521));
#13870=CARTESIAN_POINT('',(7.812,3.84879083350967,-7.14958746429906));
#13871=CARTESIAN_POINT('',(7.802,3.84879083350967,-4.70982985640521));
#13872=CARTESIAN_POINT('',(7.812,3.84879083350967,-4.70982985640521));
#13873=CARTESIAN_POINT('',(7.802,3.84879083350967,-4.70982985640521));
#13874=CARTESIAN_POINT('Ctrl Pts',(7.812,3.90389618279109,-4.80707459043126));
#13875=CARTESIAN_POINT('Ctrl Pts',(7.802,3.90389618279109,-4.80707459043126));
#13876=CARTESIAN_POINT('Ctrl Pts',(7.812,3.89255096382139,-4.778711543007));
#13877=CARTESIAN_POINT('Ctrl Pts',(7.802,3.89255096382139,-4.778711543007));
#13878=CARTESIAN_POINT('Ctrl Pts',(7.812,3.86013605247937,-4.72603731207622));
#13879=CARTESIAN_POINT('Ctrl Pts',(7.802,3.86013605247937,-4.72603731207622));
#13880=CARTESIAN_POINT('Ctrl Pts',(7.812,3.84879083350967,-4.70982985640521));
#13881=CARTESIAN_POINT('Ctrl Pts',(7.802,3.84879083350967,-4.70982985640521));
#13882=CARTESIAN_POINT('',(7.812,3.90389618279109,-4.80707459043126));
#13883=CARTESIAN_POINT('Ctrl Pts',(7.812,3.90389618279109,-4.80707459043126));
#13884=CARTESIAN_POINT('Ctrl Pts',(7.812,3.89255096382139,-4.778711543007));
#13885=CARTESIAN_POINT('Ctrl Pts',(7.812,3.86013605247937,-4.72603731207622));
#13886=CARTESIAN_POINT('Ctrl Pts',(7.812,3.84879083350967,-4.70982985640521));
#13887=CARTESIAN_POINT('',(7.802,3.90389618279109,-4.80707459043126));
#13888=CARTESIAN_POINT('',(7.812,3.90389618279109,-4.80707459043126));
#13889=CARTESIAN_POINT('Ctrl Pts',(7.802,3.90389618279109,-4.80707459043126));
#13890=CARTESIAN_POINT('Ctrl Pts',(7.802,3.89255096382139,-4.778711543007));
#13891=CARTESIAN_POINT('Ctrl Pts',(7.802,3.86013605247937,-4.72603731207622));
#13892=CARTESIAN_POINT('Ctrl Pts',(7.802,3.84879083350967,-4.70982985640521));
#13893=CARTESIAN_POINT('Ctrl Pts',(7.812,3.93550072134956,-4.94888982755258));
#13894=CARTESIAN_POINT('Ctrl Pts',(7.802,3.93550072134956,-4.94888982755258));
#13895=CARTESIAN_POINT('Ctrl Pts',(7.812,3.93550072134956,-4.91323342507636));
#13896=CARTESIAN_POINT('Ctrl Pts',(7.802,3.93550072134956,-4.91323342507636));
#13897=CARTESIAN_POINT('Ctrl Pts',(7.812,3.91767252011145,-4.84029987455683));
#13898=CARTESIAN_POINT('Ctrl Pts',(7.802,3.91767252011145,-4.84029987455683));
#13899=CARTESIAN_POINT('Ctrl Pts',(7.812,3.90389618279109,-4.80707459043126));
#13900=CARTESIAN_POINT('Ctrl Pts',(7.802,3.90389618279109,-4.80707459043126));
#13901=CARTESIAN_POINT('',(7.812,3.93550072134956,-4.94888982755258));
#13902=CARTESIAN_POINT('Ctrl Pts',(7.812,3.93550072134956,-4.94888982755258));
#13903=CARTESIAN_POINT('Ctrl Pts',(7.812,3.93550072134956,-4.91323342507636));
#13904=CARTESIAN_POINT('Ctrl Pts',(7.812,3.91767252011145,-4.84029987455683));
#13905=CARTESIAN_POINT('Ctrl Pts',(7.812,3.90389618279109,-4.80707459043126));
#13906=CARTESIAN_POINT('',(7.802,3.93550072134956,-4.94888982755258));
#13907=CARTESIAN_POINT('',(7.812,3.93550072134956,-4.94888982755258));
#13908=CARTESIAN_POINT('Ctrl Pts',(7.802,3.93550072134956,-4.94888982755258));
#13909=CARTESIAN_POINT('Ctrl Pts',(7.802,3.93550072134956,-4.91323342507636));
#13910=CARTESIAN_POINT('Ctrl Pts',(7.802,3.91767252011145,-4.84029987455683));
#13911=CARTESIAN_POINT('Ctrl Pts',(7.802,3.90389618279109,-4.80707459043126));
#13912=CARTESIAN_POINT('Ctrl Pts',(7.812,3.89498208217204,-5.07125611786868));
#13913=CARTESIAN_POINT('Ctrl Pts',(7.802,3.89498208217204,-5.07125611786868));
#13914=CARTESIAN_POINT('Ctrl Pts',(7.812,3.9152414017608,-5.04775530714572));
#13915=CARTESIAN_POINT('Ctrl Pts',(7.802,3.9152414017608,-5.04775530714572));
#13916=CARTESIAN_POINT('Ctrl Pts',(7.812,3.93550072134956,-4.98616697559589));
#13917=CARTESIAN_POINT('Ctrl Pts',(7.802,3.93550072134956,-4.98616697559589));
#13918=CARTESIAN_POINT('Ctrl Pts',(7.812,3.93550072134956,-4.94888982755258));
#13919=CARTESIAN_POINT('Ctrl Pts',(7.802,3.93550072134956,-4.94888982755258));
#13920=CARTESIAN_POINT('',(7.812,3.89498208217204,-5.07125611786868));
#13921=CARTESIAN_POINT('Origin',(7.812,3.21722608316131,-4.51665711607545));
#13922=CARTESIAN_POINT('',(7.802,3.89498208217204,-5.07125611786868));
#13923=CARTESIAN_POINT('',(7.812,3.89498208217204,-5.07125611786868));
#13924=CARTESIAN_POINT('Origin',(7.802,3.21722608316131,-4.51665711607545));
#13925=CARTESIAN_POINT('Ctrl Pts',(7.812,3.76937430072173,-5.12068885766525));
#13926=CARTESIAN_POINT('Ctrl Pts',(7.802,3.76937430072173,-5.12068885766525));
#13927=CARTESIAN_POINT('Ctrl Pts',(7.812,3.81151368546635,-5.12068885766525));
#13928=CARTESIAN_POINT('Ctrl Pts',(7.802,3.81151368546635,-5.12068885766525));
#13929=CARTESIAN_POINT('Ctrl Pts',(7.812,3.87472276258328,-5.09475692859164));
#13930=CARTESIAN_POINT('Ctrl Pts',(7.802,3.87472276258328,-5.09475692859164));
#13931=CARTESIAN_POINT('Ctrl Pts',(7.812,3.89498208217204,-5.07125611786868));
#13932=CARTESIAN_POINT('Ctrl Pts',(7.802,3.89498208217204,-5.07125611786868));
#13933=CARTESIAN_POINT('',(7.812,3.76937430072173,-5.12068885766525));
#13934=CARTESIAN_POINT('Ctrl Pts',(7.812,3.76937430072173,-5.12068885766525));
#13935=CARTESIAN_POINT('Ctrl Pts',(7.812,3.81151368546635,-5.12068885766525));
#13936=CARTESIAN_POINT('Ctrl Pts',(7.812,3.87472276258328,-5.09475692859164));
#13937=CARTESIAN_POINT('Ctrl Pts',(7.812,3.89498208217204,-5.07125611786868));
#13938=CARTESIAN_POINT('',(7.802,3.76937430072173,-5.12068885766525));
#13939=CARTESIAN_POINT('',(7.812,3.76937430072173,-5.12068885766525));
#13940=CARTESIAN_POINT('Ctrl Pts',(7.802,3.76937430072173,-5.12068885766525));
#13941=CARTESIAN_POINT('Ctrl Pts',(7.802,3.81151368546635,-5.12068885766525));
#13942=CARTESIAN_POINT('Ctrl Pts',(7.802,3.87472276258328,-5.09475692859164));
#13943=CARTESIAN_POINT('Ctrl Pts',(7.802,3.89498208217204,-5.07125611786868));
#13944=CARTESIAN_POINT('Ctrl Pts',(7.812,3.41281027595957,-4.92295789847896));
#13945=CARTESIAN_POINT('Ctrl Pts',(7.802,3.41281027595957,-4.92295789847896));
#13946=CARTESIAN_POINT('Ctrl Pts',(7.812,3.53841805740988,-5.03722046095957));
#13947=CARTESIAN_POINT('Ctrl Pts',(7.802,3.53841805740988,-5.03722046095957));
#13948=CARTESIAN_POINT('Ctrl Pts',(7.812,3.68914739515025,-5.12068885766525));
#13949=CARTESIAN_POINT('Ctrl Pts',(7.802,3.68914739515025,-5.12068885766525));
#13950=CARTESIAN_POINT('Ctrl Pts',(7.812,3.76937430072173,-5.12068885766525));
#13951=CARTESIAN_POINT('Ctrl Pts',(7.802,3.76937430072173,-5.12068885766525));
#13952=CARTESIAN_POINT('',(7.812,3.41281027595957,-4.92295789847896));
#13953=CARTESIAN_POINT('Ctrl Pts',(7.812,3.41281027595957,-4.92295789847896));
#13954=CARTESIAN_POINT('Ctrl Pts',(7.812,3.53841805740988,-5.03722046095957));
#13955=CARTESIAN_POINT('Ctrl Pts',(7.812,3.68914739515025,-5.12068885766525));
#13956=CARTESIAN_POINT('Ctrl Pts',(7.812,3.76937430072173,-5.12068885766525));
#13957=CARTESIAN_POINT('',(7.802,3.41281027595957,-4.92295789847896));
#13958=CARTESIAN_POINT('',(7.812,3.41281027595957,-4.92295789847896));
#13959=CARTESIAN_POINT('Ctrl Pts',(7.802,3.41281027595957,-4.92295789847896));
#13960=CARTESIAN_POINT('Ctrl Pts',(7.802,3.53841805740988,-5.03722046095957));
#13961=CARTESIAN_POINT('Ctrl Pts',(7.802,3.68914739515025,-5.12068885766525));
#13962=CARTESIAN_POINT('Ctrl Pts',(7.802,3.76937430072173,-5.12068885766525));
#13963=CARTESIAN_POINT('Ctrl Pts',(7.812,3.17212955924511,-4.68146680898095));
#13964=CARTESIAN_POINT('Ctrl Pts',(7.802,3.17212955924511,-4.68146680898095));
#13965=CARTESIAN_POINT('Ctrl Pts',(7.812,3.23452826357849,-4.74791737723208));
#13966=CARTESIAN_POINT('Ctrl Pts',(7.802,3.23452826357849,-4.74791737723208));
#13967=CARTESIAN_POINT('Ctrl Pts',(7.812,3.35041157162619,-4.86623180363044));
#13968=CARTESIAN_POINT('Ctrl Pts',(7.802,3.35041157162619,-4.86623180363044));
#13969=CARTESIAN_POINT('Ctrl Pts',(7.812,3.41281027595957,-4.92295789847896));
#13970=CARTESIAN_POINT('Ctrl Pts',(7.802,3.41281027595957,-4.92295789847896));
#13971=CARTESIAN_POINT('',(7.812,3.17212955924511,-4.68146680898095));
#13972=CARTESIAN_POINT('Ctrl Pts',(7.812,3.17212955924511,-4.68146680898095));
#13973=CARTESIAN_POINT('Ctrl Pts',(7.812,3.23452826357849,-4.74791737723208));
#13974=CARTESIAN_POINT('Ctrl Pts',(7.812,3.35041157162619,-4.86623180363044));
#13975=CARTESIAN_POINT('Ctrl Pts',(7.812,3.41281027595957,-4.92295789847896));
#13976=CARTESIAN_POINT('',(7.802,3.17212955924511,-4.68146680898095));
#13977=CARTESIAN_POINT('',(7.812,3.17212955924511,-4.68146680898095));
#13978=CARTESIAN_POINT('Ctrl Pts',(7.802,3.17212955924511,-4.68146680898095));
#13979=CARTESIAN_POINT('Ctrl Pts',(7.802,3.23452826357849,-4.74791737723208));
#13980=CARTESIAN_POINT('Ctrl Pts',(7.802,3.35041157162619,-4.86623180363044));
#13981=CARTESIAN_POINT('Ctrl Pts',(7.802,3.41281027595957,-4.92295789847896));
#13982=CARTESIAN_POINT('Origin',(7.812,3.03031432212379,-4.68146680898095));
#13983=CARTESIAN_POINT('',(7.812,3.03031432212379,-4.68146680898095));
#13984=CARTESIAN_POINT('',(7.812,1.13936844737731,-4.68146680898095));
#13985=CARTESIAN_POINT('',(7.802,3.03031432212379,-4.68146680898095));
#13986=CARTESIAN_POINT('',(7.812,3.03031432212379,-4.68146680898095));
#13987=CARTESIAN_POINT('',(7.802,3.03031432212379,-4.68146680898095));
#13988=CARTESIAN_POINT('Origin',(7.812,3.03031432212379,-5.29816049726278));
#13989=CARTESIAN_POINT('',(7.812,3.03031432212379,-7.44375278472785));
#13990=CARTESIAN_POINT('',(7.802,3.03031432212379,-5.29816049726278));
#13991=CARTESIAN_POINT('Origin',(7.802,3.45788012245714,-4.99123793501969));
#13992=CARTESIAN_POINT('Origin',(7.812,3.48169196256135,-3.99021882461248));
#13993=CARTESIAN_POINT('',(7.812,3.87229164423263,-4.32652352978589));
#13994=CARTESIAN_POINT('',(7.812,3.48169196256135,-3.99021882461248));
#13995=CARTESIAN_POINT('',(7.812,3.6504022369129,-4.13547767078654));
#13996=CARTESIAN_POINT('',(7.802,3.87229164423263,-4.32652352978589));
#13997=CARTESIAN_POINT('',(7.812,3.87229164423263,-4.32652352978589));
#13998=CARTESIAN_POINT('',(7.802,3.48169196256135,-3.99021882461248));
#13999=CARTESIAN_POINT('',(7.802,3.56521191936616,-4.06212916086559));
#14000=CARTESIAN_POINT('',(7.812,3.48169196256135,-3.99021882461248));
#14001=CARTESIAN_POINT('Origin',(7.812,3.48169196256135,-4.32652352978589));
#14002=CARTESIAN_POINT('',(7.812,3.48169196256135,-4.32652352978589));
#14003=CARTESIAN_POINT('',(7.812,3.48169196256135,-6.9579343009894));
#14004=CARTESIAN_POINT('',(7.802,3.48169196256135,-4.32652352978589));
#14005=CARTESIAN_POINT('',(7.802,3.48169196256135,-4.30951674080385));
#14006=CARTESIAN_POINT('',(7.812,3.48169196256135,-4.32652352978589));
#14007=CARTESIAN_POINT('Origin',(7.812,3.87229164423263,-4.32652352978589));
#14008=CARTESIAN_POINT('',(7.812,1.56035710843173,-4.32652352978589));
#14009=CARTESIAN_POINT('',(7.802,3.69229055822899,-4.32652352978589));
#14010=CARTESIAN_POINT('Origin',(7.812,3.48169196256135,-4.5744976015523));
#14011=CARTESIAN_POINT('',(7.812,3.48169196256135,-4.5744976015523));
#14012=CARTESIAN_POINT('',(7.812,3.37391238234915,-4.5744976015523));
#14013=CARTESIAN_POINT('',(7.812,1.36505726759609,-4.5744976015523));
#14014=CARTESIAN_POINT('',(7.802,3.48169196256135,-4.5744976015523));
#14015=CARTESIAN_POINT('',(7.812,3.48169196256135,-4.5744976015523));
#14016=CARTESIAN_POINT('',(7.802,3.37391238234915,-4.5744976015523));
#14017=CARTESIAN_POINT('',(7.802,3.48169196256135,-4.5744976015523));
#14018=CARTESIAN_POINT('',(7.812,3.37391238234915,-4.5744976015523));
#14019=CARTESIAN_POINT('Origin',(7.812,3.48169196256135,-4.4553728023704));
#14020=CARTESIAN_POINT('',(7.812,3.48169196256135,-4.4553728023704));
#14021=CARTESIAN_POINT('',(7.812,3.48169196256135,-7.02235893728165));
#14022=CARTESIAN_POINT('',(7.802,3.48169196256135,-4.4553728023704));
#14023=CARTESIAN_POINT('',(7.812,3.48169196256135,-4.4553728023704));
#14024=CARTESIAN_POINT('',(7.802,3.48169196256135,-4.4553728023704));
#14025=CARTESIAN_POINT('Origin',(7.812,4.03031433702495,-4.4553728023704));
#14026=CARTESIAN_POINT('',(7.812,4.03031433702495,-4.4553728023704));
#14027=CARTESIAN_POINT('',(7.812,1.63936845482789,-4.4553728023704));
#14028=CARTESIAN_POINT('',(7.802,4.03031433702495,-4.4553728023704));
#14029=CARTESIAN_POINT('',(7.812,4.03031433702495,-4.4553728023704));
#14030=CARTESIAN_POINT('',(7.802,4.03031433702495,-4.4553728023704));
#14031=CARTESIAN_POINT('Origin',(7.812,4.03031433702495,-4.33219613927074));
#14032=CARTESIAN_POINT('',(7.812,4.03031433702495,-4.33219613927074));
#14033=CARTESIAN_POINT('',(7.812,4.03031433702495,-6.96077060573183));
#14034=CARTESIAN_POINT('',(7.802,4.03031433702495,-4.33219613927074));
#14035=CARTESIAN_POINT('',(7.812,4.03031433702495,-4.33219613927074));
#14036=CARTESIAN_POINT('',(7.802,4.03031433702495,-4.33219613927074));
#14037=CARTESIAN_POINT('Origin',(7.812,3.51491724668692,-3.88487036275094));
#14038=CARTESIAN_POINT('',(7.812,3.51491724668692,-3.88487036275094));
#14039=CARTESIAN_POINT('',(7.812,3.71013814031087,-4.05430736476418));
#14040=CARTESIAN_POINT('',(7.802,3.51491724668692,-3.88487036275094));
#14041=CARTESIAN_POINT('',(7.812,3.51491724668692,-3.88487036275094));
#14042=CARTESIAN_POINT('',(7.802,3.51491724668692,-3.88487036275094));
#14043=CARTESIAN_POINT('Origin',(7.812,3.37391238234915,-3.88487036275094));
#14044=CARTESIAN_POINT('',(7.812,3.37391238234915,-3.88487036275094));
#14045=CARTESIAN_POINT('',(7.812,1.31116747748999,-3.88487036275094));
#14046=CARTESIAN_POINT('',(7.802,3.37391238234915,-3.88487036275094));
#14047=CARTESIAN_POINT('',(7.812,3.37391238234915,-3.88487036275094));
#14048=CARTESIAN_POINT('',(7.802,3.37391238234915,-3.88487036275094));
#14049=CARTESIAN_POINT('Origin',(7.812,3.37391238234915,-4.32652352978589));
#14050=CARTESIAN_POINT('',(7.812,3.37391238234915,-4.32652352978589));
#14051=CARTESIAN_POINT('',(7.812,3.37391238234915,-6.9579343009894));
#14052=CARTESIAN_POINT('',(7.802,3.37391238234915,-4.32652352978589));
#14053=CARTESIAN_POINT('',(7.812,3.37391238234915,-4.32652352978589));
#14054=CARTESIAN_POINT('',(7.802,3.37391238234915,-4.32652352978589));
#14055=CARTESIAN_POINT('Origin',(7.812,3.03031432212379,-4.32652352978589));
#14056=CARTESIAN_POINT('',(7.812,3.03031432212379,-4.32652352978589));
#14057=CARTESIAN_POINT('',(7.812,1.13936844737731,-4.32652352978589));
#14058=CARTESIAN_POINT('',(7.802,3.03031432212379,-4.32652352978589));
#14059=CARTESIAN_POINT('',(7.812,3.03031432212379,-4.32652352978589));
#14060=CARTESIAN_POINT('',(7.802,3.03031432212379,-4.32652352978589));
#14061=CARTESIAN_POINT('Origin',(7.812,3.03031432212379,-4.4553728023704));
#14062=CARTESIAN_POINT('',(7.812,3.03031432212379,-4.4553728023704));
#14063=CARTESIAN_POINT('',(7.812,3.03031432212379,-7.02235893728165));
#14064=CARTESIAN_POINT('',(7.802,3.03031432212379,-4.4553728023704));
#14065=CARTESIAN_POINT('',(7.812,3.03031432212379,-4.4553728023704));
#14066=CARTESIAN_POINT('',(7.802,3.03031432212379,-4.4553728023704));
#14067=CARTESIAN_POINT('Origin',(7.812,3.37391238234915,-4.4553728023704));
#14068=CARTESIAN_POINT('',(7.812,3.37391238234915,-4.4553728023704));
#14069=CARTESIAN_POINT('',(7.812,1.31116747748999,-4.4553728023704));
#14070=CARTESIAN_POINT('',(7.802,3.37391238234915,-4.4553728023704));
#14071=CARTESIAN_POINT('',(7.812,3.37391238234915,-4.4553728023704));
#14072=CARTESIAN_POINT('',(7.802,3.37391238234915,-4.4553728023704));
#14073=CARTESIAN_POINT('Origin',(7.812,3.37391238234915,-4.5744976015523));
#14074=CARTESIAN_POINT('',(7.812,3.37391238234915,-7.08192133687261));
#14075=CARTESIAN_POINT('',(7.802,3.37391238234915,-4.5744976015523));
#14076=CARTESIAN_POINT('Origin',(7.802,3.51228947222536,-4.2925099518218));
#14077=CARTESIAN_POINT('Ctrl Pts',(7.812,3.83582486897286,-3.63041330871612));
#14078=CARTESIAN_POINT('Ctrl Pts',(7.802,3.83582486897286,-3.63041330871612));
#14079=CARTESIAN_POINT('Ctrl Pts',(7.812,3.78477138360919,-3.65067262830488));
#14080=CARTESIAN_POINT('Ctrl Pts',(7.802,3.78477138360919,-3.65067262830488));
#14081=CARTESIAN_POINT('Ctrl Pts',(7.812,3.63323167308527,-3.66688008397589));
#14082=CARTESIAN_POINT('Ctrl Pts',(7.802,3.63323167308527,-3.66688008397589));
#14083=CARTESIAN_POINT('Ctrl Pts',(7.812,3.53031432957437,-3.66688008397589));
#14084=CARTESIAN_POINT('Ctrl Pts',(7.802,3.53031432957437,-3.66688008397589));
#14085=CARTESIAN_POINT('',(7.812,3.53031432957437,-3.66688008397589));
#14086=CARTESIAN_POINT('',(7.812,3.83582486897286,-3.63041330871612));
#14087=CARTESIAN_POINT('Ctrl Pts',(7.812,3.53031432957437,-3.66688008397589));
#14088=CARTESIAN_POINT('Ctrl Pts',(7.812,3.63323167308527,-3.66688008397589));
#14089=CARTESIAN_POINT('Ctrl Pts',(7.812,3.78477138360919,-3.65067262830488));
#14090=CARTESIAN_POINT('Ctrl Pts',(7.812,3.83582486897286,-3.63041330871612));
#14091=CARTESIAN_POINT('',(7.802,3.53031432957437,-3.66688008397589));
#14092=CARTESIAN_POINT('',(7.812,3.53031432957437,-3.66688008397589));
#14093=CARTESIAN_POINT('',(7.802,3.83582486897286,-3.63041330871612));
#14094=CARTESIAN_POINT('Ctrl Pts',(7.802,3.53031432957437,-3.66688008397589));
#14095=CARTESIAN_POINT('Ctrl Pts',(7.802,3.63323167308527,-3.66688008397589));
#14096=CARTESIAN_POINT('Ctrl Pts',(7.802,3.78477138360919,-3.65067262830488));
#14097=CARTESIAN_POINT('Ctrl Pts',(7.802,3.83582486897286,-3.63041330871612));
#14098=CARTESIAN_POINT('',(7.812,3.83582486897286,-3.63041330871612));
#14099=CARTESIAN_POINT('Ctrl Pts',(7.812,3.93955258526731,-3.4837358348935));
#14100=CARTESIAN_POINT('Ctrl Pts',(7.802,3.93955258526731,-3.4837358348935));
#14101=CARTESIAN_POINT('Ctrl Pts',(7.812,3.93955258526731,-3.53965155695848));
#14102=CARTESIAN_POINT('Ctrl Pts',(7.802,3.93955258526731,-3.53965155695848));
#14103=CARTESIAN_POINT('Ctrl Pts',(7.812,3.88687835433654,-3.61015398912736));
#14104=CARTESIAN_POINT('Ctrl Pts',(7.802,3.88687835433654,-3.61015398912736));
#14105=CARTESIAN_POINT('Ctrl Pts',(7.812,3.83582486897286,-3.63041330871612));
#14106=CARTESIAN_POINT('Ctrl Pts',(7.802,3.83582486897286,-3.63041330871612));
#14107=CARTESIAN_POINT('',(7.812,3.93955258526731,-3.4837358348935));
#14108=CARTESIAN_POINT('Ctrl Pts',(7.812,3.83582486897286,-3.63041330871612));
#14109=CARTESIAN_POINT('Ctrl Pts',(7.812,3.88687835433654,-3.61015398912736));
#14110=CARTESIAN_POINT('Ctrl Pts',(7.812,3.93955258526731,-3.53965155695848));
#14111=CARTESIAN_POINT('Ctrl Pts',(7.812,3.93955258526731,-3.4837358348935));
#14112=CARTESIAN_POINT('',(7.802,3.93955258526731,-3.4837358348935));
#14113=CARTESIAN_POINT('Ctrl Pts',(7.802,3.83582486897286,-3.63041330871612));
#14114=CARTESIAN_POINT('Ctrl Pts',(7.802,3.88687835433654,-3.61015398912736));
#14115=CARTESIAN_POINT('Ctrl Pts',(7.802,3.93955258526731,-3.53965155695848));
#14116=CARTESIAN_POINT('Ctrl Pts',(7.802,3.93955258526731,-3.4837358348935));
#14117=CARTESIAN_POINT('',(7.812,3.93955258526731,-3.4837358348935));
#14118=CARTESIAN_POINT('Ctrl Pts',(7.812,3.83420412340576,-3.33462724272023));
#14119=CARTESIAN_POINT('Ctrl Pts',(7.802,3.83420412340576,-3.33462724272023));
#14120=CARTESIAN_POINT('Ctrl Pts',(7.812,3.88687835433654,-3.35569693509254));
#14121=CARTESIAN_POINT('Ctrl Pts',(7.802,3.88687835433654,-3.35569693509254));
#14122=CARTESIAN_POINT('Ctrl Pts',(7.812,3.93955258526731,-3.42782011282853));
#14123=CARTESIAN_POINT('Ctrl Pts',(7.802,3.93955258526731,-3.42782011282853));
#14124=CARTESIAN_POINT('Ctrl Pts',(7.812,3.93955258526731,-3.4837358348935));
#14125=CARTESIAN_POINT('Ctrl Pts',(7.802,3.93955258526731,-3.4837358348935));
#14126=CARTESIAN_POINT('',(7.812,3.83420412340576,-3.33462724272023));
#14127=CARTESIAN_POINT('Ctrl Pts',(7.812,3.93955258526731,-3.4837358348935));
#14128=CARTESIAN_POINT('Ctrl Pts',(7.812,3.93955258526731,-3.42782011282853));
#14129=CARTESIAN_POINT('Ctrl Pts',(7.812,3.88687835433654,-3.35569693509254));
#14130=CARTESIAN_POINT('Ctrl Pts',(7.812,3.83420412340576,-3.33462724272023));
#14131=CARTESIAN_POINT('',(7.802,3.83420412340576,-3.33462724272023));
#14132=CARTESIAN_POINT('Ctrl Pts',(7.802,3.93955258526731,-3.4837358348935));
#14133=CARTESIAN_POINT('Ctrl Pts',(7.802,3.93955258526731,-3.42782011282853));
#14134=CARTESIAN_POINT('Ctrl Pts',(7.802,3.88687835433654,-3.35569693509254));
#14135=CARTESIAN_POINT('Ctrl Pts',(7.802,3.83420412340576,-3.33462724272023));
#14136=CARTESIAN_POINT('',(7.812,3.83420412340576,-3.33462724272023));
#14137=CARTESIAN_POINT('Ctrl Pts',(7.812,3.52950395679082,-3.29978121302757));
#14138=CARTESIAN_POINT('Ctrl Pts',(7.802,3.52950395679082,-3.29978121302757));
#14139=CARTESIAN_POINT('Ctrl Pts',(7.812,3.62755906360042,-3.29978121302757));
#14140=CARTESIAN_POINT('Ctrl Pts',(7.802,3.62755906360042,-3.29978121302757));
#14141=CARTESIAN_POINT('Ctrl Pts',(7.812,3.78315063804209,-3.31436792313147));
#14142=CARTESIAN_POINT('Ctrl Pts',(7.802,3.78315063804209,-3.31436792313147));
#14143=CARTESIAN_POINT('Ctrl Pts',(7.812,3.83420412340576,-3.33462724272023));
#14144=CARTESIAN_POINT('Ctrl Pts',(7.802,3.83420412340576,-3.33462724272023));
#14145=CARTESIAN_POINT('',(7.812,3.52950395679082,-3.29978121302757));
#14146=CARTESIAN_POINT('Ctrl Pts',(7.812,3.83420412340576,-3.33462724272023));
#14147=CARTESIAN_POINT('Ctrl Pts',(7.812,3.78315063804209,-3.31436792313147));
#14148=CARTESIAN_POINT('Ctrl Pts',(7.812,3.62755906360042,-3.29978121302757));
#14149=CARTESIAN_POINT('Ctrl Pts',(7.812,3.52950395679082,-3.29978121302757));
#14150=CARTESIAN_POINT('',(7.802,3.52950395679082,-3.29978121302757));
#14151=CARTESIAN_POINT('Ctrl Pts',(7.802,3.83420412340576,-3.33462724272023));
#14152=CARTESIAN_POINT('Ctrl Pts',(7.802,3.78315063804209,-3.31436792313147));
#14153=CARTESIAN_POINT('Ctrl Pts',(7.802,3.62755906360042,-3.29978121302757));
#14154=CARTESIAN_POINT('Ctrl Pts',(7.802,3.52950395679082,-3.29978121302757));
#14155=CARTESIAN_POINT('',(7.812,3.52950395679082,-3.29978121302757));
#14156=CARTESIAN_POINT('Ctrl Pts',(7.812,3.22804528131008,-3.33381686993668));
#14157=CARTESIAN_POINT('Ctrl Pts',(7.802,3.22804528131008,-3.33381686993668));
#14158=CARTESIAN_POINT('Ctrl Pts',(7.812,3.28315063059151,-3.31274717756437));
#14159=CARTESIAN_POINT('Ctrl Pts',(7.802,3.28315063059151,-3.31274717756437));
#14160=CARTESIAN_POINT('Ctrl Pts',(7.812,3.42415549492927,-3.29978121302757));
#14161=CARTESIAN_POINT('Ctrl Pts',(7.802,3.42415549492927,-3.29978121302757));
#14162=CARTESIAN_POINT('Ctrl Pts',(7.812,3.52950395679082,-3.29978121302757));
#14163=CARTESIAN_POINT('Ctrl Pts',(7.802,3.52950395679082,-3.29978121302757));
#14164=CARTESIAN_POINT('',(7.812,3.22804528131008,-3.33381686993668));
#14165=CARTESIAN_POINT('Ctrl Pts',(7.812,3.52950395679082,-3.29978121302757));
#14166=CARTESIAN_POINT('Ctrl Pts',(7.812,3.42415549492927,-3.29978121302757));
#14167=CARTESIAN_POINT('Ctrl Pts',(7.812,3.28315063059151,-3.31274717756437));
#14168=CARTESIAN_POINT('Ctrl Pts',(7.812,3.22804528131008,-3.33381686993668));
#14169=CARTESIAN_POINT('',(7.802,3.22804528131008,-3.33381686993668));
#14170=CARTESIAN_POINT('Ctrl Pts',(7.802,3.52950395679082,-3.29978121302757));
#14171=CARTESIAN_POINT('Ctrl Pts',(7.802,3.42415549492927,-3.29978121302757));
#14172=CARTESIAN_POINT('Ctrl Pts',(7.802,3.28315063059151,-3.31274717756437));
#14173=CARTESIAN_POINT('Ctrl Pts',(7.802,3.22804528131008,-3.33381686993668));
#14174=CARTESIAN_POINT('',(7.812,3.22804528131008,-3.33381686993668));
#14175=CARTESIAN_POINT('Ctrl Pts',(7.812,3.12026570109788,-3.4837358348935));
#14176=CARTESIAN_POINT('Ctrl Pts',(7.802,3.12026570109788,-3.4837358348935));
#14177=CARTESIAN_POINT('Ctrl Pts',(7.812,3.12026570109788,-3.42538899447787));
#14178=CARTESIAN_POINT('Ctrl Pts',(7.802,3.12026570109788,-3.42538899447787));
#14179=CARTESIAN_POINT('Ctrl Pts',(7.812,3.17618142316286,-3.35326581674189));
#14180=CARTESIAN_POINT('Ctrl Pts',(7.802,3.17618142316286,-3.35326581674189));
#14181=CARTESIAN_POINT('Ctrl Pts',(7.812,3.22804528131008,-3.33381686993668));
#14182=CARTESIAN_POINT('Ctrl Pts',(7.802,3.22804528131008,-3.33381686993668));
#14183=CARTESIAN_POINT('',(7.812,3.12026570109788,-3.4837358348935));
#14184=CARTESIAN_POINT('Ctrl Pts',(7.812,3.22804528131008,-3.33381686993668));
#14185=CARTESIAN_POINT('Ctrl Pts',(7.812,3.17618142316286,-3.35326581674189));
#14186=CARTESIAN_POINT('Ctrl Pts',(7.812,3.12026570109788,-3.42538899447787));
#14187=CARTESIAN_POINT('Ctrl Pts',(7.812,3.12026570109788,-3.4837358348935));
#14188=CARTESIAN_POINT('',(7.802,3.12026570109788,-3.4837358348935));
#14189=CARTESIAN_POINT('Ctrl Pts',(7.802,3.22804528131008,-3.33381686993668));
#14190=CARTESIAN_POINT('Ctrl Pts',(7.802,3.17618142316286,-3.35326581674189));
#14191=CARTESIAN_POINT('Ctrl Pts',(7.802,3.12026570109788,-3.42538899447787));
#14192=CARTESIAN_POINT('Ctrl Pts',(7.802,3.12026570109788,-3.4837358348935));
#14193=CARTESIAN_POINT('',(7.812,3.12026570109788,-3.4837358348935));
#14194=CARTESIAN_POINT('Ctrl Pts',(7.812,3.22561416295943,-3.63122368149967));
#14195=CARTESIAN_POINT('Ctrl Pts',(7.802,3.22561416295943,-3.63122368149967));
#14196=CARTESIAN_POINT('Ctrl Pts',(7.812,3.17293993202866,-3.61096436191091));
#14197=CARTESIAN_POINT('Ctrl Pts',(7.802,3.17293993202866,-3.61096436191091));
#14198=CARTESIAN_POINT('Ctrl Pts',(7.812,3.12026570109788,-3.53884118417493));
#14199=CARTESIAN_POINT('Ctrl Pts',(7.802,3.12026570109788,-3.53884118417493));
#14200=CARTESIAN_POINT('Ctrl Pts',(7.812,3.12026570109788,-3.4837358348935));
#14201=CARTESIAN_POINT('Ctrl Pts',(7.802,3.12026570109788,-3.4837358348935));
#14202=CARTESIAN_POINT('',(7.812,3.22561416295943,-3.63122368149967));
#14203=CARTESIAN_POINT('Ctrl Pts',(7.812,3.12026570109788,-3.4837358348935));
#14204=CARTESIAN_POINT('Ctrl Pts',(7.812,3.12026570109788,-3.53884118417493));
#14205=CARTESIAN_POINT('Ctrl Pts',(7.812,3.17293993202866,-3.61096436191091));
#14206=CARTESIAN_POINT('Ctrl Pts',(7.812,3.22561416295943,-3.63122368149967));
#14207=CARTESIAN_POINT('',(7.802,3.22561416295943,-3.63122368149967));
#14208=CARTESIAN_POINT('Ctrl Pts',(7.802,3.12026570109788,-3.4837358348935));
#14209=CARTESIAN_POINT('Ctrl Pts',(7.802,3.12026570109788,-3.53884118417493));
#14210=CARTESIAN_POINT('Ctrl Pts',(7.802,3.17293993202866,-3.61096436191091));
#14211=CARTESIAN_POINT('Ctrl Pts',(7.802,3.22561416295943,-3.63122368149967));
#14212=CARTESIAN_POINT('',(7.812,3.22561416295943,-3.63122368149967));
#14213=CARTESIAN_POINT('Ctrl Pts',(7.812,3.53031432957437,-3.66688008397589));
#14214=CARTESIAN_POINT('Ctrl Pts',(7.802,3.53031432957437,-3.66688008397589));
#14215=CARTESIAN_POINT('Ctrl Pts',(7.812,3.42739698606347,-3.66688008397589));
#14216=CARTESIAN_POINT('Ctrl Pts',(7.802,3.42739698606347,-3.66688008397589));
#14217=CARTESIAN_POINT('Ctrl Pts',(7.812,3.275046902756,-3.65067262830488));
#14218=CARTESIAN_POINT('Ctrl Pts',(7.802,3.275046902756,-3.65067262830488));
#14219=CARTESIAN_POINT('Ctrl Pts',(7.812,3.22561416295943,-3.63122368149967));
#14220=CARTESIAN_POINT('Ctrl Pts',(7.802,3.22561416295943,-3.63122368149967));
#14221=CARTESIAN_POINT('Ctrl Pts',(7.812,3.22561416295943,-3.63122368149967));
#14222=CARTESIAN_POINT('Ctrl Pts',(7.812,3.275046902756,-3.65067262830488));
#14223=CARTESIAN_POINT('Ctrl Pts',(7.812,3.42739698606347,-3.66688008397589));
#14224=CARTESIAN_POINT('Ctrl Pts',(7.812,3.53031432957437,-3.66688008397589));
#14225=CARTESIAN_POINT('Ctrl Pts',(7.802,3.22561416295943,-3.63122368149967));
#14226=CARTESIAN_POINT('Ctrl Pts',(7.802,3.275046902756,-3.65067262830488));
#14227=CARTESIAN_POINT('Ctrl Pts',(7.802,3.42739698606347,-3.66688008397589));
#14228=CARTESIAN_POINT('Ctrl Pts',(7.802,3.53031432957437,-3.66688008397589));
#14229=CARTESIAN_POINT('Ctrl Pts',(7.812,4.05057365661371,-3.4837358348935));
#14230=CARTESIAN_POINT('Ctrl Pts',(7.802,4.05057365661371,-3.4837358348935));
#14231=CARTESIAN_POINT('Ctrl Pts',(7.812,4.05057365661371,-3.64824150995423));
#14232=CARTESIAN_POINT('Ctrl Pts',(7.802,4.05057365661371,-3.64824150995423));
#14233=CARTESIAN_POINT('Ctrl Pts',(7.812,3.79125436587759,-3.80302271161235));
#14234=CARTESIAN_POINT('Ctrl Pts',(7.802,3.79125436587759,-3.80302271161235));
#14235=CARTESIAN_POINT('Ctrl Pts',(7.812,3.53031432957437,-3.80302271161235));
#14236=CARTESIAN_POINT('Ctrl Pts',(7.802,3.53031432957437,-3.80302271161235));
#14237=CARTESIAN_POINT('',(7.812,4.05057365661371,-3.4837358348935));
#14238=CARTESIAN_POINT('',(7.812,3.53031432957437,-3.80302271161235));
#14239=CARTESIAN_POINT('Ctrl Pts',(7.812,4.05057365661371,-3.4837358348935));
#14240=CARTESIAN_POINT('Ctrl Pts',(7.812,4.05057365661371,-3.64824150995423));
#14241=CARTESIAN_POINT('Ctrl Pts',(7.812,3.79125436587759,-3.80302271161235));
#14242=CARTESIAN_POINT('Ctrl Pts',(7.812,3.53031432957437,-3.80302271161235));
#14243=CARTESIAN_POINT('',(7.802,4.05057365661371,-3.4837358348935));
#14244=CARTESIAN_POINT('',(7.812,4.05057365661371,-3.4837358348935));
#14245=CARTESIAN_POINT('',(7.802,3.53031432957437,-3.80302271161235));
#14246=CARTESIAN_POINT('Ctrl Pts',(7.802,4.05057365661371,-3.4837358348935));
#14247=CARTESIAN_POINT('Ctrl Pts',(7.802,4.05057365661371,-3.64824150995423));
#14248=CARTESIAN_POINT('Ctrl Pts',(7.802,3.79125436587759,-3.80302271161235));
#14249=CARTESIAN_POINT('Ctrl Pts',(7.802,3.53031432957437,-3.80302271161235));
#14250=CARTESIAN_POINT('',(7.812,3.53031432957437,-3.80302271161235));
#14251=CARTESIAN_POINT('Ctrl Pts',(7.812,3.52950395679082,-3.1636385853911));
#14252=CARTESIAN_POINT('Ctrl Pts',(7.802,3.52950395679082,-3.1636385853911));
#14253=CARTESIAN_POINT('Ctrl Pts',(7.812,3.80016846649665,-3.1636385853911));
#14254=CARTESIAN_POINT('Ctrl Pts',(7.802,3.80016846649665,-3.1636385853911));
#14255=CARTESIAN_POINT('Ctrl Pts',(7.812,4.05057365661371,-3.32004053261633));
#14256=CARTESIAN_POINT('Ctrl Pts',(7.802,4.05057365661371,-3.32004053261633));
#14257=CARTESIAN_POINT('Ctrl Pts',(7.812,4.05057365661371,-3.4837358348935));
#14258=CARTESIAN_POINT('Ctrl Pts',(7.802,4.05057365661371,-3.4837358348935));
#14259=CARTESIAN_POINT('',(7.812,3.52950395679082,-3.1636385853911));
#14260=CARTESIAN_POINT('Ctrl Pts',(7.812,3.52950395679082,-3.1636385853911));
#14261=CARTESIAN_POINT('Ctrl Pts',(7.812,3.80016846649665,-3.1636385853911));
#14262=CARTESIAN_POINT('Ctrl Pts',(7.812,4.05057365661371,-3.32004053261633));
#14263=CARTESIAN_POINT('Ctrl Pts',(7.812,4.05057365661371,-3.4837358348935));
#14264=CARTESIAN_POINT('',(7.802,3.52950395679082,-3.1636385853911));
#14265=CARTESIAN_POINT('',(7.812,3.52950395679082,-3.1636385853911));
#14266=CARTESIAN_POINT('Ctrl Pts',(7.802,3.52950395679082,-3.1636385853911));
#14267=CARTESIAN_POINT('Ctrl Pts',(7.802,3.80016846649665,-3.1636385853911));
#14268=CARTESIAN_POINT('Ctrl Pts',(7.802,4.05057365661371,-3.32004053261633));
#14269=CARTESIAN_POINT('Ctrl Pts',(7.802,4.05057365661371,-3.4837358348935));
#14270=CARTESIAN_POINT('Ctrl Pts',(7.812,3.00924462975148,-3.4837358348935));
#14271=CARTESIAN_POINT('Ctrl Pts',(7.802,3.00924462975148,-3.4837358348935));
#14272=CARTESIAN_POINT('Ctrl Pts',(7.812,3.00924462975148,-3.31841978704922));
#14273=CARTESIAN_POINT('Ctrl Pts',(7.802,3.00924462975148,-3.31841978704922));
#14274=CARTESIAN_POINT('Ctrl Pts',(7.812,3.26613280213695,-3.1636385853911));
#14275=CARTESIAN_POINT('Ctrl Pts',(7.802,3.26613280213695,-3.1636385853911));
#14276=CARTESIAN_POINT('Ctrl Pts',(7.812,3.52950395679082,-3.1636385853911));
#14277=CARTESIAN_POINT('Ctrl Pts',(7.802,3.52950395679082,-3.1636385853911));
#14278=CARTESIAN_POINT('',(7.812,3.00924462975148,-3.4837358348935));
#14279=CARTESIAN_POINT('Ctrl Pts',(7.812,3.00924462975148,-3.4837358348935));
#14280=CARTESIAN_POINT('Ctrl Pts',(7.812,3.00924462975148,-3.31841978704922));
#14281=CARTESIAN_POINT('Ctrl Pts',(7.812,3.26613280213695,-3.1636385853911));
#14282=CARTESIAN_POINT('Ctrl Pts',(7.812,3.52950395679082,-3.1636385853911));
#14283=CARTESIAN_POINT('',(7.802,3.00924462975148,-3.4837358348935));
#14284=CARTESIAN_POINT('',(7.812,3.00924462975148,-3.4837358348935));
#14285=CARTESIAN_POINT('Ctrl Pts',(7.802,3.00924462975148,-3.4837358348935));
#14286=CARTESIAN_POINT('Ctrl Pts',(7.802,3.00924462975148,-3.31841978704922));
#14287=CARTESIAN_POINT('Ctrl Pts',(7.802,3.26613280213695,-3.1636385853911));
#14288=CARTESIAN_POINT('Ctrl Pts',(7.802,3.52950395679082,-3.1636385853911));
#14289=CARTESIAN_POINT('Ctrl Pts',(7.812,3.53031432957437,-3.80302271161235));
#14290=CARTESIAN_POINT('Ctrl Pts',(7.802,3.53031432957437,-3.80302271161235));
#14291=CARTESIAN_POINT('Ctrl Pts',(7.812,3.26127056543565,-3.80302271161235));
#14292=CARTESIAN_POINT('Ctrl Pts',(7.802,3.26127056543565,-3.80302271161235));
#14293=CARTESIAN_POINT('Ctrl Pts',(7.812,3.00924462975148,-3.64662076438713));
#14294=CARTESIAN_POINT('Ctrl Pts',(7.802,3.00924462975148,-3.64662076438713));
#14295=CARTESIAN_POINT('Ctrl Pts',(7.812,3.00924462975148,-3.4837358348935));
#14296=CARTESIAN_POINT('Ctrl Pts',(7.802,3.00924462975148,-3.4837358348935));
#14297=CARTESIAN_POINT('Ctrl Pts',(7.812,3.53031432957437,-3.80302271161235));
#14298=CARTESIAN_POINT('Ctrl Pts',(7.812,3.26127056543565,-3.80302271161235));
#14299=CARTESIAN_POINT('Ctrl Pts',(7.812,3.00924462975148,-3.64662076438713));
#14300=CARTESIAN_POINT('Ctrl Pts',(7.812,3.00924462975148,-3.4837358348935));
#14301=CARTESIAN_POINT('Ctrl Pts',(7.802,3.53031432957437,-3.80302271161235));
#14302=CARTESIAN_POINT('Ctrl Pts',(7.802,3.26127056543565,-3.80302271161235));
#14303=CARTESIAN_POINT('Ctrl Pts',(7.802,3.00924462975148,-3.64662076438713));
#14304=CARTESIAN_POINT('Ctrl Pts',(7.802,3.00924462975148,-3.4837358348935));
#14305=CARTESIAN_POINT('Origin',(7.802,3.52987606274775,-3.48317809291307));
#14306=CARTESIAN_POINT('Ctrl Pts',(7.812,3.58947154277355,-2.18308751729515));
#14307=CARTESIAN_POINT('Ctrl Pts',(7.802,3.58947154277355,-2.18308751729515));
#14308=CARTESIAN_POINT('Ctrl Pts',(7.812,3.55219439473023,-2.23252025709173));
#14309=CARTESIAN_POINT('Ctrl Pts',(7.802,3.55219439473023,-2.23252025709173));
#14310=CARTESIAN_POINT('Ctrl Pts',(7.812,3.43874220503318,-2.28600486080605));
#14311=CARTESIAN_POINT('Ctrl Pts',(7.802,3.43874220503318,-2.28600486080605));
#14312=CARTESIAN_POINT('Ctrl Pts',(7.812,3.34798045327554,-2.28600486080605));
#14313=CARTESIAN_POINT('Ctrl Pts',(7.802,3.34798045327554,-2.28600486080605));
#14314=CARTESIAN_POINT('',(7.812,3.58947154277355,-2.18308751729515));
#14315=CARTESIAN_POINT('',(7.812,3.34798045327554,-2.28600486080605));
#14316=CARTESIAN_POINT('Ctrl Pts',(7.812,3.58947154277355,-2.18308751729515));
#14317=CARTESIAN_POINT('Ctrl Pts',(7.812,3.55219439473023,-2.23252025709173));
#14318=CARTESIAN_POINT('Ctrl Pts',(7.812,3.43874220503318,-2.28600486080605));
#14319=CARTESIAN_POINT('Ctrl Pts',(7.812,3.34798045327554,-2.28600486080605));
#14320=CARTESIAN_POINT('',(7.802,3.58947154277355,-2.18308751729515));
#14321=CARTESIAN_POINT('',(7.812,3.58947154277355,-2.18308751729515));
#14322=CARTESIAN_POINT('',(7.802,3.34798045327554,-2.28600486080605));
#14323=CARTESIAN_POINT('Ctrl Pts',(7.802,3.58947154277355,-2.18308751729515));
#14324=CARTESIAN_POINT('Ctrl Pts',(7.802,3.55219439473023,-2.23252025709173));
#14325=CARTESIAN_POINT('Ctrl Pts',(7.802,3.43874220503318,-2.28600486080605));
#14326=CARTESIAN_POINT('Ctrl Pts',(7.802,3.34798045327554,-2.28600486080605));
#14327=CARTESIAN_POINT('',(7.812,3.34798045327554,-2.28600486080605));
#14328=CARTESIAN_POINT('Ctrl Pts',(7.812,3.65187024710693,-1.95132090119975));
#14329=CARTESIAN_POINT('Ctrl Pts',(7.802,3.65187024710693,-1.95132090119975));
#14330=CARTESIAN_POINT('Ctrl Pts',(7.812,3.65187024710693,-2.02830631563703));
#14331=CARTESIAN_POINT('Ctrl Pts',(7.802,3.65187024710693,-2.02830631563703));
#14332=CARTESIAN_POINT('Ctrl Pts',(7.812,3.62674869081687,-2.13446515028213));
#14333=CARTESIAN_POINT('Ctrl Pts',(7.802,3.62674869081687,-2.13446515028213));
#14334=CARTESIAN_POINT('Ctrl Pts',(7.812,3.58947154277355,-2.18308751729515));
#14335=CARTESIAN_POINT('Ctrl Pts',(7.802,3.58947154277355,-2.18308751729515));
#14336=CARTESIAN_POINT('',(7.812,3.65187024710693,-1.95132090119975));
#14337=CARTESIAN_POINT('Ctrl Pts',(7.812,3.65187024710693,-1.95132090119975));
#14338=CARTESIAN_POINT('Ctrl Pts',(7.812,3.65187024710693,-2.02830631563703));
#14339=CARTESIAN_POINT('Ctrl Pts',(7.812,3.62674869081687,-2.13446515028213));
#14340=CARTESIAN_POINT('Ctrl Pts',(7.812,3.58947154277355,-2.18308751729515));
#14341=CARTESIAN_POINT('',(7.802,3.65187024710693,-1.95132090119975));
#14342=CARTESIAN_POINT('',(7.812,3.65187024710693,-1.95132090119975));
#14343=CARTESIAN_POINT('Ctrl Pts',(7.802,3.65187024710693,-1.95132090119975));
#14344=CARTESIAN_POINT('Ctrl Pts',(7.802,3.65187024710693,-2.02830631563703));
#14345=CARTESIAN_POINT('Ctrl Pts',(7.802,3.62674869081687,-2.13446515028213));
#14346=CARTESIAN_POINT('Ctrl Pts',(7.802,3.58947154277355,-2.18308751729515));
#14347=CARTESIAN_POINT('Ctrl Pts',(7.812,3.64619763762208,-1.8605591494421));
#14348=CARTESIAN_POINT('Ctrl Pts',(7.802,3.64619763762208,-1.8605591494421));
#14349=CARTESIAN_POINT('Ctrl Pts',(7.812,3.64943912875628,-1.88487033294862));
#14350=CARTESIAN_POINT('Ctrl Pts',(7.802,3.64943912875628,-1.88487033294862));
#14351=CARTESIAN_POINT('Ctrl Pts',(7.812,3.65187024710693,-1.93187195439454));
#14352=CARTESIAN_POINT('Ctrl Pts',(7.802,3.65187024710693,-1.93187195439454));
#14353=CARTESIAN_POINT('Ctrl Pts',(7.812,3.65187024710693,-1.95132090119975));
#14354=CARTESIAN_POINT('Ctrl Pts',(7.802,3.65187024710693,-1.95132090119975));
#14355=CARTESIAN_POINT('',(7.812,3.64619763762208,-1.8605591494421));
#14356=CARTESIAN_POINT('Ctrl Pts',(7.812,3.64619763762208,-1.8605591494421));
#14357=CARTESIAN_POINT('Ctrl Pts',(7.812,3.64943912875628,-1.88487033294862));
#14358=CARTESIAN_POINT('Ctrl Pts',(7.812,3.65187024710693,-1.93187195439454));
#14359=CARTESIAN_POINT('Ctrl Pts',(7.812,3.65187024710693,-1.95132090119975));
#14360=CARTESIAN_POINT('',(7.802,3.64619763762208,-1.8605591494421));
#14361=CARTESIAN_POINT('',(7.812,3.64619763762208,-1.8605591494421));
#14362=CARTESIAN_POINT('Ctrl Pts',(7.802,3.64619763762208,-1.8605591494421));
#14363=CARTESIAN_POINT('Ctrl Pts',(7.802,3.64943912875628,-1.88487033294862));
#14364=CARTESIAN_POINT('Ctrl Pts',(7.802,3.65187024710693,-1.93187195439454));
#14365=CARTESIAN_POINT('Ctrl Pts',(7.802,3.65187024710693,-1.95132090119975));
#14366=CARTESIAN_POINT('Origin',(7.812,3.91281028341015,-1.8605591494421));
#14367=CARTESIAN_POINT('',(7.812,3.91281028341015,-1.8605591494421));
#14368=CARTESIAN_POINT('',(7.812,1.58061642802049,-1.8605591494421));
#14369=CARTESIAN_POINT('',(7.802,3.91281028341015,-1.8605591494421));
#14370=CARTESIAN_POINT('',(7.812,3.91281028341015,-1.8605591494421));
#14371=CARTESIAN_POINT('',(7.802,3.91281028341015,-1.8605591494421));
#14372=CARTESIAN_POINT('Origin',(7.812,3.91281028341015,-2.2803322513212));
#14373=CARTESIAN_POINT('',(7.812,3.91281028341015,-2.2803322513212));
#14374=CARTESIAN_POINT('',(7.812,3.91281028341015,-5.93483866175705));
#14375=CARTESIAN_POINT('',(7.802,3.91281028341015,-2.2803322513212));
#14376=CARTESIAN_POINT('',(7.812,3.91281028341015,-2.2803322513212));
#14377=CARTESIAN_POINT('',(7.802,3.91281028341015,-2.2803322513212));
#14378=CARTESIAN_POINT('Origin',(7.812,4.03031433702495,-2.2803322513212));
#14379=CARTESIAN_POINT('',(7.812,4.03031433702495,-2.2803322513212));
#14380=CARTESIAN_POINT('',(7.812,1.63936845482789,-2.2803322513212));
#14381=CARTESIAN_POINT('',(7.802,4.03031433702495,-2.2803322513212));
#14382=CARTESIAN_POINT('',(7.812,4.03031433702495,-2.2803322513212));
#14383=CARTESIAN_POINT('',(7.802,4.03031433702495,-2.2803322513212));
#14384=CARTESIAN_POINT('Origin',(7.812,4.03031433702495,-1.73170987685759));
#14385=CARTESIAN_POINT('',(7.812,4.03031433702495,-1.73170987685759));
#14386=CARTESIAN_POINT('',(7.812,4.03031433702495,-5.66052747452525));
#14387=CARTESIAN_POINT('',(7.802,4.03031433702495,-1.73170987685759));
#14388=CARTESIAN_POINT('',(7.812,4.03031433702495,-1.73170987685759));
#14389=CARTESIAN_POINT('',(7.802,4.03031433702495,-1.73170987685759));
#14390=CARTESIAN_POINT('Origin',(7.812,3.51491724668692,-1.73170987685759));
#14391=CARTESIAN_POINT('',(7.812,3.51491724668692,-1.73170987685759));
#14392=CARTESIAN_POINT('',(7.812,1.38166990965887,-1.73170987685759));
#14393=CARTESIAN_POINT('',(7.802,3.51491724668692,-1.73170987685759));
#14394=CARTESIAN_POINT('',(7.812,3.51491724668692,-1.73170987685759));
#14395=CARTESIAN_POINT('',(7.802,3.51491724668692,-1.73170987685759));
#14396=CARTESIAN_POINT('Ctrl Pts',(7.812,3.53922843019343,-1.92944083604389));
#14397=CARTESIAN_POINT('Ctrl Pts',(7.802,3.53922843019343,-1.92944083604389));
#14398=CARTESIAN_POINT('Ctrl Pts',(7.812,3.53922843019343,-1.87433548676246));
#14399=CARTESIAN_POINT('Ctrl Pts',(7.802,3.53922843019343,-1.87433548676246));
#14400=CARTESIAN_POINT('Ctrl Pts',(7.812,3.52221060173887,-1.76493516098316));
#14401=CARTESIAN_POINT('Ctrl Pts',(7.802,3.52221060173887,-1.76493516098316));
#14402=CARTESIAN_POINT('Ctrl Pts',(7.812,3.51491724668692,-1.73170987685759));
#14403=CARTESIAN_POINT('Ctrl Pts',(7.802,3.51491724668692,-1.73170987685759));
#14404=CARTESIAN_POINT('',(7.812,3.53922843019343,-1.92944083604389));
#14405=CARTESIAN_POINT('Ctrl Pts',(7.812,3.53922843019343,-1.92944083604389));
#14406=CARTESIAN_POINT('Ctrl Pts',(7.812,3.53922843019343,-1.87433548676246));
#14407=CARTESIAN_POINT('Ctrl Pts',(7.812,3.52221060173887,-1.76493516098316));
#14408=CARTESIAN_POINT('Ctrl Pts',(7.812,3.51491724668692,-1.73170987685759));
#14409=CARTESIAN_POINT('',(7.802,3.53922843019343,-1.92944083604389));
#14410=CARTESIAN_POINT('',(7.812,3.53922843019343,-1.92944083604389));
#14411=CARTESIAN_POINT('Ctrl Pts',(7.802,3.53922843019343,-1.92944083604389));
#14412=CARTESIAN_POINT('Ctrl Pts',(7.802,3.53922843019343,-1.87433548676246));
#14413=CARTESIAN_POINT('Ctrl Pts',(7.802,3.52221060173887,-1.76493516098316));
#14414=CARTESIAN_POINT('Ctrl Pts',(7.802,3.51491724668692,-1.73170987685759));
#14415=CARTESIAN_POINT('Ctrl Pts',(7.812,3.49303718153105,-2.09313613832106));
#14416=CARTESIAN_POINT('Ctrl Pts',(7.802,3.49303718153105,-2.09313613832106));
#14417=CARTESIAN_POINT('Ctrl Pts',(7.812,3.51815873782112,-2.0647730908968));
#14418=CARTESIAN_POINT('Ctrl Pts',(7.802,3.51815873782112,-2.0647730908968));
#14419=CARTESIAN_POINT('Ctrl Pts',(7.812,3.53922843019343,-1.98049432140756));
#14420=CARTESIAN_POINT('Ctrl Pts',(7.802,3.53922843019343,-1.98049432140756));
#14421=CARTESIAN_POINT('Ctrl Pts',(7.812,3.53922843019343,-1.92944083604389));
#14422=CARTESIAN_POINT('Ctrl Pts',(7.802,3.53922843019343,-1.92944083604389));
#14423=CARTESIAN_POINT('',(7.812,3.49303718153105,-2.09313613832106));
#14424=CARTESIAN_POINT('Ctrl Pts',(7.812,3.49303718153105,-2.09313613832106));
#14425=CARTESIAN_POINT('Ctrl Pts',(7.812,3.51815873782112,-2.0647730908968));
#14426=CARTESIAN_POINT('Ctrl Pts',(7.812,3.53922843019343,-1.98049432140756));
#14427=CARTESIAN_POINT('Ctrl Pts',(7.812,3.53922843019343,-1.92944083604389));
#14428=CARTESIAN_POINT('',(7.802,3.49303718153105,-2.09313613832106));
#14429=CARTESIAN_POINT('',(7.812,3.49303718153105,-2.09313613832106));
#14430=CARTESIAN_POINT('Ctrl Pts',(7.802,3.49303718153105,-2.09313613832106));
#14431=CARTESIAN_POINT('Ctrl Pts',(7.802,3.51815873782112,-2.0647730908968));
#14432=CARTESIAN_POINT('Ctrl Pts',(7.802,3.53922843019343,-1.98049432140756));
#14433=CARTESIAN_POINT('Ctrl Pts',(7.802,3.53922843019343,-1.92944083604389));
#14434=CARTESIAN_POINT('Ctrl Pts',(7.812,3.34879082605909,-2.14986223316959));
#14435=CARTESIAN_POINT('Ctrl Pts',(7.802,3.34879082605909,-2.14986223316959));
#14436=CARTESIAN_POINT('Ctrl Pts',(7.812,3.40227542977341,-2.14986223316959));
#14437=CARTESIAN_POINT('Ctrl Pts',(7.802,3.40227542977341,-2.14986223316959));
#14438=CARTESIAN_POINT('Ctrl Pts',(7.812,3.47034674359164,-2.12068881296178));
#14439=CARTESIAN_POINT('Ctrl Pts',(7.802,3.47034674359164,-2.12068881296178));
#14440=CARTESIAN_POINT('Ctrl Pts',(7.812,3.49303718153105,-2.09313613832106));
#14441=CARTESIAN_POINT('Ctrl Pts',(7.802,3.49303718153105,-2.09313613832106));
#14442=CARTESIAN_POINT('',(7.812,3.34879082605909,-2.14986223316959));
#14443=CARTESIAN_POINT('Ctrl Pts',(7.812,3.34879082605909,-2.14986223316959));
#14444=CARTESIAN_POINT('Ctrl Pts',(7.812,3.40227542977341,-2.14986223316959));
#14445=CARTESIAN_POINT('Ctrl Pts',(7.812,3.47034674359164,-2.12068881296178));
#14446=CARTESIAN_POINT('Ctrl Pts',(7.812,3.49303718153105,-2.09313613832106));
#14447=CARTESIAN_POINT('',(7.802,3.34879082605909,-2.14986223316959));
#14448=CARTESIAN_POINT('',(7.812,3.34879082605909,-2.14986223316959));
#14449=CARTESIAN_POINT('Ctrl Pts',(7.802,3.34879082605909,-2.14986223316959));
#14450=CARTESIAN_POINT('Ctrl Pts',(7.802,3.40227542977341,-2.14986223316959));
#14451=CARTESIAN_POINT('Ctrl Pts',(7.802,3.47034674359164,-2.12068881296178));
#14452=CARTESIAN_POINT('Ctrl Pts',(7.802,3.49303718153105,-2.09313613832106));
#14453=CARTESIAN_POINT('Ctrl Pts',(7.812,3.18590589656546,-2.09880874780591));
#14454=CARTESIAN_POINT('Ctrl Pts',(7.802,3.18590589656546,-2.09880874780591));
#14455=CARTESIAN_POINT('Ctrl Pts',(7.812,3.21588968955683,-2.12393030409598));
#14456=CARTESIAN_POINT('Ctrl Pts',(7.802,3.21588968955683,-2.12393030409598));
#14457=CARTESIAN_POINT('Ctrl Pts',(7.812,3.29530622234476,-2.14986223316959));
#14458=CARTESIAN_POINT('Ctrl Pts',(7.802,3.29530622234476,-2.14986223316959));
#14459=CARTESIAN_POINT('Ctrl Pts',(7.812,3.34879082605909,-2.14986223316959));
#14460=CARTESIAN_POINT('Ctrl Pts',(7.802,3.34879082605909,-2.14986223316959));
#14461=CARTESIAN_POINT('',(7.812,3.18590589656546,-2.09880874780591));
#14462=CARTESIAN_POINT('Ctrl Pts',(7.812,3.18590589656546,-2.09880874780591));
#14463=CARTESIAN_POINT('Ctrl Pts',(7.812,3.21588968955683,-2.12393030409598));
#14464=CARTESIAN_POINT('Ctrl Pts',(7.812,3.29530622234476,-2.14986223316959));
#14465=CARTESIAN_POINT('Ctrl Pts',(7.812,3.34879082605909,-2.14986223316959));
#14466=CARTESIAN_POINT('',(7.802,3.18590589656546,-2.09880874780591));
#14467=CARTESIAN_POINT('',(7.812,3.18590589656546,-2.09880874780591));
#14468=CARTESIAN_POINT('Ctrl Pts',(7.802,3.18590589656546,-2.09880874780591));
#14469=CARTESIAN_POINT('Ctrl Pts',(7.802,3.21588968955683,-2.12393030409598));
#14470=CARTESIAN_POINT('Ctrl Pts',(7.802,3.29530622234476,-2.14986223316959));
#14471=CARTESIAN_POINT('Ctrl Pts',(7.802,3.34879082605909,-2.14986223316959));
#14472=CARTESIAN_POINT('Ctrl Pts',(7.812,3.12512793779918,-1.95456239233395));
#14473=CARTESIAN_POINT('Ctrl Pts',(7.802,3.12512793779918,-1.95456239233395));
#14474=CARTESIAN_POINT('Ctrl Pts',(7.812,3.12512793779918,-1.99508103151147));
#14475=CARTESIAN_POINT('Ctrl Pts',(7.802,3.12512793779918,-1.99508103151147));
#14476=CARTESIAN_POINT('Ctrl Pts',(7.812,3.154301358007,-2.0712560731652));
#14477=CARTESIAN_POINT('Ctrl Pts',(7.802,3.154301358007,-2.0712560731652));
#14478=CARTESIAN_POINT('Ctrl Pts',(7.812,3.18590589656546,-2.09880874780591));
#14479=CARTESIAN_POINT('Ctrl Pts',(7.802,3.18590589656546,-2.09880874780591));
#14480=CARTESIAN_POINT('',(7.812,3.12512793779918,-1.95456239233395));
#14481=CARTESIAN_POINT('Ctrl Pts',(7.812,3.12512793779918,-1.95456239233395));
#14482=CARTESIAN_POINT('Ctrl Pts',(7.812,3.12512793779918,-1.99508103151147));
#14483=CARTESIAN_POINT('Ctrl Pts',(7.812,3.154301358007,-2.0712560731652));
#14484=CARTESIAN_POINT('Ctrl Pts',(7.812,3.18590589656546,-2.09880874780591));
#14485=CARTESIAN_POINT('',(7.802,3.12512793779918,-1.95456239233395));
#14486=CARTESIAN_POINT('',(7.812,3.12512793779918,-1.95456239233395));
#14487=CARTESIAN_POINT('Ctrl Pts',(7.802,3.12512793779918,-1.95456239233395));
#14488=CARTESIAN_POINT('Ctrl Pts',(7.802,3.12512793779918,-1.99508103151147));
#14489=CARTESIAN_POINT('Ctrl Pts',(7.802,3.154301358007,-2.0712560731652));
#14490=CARTESIAN_POINT('Ctrl Pts',(7.802,3.18590589656546,-2.09880874780591));
#14491=CARTESIAN_POINT('Ctrl Pts',(7.812,3.154301358007,-1.80788491851133));
#14492=CARTESIAN_POINT('Ctrl Pts',(7.802,3.154301358007,-1.80788491851133));
#14493=CARTESIAN_POINT('Ctrl Pts',(7.812,3.14052502068664,-1.8475931849053));
#14494=CARTESIAN_POINT('Ctrl Pts',(7.802,3.14052502068664,-1.8475931849053));
#14495=CARTESIAN_POINT('Ctrl Pts',(7.812,3.12512793779918,-1.91323338037288));
#14496=CARTESIAN_POINT('Ctrl Pts',(7.802,3.12512793779918,-1.91323338037288));
#14497=CARTESIAN_POINT('Ctrl Pts',(7.812,3.12512793779918,-1.95456239233395));
#14498=CARTESIAN_POINT('Ctrl Pts',(7.802,3.12512793779918,-1.95456239233395));
#14499=CARTESIAN_POINT('',(7.812,3.154301358007,-1.80788491851133));
#14500=CARTESIAN_POINT('Ctrl Pts',(7.812,3.154301358007,-1.80788491851133));
#14501=CARTESIAN_POINT('Ctrl Pts',(7.812,3.14052502068664,-1.8475931849053));
#14502=CARTESIAN_POINT('Ctrl Pts',(7.812,3.12512793779918,-1.91323338037288));
#14503=CARTESIAN_POINT('Ctrl Pts',(7.812,3.12512793779918,-1.95456239233395));
#14504=CARTESIAN_POINT('',(7.802,3.154301358007,-1.80788491851133));
#14505=CARTESIAN_POINT('',(7.812,3.154301358007,-1.80788491851133));
#14506=CARTESIAN_POINT('Ctrl Pts',(7.802,3.154301358007,-1.80788491851133));
#14507=CARTESIAN_POINT('Ctrl Pts',(7.802,3.14052502068664,-1.8475931849053));
#14508=CARTESIAN_POINT('Ctrl Pts',(7.802,3.12512793779918,-1.91323338037288));
#14509=CARTESIAN_POINT('Ctrl Pts',(7.802,3.12512793779918,-1.95456239233395));
#14510=CARTESIAN_POINT('Ctrl Pts',(7.812,3.20778596172132,-1.70010533829913));
#14511=CARTESIAN_POINT('Ctrl Pts',(7.802,3.20778596172132,-1.70010533829913));
#14512=CARTESIAN_POINT('Ctrl Pts',(7.812,3.19644074275162,-1.71550242118659));
#14513=CARTESIAN_POINT('Ctrl Pts',(7.802,3.19644074275162,-1.71550242118659));
#14514=CARTESIAN_POINT('Ctrl Pts',(7.812,3.1672673225438,-1.77303888881866));
#14515=CARTESIAN_POINT('Ctrl Pts',(7.802,3.1672673225438,-1.77303888881866));
#14516=CARTESIAN_POINT('Ctrl Pts',(7.812,3.154301358007,-1.80788491851133));
#14517=CARTESIAN_POINT('Ctrl Pts',(7.802,3.154301358007,-1.80788491851133));
#14518=CARTESIAN_POINT('',(7.812,3.20778596172132,-1.70010533829913));
#14519=CARTESIAN_POINT('Ctrl Pts',(7.812,3.20778596172132,-1.70010533829913));
#14520=CARTESIAN_POINT('Ctrl Pts',(7.812,3.19644074275162,-1.71550242118659));
#14521=CARTESIAN_POINT('Ctrl Pts',(7.812,3.1672673225438,-1.77303888881866));
#14522=CARTESIAN_POINT('Ctrl Pts',(7.812,3.154301358007,-1.80788491851133));
#14523=CARTESIAN_POINT('',(7.802,3.20778596172132,-1.70010533829913));
#14524=CARTESIAN_POINT('',(7.812,3.20778596172132,-1.70010533829913));
#14525=CARTESIAN_POINT('Ctrl Pts',(7.802,3.20778596172132,-1.70010533829913));
#14526=CARTESIAN_POINT('Ctrl Pts',(7.802,3.19644074275162,-1.71550242118659));
#14527=CARTESIAN_POINT('Ctrl Pts',(7.802,3.1672673225438,-1.77303888881866));
#14528=CARTESIAN_POINT('Ctrl Pts',(7.802,3.154301358007,-1.80788491851133));
#14529=CARTESIAN_POINT('Origin',(7.812,3.20778596172132,-1.69038086489653));
#14530=CARTESIAN_POINT('',(7.812,3.20778596172132,-1.69038086489653));
#14531=CARTESIAN_POINT('',(7.812,3.20778596172132,-5.63986296854472));
#14532=CARTESIAN_POINT('',(7.802,3.20778596172132,-1.69038086489653));
#14533=CARTESIAN_POINT('',(7.812,3.20778596172132,-1.69038086489653));
#14534=CARTESIAN_POINT('',(7.802,3.20778596172132,-1.69038086489653));
#14535=CARTESIAN_POINT('Origin',(7.812,3.06597072460001,-1.69038086489653));
#14536=CARTESIAN_POINT('',(7.812,3.06597072460001,-1.69038086489653));
#14537=CARTESIAN_POINT('',(7.812,1.15719664861542,-1.69038086489653));
#14538=CARTESIAN_POINT('',(7.802,3.06597072460001,-1.69038086489653));
#14539=CARTESIAN_POINT('',(7.812,3.06597072460001,-1.69038086489653));
#14540=CARTESIAN_POINT('',(7.802,3.06597072460001,-1.69038086489653));
#14541=CARTESIAN_POINT('Ctrl Pts',(7.812,3.00924462975148,-1.9521312739833));
#14542=CARTESIAN_POINT('Ctrl Pts',(7.802,3.00924462975148,-1.9521312739833));
#14543=CARTESIAN_POINT('Ctrl Pts',(7.812,3.00924462975148,-1.88081846903086));
#14544=CARTESIAN_POINT('Ctrl Pts',(7.802,3.00924462975148,-1.88081846903086));
#14545=CARTESIAN_POINT('Ctrl Pts',(7.812,3.04084916830995,-1.7414343502602));
#14546=CARTESIAN_POINT('Ctrl Pts',(7.802,3.04084916830995,-1.7414343502602));
#14547=CARTESIAN_POINT('Ctrl Pts',(7.812,3.06597072460001,-1.69038086489653));
#14548=CARTESIAN_POINT('Ctrl Pts',(7.802,3.06597072460001,-1.69038086489653));
#14549=CARTESIAN_POINT('',(7.812,3.00924462975148,-1.9521312739833));
#14550=CARTESIAN_POINT('Ctrl Pts',(7.812,3.00924462975148,-1.9521312739833));
#14551=CARTESIAN_POINT('Ctrl Pts',(7.812,3.00924462975148,-1.88081846903086));
#14552=CARTESIAN_POINT('Ctrl Pts',(7.812,3.04084916830995,-1.7414343502602));
#14553=CARTESIAN_POINT('Ctrl Pts',(7.812,3.06597072460001,-1.69038086489653));
#14554=CARTESIAN_POINT('',(7.802,3.00924462975148,-1.9521312739833));
#14555=CARTESIAN_POINT('',(7.812,3.00924462975148,-1.9521312739833));
#14556=CARTESIAN_POINT('Ctrl Pts',(7.802,3.00924462975148,-1.9521312739833));
#14557=CARTESIAN_POINT('Ctrl Pts',(7.802,3.00924462975148,-1.88081846903086));
#14558=CARTESIAN_POINT('Ctrl Pts',(7.802,3.04084916830995,-1.7414343502602));
#14559=CARTESIAN_POINT('Ctrl Pts',(7.802,3.06597072460001,-1.69038086489653));
#14560=CARTESIAN_POINT('Ctrl Pts',(7.812,3.10729973656108,-2.19767422739906));
#14561=CARTESIAN_POINT('Ctrl Pts',(7.802,3.10729973656108,-2.19767422739906));
#14562=CARTESIAN_POINT('Ctrl Pts',(7.812,3.06191886068226,-2.15553484265444));
#14563=CARTESIAN_POINT('Ctrl Pts',(7.802,3.06191886068226,-2.15553484265444));
#14564=CARTESIAN_POINT('Ctrl Pts',(7.812,3.00924462975148,-2.02992706120413));
#14565=CARTESIAN_POINT('Ctrl Pts',(7.802,3.00924462975148,-2.02992706120413));
#14566=CARTESIAN_POINT('Ctrl Pts',(7.812,3.00924462975148,-1.9521312739833));
#14567=CARTESIAN_POINT('Ctrl Pts',(7.802,3.00924462975148,-1.9521312739833));
#14568=CARTESIAN_POINT('',(7.812,3.10729973656108,-2.19767422739906));
#14569=CARTESIAN_POINT('Ctrl Pts',(7.812,3.10729973656108,-2.19767422739906));
#14570=CARTESIAN_POINT('Ctrl Pts',(7.812,3.06191886068226,-2.15553484265444));
#14571=CARTESIAN_POINT('Ctrl Pts',(7.812,3.00924462975148,-2.02992706120413));
#14572=CARTESIAN_POINT('Ctrl Pts',(7.812,3.00924462975148,-1.9521312739833));
#14573=CARTESIAN_POINT('',(7.802,3.10729973656108,-2.19767422739906));
#14574=CARTESIAN_POINT('',(7.812,3.10729973656108,-2.19767422739906));
#14575=CARTESIAN_POINT('Ctrl Pts',(7.802,3.10729973656108,-2.19767422739906));
#14576=CARTESIAN_POINT('Ctrl Pts',(7.802,3.06191886068226,-2.15553484265444));
#14577=CARTESIAN_POINT('Ctrl Pts',(7.802,3.00924462975148,-2.02992706120413));
#14578=CARTESIAN_POINT('Ctrl Pts',(7.802,3.00924462975148,-1.9521312739833));
#14579=CARTESIAN_POINT('Ctrl Pts',(7.812,3.34798045327554,-2.28600486080605));
#14580=CARTESIAN_POINT('Ctrl Pts',(7.802,3.34798045327554,-2.28600486080605));
#14581=CARTESIAN_POINT('Ctrl Pts',(7.812,3.27585727553955,-2.28600486080605));
#14582=CARTESIAN_POINT('Ctrl Pts',(7.802,3.27585727553955,-2.28600486080605));
#14583=CARTESIAN_POINT('Ctrl Pts',(7.812,3.1526806124399,-2.23981361214368));
#14584=CARTESIAN_POINT('Ctrl Pts',(7.802,3.1526806124399,-2.23981361214368));
#14585=CARTESIAN_POINT('Ctrl Pts',(7.812,3.10729973656108,-2.19767422739906));
#14586=CARTESIAN_POINT('Ctrl Pts',(7.802,3.10729973656108,-2.19767422739906));
#14587=CARTESIAN_POINT('Ctrl Pts',(7.812,3.34798045327554,-2.28600486080605));
#14588=CARTESIAN_POINT('Ctrl Pts',(7.812,3.27585727553955,-2.28600486080605));
#14589=CARTESIAN_POINT('Ctrl Pts',(7.812,3.1526806124399,-2.23981361214368));
#14590=CARTESIAN_POINT('Ctrl Pts',(7.812,3.10729973656108,-2.19767422739906));
#14591=CARTESIAN_POINT('Ctrl Pts',(7.802,3.34798045327554,-2.28600486080605));
#14592=CARTESIAN_POINT('Ctrl Pts',(7.802,3.27585727553955,-2.28600486080605));
#14593=CARTESIAN_POINT('Ctrl Pts',(7.802,3.1526806124399,-2.23981361214368));
#14594=CARTESIAN_POINT('Ctrl Pts',(7.802,3.10729973656108,-2.19767422739906));
#14595=CARTESIAN_POINT('Origin',(7.802,3.5817276945443,-1.97735703775346));
#14596=CARTESIAN_POINT('Origin',(7.812,5.42719307644841,-10.3014021366841));
#14597=CARTESIAN_POINT('',(7.812,5.42719307644841,-10.3014021366841));
#14598=CARTESIAN_POINT('',(7.812,5.42719307644841,-10.4326825276192));
#14599=CARTESIAN_POINT('',(7.812,5.42719307644841,-9.94537360443849));
#14600=CARTESIAN_POINT('',(7.802,5.42719307644841,-10.3014021366841));
#14601=CARTESIAN_POINT('',(7.812,5.42719307644841,-10.3014021366841));
#14602=CARTESIAN_POINT('',(7.802,5.42719307644841,-10.4326825276192));
#14603=CARTESIAN_POINT('',(7.802,5.42719307644841,-10.3014021366841));
#14604=CARTESIAN_POINT('',(7.812,5.42719307644841,-10.4326825276192));
#14605=CARTESIAN_POINT('Origin',(7.812,4.87127734693285,-10.0971881952294));
#14606=CARTESIAN_POINT('',(7.812,4.87127734693285,-10.0971881952294));
#14607=CARTESIAN_POINT('',(7.812,2.31193937489298,-9.15702322590861));
#14608=CARTESIAN_POINT('',(7.802,4.87127734693285,-10.0971881952294));
#14609=CARTESIAN_POINT('',(7.812,4.87127734693285,-10.0971881952294));
#14610=CARTESIAN_POINT('',(7.802,4.87127734693285,-10.0971881952294));
#14611=CARTESIAN_POINT('Origin',(7.812,5.42719307644841,-9.89216388099114));
#14612=CARTESIAN_POINT('',(7.812,5.42719307644841,-9.89216388099114));
#14613=CARTESIAN_POINT('',(7.812,2.75685885099491,-10.876995599708));
#14614=CARTESIAN_POINT('',(7.802,5.42719307644841,-9.89216388099114));
#14615=CARTESIAN_POINT('',(7.812,5.42719307644841,-9.89216388099114));
#14616=CARTESIAN_POINT('',(7.802,5.42719307644841,-9.89216388099114));
#14617=CARTESIAN_POINT('Origin',(7.812,5.42719307644841,-9.75602125335468));
#14618=CARTESIAN_POINT('',(7.812,5.42719307644841,-9.75602125335468));
#14619=CARTESIAN_POINT('',(7.812,5.42719307644841,-9.67268316277379));
#14620=CARTESIAN_POINT('',(7.802,5.42719307644841,-9.75602125335468));
#14621=CARTESIAN_POINT('',(7.812,5.42719307644841,-9.75602125335468));
#14622=CARTESIAN_POINT('',(7.802,5.42719307644841,-9.75602125335468));
#14623=CARTESIAN_POINT('Origin',(7.812,4.71325465414053,-10.0283065086276));
#14624=CARTESIAN_POINT('',(7.812,4.71325465414053,-10.0283065086276));
#14625=CARTESIAN_POINT('',(7.812,2.40088889769916,-10.9102076370774));
#14626=CARTESIAN_POINT('',(7.802,4.71325465414053,-10.0283065086276));
#14627=CARTESIAN_POINT('',(7.812,4.71325465414053,-10.0283065086276));
#14628=CARTESIAN_POINT('',(7.802,4.71325465414053,-10.0283065086276));
#14629=CARTESIAN_POINT('Origin',(7.812,4.40045075969009,-9.89378462655824));
#14630=CARTESIAN_POINT('',(7.812,4.40045075969009,-9.89378462655824));
#14631=CARTESIAN_POINT('',(7.812,2.17125239137766,-8.93511382567776));
#14632=CARTESIAN_POINT('',(7.802,4.40045075969009,-9.89378462655824));
#14633=CARTESIAN_POINT('',(7.812,4.40045075969009,-9.89378462655824));
#14634=CARTESIAN_POINT('',(7.802,4.40045075969009,-9.89378462655824));
#14635=CARTESIAN_POINT('Origin',(7.812,4.40045075969009,-10.0291168814112));
#14636=CARTESIAN_POINT('',(7.812,4.40045075969009,-10.0291168814112));
#14637=CARTESIAN_POINT('',(7.812,4.40045075969009,-9.80923097680203));
#14638=CARTESIAN_POINT('',(7.802,4.40045075969009,-10.0291168814112));
#14639=CARTESIAN_POINT('',(7.812,4.40045075969009,-10.0291168814112));
#14640=CARTESIAN_POINT('',(7.802,4.40045075969009,-10.0291168814112));
#14641=CARTESIAN_POINT('Origin',(7.812,5.42719307644841,-10.4326825276192));
#14642=CARTESIAN_POINT('',(7.812,2.60766330317366,-9.3244537769556));
#14643=CARTESIAN_POINT('',(7.802,5.42719307644841,-10.4326825276192));
#14644=CARTESIAN_POINT('Origin',(7.802,5.00463804053485,-10.077190891781));
#14645=CARTESIAN_POINT('Origin',(7.812,5.68327087605033,-9.20658850610752));
#14646=CARTESIAN_POINT('',(7.812,5.68327087605033,-9.20658850610752));
#14647=CARTESIAN_POINT('',(7.812,5.55199048511517,-9.20658850610752));
#14648=CARTESIAN_POINT('',(7.812,2.46584672434058,-9.20658850610752));
#14649=CARTESIAN_POINT('',(7.802,5.68327087605033,-9.20658850610752));
#14650=CARTESIAN_POINT('',(7.812,5.68327087605033,-9.20658850610752));
#14651=CARTESIAN_POINT('',(7.802,5.55199048511517,-9.20658850610752));
#14652=CARTESIAN_POINT('',(7.802,5.68327087605033,-9.20658850610752));
#14653=CARTESIAN_POINT('',(7.812,5.55199048511517,-9.20658850610752));
#14654=CARTESIAN_POINT('Origin',(7.812,5.68327087605033,-9.06315252341911));
#14655=CARTESIAN_POINT('',(7.812,5.68327087605033,-9.06315252341911));
#14656=CARTESIAN_POINT('',(7.812,5.68327087605033,-9.32624879780601));
#14657=CARTESIAN_POINT('',(7.802,5.68327087605033,-9.06315252341911));
#14658=CARTESIAN_POINT('',(7.812,5.68327087605033,-9.06315252341911));
#14659=CARTESIAN_POINT('',(7.802,5.68327087605033,-9.06315252341911));
#14660=CARTESIAN_POINT('Origin',(7.812,5.55199048511517,-9.06315252341911));
#14661=CARTESIAN_POINT('',(7.812,5.55199048511517,-9.06315252341911));
#14662=CARTESIAN_POINT('',(7.812,2.400206528873,-9.06315252341911));
#14663=CARTESIAN_POINT('',(7.802,5.55199048511517,-9.06315252341911));
#14664=CARTESIAN_POINT('',(7.812,5.55199048511517,-9.06315252341911));
#14665=CARTESIAN_POINT('',(7.802,5.55199048511517,-9.06315252341911));
#14666=CARTESIAN_POINT('Origin',(7.812,5.55199048511517,-9.20658850610752));
#14667=CARTESIAN_POINT('',(7.812,5.55199048511517,-9.39796678915022));
#14668=CARTESIAN_POINT('',(7.802,5.55199048511517,-9.20658850610752));
#14669=CARTESIAN_POINT('Origin',(7.802,5.61763068058275,-9.13487051476331));
#14670=CARTESIAN_POINT('Origin',(7.812,5.42719307644841,-8.84192075350986));
#14671=CARTESIAN_POINT('',(7.812,5.42719307644841,-8.84192075350986));
#14672=CARTESIAN_POINT('',(7.812,5.42719307644841,-8.97320114444502));
#14673=CARTESIAN_POINT('',(7.812,5.42719307644841,-9.21563291285138));
#14674=CARTESIAN_POINT('',(7.802,5.42719307644841,-8.84192075350986));
#14675=CARTESIAN_POINT('',(7.812,5.42719307644841,-8.84192075350986));
#14676=CARTESIAN_POINT('',(7.802,5.42719307644841,-8.97320114444502));
#14677=CARTESIAN_POINT('',(7.802,5.42719307644841,-8.84192075350986));
#14678=CARTESIAN_POINT('',(7.812,5.42719307644841,-8.97320114444502));
#14679=CARTESIAN_POINT('Origin',(7.812,4.84939728177699,-8.63851718483871));
#14680=CARTESIAN_POINT('',(7.812,4.84939728177699,-8.63851718483871));
#14681=CARTESIAN_POINT('',(7.812,2.50660810776597,-7.81377653592319));
#14682=CARTESIAN_POINT('',(7.802,4.84939728177699,-8.63851718483871));
#14683=CARTESIAN_POINT('',(7.812,4.84939728177699,-8.63851718483871));
#14684=CARTESIAN_POINT('',(7.802,4.84939728177699,-8.63851718483871));
#14685=CARTESIAN_POINT('Origin',(7.812,5.42719307644841,-8.43349287060047));
#14686=CARTESIAN_POINT('',(7.812,5.42719307644841,-8.43349287060047));
#14687=CARTESIAN_POINT('',(7.812,2.5011560824966,-9.47176406200273));
#14688=CARTESIAN_POINT('',(7.802,5.42719307644841,-8.43349287060047));
#14689=CARTESIAN_POINT('',(7.812,5.42719307644841,-8.43349287060047));
#14690=CARTESIAN_POINT('',(7.802,5.42719307644841,-8.43349287060047));
#14691=CARTESIAN_POINT('Origin',(7.812,5.42719307644841,-8.29653987018045));
#14692=CARTESIAN_POINT('',(7.812,5.42719307644841,-8.29653987018045));
#14693=CARTESIAN_POINT('',(7.812,5.42719307644841,-8.94294247118668));
#14694=CARTESIAN_POINT('',(7.802,5.42719307644841,-8.29653987018045));
#14695=CARTESIAN_POINT('',(7.812,5.42719307644841,-8.29653987018045));
#14696=CARTESIAN_POINT('',(7.802,5.42719307644841,-8.29653987018045));
#14697=CARTESIAN_POINT('Origin',(7.812,4.67678787888076,-8.57692885328888));
#14698=CARTESIAN_POINT('',(7.812,4.67678787888076,-8.57692885328888));
#14699=CARTESIAN_POINT('',(7.812,2.12914776505772,-9.52885485694199));
#14700=CARTESIAN_POINT('',(7.802,4.67678787888076,-8.57692885328888));
#14701=CARTESIAN_POINT('',(7.812,4.67678787888076,-8.57692885328888));
#14702=CARTESIAN_POINT('',(7.802,4.67678787888076,-8.57692885328888));
#14703=CARTESIAN_POINT('Origin',(7.812,4.67678787888076,-8.69038104298594));
#14704=CARTESIAN_POINT('',(7.812,4.67678787888076,-8.69038104298594));
#14705=CARTESIAN_POINT('',(7.812,4.67678787888076,-9.13986305758942));
#14706=CARTESIAN_POINT('',(7.802,4.67678787888076,-8.69038104298594));
#14707=CARTESIAN_POINT('',(7.812,4.67678787888076,-8.69038104298594));
#14708=CARTESIAN_POINT('',(7.802,4.67678787888076,-8.69038104298594));
#14709=CARTESIAN_POINT('Origin',(7.812,5.42719307644841,-8.97320114444502));
#14710=CARTESIAN_POINT('',(7.812,2.82372862317039,-7.9919818202614));
#14711=CARTESIAN_POINT('',(7.802,5.42719307644841,-8.97320114444502));
#14712=CARTESIAN_POINT('Origin',(7.802,5.10302969034189,-8.6354361429009));
#14713=CARTESIAN_POINT('Origin',(7.812,5.42719307644841,-8.19848476337086));
#14714=CARTESIAN_POINT('',(7.812,5.42719307644841,-8.19848476337086));
#14715=CARTESIAN_POINT('',(7.812,4.67678787888076,-8.19848476337086));
#14716=CARTESIAN_POINT('',(7.812,2.33780782453962,-8.19848476337086));
#14717=CARTESIAN_POINT('',(7.802,5.42719307644841,-8.19848476337086));
#14718=CARTESIAN_POINT('',(7.812,5.42719307644841,-8.19848476337086));
#14719=CARTESIAN_POINT('',(7.802,4.67678787888076,-8.19848476337086));
#14720=CARTESIAN_POINT('',(7.802,5.42719307644841,-8.19848476337086));
#14721=CARTESIAN_POINT('',(7.812,4.67678787888076,-8.19848476337086));
#14722=CARTESIAN_POINT('Origin',(7.812,5.42719307644841,-8.072066609137));
#14723=CARTESIAN_POINT('',(7.812,5.42719307644841,-8.072066609137));
#14724=CARTESIAN_POINT('',(7.812,5.42719307644841,-8.83070584066495));
#14725=CARTESIAN_POINT('',(7.802,5.42719307644841,-8.072066609137));
#14726=CARTESIAN_POINT('',(7.812,5.42719307644841,-8.072066609137));
#14727=CARTESIAN_POINT('',(7.802,5.42719307644841,-8.072066609137));
#14728=CARTESIAN_POINT('Origin',(7.812,4.67678787888076,-8.072066609137));
#14729=CARTESIAN_POINT('',(7.812,4.67678787888076,-8.072066609137));
#14730=CARTESIAN_POINT('',(7.812,1.9626052257558,-8.072066609137));
#14731=CARTESIAN_POINT('',(7.802,4.67678787888076,-8.072066609137));
#14732=CARTESIAN_POINT('',(7.812,4.67678787888076,-8.072066609137));
#14733=CARTESIAN_POINT('',(7.802,4.67678787888076,-8.072066609137));
#14734=CARTESIAN_POINT('Origin',(7.812,4.67678787888076,-8.19848476337086));
#14735=CARTESIAN_POINT('',(7.812,4.67678787888076,-8.89391491778188));
#14736=CARTESIAN_POINT('',(7.802,4.67678787888076,-8.19848476337086));
#14737=CARTESIAN_POINT('Origin',(7.802,5.05199047766459,-8.13527568625393));
#14738=CARTESIAN_POINT('Ctrl Pts',(7.812,4.67921899723142,-7.39621570765599));
#14739=CARTESIAN_POINT('Ctrl Pts',(7.802,4.67921899723142,-7.39621570765599));
#14740=CARTESIAN_POINT('Ctrl Pts',(7.812,4.66949452382881,-7.36380079631397));
#14741=CARTESIAN_POINT('Ctrl Pts',(7.802,4.66949452382881,-7.36380079631397));
#14742=CARTESIAN_POINT('Ctrl Pts',(7.812,4.65977005042621,-7.3127473109503));
#14743=CARTESIAN_POINT('Ctrl Pts',(7.802,4.65977005042621,-7.3127473109503));
#14744=CARTESIAN_POINT('Ctrl Pts',(7.812,4.65977005042621,-7.27303904455633));
#14745=CARTESIAN_POINT('Ctrl Pts',(7.802,4.65977005042621,-7.27303904455633));
#14746=CARTESIAN_POINT('',(7.812,4.67921899723142,-7.39621570765599));
#14747=CARTESIAN_POINT('',(7.812,4.65977005042621,-7.27303904455633));
#14748=CARTESIAN_POINT('Ctrl Pts',(7.812,4.67921899723142,-7.39621570765599));
#14749=CARTESIAN_POINT('Ctrl Pts',(7.812,4.66949452382881,-7.36380079631397));
#14750=CARTESIAN_POINT('Ctrl Pts',(7.812,4.65977005042621,-7.3127473109503));
#14751=CARTESIAN_POINT('Ctrl Pts',(7.812,4.65977005042621,-7.27303904455633));
#14752=CARTESIAN_POINT('',(7.802,4.67921899723142,-7.39621570765599));
#14753=CARTESIAN_POINT('',(7.812,4.67921899723142,-7.39621570765599));
#14754=CARTESIAN_POINT('',(7.802,4.65977005042621,-7.27303904455633));
#14755=CARTESIAN_POINT('Ctrl Pts',(7.802,4.67921899723142,-7.39621570765599));
#14756=CARTESIAN_POINT('Ctrl Pts',(7.802,4.66949452382881,-7.36380079631397));
#14757=CARTESIAN_POINT('Ctrl Pts',(7.802,4.65977005042621,-7.3127473109503));
#14758=CARTESIAN_POINT('Ctrl Pts',(7.802,4.65977005042621,-7.27303904455633));
#14759=CARTESIAN_POINT('',(7.812,4.65977005042621,-7.27303904455633));
#14760=CARTESIAN_POINT('Ctrl Pts',(7.812,4.71892726362538,-7.49427081446558));
#14761=CARTESIAN_POINT('Ctrl Pts',(7.802,4.71892726362538,-7.49427081446558));
#14762=CARTESIAN_POINT('Ctrl Pts',(7.812,4.71001316300633,-7.47563224044392));
#14763=CARTESIAN_POINT('Ctrl Pts',(7.802,4.71001316300633,-7.47563224044392));
#14764=CARTESIAN_POINT('Ctrl Pts',(7.812,4.68489160671627,-7.4189061455954));
#14765=CARTESIAN_POINT('Ctrl Pts',(7.802,4.68489160671627,-7.4189061455954));
#14766=CARTESIAN_POINT('Ctrl Pts',(7.812,4.67921899723142,-7.39621570765599));
#14767=CARTESIAN_POINT('Ctrl Pts',(7.802,4.67921899723142,-7.39621570765599));
#14768=CARTESIAN_POINT('',(7.812,4.71892726362538,-7.49427081446558));
#14769=CARTESIAN_POINT('Ctrl Pts',(7.812,4.71892726362538,-7.49427081446558));
#14770=CARTESIAN_POINT('Ctrl Pts',(7.812,4.71001316300633,-7.47563224044392));
#14771=CARTESIAN_POINT('Ctrl Pts',(7.812,4.68489160671627,-7.4189061455954));
#14772=CARTESIAN_POINT('Ctrl Pts',(7.812,4.67921899723142,-7.39621570765599));
#14773=CARTESIAN_POINT('',(7.802,4.71892726362538,-7.49427081446558));
#14774=CARTESIAN_POINT('',(7.812,4.71892726362538,-7.49427081446558));
#14775=CARTESIAN_POINT('Ctrl Pts',(7.802,4.71892726362538,-7.49427081446558));
#14776=CARTESIAN_POINT('Ctrl Pts',(7.802,4.71001316300633,-7.47563224044392));
#14777=CARTESIAN_POINT('Ctrl Pts',(7.802,4.68489160671627,-7.4189061455954));
#14778=CARTESIAN_POINT('Ctrl Pts',(7.802,4.67921899723142,-7.39621570765599));
#14779=CARTESIAN_POINT('Origin',(7.812,4.8607425007467,-7.49427081446558));
#14780=CARTESIAN_POINT('',(7.812,4.8607425007467,-7.49427081446558));
#14781=CARTESIAN_POINT('',(7.812,2.05458253668876,-7.49427081446558));
#14782=CARTESIAN_POINT('',(7.802,4.8607425007467,-7.49427081446558));
#14783=CARTESIAN_POINT('',(7.812,4.8607425007467,-7.49427081446558));
#14784=CARTESIAN_POINT('',(7.802,4.8607425007467,-7.49427081446558));
#14785=CARTESIAN_POINT('Origin',(7.812,4.8607425007467,-7.48697745941363));
#14786=CARTESIAN_POINT('',(7.812,4.8607425007467,-7.48697745941363));
#14787=CARTESIAN_POINT('',(7.812,4.8607425007467,-8.53816126580327));
#14788=CARTESIAN_POINT('',(7.802,4.8607425007467,-7.48697745941363));
#14789=CARTESIAN_POINT('',(7.812,4.8607425007467,-7.48697745941363));
#14790=CARTESIAN_POINT('',(7.802,4.8607425007467,-7.48697745941363));
#14791=CARTESIAN_POINT('Ctrl Pts',(7.812,4.76998074898906,-7.27060792620568));
#14792=CARTESIAN_POINT('Ctrl Pts',(7.802,4.76998074898906,-7.27060792620568));
#14793=CARTESIAN_POINT('Ctrl Pts',(7.812,4.76998074898906,-7.33219625775551));
#14794=CARTESIAN_POINT('Ctrl Pts',(7.802,4.76998074898906,-7.33219625775551));
#14795=CARTESIAN_POINT('Ctrl Pts',(7.812,4.82103423435273,-7.44402770188546));
#14796=CARTESIAN_POINT('Ctrl Pts',(7.802,4.82103423435273,-7.44402770188546));
#14797=CARTESIAN_POINT('Ctrl Pts',(7.812,4.8607425007467,-7.48697745941363));
#14798=CARTESIAN_POINT('Ctrl Pts',(7.802,4.8607425007467,-7.48697745941363));
#14799=CARTESIAN_POINT('',(7.812,4.76998074898906,-7.27060792620568));
#14800=CARTESIAN_POINT('Ctrl Pts',(7.812,4.76998074898906,-7.27060792620568));
#14801=CARTESIAN_POINT('Ctrl Pts',(7.812,4.76998074898906,-7.33219625775551));
#14802=CARTESIAN_POINT('Ctrl Pts',(7.812,4.82103423435273,-7.44402770188546));
#14803=CARTESIAN_POINT('Ctrl Pts',(7.812,4.8607425007467,-7.48697745941363));
#14804=CARTESIAN_POINT('',(7.802,4.76998074898906,-7.27060792620568));
#14805=CARTESIAN_POINT('',(7.812,4.76998074898906,-7.27060792620568));
#14806=CARTESIAN_POINT('Ctrl Pts',(7.802,4.76998074898906,-7.27060792620568));
#14807=CARTESIAN_POINT('Ctrl Pts',(7.802,4.76998074898906,-7.33219625775551));
#14808=CARTESIAN_POINT('Ctrl Pts',(7.802,4.82103423435273,-7.44402770188546));
#14809=CARTESIAN_POINT('Ctrl Pts',(7.802,4.8607425007467,-7.48697745941363));
#14810=CARTESIAN_POINT('Ctrl Pts',(7.812,5.05036973209749,-7.05342802021418));
#14811=CARTESIAN_POINT('Ctrl Pts',(7.802,5.05036973209749,-7.05342802021418));
#14812=CARTESIAN_POINT('Ctrl Pts',(7.812,4.91827896837878,-7.05342802021418));
#14813=CARTESIAN_POINT('Ctrl Pts',(7.802,4.91827896837878,-7.05342802021418));
#14814=CARTESIAN_POINT('Ctrl Pts',(7.812,4.76998074898906,-7.16850095547833));
#14815=CARTESIAN_POINT('Ctrl Pts',(7.802,4.76998074898906,-7.16850095547833));
#14816=CARTESIAN_POINT('Ctrl Pts',(7.812,4.76998074898906,-7.27060792620568));
#14817=CARTESIAN_POINT('Ctrl Pts',(7.802,4.76998074898906,-7.27060792620568));
#14818=CARTESIAN_POINT('',(7.812,5.05036973209749,-7.05342802021418));
#14819=CARTESIAN_POINT('Ctrl Pts',(7.812,5.05036973209749,-7.05342802021418));
#14820=CARTESIAN_POINT('Ctrl Pts',(7.812,4.91827896837878,-7.05342802021418));
#14821=CARTESIAN_POINT('Ctrl Pts',(7.812,4.76998074898906,-7.16850095547833));
#14822=CARTESIAN_POINT('Ctrl Pts',(7.812,4.76998074898906,-7.27060792620568));
#14823=CARTESIAN_POINT('',(7.802,5.05036973209749,-7.05342802021418));
#14824=CARTESIAN_POINT('',(7.812,5.05036973209749,-7.05342802021418));
#14825=CARTESIAN_POINT('Ctrl Pts',(7.802,5.05036973209749,-7.05342802021418));
#14826=CARTESIAN_POINT('Ctrl Pts',(7.802,4.91827896837878,-7.05342802021418));
#14827=CARTESIAN_POINT('Ctrl Pts',(7.802,4.76998074898906,-7.16850095547833));
#14828=CARTESIAN_POINT('Ctrl Pts',(7.802,4.76998074898906,-7.27060792620568));
#14829=CARTESIAN_POINT('Ctrl Pts',(7.812,5.33400020634012,-7.27060792620568));
#14830=CARTESIAN_POINT('Ctrl Pts',(7.802,5.33400020634012,-7.27060792620568));
#14831=CARTESIAN_POINT('Ctrl Pts',(7.812,5.33400020634012,-7.17255281939608));
#14832=CARTESIAN_POINT('Ctrl Pts',(7.802,5.33400020634012,-7.17255281939608));
#14833=CARTESIAN_POINT('Ctrl Pts',(7.812,5.1857019869504,-7.05342802021418));
#14834=CARTESIAN_POINT('Ctrl Pts',(7.802,5.1857019869504,-7.05342802021418));
#14835=CARTESIAN_POINT('Ctrl Pts',(7.812,5.05036973209749,-7.05342802021418));
#14836=CARTESIAN_POINT('Ctrl Pts',(7.802,5.05036973209749,-7.05342802021418));
#14837=CARTESIAN_POINT('',(7.812,5.33400020634012,-7.27060792620568));
#14838=CARTESIAN_POINT('Ctrl Pts',(7.812,5.33400020634012,-7.27060792620568));
#14839=CARTESIAN_POINT('Ctrl Pts',(7.812,5.33400020634012,-7.17255281939608));
#14840=CARTESIAN_POINT('Ctrl Pts',(7.812,5.1857019869504,-7.05342802021418));
#14841=CARTESIAN_POINT('Ctrl Pts',(7.812,5.05036973209749,-7.05342802021418));
#14842=CARTESIAN_POINT('',(7.802,5.33400020634012,-7.27060792620568));
#14843=CARTESIAN_POINT('',(7.812,5.33400020634012,-7.27060792620568));
#14844=CARTESIAN_POINT('Ctrl Pts',(7.802,5.33400020634012,-7.27060792620568));
#14845=CARTESIAN_POINT('Ctrl Pts',(7.802,5.33400020634012,-7.17255281939608));
#14846=CARTESIAN_POINT('Ctrl Pts',(7.802,5.1857019869504,-7.05342802021418));
#14847=CARTESIAN_POINT('Ctrl Pts',(7.802,5.05036973209749,-7.05342802021418));
#14848=CARTESIAN_POINT('Ctrl Pts',(7.812,5.30077492221455,-7.40107794435729));
#14849=CARTESIAN_POINT('Ctrl Pts',(7.802,5.30077492221455,-7.40107794435729));
#14850=CARTESIAN_POINT('Ctrl Pts',(7.812,5.31374088675136,-7.37433564250012));
#14851=CARTESIAN_POINT('Ctrl Pts',(7.802,5.31374088675136,-7.37433564250012));
#14852=CARTESIAN_POINT('Ctrl Pts',(7.812,5.33400020634012,-7.30302283754769));
#14853=CARTESIAN_POINT('Ctrl Pts',(7.802,5.33400020634012,-7.30302283754769));
#14854=CARTESIAN_POINT('Ctrl Pts',(7.812,5.33400020634012,-7.27060792620568));
#14855=CARTESIAN_POINT('Ctrl Pts',(7.802,5.33400020634012,-7.27060792620568));
#14856=CARTESIAN_POINT('',(7.812,5.30077492221455,-7.40107794435729));
#14857=CARTESIAN_POINT('Ctrl Pts',(7.812,5.30077492221455,-7.40107794435729));
#14858=CARTESIAN_POINT('Ctrl Pts',(7.812,5.31374088675136,-7.37433564250012));
#14859=CARTESIAN_POINT('Ctrl Pts',(7.812,5.33400020634012,-7.30302283754769));
#14860=CARTESIAN_POINT('Ctrl Pts',(7.812,5.33400020634012,-7.27060792620568));
#14861=CARTESIAN_POINT('',(7.802,5.30077492221455,-7.40107794435729));
#14862=CARTESIAN_POINT('',(7.812,5.30077492221455,-7.40107794435729));
#14863=CARTESIAN_POINT('Ctrl Pts',(7.802,5.30077492221455,-7.40107794435729));
#14864=CARTESIAN_POINT('Ctrl Pts',(7.802,5.31374088675136,-7.37433564250012));
#14865=CARTESIAN_POINT('Ctrl Pts',(7.802,5.33400020634012,-7.30302283754769));
#14866=CARTESIAN_POINT('Ctrl Pts',(7.802,5.33400020634012,-7.27060792620568));
#14867=CARTESIAN_POINT('Ctrl Pts',(7.812,5.24485920014958,-7.48697745941363));
#14868=CARTESIAN_POINT('Ctrl Pts',(7.802,5.24485920014958,-7.48697745941363));
#14869=CARTESIAN_POINT('Ctrl Pts',(7.812,5.25620441911928,-7.47320112209327));
#14870=CARTESIAN_POINT('Ctrl Pts',(7.802,5.25620441911928,-7.47320112209327));
#14871=CARTESIAN_POINT('Ctrl Pts',(7.812,5.2853778393271,-7.43106173734865));
#14872=CARTESIAN_POINT('Ctrl Pts',(7.802,5.2853778393271,-7.43106173734865));
#14873=CARTESIAN_POINT('Ctrl Pts',(7.812,5.30077492221455,-7.40107794435729));
#14874=CARTESIAN_POINT('Ctrl Pts',(7.802,5.30077492221455,-7.40107794435729));
#14875=CARTESIAN_POINT('',(7.812,5.24485920014958,-7.48697745941363));
#14876=CARTESIAN_POINT('Ctrl Pts',(7.812,5.24485920014958,-7.48697745941363));
#14877=CARTESIAN_POINT('Ctrl Pts',(7.812,5.25620441911928,-7.47320112209327));
#14878=CARTESIAN_POINT('Ctrl Pts',(7.812,5.2853778393271,-7.43106173734865));
#14879=CARTESIAN_POINT('Ctrl Pts',(7.812,5.30077492221455,-7.40107794435729));
#14880=CARTESIAN_POINT('',(7.802,5.24485920014958,-7.48697745941363));
#14881=CARTESIAN_POINT('',(7.812,5.24485920014958,-7.48697745941363));
#14882=CARTESIAN_POINT('Ctrl Pts',(7.802,5.24485920014958,-7.48697745941363));
#14883=CARTESIAN_POINT('Ctrl Pts',(7.802,5.25620441911928,-7.47320112209327));
#14884=CARTESIAN_POINT('Ctrl Pts',(7.802,5.2853778393271,-7.43106173734865));
#14885=CARTESIAN_POINT('Ctrl Pts',(7.802,5.30077492221455,-7.40107794435729));
#14886=CARTESIAN_POINT('Origin',(7.812,5.24485920014958,-7.49427081446558));
#14887=CARTESIAN_POINT('',(7.812,5.24485920014958,-7.49427081446558));
#14888=CARTESIAN_POINT('',(7.812,5.24485920014958,-8.54180794332925));
#14889=CARTESIAN_POINT('',(7.802,5.24485920014958,-7.49427081446558));
#14890=CARTESIAN_POINT('',(7.812,5.24485920014958,-7.49427081446558));
#14891=CARTESIAN_POINT('',(7.802,5.24485920014958,-7.49427081446558));
#14892=CARTESIAN_POINT('Origin',(7.812,5.38667443727089,-7.49427081446558));
#14893=CARTESIAN_POINT('',(7.812,5.38667443727089,-7.49427081446558));
#14894=CARTESIAN_POINT('',(7.812,2.31754850495086,-7.49427081446558));
#14895=CARTESIAN_POINT('',(7.802,5.38667443727089,-7.49427081446558));
#14896=CARTESIAN_POINT('',(7.812,5.38667443727089,-7.49427081446558));
#14897=CARTESIAN_POINT('',(7.802,5.38667443727089,-7.49427081446558));
#14898=CARTESIAN_POINT('Ctrl Pts',(7.812,5.44421090490297,-7.27303904455633));
#14899=CARTESIAN_POINT('Ctrl Pts',(7.802,5.44421090490297,-7.27303904455633));
#14900=CARTESIAN_POINT('Ctrl Pts',(7.812,5.44421090490297,-7.33462737610616));
#14901=CARTESIAN_POINT('Ctrl Pts',(7.802,5.44421090490297,-7.33462737610616));
#14902=CARTESIAN_POINT('Ctrl Pts',(7.812,5.4093648752103,-7.44970031137031));
#14903=CARTESIAN_POINT('Ctrl Pts',(7.802,5.4093648752103,-7.44970031137031));
#14904=CARTESIAN_POINT('Ctrl Pts',(7.812,5.38667443727089,-7.49427081446558));
#14905=CARTESIAN_POINT('Ctrl Pts',(7.802,5.38667443727089,-7.49427081446558));
#14906=CARTESIAN_POINT('',(7.812,5.44421090490297,-7.27303904455633));
#14907=CARTESIAN_POINT('Ctrl Pts',(7.812,5.44421090490297,-7.27303904455633));
#14908=CARTESIAN_POINT('Ctrl Pts',(7.812,5.44421090490297,-7.33462737610616));
#14909=CARTESIAN_POINT('Ctrl Pts',(7.812,5.4093648752103,-7.44970031137031));
#14910=CARTESIAN_POINT('Ctrl Pts',(7.812,5.38667443727089,-7.49427081446558));
#14911=CARTESIAN_POINT('',(7.802,5.44421090490297,-7.27303904455633));
#14912=CARTESIAN_POINT('',(7.812,5.44421090490297,-7.27303904455633));
#14913=CARTESIAN_POINT('Ctrl Pts',(7.802,5.44421090490297,-7.27303904455633));
#14914=CARTESIAN_POINT('Ctrl Pts',(7.802,5.44421090490297,-7.33462737610616));
#14915=CARTESIAN_POINT('Ctrl Pts',(7.802,5.4093648752103,-7.44970031137031));
#14916=CARTESIAN_POINT('Ctrl Pts',(7.802,5.38667443727089,-7.49427081446558));
#14917=CARTESIAN_POINT('Ctrl Pts',(7.812,5.34210393417562,-7.02020273608861));
#14918=CARTESIAN_POINT('Ctrl Pts',(7.802,5.34210393417562,-7.02020273608861));
#14919=CARTESIAN_POINT('Ctrl Pts',(7.812,5.39153667397219,-7.06477323918388));
#14920=CARTESIAN_POINT('Ctrl Pts',(7.802,5.39153667397219,-7.06477323918388));
#14921=CARTESIAN_POINT('Ctrl Pts',(7.812,5.44421090490297,-7.19686400290259));
#14922=CARTESIAN_POINT('Ctrl Pts',(7.802,5.44421090490297,-7.19686400290259));
#14923=CARTESIAN_POINT('Ctrl Pts',(7.812,5.44421090490297,-7.27303904455633));
#14924=CARTESIAN_POINT('Ctrl Pts',(7.802,5.44421090490297,-7.27303904455633));
#14925=CARTESIAN_POINT('',(7.812,5.34210393417562,-7.02020273608861));
#14926=CARTESIAN_POINT('Ctrl Pts',(7.812,5.34210393417562,-7.02020273608861));
#14927=CARTESIAN_POINT('Ctrl Pts',(7.812,5.39153667397219,-7.06477323918388));
#14928=CARTESIAN_POINT('Ctrl Pts',(7.812,5.44421090490297,-7.19686400290259));
#14929=CARTESIAN_POINT('Ctrl Pts',(7.812,5.44421090490297,-7.27303904455633));
#14930=CARTESIAN_POINT('',(7.802,5.34210393417562,-7.02020273608861));
#14931=CARTESIAN_POINT('',(7.812,5.34210393417562,-7.02020273608861));
#14932=CARTESIAN_POINT('Ctrl Pts',(7.802,5.34210393417562,-7.02020273608861));
#14933=CARTESIAN_POINT('Ctrl Pts',(7.802,5.39153667397219,-7.06477323918388));
#14934=CARTESIAN_POINT('Ctrl Pts',(7.802,5.44421090490297,-7.19686400290259));
#14935=CARTESIAN_POINT('Ctrl Pts',(7.802,5.44421090490297,-7.27303904455633));
#14936=CARTESIAN_POINT('Ctrl Pts',(7.812,5.05036973209749,-6.92295800206257));
#14937=CARTESIAN_POINT('Ctrl Pts',(7.802,5.05036973209749,-6.92295800206257));
#14938=CARTESIAN_POINT('Ctrl Pts',(7.812,5.14923521169063,-6.92295800206257));
#14939=CARTESIAN_POINT('Ctrl Pts',(7.802,5.14923521169063,-6.92295800206257));
#14940=CARTESIAN_POINT('Ctrl Pts',(7.812,5.2934815671626,-6.97563223299334));
#14941=CARTESIAN_POINT('Ctrl Pts',(7.802,5.2934815671626,-6.97563223299334));
#14942=CARTESIAN_POINT('Ctrl Pts',(7.812,5.34210393417562,-7.02020273608861));
#14943=CARTESIAN_POINT('Ctrl Pts',(7.802,5.34210393417562,-7.02020273608861));
#14944=CARTESIAN_POINT('',(7.812,5.05036973209749,-6.92295800206257));
#14945=CARTESIAN_POINT('Ctrl Pts',(7.812,5.05036973209749,-6.92295800206257));
#14946=CARTESIAN_POINT('Ctrl Pts',(7.812,5.14923521169063,-6.92295800206257));
#14947=CARTESIAN_POINT('Ctrl Pts',(7.812,5.2934815671626,-6.97563223299334));
#14948=CARTESIAN_POINT('Ctrl Pts',(7.812,5.34210393417562,-7.02020273608861));
#14949=CARTESIAN_POINT('',(7.802,5.05036973209749,-6.92295800206257));
#14950=CARTESIAN_POINT('',(7.812,5.05036973209749,-6.92295800206257));
#14951=CARTESIAN_POINT('Ctrl Pts',(7.802,5.05036973209749,-6.92295800206257));
#14952=CARTESIAN_POINT('Ctrl Pts',(7.802,5.14923521169063,-6.92295800206257));
#14953=CARTESIAN_POINT('Ctrl Pts',(7.802,5.2934815671626,-6.97563223299334));
#14954=CARTESIAN_POINT('Ctrl Pts',(7.802,5.34210393417562,-7.02020273608861));
#14955=CARTESIAN_POINT('Ctrl Pts',(7.812,4.7562044116687,-7.02020273608861));
#14956=CARTESIAN_POINT('Ctrl Pts',(7.802,4.7562044116687,-7.02020273608861));
#14957=CARTESIAN_POINT('Ctrl Pts',(7.812,4.80401640589817,-6.97401148742624));
#14958=CARTESIAN_POINT('Ctrl Pts',(7.802,4.80401640589817,-6.97401148742624));
#14959=CARTESIAN_POINT('Ctrl Pts',(7.812,4.95150425250434,-6.92295800206257));
#14960=CARTESIAN_POINT('Ctrl Pts',(7.802,4.95150425250434,-6.92295800206257));
#14961=CARTESIAN_POINT('Ctrl Pts',(7.812,5.05036973209749,-6.92295800206257));
#14962=CARTESIAN_POINT('Ctrl Pts',(7.802,5.05036973209749,-6.92295800206257));
#14963=CARTESIAN_POINT('',(7.812,4.7562044116687,-7.02020273608861));
#14964=CARTESIAN_POINT('Ctrl Pts',(7.812,4.7562044116687,-7.02020273608861));
#14965=CARTESIAN_POINT('Ctrl Pts',(7.812,4.80401640589817,-6.97401148742624));
#14966=CARTESIAN_POINT('Ctrl Pts',(7.812,4.95150425250434,-6.92295800206257));
#14967=CARTESIAN_POINT('Ctrl Pts',(7.812,5.05036973209749,-6.92295800206257));
#14968=CARTESIAN_POINT('',(7.802,4.7562044116687,-7.02020273608861));
#14969=CARTESIAN_POINT('',(7.812,4.7562044116687,-7.02020273608861));
#14970=CARTESIAN_POINT('Ctrl Pts',(7.802,4.7562044116687,-7.02020273608861));
#14971=CARTESIAN_POINT('Ctrl Pts',(7.802,4.80401640589817,-6.97401148742624));
#14972=CARTESIAN_POINT('Ctrl Pts',(7.802,4.95150425250434,-6.92295800206257));
#14973=CARTESIAN_POINT('Ctrl Pts',(7.802,5.05036973209749,-6.92295800206257));
#14974=CARTESIAN_POINT('Ctrl Pts',(7.812,4.65977005042621,-7.27303904455633));
#14975=CARTESIAN_POINT('Ctrl Pts',(7.802,4.65977005042621,-7.27303904455633));
#14976=CARTESIAN_POINT('Ctrl Pts',(7.812,4.65977005042621,-7.19524325733549));
#14977=CARTESIAN_POINT('Ctrl Pts',(7.802,4.65977005042621,-7.19524325733549));
#14978=CARTESIAN_POINT('Ctrl Pts',(7.812,4.70758204465568,-7.06639398475098));
#14979=CARTESIAN_POINT('Ctrl Pts',(7.802,4.70758204465568,-7.06639398475098));
#14980=CARTESIAN_POINT('Ctrl Pts',(7.812,4.7562044116687,-7.02020273608861));
#14981=CARTESIAN_POINT('Ctrl Pts',(7.802,4.7562044116687,-7.02020273608861));
#14982=CARTESIAN_POINT('Ctrl Pts',(7.812,4.65977005042621,-7.27303904455633));
#14983=CARTESIAN_POINT('Ctrl Pts',(7.812,4.65977005042621,-7.19524325733549));
#14984=CARTESIAN_POINT('Ctrl Pts',(7.812,4.70758204465568,-7.06639398475098));
#14985=CARTESIAN_POINT('Ctrl Pts',(7.812,4.7562044116687,-7.02020273608861));
#14986=CARTESIAN_POINT('Ctrl Pts',(7.802,4.65977005042621,-7.27303904455633));
#14987=CARTESIAN_POINT('Ctrl Pts',(7.802,4.65977005042621,-7.19524325733549));
#14988=CARTESIAN_POINT('Ctrl Pts',(7.802,4.70758204465568,-7.06639398475098));
#14989=CARTESIAN_POINT('Ctrl Pts',(7.802,4.7562044116687,-7.02020273608861));
#14990=CARTESIAN_POINT('Origin',(7.802,5.05119600513373,-7.21163269428338));
#14991=CARTESIAN_POINT('Ctrl Pts',(7.812,5.34453505252627,-6.53884130265969));
#14992=CARTESIAN_POINT('Ctrl Pts',(7.802,5.34453505252627,-6.53884130265969));
#14993=CARTESIAN_POINT('Ctrl Pts',(7.812,5.34453505252627,-6.58989478802336));
#14994=CARTESIAN_POINT('Ctrl Pts',(7.802,5.34453505252627,-6.58989478802336));
#14995=CARTESIAN_POINT('Ctrl Pts',(7.812,5.31455125953491,-6.65877647462515));
#14996=CARTESIAN_POINT('Ctrl Pts',(7.802,5.31455125953491,-6.65877647462515));
#14997=CARTESIAN_POINT('Ctrl Pts',(7.812,5.28618821211065,-6.680656539781));
#14998=CARTESIAN_POINT('Ctrl Pts',(7.802,5.28618821211065,-6.680656539781));
#14999=CARTESIAN_POINT('',(7.812,5.28618821211065,-6.680656539781));
#15000=CARTESIAN_POINT('',(7.812,5.34453505252627,-6.53884130265969));
#15001=CARTESIAN_POINT('Ctrl Pts',(7.812,5.28618821211065,-6.680656539781));
#15002=CARTESIAN_POINT('Ctrl Pts',(7.812,5.31455125953491,-6.65877647462515));
#15003=CARTESIAN_POINT('Ctrl Pts',(7.812,5.34453505252627,-6.58989478802336));
#15004=CARTESIAN_POINT('Ctrl Pts',(7.812,5.34453505252627,-6.53884130265969));
#15005=CARTESIAN_POINT('',(7.802,5.28618821211065,-6.680656539781));
#15006=CARTESIAN_POINT('',(7.812,5.28618821211065,-6.680656539781));
#15007=CARTESIAN_POINT('',(7.802,5.34453505252627,-6.53884130265969));
#15008=CARTESIAN_POINT('Ctrl Pts',(7.802,5.28618821211065,-6.680656539781));
#15009=CARTESIAN_POINT('Ctrl Pts',(7.802,5.31455125953491,-6.65877647462515));
#15010=CARTESIAN_POINT('Ctrl Pts',(7.802,5.34453505252627,-6.58989478802336));
#15011=CARTESIAN_POINT('Ctrl Pts',(7.802,5.34453505252627,-6.53884130265969));
#15012=CARTESIAN_POINT('',(7.812,5.34453505252627,-6.53884130265969));
#15013=CARTESIAN_POINT('Ctrl Pts',(7.812,5.2853778393271,-6.38892233770287));
#15014=CARTESIAN_POINT('Ctrl Pts',(7.802,5.2853778393271,-6.38892233770287));
#15015=CARTESIAN_POINT('Ctrl Pts',(7.812,5.31455125953491,-6.41809575791068));
#15016=CARTESIAN_POINT('Ctrl Pts',(7.802,5.31455125953491,-6.41809575791068));
#15017=CARTESIAN_POINT('Ctrl Pts',(7.812,5.34453505252627,-6.48859819007957));
#15018=CARTESIAN_POINT('Ctrl Pts',(7.802,5.34453505252627,-6.48859819007957));
#15019=CARTESIAN_POINT('Ctrl Pts',(7.812,5.34453505252627,-6.53884130265969));
#15020=CARTESIAN_POINT('Ctrl Pts',(7.802,5.34453505252627,-6.53884130265969));
#15021=CARTESIAN_POINT('',(7.812,5.2853778393271,-6.38892233770287));
#15022=CARTESIAN_POINT('Ctrl Pts',(7.812,5.34453505252627,-6.53884130265969));
#15023=CARTESIAN_POINT('Ctrl Pts',(7.812,5.34453505252627,-6.48859819007957));
#15024=CARTESIAN_POINT('Ctrl Pts',(7.812,5.31455125953491,-6.41809575791068));
#15025=CARTESIAN_POINT('Ctrl Pts',(7.812,5.2853778393271,-6.38892233770287));
#15026=CARTESIAN_POINT('',(7.802,5.2853778393271,-6.38892233770287));
#15027=CARTESIAN_POINT('Ctrl Pts',(7.802,5.34453505252627,-6.53884130265969));
#15028=CARTESIAN_POINT('Ctrl Pts',(7.802,5.34453505252627,-6.48859819007957));
#15029=CARTESIAN_POINT('Ctrl Pts',(7.802,5.31455125953491,-6.41809575791068));
#15030=CARTESIAN_POINT('Ctrl Pts',(7.802,5.2853778393271,-6.38892233770287));
#15031=CARTESIAN_POINT('',(7.812,5.2853778393271,-6.38892233770287));
#15032=CARTESIAN_POINT('Ctrl Pts',(7.812,5.13545887437028,-6.32733400615304));
#15033=CARTESIAN_POINT('Ctrl Pts',(7.802,5.13545887437028,-6.32733400615304));
#15034=CARTESIAN_POINT('Ctrl Pts',(7.812,5.18327086859975,-6.33138587007079));
#15035=CARTESIAN_POINT('Ctrl Pts',(7.802,5.18327086859975,-6.33138587007079));
#15036=CARTESIAN_POINT('Ctrl Pts',(7.812,5.25539404633573,-6.36055929027861));
#15037=CARTESIAN_POINT('Ctrl Pts',(7.802,5.25539404633573,-6.36055929027861));
#15038=CARTESIAN_POINT('Ctrl Pts',(7.812,5.2853778393271,-6.38892233770287));
#15039=CARTESIAN_POINT('Ctrl Pts',(7.802,5.2853778393271,-6.38892233770287));
#15040=CARTESIAN_POINT('',(7.812,5.13545887437028,-6.32733400615304));
#15041=CARTESIAN_POINT('Ctrl Pts',(7.812,5.2853778393271,-6.38892233770287));
#15042=CARTESIAN_POINT('Ctrl Pts',(7.812,5.25539404633573,-6.36055929027861));
#15043=CARTESIAN_POINT('Ctrl Pts',(7.812,5.18327086859975,-6.33138587007079));
#15044=CARTESIAN_POINT('Ctrl Pts',(7.812,5.13545887437028,-6.32733400615304));
#15045=CARTESIAN_POINT('',(7.802,5.13545887437028,-6.32733400615304));
#15046=CARTESIAN_POINT('Ctrl Pts',(7.802,5.2853778393271,-6.38892233770287));
#15047=CARTESIAN_POINT('Ctrl Pts',(7.802,5.25539404633573,-6.36055929027861));
#15048=CARTESIAN_POINT('Ctrl Pts',(7.802,5.18327086859975,-6.33138587007079));
#15049=CARTESIAN_POINT('Ctrl Pts',(7.802,5.13545887437028,-6.32733400615304));
#15050=CARTESIAN_POINT('',(7.812,5.13545887437028,-6.32733400615304));
#15051=CARTESIAN_POINT('Origin',(7.812,5.13545887437028,-6.72360629730917));
#15052=CARTESIAN_POINT('',(7.812,5.13545887437028,-6.72360629730917));
#15053=CARTESIAN_POINT('',(7.812,5.13545887437028,-8.15647568475104));
#15054=CARTESIAN_POINT('',(7.802,5.13545887437028,-6.72360629730917));
#15055=CARTESIAN_POINT('',(7.802,5.13545887437028,-6.63129365054202));
#15056=CARTESIAN_POINT('',(7.812,5.13545887437028,-6.72360629730917));
#15057=CARTESIAN_POINT('Ctrl Pts',(7.812,5.28618821211065,-6.680656539781));
#15058=CARTESIAN_POINT('Ctrl Pts',(7.802,5.28618821211065,-6.680656539781));
#15059=CARTESIAN_POINT('Ctrl Pts',(7.812,5.26106665582058,-6.70091585936976));
#15060=CARTESIAN_POINT('Ctrl Pts',(7.802,5.26106665582058,-6.70091585936976));
#15061=CARTESIAN_POINT('Ctrl Pts',(7.812,5.18651235973395,-6.72198555174208));
#15062=CARTESIAN_POINT('Ctrl Pts',(7.802,5.18651235973395,-6.72198555174208));
#15063=CARTESIAN_POINT('Ctrl Pts',(7.812,5.13545887437028,-6.72360629730917));
#15064=CARTESIAN_POINT('Ctrl Pts',(7.802,5.13545887437028,-6.72360629730917));
#15065=CARTESIAN_POINT('Ctrl Pts',(7.812,5.13545887437028,-6.72360629730917));
#15066=CARTESIAN_POINT('Ctrl Pts',(7.812,5.18651235973395,-6.72198555174208));
#15067=CARTESIAN_POINT('Ctrl Pts',(7.812,5.26106665582058,-6.70091585936976));
#15068=CARTESIAN_POINT('Ctrl Pts',(7.812,5.28618821211065,-6.680656539781));
#15069=CARTESIAN_POINT('Ctrl Pts',(7.802,5.13545887437028,-6.72360629730917));
#15070=CARTESIAN_POINT('Ctrl Pts',(7.802,5.18651235973395,-6.72198555174208));
#15071=CARTESIAN_POINT('Ctrl Pts',(7.802,5.26106665582058,-6.70091585936976));
#15072=CARTESIAN_POINT('Ctrl Pts',(7.802,5.28618821211065,-6.680656539781));
#15073=CARTESIAN_POINT('Ctrl Pts',(7.812,4.68083974279852,-6.71874406060787));
#15074=CARTESIAN_POINT('Ctrl Pts',(7.802,4.68083974279852,-6.71874406060787));
#15075=CARTESIAN_POINT('Ctrl Pts',(7.812,4.67030489661236,-6.68227728534811));
#15076=CARTESIAN_POINT('Ctrl Pts',(7.802,4.67030489661236,-6.68227728534811));
#15077=CARTESIAN_POINT('Ctrl Pts',(7.812,4.65977005042621,-6.62230969936538));
#15078=CARTESIAN_POINT('Ctrl Pts',(7.802,4.65977005042621,-6.62230969936538));
#15079=CARTESIAN_POINT('Ctrl Pts',(7.812,4.65977005042621,-6.57692882348656));
#15080=CARTESIAN_POINT('Ctrl Pts',(7.802,4.65977005042621,-6.57692882348656));
#15081=CARTESIAN_POINT('',(7.812,4.68083974279852,-6.71874406060787));
#15082=CARTESIAN_POINT('',(7.812,4.65977005042621,-6.57692882348656));
#15083=CARTESIAN_POINT('Ctrl Pts',(7.812,4.68083974279852,-6.71874406060787));
#15084=CARTESIAN_POINT('Ctrl Pts',(7.812,4.67030489661236,-6.68227728534811));
#15085=CARTESIAN_POINT('Ctrl Pts',(7.812,4.65977005042621,-6.62230969936538));
#15086=CARTESIAN_POINT('Ctrl Pts',(7.812,4.65977005042621,-6.57692882348656));
#15087=CARTESIAN_POINT('',(7.802,4.68083974279852,-6.71874406060787));
#15088=CARTESIAN_POINT('',(7.812,4.68083974279852,-6.71874406060787));
#15089=CARTESIAN_POINT('',(7.802,4.65977005042621,-6.57692882348656));
#15090=CARTESIAN_POINT('Ctrl Pts',(7.802,4.68083974279852,-6.71874406060787));
#15091=CARTESIAN_POINT('Ctrl Pts',(7.802,4.67030489661236,-6.68227728534811));
#15092=CARTESIAN_POINT('Ctrl Pts',(7.802,4.65977005042621,-6.62230969936538));
#15093=CARTESIAN_POINT('Ctrl Pts',(7.802,4.65977005042621,-6.57692882348656));
#15094=CARTESIAN_POINT('',(7.812,4.65977005042621,-6.57692882348656));
#15095=CARTESIAN_POINT('Ctrl Pts',(7.812,4.72297912754314,-6.83300662308848));
#15096=CARTESIAN_POINT('Ctrl Pts',(7.802,4.72297912754314,-6.83300662308848));
#15097=CARTESIAN_POINT('Ctrl Pts',(7.812,4.71406502692408,-6.81112655793262));
#15098=CARTESIAN_POINT('Ctrl Pts',(7.802,4.71406502692408,-6.81112655793262));
#15099=CARTESIAN_POINT('Ctrl Pts',(7.812,4.68813309785047,-6.74467598968149));
#15100=CARTESIAN_POINT('Ctrl Pts',(7.802,4.68813309785047,-6.74467598968149));
#15101=CARTESIAN_POINT('Ctrl Pts',(7.812,4.68083974279852,-6.71874406060787));
#15102=CARTESIAN_POINT('Ctrl Pts',(7.802,4.68083974279852,-6.71874406060787));
#15103=CARTESIAN_POINT('',(7.812,4.72297912754314,-6.83300662308848));
#15104=CARTESIAN_POINT('Ctrl Pts',(7.812,4.72297912754314,-6.83300662308848));
#15105=CARTESIAN_POINT('Ctrl Pts',(7.812,4.71406502692408,-6.81112655793262));
#15106=CARTESIAN_POINT('Ctrl Pts',(7.812,4.68813309785047,-6.74467598968149));
#15107=CARTESIAN_POINT('Ctrl Pts',(7.812,4.68083974279852,-6.71874406060787));
#15108=CARTESIAN_POINT('',(7.802,4.72297912754314,-6.83300662308848));
#15109=CARTESIAN_POINT('',(7.812,4.72297912754314,-6.83300662308848));
#15110=CARTESIAN_POINT('Ctrl Pts',(7.802,4.72297912754314,-6.83300662308848));
#15111=CARTESIAN_POINT('Ctrl Pts',(7.802,4.71406502692408,-6.81112655793262));
#15112=CARTESIAN_POINT('Ctrl Pts',(7.802,4.68813309785047,-6.74467598968149));
#15113=CARTESIAN_POINT('Ctrl Pts',(7.802,4.68083974279852,-6.71874406060787));
#15114=CARTESIAN_POINT('Origin',(7.812,4.8607425007467,-6.83300662308848));
#15115=CARTESIAN_POINT('',(7.812,4.8607425007467,-6.83300662308848));
#15116=CARTESIAN_POINT('',(7.812,2.05458253668876,-6.83300662308848));
#15117=CARTESIAN_POINT('',(7.802,4.8607425007467,-6.83300662308848));
#15118=CARTESIAN_POINT('',(7.812,4.8607425007467,-6.83300662308848));
#15119=CARTESIAN_POINT('',(7.802,4.8607425007467,-6.83300662308848));
#15120=CARTESIAN_POINT('Origin',(7.812,4.8607425007467,-6.82571326803652));
#15121=CARTESIAN_POINT('',(7.812,4.8607425007467,-6.82571326803652));
#15122=CARTESIAN_POINT('',(7.812,4.8607425007467,-8.20752917011472));
#15123=CARTESIAN_POINT('',(7.802,4.8607425007467,-6.82571326803652));
#15124=CARTESIAN_POINT('',(7.812,4.8607425007467,-6.82571326803652));
#15125=CARTESIAN_POINT('',(7.802,4.8607425007467,-6.82571326803652));
#15126=CARTESIAN_POINT('Ctrl Pts',(7.812,4.80320603311462,-6.72927890679403));
#15127=CARTESIAN_POINT('Ctrl Pts',(7.802,4.80320603311462,-6.72927890679403));
#15128=CARTESIAN_POINT('Ctrl Pts',(7.812,4.81941348878563,-6.76331456370314));
#15129=CARTESIAN_POINT('Ctrl Pts',(7.802,4.81941348878563,-6.76331456370314));
#15130=CARTESIAN_POINT('Ctrl Pts',(7.812,4.84777653620989,-6.81031618514907));
#15131=CARTESIAN_POINT('Ctrl Pts',(7.802,4.84777653620989,-6.81031618514907));
#15132=CARTESIAN_POINT('Ctrl Pts',(7.812,4.8607425007467,-6.82571326803652));
#15133=CARTESIAN_POINT('Ctrl Pts',(7.802,4.8607425007467,-6.82571326803652));
#15134=CARTESIAN_POINT('',(7.812,4.80320603311462,-6.72927890679403));
#15135=CARTESIAN_POINT('Ctrl Pts',(7.812,4.80320603311462,-6.72927890679403));
#15136=CARTESIAN_POINT('Ctrl Pts',(7.812,4.81941348878563,-6.76331456370314));
#15137=CARTESIAN_POINT('Ctrl Pts',(7.812,4.84777653620989,-6.81031618514907));
#15138=CARTESIAN_POINT('Ctrl Pts',(7.812,4.8607425007467,-6.82571326803652));
#15139=CARTESIAN_POINT('',(7.802,4.80320603311462,-6.72927890679403));
#15140=CARTESIAN_POINT('',(7.812,4.80320603311462,-6.72927890679403));
#15141=CARTESIAN_POINT('Ctrl Pts',(7.802,4.80320603311462,-6.72927890679403));
#15142=CARTESIAN_POINT('Ctrl Pts',(7.802,4.81941348878563,-6.76331456370314));
#15143=CARTESIAN_POINT('Ctrl Pts',(7.802,4.84777653620989,-6.81031618514907));
#15144=CARTESIAN_POINT('Ctrl Pts',(7.802,4.8607425007467,-6.82571326803652));
#15145=CARTESIAN_POINT('Ctrl Pts',(7.812,4.76998074898906,-6.57530807791946));
#15146=CARTESIAN_POINT('Ctrl Pts',(7.802,4.76998074898906,-6.57530807791946));
#15147=CARTESIAN_POINT('Ctrl Pts',(7.812,4.76998074898906,-6.61663708988053));
#15148=CARTESIAN_POINT('Ctrl Pts',(7.802,4.76998074898906,-6.61663708988053));
#15149=CARTESIAN_POINT('Ctrl Pts',(7.812,4.78861932301072,-6.69686399545201));
#15150=CARTESIAN_POINT('Ctrl Pts',(7.802,4.78861932301072,-6.69686399545201));
#15151=CARTESIAN_POINT('Ctrl Pts',(7.812,4.80320603311462,-6.72927890679403));
#15152=CARTESIAN_POINT('Ctrl Pts',(7.802,4.80320603311462,-6.72927890679403));
#15153=CARTESIAN_POINT('',(7.812,4.76998074898906,-6.57530807791946));
#15154=CARTESIAN_POINT('Ctrl Pts',(7.812,4.76998074898906,-6.57530807791946));
#15155=CARTESIAN_POINT('Ctrl Pts',(7.812,4.76998074898906,-6.61663708988053));
#15156=CARTESIAN_POINT('Ctrl Pts',(7.812,4.78861932301072,-6.69686399545201));
#15157=CARTESIAN_POINT('Ctrl Pts',(7.812,4.80320603311462,-6.72927890679403));
#15158=CARTESIAN_POINT('',(7.802,4.76998074898906,-6.57530807791946));
#15159=CARTESIAN_POINT('',(7.812,4.76998074898906,-6.57530807791946));
#15160=CARTESIAN_POINT('Ctrl Pts',(7.802,4.76998074898906,-6.57530807791946));
#15161=CARTESIAN_POINT('Ctrl Pts',(7.802,4.76998074898906,-6.61663708988053));
#15162=CARTESIAN_POINT('Ctrl Pts',(7.802,4.78861932301072,-6.69686399545201));
#15163=CARTESIAN_POINT('Ctrl Pts',(7.802,4.80320603311462,-6.72927890679403));
#15164=CARTESIAN_POINT('Ctrl Pts',(7.812,5.03902451312778,-6.32733400615304));
#15165=CARTESIAN_POINT('Ctrl Pts',(7.802,5.03902451312778,-6.32733400615304));
#15166=CARTESIAN_POINT('Ctrl Pts',(7.812,4.90855449497617,-6.32733400615304));
#15167=CARTESIAN_POINT('Ctrl Pts',(7.802,4.90855449497617,-6.32733400615304));
#15168=CARTESIAN_POINT('Ctrl Pts',(7.812,4.76998074898906,-6.4586143970882));
#15169=CARTESIAN_POINT('Ctrl Pts',(7.802,4.76998074898906,-6.4586143970882));
#15170=CARTESIAN_POINT('Ctrl Pts',(7.812,4.76998074898906,-6.57530807791946));
#15171=CARTESIAN_POINT('Ctrl Pts',(7.802,4.76998074898906,-6.57530807791946));
#15172=CARTESIAN_POINT('',(7.812,5.03902451312778,-6.32733400615304));
#15173=CARTESIAN_POINT('Ctrl Pts',(7.812,5.03902451312778,-6.32733400615304));
#15174=CARTESIAN_POINT('Ctrl Pts',(7.812,4.90855449497617,-6.32733400615304));
#15175=CARTESIAN_POINT('Ctrl Pts',(7.812,4.76998074898906,-6.4586143970882));
#15176=CARTESIAN_POINT('Ctrl Pts',(7.812,4.76998074898906,-6.57530807791946));
#15177=CARTESIAN_POINT('',(7.802,5.03902451312778,-6.32733400615304));
#15178=CARTESIAN_POINT('',(7.812,5.03902451312778,-6.32733400615304));
#15179=CARTESIAN_POINT('Ctrl Pts',(7.802,5.03902451312778,-6.32733400615304));
#15180=CARTESIAN_POINT('Ctrl Pts',(7.802,4.90855449497617,-6.32733400615304));
#15181=CARTESIAN_POINT('Ctrl Pts',(7.802,4.76998074898906,-6.4586143970882));
#15182=CARTESIAN_POINT('Ctrl Pts',(7.802,4.76998074898906,-6.57530807791946));
#15183=CARTESIAN_POINT('Origin',(7.812,5.03902451312778,-6.84678296040883));
#15184=CARTESIAN_POINT('',(7.812,5.03902451312778,-6.84678296040883));
#15185=CARTESIAN_POINT('',(7.812,5.03902451312778,-8.21806401630087));
#15186=CARTESIAN_POINT('',(7.802,5.03902451312778,-6.84678296040883));
#15187=CARTESIAN_POINT('',(7.812,5.03902451312778,-6.84678296040883));
#15188=CARTESIAN_POINT('',(7.802,5.03902451312778,-6.84678296040883));
#15189=CARTESIAN_POINT('Origin',(7.812,5.10790619972956,-6.84678296040883));
#15190=CARTESIAN_POINT('',(7.812,5.10790619972956,-6.84678296040883));
#15191=CARTESIAN_POINT('',(7.812,2.1781643861802,-6.84678296040883));
#15192=CARTESIAN_POINT('',(7.802,5.10790619972956,-6.84678296040883));
#15193=CARTESIAN_POINT('',(7.812,5.10790619972956,-6.84678296040883));
#15194=CARTESIAN_POINT('',(7.802,5.10790619972956,-6.84678296040883));
#15195=CARTESIAN_POINT('Ctrl Pts',(7.812,5.36479437211503,-6.76331456370314));
#15196=CARTESIAN_POINT('Ctrl Pts',(7.802,5.36479437211503,-6.76331456370314));
#15197=CARTESIAN_POINT('Ctrl Pts',(7.812,5.32184461458686,-6.80383320288066));
#15198=CARTESIAN_POINT('Ctrl Pts',(7.802,5.32184461458686,-6.80383320288066));
#15199=CARTESIAN_POINT('Ctrl Pts',(7.812,5.19785757870365,-6.84678296040883));
#15200=CARTESIAN_POINT('Ctrl Pts',(7.802,5.19785757870365,-6.84678296040883));
#15201=CARTESIAN_POINT('Ctrl Pts',(7.812,5.10790619972956,-6.84678296040883));
#15202=CARTESIAN_POINT('Ctrl Pts',(7.802,5.10790619972956,-6.84678296040883));
#15203=CARTESIAN_POINT('',(7.812,5.36479437211503,-6.76331456370315));
#15204=CARTESIAN_POINT('Ctrl Pts',(7.812,5.36479437211503,-6.76331456370314));
#15205=CARTESIAN_POINT('Ctrl Pts',(7.812,5.32184461458686,-6.80383320288066));
#15206=CARTESIAN_POINT('Ctrl Pts',(7.812,5.19785757870365,-6.84678296040883));
#15207=CARTESIAN_POINT('Ctrl Pts',(7.812,5.10790619972956,-6.84678296040883));
#15208=CARTESIAN_POINT('',(7.802,5.36479437211503,-6.76331456370315));
#15209=CARTESIAN_POINT('',(7.812,5.36479437211503,-6.76331456370315));
#15210=CARTESIAN_POINT('Ctrl Pts',(7.802,5.36479437211503,-6.76331456370314));
#15211=CARTESIAN_POINT('Ctrl Pts',(7.802,5.32184461458686,-6.80383320288066));
#15212=CARTESIAN_POINT('Ctrl Pts',(7.802,5.19785757870365,-6.84678296040883));
#15213=CARTESIAN_POINT('Ctrl Pts',(7.802,5.10790619972956,-6.84678296040883));
#15214=CARTESIAN_POINT('Ctrl Pts',(7.812,5.44826276882072,-6.54613465771164));
#15215=CARTESIAN_POINT('Ctrl Pts',(7.802,5.44826276882072,-6.54613465771164));
#15216=CARTESIAN_POINT('Ctrl Pts',(7.812,5.44826276882072,-6.61582671709698));
#15217=CARTESIAN_POINT('Ctrl Pts',(7.802,5.44826276882072,-6.61582671709698));
#15218=CARTESIAN_POINT('Ctrl Pts',(7.812,5.4077441296432,-6.72360629730917));
#15219=CARTESIAN_POINT('Ctrl Pts',(7.802,5.4077441296432,-6.72360629730917));
#15220=CARTESIAN_POINT('Ctrl Pts',(7.812,5.36479437211503,-6.76331456370314));
#15221=CARTESIAN_POINT('Ctrl Pts',(7.802,5.36479437211503,-6.76331456370314));
#15222=CARTESIAN_POINT('',(7.812,5.44826276882072,-6.54613465771164));
#15223=CARTESIAN_POINT('Ctrl Pts',(7.812,5.44826276882072,-6.54613465771164));
#15224=CARTESIAN_POINT('Ctrl Pts',(7.812,5.44826276882072,-6.61582671709698));
#15225=CARTESIAN_POINT('Ctrl Pts',(7.812,5.4077441296432,-6.72360629730917));
#15226=CARTESIAN_POINT('Ctrl Pts',(7.812,5.36479437211503,-6.76331456370314));
#15227=CARTESIAN_POINT('',(7.802,5.44826276882072,-6.54613465771164));
#15228=CARTESIAN_POINT('',(7.812,5.44826276882072,-6.54613465771164));
#15229=CARTESIAN_POINT('Ctrl Pts',(7.802,5.44826276882072,-6.54613465771164));
#15230=CARTESIAN_POINT('Ctrl Pts',(7.802,5.44826276882072,-6.61582671709698));
#15231=CARTESIAN_POINT('Ctrl Pts',(7.802,5.4077441296432,-6.72360629730917));
#15232=CARTESIAN_POINT('Ctrl Pts',(7.802,5.36479437211503,-6.76331456370314));
#15233=CARTESIAN_POINT('Ctrl Pts',(7.812,5.04793861374683,-6.19929510635208));
#15234=CARTESIAN_POINT('Ctrl Pts',(7.802,5.04793861374683,-6.19929510635208));
#15235=CARTESIAN_POINT('Ctrl Pts',(7.812,5.23108286282922,-6.19929510635208));
#15236=CARTESIAN_POINT('Ctrl Pts',(7.802,5.23108286282922,-6.19929510635208));
#15237=CARTESIAN_POINT('Ctrl Pts',(7.812,5.44826276882072,-6.39135345605352));
#15238=CARTESIAN_POINT('Ctrl Pts',(7.802,5.44826276882072,-6.39135345605352));
#15239=CARTESIAN_POINT('Ctrl Pts',(7.812,5.44826276882072,-6.54613465771164));
#15240=CARTESIAN_POINT('Ctrl Pts',(7.802,5.44826276882072,-6.54613465771164));
#15241=CARTESIAN_POINT('',(7.812,5.04793861374683,-6.19929510635208));
#15242=CARTESIAN_POINT('Ctrl Pts',(7.812,5.04793861374683,-6.19929510635208));
#15243=CARTESIAN_POINT('Ctrl Pts',(7.812,5.23108286282922,-6.19929510635208));
#15244=CARTESIAN_POINT('Ctrl Pts',(7.812,5.44826276882072,-6.39135345605352));
#15245=CARTESIAN_POINT('Ctrl Pts',(7.812,5.44826276882072,-6.54613465771164));
#15246=CARTESIAN_POINT('',(7.802,5.04793861374683,-6.19929510635208));
#15247=CARTESIAN_POINT('',(7.812,5.04793861374683,-6.19929510635208));
#15248=CARTESIAN_POINT('Ctrl Pts',(7.802,5.04793861374683,-6.19929510635208));
#15249=CARTESIAN_POINT('Ctrl Pts',(7.802,5.23108286282922,-6.19929510635208));
#15250=CARTESIAN_POINT('Ctrl Pts',(7.802,5.44826276882072,-6.39135345605352));
#15251=CARTESIAN_POINT('Ctrl Pts',(7.802,5.44826276882072,-6.54613465771164));
#15252=CARTESIAN_POINT('Ctrl Pts',(7.812,4.65977005042621,-6.57692882348656));
#15253=CARTESIAN_POINT('Ctrl Pts',(7.802,4.65977005042621,-6.57692882348656));
#15254=CARTESIAN_POINT('Ctrl Pts',(7.812,4.65977005042621,-6.39702606553838));
#15255=CARTESIAN_POINT('Ctrl Pts',(7.802,4.65977005042621,-6.39702606553838));
#15256=CARTESIAN_POINT('Ctrl Pts',(7.812,4.86155287353025,-6.19929510635208));
#15257=CARTESIAN_POINT('Ctrl Pts',(7.802,4.86155287353025,-6.19929510635208));
#15258=CARTESIAN_POINT('Ctrl Pts',(7.812,5.04793861374683,-6.19929510635208));
#15259=CARTESIAN_POINT('Ctrl Pts',(7.802,5.04793861374683,-6.19929510635208));
#15260=CARTESIAN_POINT('Ctrl Pts',(7.812,4.65977005042621,-6.57692882348656));
#15261=CARTESIAN_POINT('Ctrl Pts',(7.812,4.65977005042621,-6.39702606553838));
#15262=CARTESIAN_POINT('Ctrl Pts',(7.812,4.86155287353025,-6.19929510635208));
#15263=CARTESIAN_POINT('Ctrl Pts',(7.812,5.04793861374683,-6.19929510635208));
#15264=CARTESIAN_POINT('Ctrl Pts',(7.802,4.65977005042621,-6.57692882348656));
#15265=CARTESIAN_POINT('Ctrl Pts',(7.802,4.65977005042621,-6.39702606553838));
#15266=CARTESIAN_POINT('Ctrl Pts',(7.802,4.86155287353025,-6.19929510635208));
#15267=CARTESIAN_POINT('Ctrl Pts',(7.802,5.04793861374683,-6.19929510635208));
#15268=CARTESIAN_POINT('Origin',(7.802,5.00589197647544,-6.53898100377486));
#15269=CARTESIAN_POINT('Origin',(7.812,5.16382192179454,-5.30707467166312));
#15270=CARTESIAN_POINT('',(7.812,5.16382192179454,-5.30707467166312));
#15271=CARTESIAN_POINT('',(7.812,4.67678787888076,-5.30707467166312));
#15272=CARTESIAN_POINT('',(7.812,2.20612224721268,-5.30707467166312));
#15273=CARTESIAN_POINT('',(7.802,5.16382192179454,-5.30707467166312));
#15274=CARTESIAN_POINT('',(7.812,5.16382192179454,-5.30707467166312));
#15275=CARTESIAN_POINT('',(7.802,4.67678787888076,-5.30707467166312));
#15276=CARTESIAN_POINT('',(7.802,5.16382192179454,-5.30707467166312));
#15277=CARTESIAN_POINT('',(7.812,4.67678787888076,-5.30707467166312));
#15278=CARTESIAN_POINT('Ctrl Pts',(7.812,5.44826276882072,-5.07206656443351));
#15279=CARTESIAN_POINT('Ctrl Pts',(7.802,5.44826276882072,-5.07206656443351));
#15280=CARTESIAN_POINT('Ctrl Pts',(7.812,5.44826276882072,-5.18227726299636));
#15281=CARTESIAN_POINT('Ctrl Pts',(7.802,5.44826276882072,-5.18227726299636));
#15282=CARTESIAN_POINT('Ctrl Pts',(7.812,5.30239566778165,-5.30707467166312));
#15283=CARTESIAN_POINT('Ctrl Pts',(7.802,5.30239566778165,-5.30707467166312));
#15284=CARTESIAN_POINT('Ctrl Pts',(7.812,5.16382192179454,-5.30707467166312));
#15285=CARTESIAN_POINT('Ctrl Pts',(7.802,5.16382192179454,-5.30707467166312));
#15286=CARTESIAN_POINT('',(7.812,5.44826276882072,-5.07206656443351));
#15287=CARTESIAN_POINT('Ctrl Pts',(7.812,5.44826276882072,-5.07206656443351));
#15288=CARTESIAN_POINT('Ctrl Pts',(7.812,5.44826276882072,-5.18227726299636));
#15289=CARTESIAN_POINT('Ctrl Pts',(7.812,5.30239566778165,-5.30707467166312));
#15290=CARTESIAN_POINT('Ctrl Pts',(7.812,5.16382192179454,-5.30707467166312));
#15291=CARTESIAN_POINT('',(7.802,5.44826276882072,-5.07206656443351));
#15292=CARTESIAN_POINT('',(7.812,5.44826276882072,-5.07206656443351));
#15293=CARTESIAN_POINT('Ctrl Pts',(7.802,5.44826276882072,-5.07206656443351));
#15294=CARTESIAN_POINT('Ctrl Pts',(7.802,5.44826276882072,-5.18227726299636));
#15295=CARTESIAN_POINT('Ctrl Pts',(7.802,5.30239566778165,-5.30707467166312));
#15296=CARTESIAN_POINT('Ctrl Pts',(7.802,5.16382192179454,-5.30707467166312));
#15297=CARTESIAN_POINT('Ctrl Pts',(7.812,5.34372467974272,-4.84435181225586));
#15298=CARTESIAN_POINT('Ctrl Pts',(7.802,5.34372467974272,-4.84435181225586));
#15299=CARTESIAN_POINT('Ctrl Pts',(7.812,5.3947781651064,-4.90107790710438));
#15300=CARTESIAN_POINT('Ctrl Pts',(7.802,5.3947781651064,-4.90107790710438));
#15301=CARTESIAN_POINT('Ctrl Pts',(7.812,5.44826276882072,-5.01047823288368));
#15302=CARTESIAN_POINT('Ctrl Pts',(7.802,5.44826276882072,-5.01047823288368));
#15303=CARTESIAN_POINT('Ctrl Pts',(7.812,5.44826276882072,-5.07206656443351));
#15304=CARTESIAN_POINT('Ctrl Pts',(7.802,5.44826276882072,-5.07206656443351));
#15305=CARTESIAN_POINT('',(7.812,5.34372467974272,-4.84435181225586));
#15306=CARTESIAN_POINT('Ctrl Pts',(7.812,5.34372467974272,-4.84435181225586));
#15307=CARTESIAN_POINT('Ctrl Pts',(7.812,5.3947781651064,-4.90107790710438));
#15308=CARTESIAN_POINT('Ctrl Pts',(7.812,5.44826276882072,-5.01047823288368));
#15309=CARTESIAN_POINT('Ctrl Pts',(7.812,5.44826276882072,-5.07206656443351));
#15310=CARTESIAN_POINT('',(7.802,5.34372467974272,-4.84435181225586));
#15311=CARTESIAN_POINT('',(7.812,5.34372467974272,-4.84435181225586));
#15312=CARTESIAN_POINT('Ctrl Pts',(7.802,5.34372467974272,-4.84435181225586));
#15313=CARTESIAN_POINT('Ctrl Pts',(7.802,5.3947781651064,-4.90107790710438));
#15314=CARTESIAN_POINT('Ctrl Pts',(7.802,5.44826276882072,-5.01047823288368));
#15315=CARTESIAN_POINT('Ctrl Pts',(7.802,5.44826276882072,-5.07206656443351));
#15316=CARTESIAN_POINT('Origin',(7.812,5.42719307644841,-4.84435181225586));
#15317=CARTESIAN_POINT('',(7.812,5.42719307644841,-4.84435181225586));
#15318=CARTESIAN_POINT('',(7.812,2.33780782453962,-4.84435181225586));
#15319=CARTESIAN_POINT('',(7.802,5.42719307644841,-4.84435181225586));
#15320=CARTESIAN_POINT('',(7.812,5.42719307644841,-4.84435181225586));
#15321=CARTESIAN_POINT('',(7.802,5.42719307644841,-4.84435181225586));
#15322=CARTESIAN_POINT('Origin',(7.812,5.42719307644841,-4.717933658022));
#15323=CARTESIAN_POINT('',(7.812,5.42719307644841,-4.717933658022));
#15324=CARTESIAN_POINT('',(7.812,5.42719307644841,-7.15363936510746));
#15325=CARTESIAN_POINT('',(7.802,5.42719307644841,-4.717933658022));
#15326=CARTESIAN_POINT('',(7.812,5.42719307644841,-4.717933658022));
#15327=CARTESIAN_POINT('',(7.802,5.42719307644841,-4.717933658022));
#15328=CARTESIAN_POINT('Origin',(7.812,4.67678787888076,-4.717933658022));
#15329=CARTESIAN_POINT('',(7.812,4.67678787888076,-4.717933658022));
#15330=CARTESIAN_POINT('',(7.812,1.9626052257558,-4.717933658022));
#15331=CARTESIAN_POINT('',(7.802,4.67678787888076,-4.717933658022));
#15332=CARTESIAN_POINT('',(7.812,4.67678787888076,-4.717933658022));
#15333=CARTESIAN_POINT('',(7.802,4.67678787888076,-4.717933658022));
#15334=CARTESIAN_POINT('Origin',(7.812,4.67678787888076,-4.84435181225586));
#15335=CARTESIAN_POINT('',(7.812,4.67678787888076,-4.84435181225586));
#15336=CARTESIAN_POINT('',(7.812,4.67678787888076,-7.21684844222438));
#15337=CARTESIAN_POINT('',(7.802,4.67678787888076,-4.84435181225586));
#15338=CARTESIAN_POINT('',(7.812,4.67678787888076,-4.84435181225586));
#15339=CARTESIAN_POINT('',(7.802,4.67678787888076,-4.84435181225586));
#15340=CARTESIAN_POINT('Origin',(7.812,5.23756584509762,-4.84435181225586));
#15341=CARTESIAN_POINT('',(7.812,5.23756584509762,-4.84435181225586));
#15342=CARTESIAN_POINT('',(7.812,2.24299420886423,-4.84435181225586));
#15343=CARTESIAN_POINT('',(7.802,5.23756584509762,-4.84435181225586));
#15344=CARTESIAN_POINT('',(7.812,5.23756584509762,-4.84435181225586));
#15345=CARTESIAN_POINT('',(7.802,5.23756584509762,-4.84435181225586));
#15346=CARTESIAN_POINT('Ctrl Pts',(7.812,5.32832759685527,-5.03884128030795));
#15347=CARTESIAN_POINT('Ctrl Pts',(7.802,5.32832759685527,-5.03884128030795));
#15348=CARTESIAN_POINT('Ctrl Pts',(7.812,5.32832759685527,-4.99183965886203));
#15349=CARTESIAN_POINT('Ctrl Pts',(7.802,5.32832759685527,-4.99183965886203));
#15350=CARTESIAN_POINT('Ctrl Pts',(7.812,5.27808448427514,-4.89216380648533));
#15351=CARTESIAN_POINT('Ctrl Pts',(7.802,5.27808448427514,-4.89216380648533));
#15352=CARTESIAN_POINT('Ctrl Pts',(7.812,5.23756584509762,-4.84435181225586));
#15353=CARTESIAN_POINT('Ctrl Pts',(7.802,5.23756584509762,-4.84435181225586));
#15354=CARTESIAN_POINT('',(7.812,5.32832759685527,-5.03884128030795));
#15355=CARTESIAN_POINT('Ctrl Pts',(7.812,5.32832759685527,-5.03884128030795));
#15356=CARTESIAN_POINT('Ctrl Pts',(7.812,5.32832759685527,-4.99183965886203));
#15357=CARTESIAN_POINT('Ctrl Pts',(7.812,5.27808448427514,-4.89216380648533));
#15358=CARTESIAN_POINT('Ctrl Pts',(7.812,5.23756584509762,-4.84435181225586));
#15359=CARTESIAN_POINT('',(7.802,5.32832759685527,-5.03884128030795));
#15360=CARTESIAN_POINT('',(7.812,5.32832759685527,-5.03884128030795));
#15361=CARTESIAN_POINT('Ctrl Pts',(7.802,5.32832759685527,-5.03884128030795));
#15362=CARTESIAN_POINT('Ctrl Pts',(7.802,5.32832759685527,-4.99183965886203));
#15363=CARTESIAN_POINT('Ctrl Pts',(7.802,5.27808448427514,-4.89216380648533));
#15364=CARTESIAN_POINT('Ctrl Pts',(7.802,5.23756584509762,-4.84435181225586));
#15365=CARTESIAN_POINT('Ctrl Pts',(7.812,5.27241187479029,-5.15634533392275));
#15366=CARTESIAN_POINT('Ctrl Pts',(7.802,5.27241187479029,-5.15634533392275));
#15367=CARTESIAN_POINT('Ctrl Pts',(7.812,5.30077492221455,-5.1409482510353));
#15368=CARTESIAN_POINT('Ctrl Pts',(7.802,5.30077492221455,-5.1409482510353));
#15369=CARTESIAN_POINT('Ctrl Pts',(7.812,5.32832759685527,-5.08584290175387));
#15370=CARTESIAN_POINT('Ctrl Pts',(7.802,5.32832759685527,-5.08584290175387));
#15371=CARTESIAN_POINT('Ctrl Pts',(7.812,5.32832759685527,-5.03884128030795));
#15372=CARTESIAN_POINT('Ctrl Pts',(7.802,5.32832759685527,-5.03884128030795));
#15373=CARTESIAN_POINT('',(7.812,5.27241187479029,-5.15634533392275));
#15374=CARTESIAN_POINT('Ctrl Pts',(7.812,5.27241187479029,-5.15634533392275));
#15375=CARTESIAN_POINT('Ctrl Pts',(7.812,5.30077492221455,-5.1409482510353));
#15376=CARTESIAN_POINT('Ctrl Pts',(7.812,5.32832759685527,-5.08584290175387));
#15377=CARTESIAN_POINT('Ctrl Pts',(7.812,5.32832759685527,-5.03884128030795));
#15378=CARTESIAN_POINT('',(7.802,5.27241187479029,-5.15634533392275));
#15379=CARTESIAN_POINT('',(7.812,5.27241187479029,-5.15634533392275));
#15380=CARTESIAN_POINT('Ctrl Pts',(7.802,5.27241187479029,-5.15634533392275));
#15381=CARTESIAN_POINT('Ctrl Pts',(7.802,5.30077492221455,-5.1409482510353));
#15382=CARTESIAN_POINT('Ctrl Pts',(7.802,5.32832759685527,-5.08584290175387));
#15383=CARTESIAN_POINT('Ctrl Pts',(7.802,5.32832759685527,-5.03884128030795));
#15384=CARTESIAN_POINT('Ctrl Pts',(7.812,5.10466470859536,-5.18065651742926));
#15385=CARTESIAN_POINT('Ctrl Pts',(7.802,5.10466470859536,-5.18065651742926));
#15386=CARTESIAN_POINT('Ctrl Pts',(7.812,5.15652856674259,-5.18065651742926));
#15387=CARTESIAN_POINT('Ctrl Pts',(7.802,5.15652856674259,-5.18065651742926));
#15388=CARTESIAN_POINT('Ctrl Pts',(7.812,5.24566957293313,-5.17093204402666));
#15389=CARTESIAN_POINT('Ctrl Pts',(7.802,5.24566957293313,-5.17093204402666));
#15390=CARTESIAN_POINT('Ctrl Pts',(7.812,5.27241187479029,-5.15634533392275));
#15391=CARTESIAN_POINT('Ctrl Pts',(7.802,5.27241187479029,-5.15634533392275));
#15392=CARTESIAN_POINT('',(7.812,5.10466470859536,-5.18065651742926));
#15393=CARTESIAN_POINT('Ctrl Pts',(7.812,5.10466470859536,-5.18065651742926));
#15394=CARTESIAN_POINT('Ctrl Pts',(7.812,5.15652856674259,-5.18065651742926));
#15395=CARTESIAN_POINT('Ctrl Pts',(7.812,5.24566957293313,-5.17093204402666));
#15396=CARTESIAN_POINT('Ctrl Pts',(7.812,5.27241187479029,-5.15634533392275));
#15397=CARTESIAN_POINT('',(7.802,5.10466470859536,-5.18065651742926));
#15398=CARTESIAN_POINT('',(7.812,5.10466470859536,-5.18065651742926));
#15399=CARTESIAN_POINT('Ctrl Pts',(7.802,5.10466470859536,-5.18065651742926));
#15400=CARTESIAN_POINT('Ctrl Pts',(7.802,5.15652856674259,-5.18065651742926));
#15401=CARTESIAN_POINT('Ctrl Pts',(7.802,5.24566957293313,-5.17093204402666));
#15402=CARTESIAN_POINT('Ctrl Pts',(7.802,5.27241187479029,-5.15634533392275));
#15403=CARTESIAN_POINT('Origin',(7.812,4.67678787888076,-5.18065651742926));
#15404=CARTESIAN_POINT('',(7.812,4.67678787888076,-5.18065651742926));
#15405=CARTESIAN_POINT('',(7.812,1.9626052257558,-5.18065651742926));
#15406=CARTESIAN_POINT('',(7.802,4.67678787888076,-5.18065651742926));
#15407=CARTESIAN_POINT('',(7.812,4.67678787888076,-5.18065651742926));
#15408=CARTESIAN_POINT('',(7.802,4.67678787888076,-5.18065651742926));
#15409=CARTESIAN_POINT('Origin',(7.812,4.67678787888076,-5.30707467166312));
#15410=CARTESIAN_POINT('',(7.812,4.67678787888076,-7.44820987192802));
#15411=CARTESIAN_POINT('',(7.802,4.67678787888076,-5.30707467166312));
#15412=CARTESIAN_POINT('Origin',(7.802,5.06283054415321,-4.9934218037498));
#15413=CARTESIAN_POINT('Ctrl Pts',(7.812,5.05199047766459,-4.04856573880939));
#15414=CARTESIAN_POINT('Ctrl Pts',(7.802,5.05199047766459,-4.04856573880939));
#15415=CARTESIAN_POINT('Ctrl Pts',(7.812,5.19785757870365,-4.04856573880939));
#15416=CARTESIAN_POINT('Ctrl Pts',(7.802,5.19785757870365,-4.04856573880939));
#15417=CARTESIAN_POINT('Ctrl Pts',(7.812,5.33967281582497,-4.15553494623804));
#15418=CARTESIAN_POINT('Ctrl Pts',(7.802,5.33967281582497,-4.15553494623804));
#15419=CARTESIAN_POINT('Ctrl Pts',(7.812,5.33967281582497,-4.25359005304764));
#15420=CARTESIAN_POINT('Ctrl Pts',(7.802,5.33967281582497,-4.25359005304764));
#15421=CARTESIAN_POINT('',(7.812,5.33967281582497,-4.25359005304764));
#15422=CARTESIAN_POINT('',(7.812,5.05199047766459,-4.04856573880939));
#15423=CARTESIAN_POINT('Ctrl Pts',(7.812,5.33967281582497,-4.25359005304764));
#15424=CARTESIAN_POINT('Ctrl Pts',(7.812,5.33967281582497,-4.15553494623804));
#15425=CARTESIAN_POINT('Ctrl Pts',(7.812,5.19785757870365,-4.04856573880939));
#15426=CARTESIAN_POINT('Ctrl Pts',(7.812,5.05199047766459,-4.04856573880939));
#15427=CARTESIAN_POINT('',(7.802,5.33967281582497,-4.25359005304764));
#15428=CARTESIAN_POINT('',(7.812,5.33967281582497,-4.25359005304764));
#15429=CARTESIAN_POINT('',(7.802,5.05199047766459,-4.04856573880939));
#15430=CARTESIAN_POINT('Ctrl Pts',(7.802,5.33967281582497,-4.25359005304764));
#15431=CARTESIAN_POINT('Ctrl Pts',(7.802,5.33967281582497,-4.15553494623804));
#15432=CARTESIAN_POINT('Ctrl Pts',(7.802,5.19785757870365,-4.04856573880939));
#15433=CARTESIAN_POINT('Ctrl Pts',(7.802,5.05199047766459,-4.04856573880939));
#15434=CARTESIAN_POINT('',(7.812,5.05199047766459,-4.04856573880939));
#15435=CARTESIAN_POINT('Ctrl Pts',(7.812,4.7643081395042,-4.25359005304764));
#15436=CARTESIAN_POINT('Ctrl Pts',(7.802,4.7643081395042,-4.25359005304764));
#15437=CARTESIAN_POINT('Ctrl Pts',(7.812,4.7643081395042,-4.15553494623804));
#15438=CARTESIAN_POINT('Ctrl Pts',(7.802,4.7643081395042,-4.15553494623804));
#15439=CARTESIAN_POINT('Ctrl Pts',(7.812,4.91017524054327,-4.04856573880939));
#15440=CARTESIAN_POINT('Ctrl Pts',(7.802,4.91017524054327,-4.04856573880939));
#15441=CARTESIAN_POINT('Ctrl Pts',(7.812,5.05199047766459,-4.04856573880939));
#15442=CARTESIAN_POINT('Ctrl Pts',(7.802,5.05199047766459,-4.04856573880939));
#15443=CARTESIAN_POINT('',(7.812,4.7643081395042,-4.25359005304764));
#15444=CARTESIAN_POINT('Ctrl Pts',(7.812,5.05199047766459,-4.04856573880939));
#15445=CARTESIAN_POINT('Ctrl Pts',(7.812,4.91017524054327,-4.04856573880939));
#15446=CARTESIAN_POINT('Ctrl Pts',(7.812,4.7643081395042,-4.15553494623804));
#15447=CARTESIAN_POINT('Ctrl Pts',(7.812,4.7643081395042,-4.25359005304764));
#15448=CARTESIAN_POINT('',(7.802,4.7643081395042,-4.25359005304764));
#15449=CARTESIAN_POINT('Ctrl Pts',(7.802,5.05199047766459,-4.04856573880939));
#15450=CARTESIAN_POINT('Ctrl Pts',(7.802,4.91017524054327,-4.04856573880939));
#15451=CARTESIAN_POINT('Ctrl Pts',(7.802,4.7643081395042,-4.15553494623804));
#15452=CARTESIAN_POINT('Ctrl Pts',(7.802,4.7643081395042,-4.25359005304764));
#15453=CARTESIAN_POINT('',(7.812,4.7643081395042,-4.25359005304764));
#15454=CARTESIAN_POINT('Ctrl Pts',(7.812,5.05199047766459,-4.45780399450233));
#15455=CARTESIAN_POINT('Ctrl Pts',(7.802,5.05199047766459,-4.45780399450233));
#15456=CARTESIAN_POINT('Ctrl Pts',(7.812,4.90774412219262,-4.45780399450233));
#15457=CARTESIAN_POINT('Ctrl Pts',(7.802,4.90774412219262,-4.45780399450233));
#15458=CARTESIAN_POINT('Ctrl Pts',(7.812,4.7643081395042,-4.35083478707368));
#15459=CARTESIAN_POINT('Ctrl Pts',(7.802,4.7643081395042,-4.35083478707368));
#15460=CARTESIAN_POINT('Ctrl Pts',(7.812,4.7643081395042,-4.25359005304764));
#15461=CARTESIAN_POINT('Ctrl Pts',(7.802,4.7643081395042,-4.25359005304764));
#15462=CARTESIAN_POINT('',(7.812,5.05199047766459,-4.45780399450233));
#15463=CARTESIAN_POINT('Ctrl Pts',(7.812,4.7643081395042,-4.25359005304764));
#15464=CARTESIAN_POINT('Ctrl Pts',(7.812,4.7643081395042,-4.35083478707368));
#15465=CARTESIAN_POINT('Ctrl Pts',(7.812,4.90774412219262,-4.45780399450233));
#15466=CARTESIAN_POINT('Ctrl Pts',(7.812,5.05199047766459,-4.45780399450233));
#15467=CARTESIAN_POINT('',(7.802,5.05199047766459,-4.45780399450233));
#15468=CARTESIAN_POINT('Ctrl Pts',(7.802,4.7643081395042,-4.25359005304764));
#15469=CARTESIAN_POINT('Ctrl Pts',(7.802,4.7643081395042,-4.35083478707368));
#15470=CARTESIAN_POINT('Ctrl Pts',(7.802,4.90774412219262,-4.45780399450233));
#15471=CARTESIAN_POINT('Ctrl Pts',(7.802,5.05199047766459,-4.45780399450233));
#15472=CARTESIAN_POINT('',(7.812,5.05199047766459,-4.45780399450233));
#15473=CARTESIAN_POINT('Ctrl Pts',(7.812,5.33967281582497,-4.25359005304764));
#15474=CARTESIAN_POINT('Ctrl Pts',(7.802,5.33967281582497,-4.25359005304764));
#15475=CARTESIAN_POINT('Ctrl Pts',(7.812,5.33967281582497,-4.35164515985723));
#15476=CARTESIAN_POINT('Ctrl Pts',(7.802,5.33967281582497,-4.35164515985723));
#15477=CARTESIAN_POINT('Ctrl Pts',(7.812,5.19785757870365,-4.45780399450233));
#15478=CARTESIAN_POINT('Ctrl Pts',(7.802,5.19785757870365,-4.45780399450233));
#15479=CARTESIAN_POINT('Ctrl Pts',(7.812,5.05199047766459,-4.45780399450233));
#15480=CARTESIAN_POINT('Ctrl Pts',(7.802,5.05199047766459,-4.45780399450233));
#15481=CARTESIAN_POINT('Ctrl Pts',(7.812,5.05199047766459,-4.45780399450233));
#15482=CARTESIAN_POINT('Ctrl Pts',(7.812,5.19785757870365,-4.45780399450233));
#15483=CARTESIAN_POINT('Ctrl Pts',(7.812,5.33967281582497,-4.35164515985723));
#15484=CARTESIAN_POINT('Ctrl Pts',(7.812,5.33967281582497,-4.25359005304764));
#15485=CARTESIAN_POINT('Ctrl Pts',(7.802,5.05199047766459,-4.45780399450233));
#15486=CARTESIAN_POINT('Ctrl Pts',(7.802,5.19785757870365,-4.45780399450233));
#15487=CARTESIAN_POINT('Ctrl Pts',(7.802,5.33967281582497,-4.35164515985723));
#15488=CARTESIAN_POINT('Ctrl Pts',(7.802,5.33967281582497,-4.25359005304764));
#15489=CARTESIAN_POINT('Ctrl Pts',(7.812,5.44826276882072,-4.25359005304764));
#15490=CARTESIAN_POINT('Ctrl Pts',(7.802,5.44826276882072,-4.25359005304764));
#15491=CARTESIAN_POINT('Ctrl Pts',(7.812,5.44826276882072,-4.40594013635511));
#15492=CARTESIAN_POINT('Ctrl Pts',(7.802,5.44826276882072,-4.40594013635511));
#15493=CARTESIAN_POINT('Ctrl Pts',(7.812,5.24080733623182,-4.58827401265394));
#15494=CARTESIAN_POINT('Ctrl Pts',(7.802,5.24080733623182,-4.58827401265394));
#15495=CARTESIAN_POINT('Ctrl Pts',(7.812,5.05199047766459,-4.58827401265394));
#15496=CARTESIAN_POINT('Ctrl Pts',(7.802,5.05199047766459,-4.58827401265394));
#15497=CARTESIAN_POINT('',(7.812,5.44826276882072,-4.25359005304764));
#15498=CARTESIAN_POINT('',(7.812,5.05199047766459,-4.58827401265394));
#15499=CARTESIAN_POINT('Ctrl Pts',(7.812,5.44826276882072,-4.25359005304764));
#15500=CARTESIAN_POINT('Ctrl Pts',(7.812,5.44826276882072,-4.40594013635511));
#15501=CARTESIAN_POINT('Ctrl Pts',(7.812,5.24080733623182,-4.58827401265394));
#15502=CARTESIAN_POINT('Ctrl Pts',(7.812,5.05199047766459,-4.58827401265394));
#15503=CARTESIAN_POINT('',(7.802,5.44826276882072,-4.25359005304764));
#15504=CARTESIAN_POINT('',(7.812,5.44826276882072,-4.25359005304764));
#15505=CARTESIAN_POINT('',(7.802,5.05199047766459,-4.58827401265394));
#15506=CARTESIAN_POINT('Ctrl Pts',(7.802,5.44826276882072,-4.25359005304764));
#15507=CARTESIAN_POINT('Ctrl Pts',(7.802,5.44826276882072,-4.40594013635511));
#15508=CARTESIAN_POINT('Ctrl Pts',(7.802,5.24080733623182,-4.58827401265394));
#15509=CARTESIAN_POINT('Ctrl Pts',(7.802,5.05199047766459,-4.58827401265394));
#15510=CARTESIAN_POINT('',(7.812,5.05199047766459,-4.58827401265394));
#15511=CARTESIAN_POINT('Ctrl Pts',(7.812,5.05199047766459,-3.91809572065778));
#15512=CARTESIAN_POINT('Ctrl Pts',(7.802,5.05199047766459,-3.91809572065778));
#15513=CARTESIAN_POINT('Ctrl Pts',(7.812,5.23999696344828,-3.91809572065778));
#15514=CARTESIAN_POINT('Ctrl Pts',(7.802,5.23999696344828,-3.91809572065778));
#15515=CARTESIAN_POINT('Ctrl Pts',(7.812,5.44826276882072,-4.10286071530727));
#15516=CARTESIAN_POINT('Ctrl Pts',(7.802,5.44826276882072,-4.10286071530727));
#15517=CARTESIAN_POINT('Ctrl Pts',(7.812,5.44826276882072,-4.25359005304764));
#15518=CARTESIAN_POINT('Ctrl Pts',(7.802,5.44826276882072,-4.25359005304764));
#15519=CARTESIAN_POINT('',(7.812,5.05199047766459,-3.91809572065778));
#15520=CARTESIAN_POINT('Ctrl Pts',(7.812,5.05199047766459,-3.91809572065778));
#15521=CARTESIAN_POINT('Ctrl Pts',(7.812,5.23999696344828,-3.91809572065778));
#15522=CARTESIAN_POINT('Ctrl Pts',(7.812,5.44826276882072,-4.10286071530727));
#15523=CARTESIAN_POINT('Ctrl Pts',(7.812,5.44826276882072,-4.25359005304764));
#15524=CARTESIAN_POINT('',(7.802,5.05199047766459,-3.91809572065778));
#15525=CARTESIAN_POINT('',(7.812,5.05199047766459,-3.91809572065778));
#15526=CARTESIAN_POINT('Ctrl Pts',(7.802,5.05199047766459,-3.91809572065778));
#15527=CARTESIAN_POINT('Ctrl Pts',(7.802,5.23999696344828,-3.91809572065778));
#15528=CARTESIAN_POINT('Ctrl Pts',(7.802,5.44826276882072,-4.10286071530727));
#15529=CARTESIAN_POINT('Ctrl Pts',(7.802,5.44826276882072,-4.25359005304764));
#15530=CARTESIAN_POINT('Ctrl Pts',(7.812,4.65571818650845,-4.25359005304764));
#15531=CARTESIAN_POINT('Ctrl Pts',(7.802,4.65571818650845,-4.25359005304764));
#15532=CARTESIAN_POINT('Ctrl Pts',(7.812,4.65571818650845,-4.09718810582241));
#15533=CARTESIAN_POINT('Ctrl Pts',(7.802,4.65571818650845,-4.09718810582241));
#15534=CARTESIAN_POINT('Ctrl Pts',(7.812,4.8688462285822,-3.91809572065778));
#15535=CARTESIAN_POINT('Ctrl Pts',(7.802,4.8688462285822,-3.91809572065778));
#15536=CARTESIAN_POINT('Ctrl Pts',(7.812,5.05199047766459,-3.91809572065778));
#15537=CARTESIAN_POINT('Ctrl Pts',(7.802,5.05199047766459,-3.91809572065778));
#15538=CARTESIAN_POINT('',(7.812,4.65571818650845,-4.25359005304764));
#15539=CARTESIAN_POINT('Ctrl Pts',(7.812,4.65571818650845,-4.25359005304764));
#15540=CARTESIAN_POINT('Ctrl Pts',(7.812,4.65571818650845,-4.09718810582241));
#15541=CARTESIAN_POINT('Ctrl Pts',(7.812,4.8688462285822,-3.91809572065778));
#15542=CARTESIAN_POINT('Ctrl Pts',(7.812,5.05199047766459,-3.91809572065778));
#15543=CARTESIAN_POINT('',(7.802,4.65571818650845,-4.25359005304764));
#15544=CARTESIAN_POINT('',(7.812,4.65571818650845,-4.25359005304764));
#15545=CARTESIAN_POINT('Ctrl Pts',(7.802,4.65571818650845,-4.25359005304764));
#15546=CARTESIAN_POINT('Ctrl Pts',(7.802,4.65571818650845,-4.09718810582241));
#15547=CARTESIAN_POINT('Ctrl Pts',(7.802,4.8688462285822,-3.91809572065778));
#15548=CARTESIAN_POINT('Ctrl Pts',(7.802,5.05199047766459,-3.91809572065778));
#15549=CARTESIAN_POINT('Ctrl Pts',(7.812,5.05199047766459,-4.58827401265394));
#15550=CARTESIAN_POINT('Ctrl Pts',(7.802,5.05199047766459,-4.58827401265394));
#15551=CARTESIAN_POINT('Ctrl Pts',(7.812,4.8623632463138,-4.58827401265394));
#15552=CARTESIAN_POINT('Ctrl Pts',(7.802,4.8623632463138,-4.58827401265394));
#15553=CARTESIAN_POINT('Ctrl Pts',(7.812,4.65571818650845,-4.40594013635511));
#15554=CARTESIAN_POINT('Ctrl Pts',(7.802,4.65571818650845,-4.40594013635511));
#15555=CARTESIAN_POINT('Ctrl Pts',(7.812,4.65571818650845,-4.25359005304764));
#15556=CARTESIAN_POINT('Ctrl Pts',(7.802,4.65571818650845,-4.25359005304764));
#15557=CARTESIAN_POINT('Ctrl Pts',(7.812,5.05199047766459,-4.58827401265394));
#15558=CARTESIAN_POINT('Ctrl Pts',(7.812,4.8623632463138,-4.58827401265394));
#15559=CARTESIAN_POINT('Ctrl Pts',(7.812,4.65571818650845,-4.40594013635511));
#15560=CARTESIAN_POINT('Ctrl Pts',(7.812,4.65571818650845,-4.25359005304764));
#15561=CARTESIAN_POINT('Ctrl Pts',(7.802,5.05199047766459,-4.58827401265394));
#15562=CARTESIAN_POINT('Ctrl Pts',(7.802,4.8623632463138,-4.58827401265394));
#15563=CARTESIAN_POINT('Ctrl Pts',(7.802,4.65571818650845,-4.40594013635511));
#15564=CARTESIAN_POINT('Ctrl Pts',(7.802,4.65571818650845,-4.25359005304764));
#15565=CARTESIAN_POINT('Origin',(7.802,5.05179959958839,-4.25354809223707));
#15566=CARTESIAN_POINT('Origin',(7.812,4.67678787888076,-2.3864910859663));
#15567=CARTESIAN_POINT('',(7.812,4.67678787888076,-2.3864910859663));
#15568=CARTESIAN_POINT('',(7.812,4.67678787888076,-1.76088329706541));
#15569=CARTESIAN_POINT('',(7.812,4.67678787888076,-5.9879180790796));
#15570=CARTESIAN_POINT('',(7.802,4.67678787888076,-2.3864910859663));
#15571=CARTESIAN_POINT('',(7.812,4.67678787888076,-2.3864910859663));
#15572=CARTESIAN_POINT('',(7.802,4.67678787888076,-1.76088329706541));
#15573=CARTESIAN_POINT('',(7.802,4.67678787888076,-2.3864910859663));
#15574=CARTESIAN_POINT('',(7.812,4.67678787888076,-1.76088329706541));
#15575=CARTESIAN_POINT('Origin',(7.812,4.79510230527912,-2.42700972514382));
#15576=CARTESIAN_POINT('',(7.812,4.79510230527912,-2.42700972514382));
#15577=CARTESIAN_POINT('',(7.812,3.41057137759039,-1.95285529785314));
#15578=CARTESIAN_POINT('',(7.802,4.79510230527912,-2.42700972514382));
#15579=CARTESIAN_POINT('',(7.812,4.79510230527912,-2.42700972514382));
#15580=CARTESIAN_POINT('',(7.802,4.79510230527912,-2.42700972514382));
#15581=CARTESIAN_POINT('Origin',(7.812,4.79510230527912,-1.93430307274519));
#15582=CARTESIAN_POINT('',(7.812,4.79510230527912,-1.93430307274519));
#15583=CARTESIAN_POINT('',(7.812,4.79510230527912,-5.76182407246905));
#15584=CARTESIAN_POINT('',(7.802,4.79510230527912,-1.93430307274519));
#15585=CARTESIAN_POINT('',(7.812,4.79510230527912,-1.93430307274519));
#15586=CARTESIAN_POINT('',(7.802,4.79510230527912,-1.93430307274519));
#15587=CARTESIAN_POINT('Origin',(7.812,5.16625304014519,-2.0599108541955));
#15588=CARTESIAN_POINT('',(7.812,5.16625304014519,-2.0599108541955));
#15589=CARTESIAN_POINT('',(7.812,3.65456246648253,-1.54831251594721));
#15590=CARTESIAN_POINT('',(7.802,5.16625304014519,-2.0599108541955));
#15591=CARTESIAN_POINT('',(7.812,5.16625304014519,-2.0599108541955));
#15592=CARTESIAN_POINT('',(7.802,5.16625304014519,-2.0599108541955));
#15593=CARTESIAN_POINT('Origin',(7.812,5.16625304014519,-2.51939222246856));
#15594=CARTESIAN_POINT('',(7.812,5.16625304014519,-2.51939222246856));
#15595=CARTESIAN_POINT('',(7.812,5.16625304014519,-6.05436864733073));
#15596=CARTESIAN_POINT('',(7.802,5.16625304014519,-2.51939222246856));
#15597=CARTESIAN_POINT('',(7.812,5.16625304014519,-2.51939222246856));
#15598=CARTESIAN_POINT('',(7.802,5.16625304014519,-2.51939222246856));
#15599=CARTESIAN_POINT('Origin',(7.812,5.28456746654355,-2.55991086164608));
#15600=CARTESIAN_POINT('',(7.812,5.28456746654355,-2.55991086164608));
#15601=CARTESIAN_POINT('',(7.812,3.66062568745284,-2.00376641675198));
#15602=CARTESIAN_POINT('',(7.802,5.28456746654355,-2.55991086164608));
#15603=CARTESIAN_POINT('',(7.812,5.28456746654355,-2.55991086164608));
#15604=CARTESIAN_POINT('',(7.802,5.28456746654355,-2.55991086164608));
#15605=CARTESIAN_POINT('Origin',(7.812,5.28456746654355,-2.10042949337302));
#15606=CARTESIAN_POINT('',(7.812,5.28456746654355,-2.10042949337302));
#15607=CARTESIAN_POINT('',(7.812,5.28456746654355,-5.84488728278296));
#15608=CARTESIAN_POINT('',(7.802,5.28456746654355,-2.10042949337302));
#15609=CARTESIAN_POINT('',(7.812,5.28456746654355,-2.10042949337302));
#15610=CARTESIAN_POINT('',(7.802,5.28456746654355,-2.10042949337302));
#15611=CARTESIAN_POINT('Origin',(7.812,5.55847346738357,-2.19362236348131));
#15612=CARTESIAN_POINT('',(7.812,5.55847346738357,-2.19362236348131));
#15613=CARTESIAN_POINT('',(7.812,3.85839849726331,-1.61519448903212));
#15614=CARTESIAN_POINT('',(7.802,5.55847346738357,-2.19362236348131));
#15615=CARTESIAN_POINT('',(7.812,5.55847346738357,-2.19362236348131));
#15616=CARTESIAN_POINT('',(7.802,5.55847346738357,-2.19362236348131));
#15617=CARTESIAN_POINT('Origin',(7.812,5.55847346738357,-2.68632901587994));
#15618=CARTESIAN_POINT('',(7.812,5.55847346738357,-2.68632901587994));
#15619=CARTESIAN_POINT('',(7.812,5.55847346738357,-6.13783704403643));
#15620=CARTESIAN_POINT('',(7.802,5.55847346738357,-2.68632901587994));
#15621=CARTESIAN_POINT('',(7.812,5.55847346738357,-2.68632901587994));
#15622=CARTESIAN_POINT('',(7.802,5.55847346738357,-2.68632901587994));
#15623=CARTESIAN_POINT('Origin',(7.812,5.67678789378193,-2.72603728227391));
#15624=CARTESIAN_POINT('',(7.812,5.67678789378193,-2.72603728227391));
#15625=CARTESIAN_POINT('',(7.812,3.82311897999483,-2.10391552353715));
#15626=CARTESIAN_POINT('',(7.802,5.67678789378193,-2.72603728227391));
#15627=CARTESIAN_POINT('',(7.812,5.67678789378193,-2.72603728227391));
#15628=CARTESIAN_POINT('',(7.802,5.67678789378193,-2.72603728227391));
#15629=CARTESIAN_POINT('Origin',(7.812,5.67678789378193,-2.10042949337302));
#15630=CARTESIAN_POINT('',(7.812,5.67678789378193,-2.10042949337302));
#15631=CARTESIAN_POINT('',(7.812,5.67678789378193,-5.84488728278296));
#15632=CARTESIAN_POINT('',(7.802,5.67678789378193,-2.10042949337302));
#15633=CARTESIAN_POINT('',(7.812,5.67678789378193,-2.10042949337302));
#15634=CARTESIAN_POINT('',(7.802,5.67678789378193,-2.10042949337302));
#15635=CARTESIAN_POINT('Origin',(7.812,4.67678787888076,-1.76088329706541));
#15636=CARTESIAN_POINT('',(7.812,3.43485218804644,-1.33918876346769));
#15637=CARTESIAN_POINT('',(7.802,4.67678787888076,-1.76088329706541));
#15638=CARTESIAN_POINT('Origin',(7.802,5.18525714931799,-2.20309829499699));
#15639=CARTESIAN_POINT('Origin',(7.812,4.67678787888076,-1.32409236673176));
#15640=CARTESIAN_POINT('',(7.812,4.67678787888076,-1.32409236673176));
#15641=CARTESIAN_POINT('',(7.812,4.67678787888076,-1.1911912302295));
#15642=CARTESIAN_POINT('',(7.812,4.67678787888076,-5.45671871946233));
#15643=CARTESIAN_POINT('',(7.802,4.67678787888076,-1.32409236673176));
#15644=CARTESIAN_POINT('',(7.812,4.67678787888076,-1.32409236673176));
#15645=CARTESIAN_POINT('',(7.802,4.67678787888076,-1.1911912302295));
#15646=CARTESIAN_POINT('',(7.802,4.67678787888076,-1.32409236673176));
#15647=CARTESIAN_POINT('',(7.812,4.67678787888076,-1.1911912302295));
#15648=CARTESIAN_POINT('Origin',(7.812,5.55847346738357,-1.6239302966454));
#15649=CARTESIAN_POINT('',(7.812,5.55847346738357,-1.6239302966454));
#15650=CARTESIAN_POINT('',(7.812,3.94451561261205,-1.0750659526514));
#15651=CARTESIAN_POINT('',(7.802,5.55847346738357,-1.6239302966454));
#15652=CARTESIAN_POINT('',(7.812,5.55847346738357,-1.6239302966454));
#15653=CARTESIAN_POINT('',(7.802,5.55847346738357,-1.6239302966454));
#15654=CARTESIAN_POINT('Origin',(7.812,5.55847346738357,-1.95942462903525));
#15655=CARTESIAN_POINT('',(7.812,5.55847346738357,-1.95942462903525));
#15656=CARTESIAN_POINT('',(7.812,5.55847346738357,-5.77438485061408));
#15657=CARTESIAN_POINT('',(7.802,5.55847346738357,-1.95942462903525));
#15658=CARTESIAN_POINT('',(7.812,5.55847346738357,-1.95942462903525));
#15659=CARTESIAN_POINT('',(7.802,5.55847346738357,-1.95942462903525));
#15660=CARTESIAN_POINT('Origin',(7.812,5.67678789378193,-1.99913289542922));
#15661=CARTESIAN_POINT('',(7.812,5.67678789378193,-1.99913289542922));
#15662=CARTESIAN_POINT('',(7.812,3.93275076275586,-1.41380536515336));
#15663=CARTESIAN_POINT('',(7.802,5.67678789378193,-1.99913289542922));
#15664=CARTESIAN_POINT('',(7.812,5.67678789378193,-1.99913289542922));
#15665=CARTESIAN_POINT('',(7.802,5.67678789378193,-1.99913289542922));
#15666=CARTESIAN_POINT('Origin',(7.812,5.67678789378193,-1.19524309414725));
#15667=CARTESIAN_POINT('',(7.812,5.67678789378193,-1.19524309414725));
#15668=CARTESIAN_POINT('',(7.812,5.67678789378193,-5.39229408317008));
#15669=CARTESIAN_POINT('',(7.802,5.67678789378193,-1.19524309414725));
#15670=CARTESIAN_POINT('',(7.812,5.67678789378193,-1.19524309414725));
#15671=CARTESIAN_POINT('',(7.802,5.67678789378193,-1.19524309414725));
#15672=CARTESIAN_POINT('Origin',(7.812,5.55847346738357,-1.15553482775328));
#15673=CARTESIAN_POINT('',(7.812,5.55847346738357,-1.15553482775328));
#15674=CARTESIAN_POINT('',(7.812,3.99483627921,-0.630752483777196));
#15675=CARTESIAN_POINT('',(7.802,5.55847346738357,-1.15553482775328));
#15676=CARTESIAN_POINT('',(7.812,5.55847346738357,-1.15553482775328));
#15677=CARTESIAN_POINT('',(7.802,5.55847346738357,-1.15553482775328));
#15678=CARTESIAN_POINT('Origin',(7.812,5.55847346738357,-1.49102916014314));
#15679=CARTESIAN_POINT('',(7.812,5.55847346738357,-1.49102916014314));
#15680=CARTESIAN_POINT('',(7.812,5.55847346738357,-5.54018711616802));
#15681=CARTESIAN_POINT('',(7.802,5.55847346738357,-1.49102916014314));
#15682=CARTESIAN_POINT('',(7.812,5.55847346738357,-1.49102916014314));
#15683=CARTESIAN_POINT('',(7.802,5.55847346738357,-1.49102916014314));
#15684=CARTESIAN_POINT('Origin',(7.812,4.67678787888076,-1.1911912302295));
#15685=CARTESIAN_POINT('',(7.812,3.52392834578149,-0.799134219892425));
#15686=CARTESIAN_POINT('',(7.802,4.67678787888076,-1.1911912302295));
#15687=CARTESIAN_POINT('Origin',(7.802,5.3357834636304,-1.48161710151384));
#15688=CARTESIAN_POINT('Ctrl Pts',(7.812,4.68813309785047,-3.72441662538924));
#15689=CARTESIAN_POINT('Ctrl Pts',(7.802,4.68813309785047,-3.72441662538924));
#15690=CARTESIAN_POINT('Ctrl Pts',(7.812,4.67354638774656,-3.68065649507752));
#15691=CARTESIAN_POINT('Ctrl Pts',(7.802,4.67354638774656,-3.68065649507752));
#15692=CARTESIAN_POINT('Ctrl Pts',(7.812,4.65895967764266,-3.60610219899089));
#15693=CARTESIAN_POINT('Ctrl Pts',(7.802,4.65895967764266,-3.60610219899089));
#15694=CARTESIAN_POINT('Ctrl Pts',(7.812,4.65895967764266,-3.54613461300816));
#15695=CARTESIAN_POINT('Ctrl Pts',(7.802,4.65895967764266,-3.54613461300816));
#15696=CARTESIAN_POINT('',(7.812,4.68813309785047,-3.72441662538924));
#15697=CARTESIAN_POINT('',(7.812,4.65895967764266,-3.54613461300816));
#15698=CARTESIAN_POINT('Ctrl Pts',(7.812,4.68813309785047,-3.72441662538924));
#15699=CARTESIAN_POINT('Ctrl Pts',(7.812,4.67354638774656,-3.68065649507752));
#15700=CARTESIAN_POINT('Ctrl Pts',(7.812,4.65895967764266,-3.60610219899089));
#15701=CARTESIAN_POINT('Ctrl Pts',(7.812,4.65895967764266,-3.54613461300816));
#15702=CARTESIAN_POINT('',(7.802,4.68813309785047,-3.72441662538924));
#15703=CARTESIAN_POINT('',(7.812,4.68813309785047,-3.72441662538924));
#15704=CARTESIAN_POINT('',(7.802,4.65895967764266,-3.54613461300816));
#15705=CARTESIAN_POINT('Ctrl Pts',(7.802,4.68813309785047,-3.72441662538924));
#15706=CARTESIAN_POINT('Ctrl Pts',(7.802,4.67354638774656,-3.68065649507752));
#15707=CARTESIAN_POINT('Ctrl Pts',(7.802,4.65895967764266,-3.60610219899089));
#15708=CARTESIAN_POINT('Ctrl Pts',(7.802,4.65895967764266,-3.54613461300816));
#15709=CARTESIAN_POINT('',(7.812,4.65895967764266,-3.54613461300816));
#15710=CARTESIAN_POINT('Ctrl Pts',(7.812,4.744859192699,-3.8573177618915));
#15711=CARTESIAN_POINT('Ctrl Pts',(7.802,4.744859192699,-3.8573177618915));
#15712=CARTESIAN_POINT('Ctrl Pts',(7.812,4.72946210981154,-3.82409247776594));
#15713=CARTESIAN_POINT('Ctrl Pts',(7.802,4.72946210981154,-3.82409247776594));
#15714=CARTESIAN_POINT('Ctrl Pts',(7.812,4.70109906238728,-3.76574563735031));
#15715=CARTESIAN_POINT('Ctrl Pts',(7.802,4.70109906238728,-3.76574563735031));
#15716=CARTESIAN_POINT('Ctrl Pts',(7.812,4.68813309785047,-3.72441662538924));
#15717=CARTESIAN_POINT('Ctrl Pts',(7.802,4.68813309785047,-3.72441662538924));
#15718=CARTESIAN_POINT('',(7.812,4.744859192699,-3.8573177618915));
#15719=CARTESIAN_POINT('Ctrl Pts',(7.812,4.744859192699,-3.8573177618915));
#15720=CARTESIAN_POINT('Ctrl Pts',(7.812,4.72946210981154,-3.82409247776594));
#15721=CARTESIAN_POINT('Ctrl Pts',(7.812,4.70109906238728,-3.76574563735031));
#15722=CARTESIAN_POINT('Ctrl Pts',(7.812,4.68813309785047,-3.72441662538924));
#15723=CARTESIAN_POINT('',(7.802,4.744859192699,-3.8573177618915));
#15724=CARTESIAN_POINT('',(7.812,4.744859192699,-3.8573177618915));
#15725=CARTESIAN_POINT('Ctrl Pts',(7.802,4.744859192699,-3.8573177618915));
#15726=CARTESIAN_POINT('Ctrl Pts',(7.802,4.72946210981154,-3.82409247776594));
#15727=CARTESIAN_POINT('Ctrl Pts',(7.802,4.70109906238728,-3.76574563735031));
#15728=CARTESIAN_POINT('Ctrl Pts',(7.802,4.68813309785047,-3.72441662538924));
#15729=CARTESIAN_POINT('Origin',(7.812,4.90369225827487,-3.8573177618915));
#15730=CARTESIAN_POINT('',(7.812,4.90369225827487,-3.8573177618915));
#15731=CARTESIAN_POINT('',(7.812,2.07605741545285,-3.8573177618915));
#15732=CARTESIAN_POINT('',(7.802,4.90369225827487,-3.8573177618915));
#15733=CARTESIAN_POINT('',(7.812,4.90369225827487,-3.8573177618915));
#15734=CARTESIAN_POINT('',(7.802,4.90369225827487,-3.8573177618915));
#15735=CARTESIAN_POINT('Origin',(7.812,4.90369225827487,-3.8475932884889));
#15736=CARTESIAN_POINT('',(7.812,4.90369225827487,-3.8475932884889));
#15737=CARTESIAN_POINT('',(7.812,4.90369225827487,-6.7184691803409));
#15738=CARTESIAN_POINT('',(7.802,4.90369225827487,-3.8475932884889));
#15739=CARTESIAN_POINT('',(7.812,4.90369225827487,-3.8475932884889));
#15740=CARTESIAN_POINT('',(7.802,4.90369225827487,-3.8475932884889));
#15741=CARTESIAN_POINT('Ctrl Pts',(7.812,4.82346535270338,-3.7414344538438));
#15742=CARTESIAN_POINT('Ctrl Pts',(7.802,4.82346535270338,-3.7414344538438));
#15743=CARTESIAN_POINT('Ctrl Pts',(7.812,4.84453504507569,-3.77790122910357));
#15744=CARTESIAN_POINT('Ctrl Pts',(7.802,4.84453504507569,-3.77790122910357));
#15745=CARTESIAN_POINT('Ctrl Pts',(7.812,4.88829517538741,-3.83219620560144));
#15746=CARTESIAN_POINT('Ctrl Pts',(7.802,4.88829517538741,-3.83219620560144));
#15747=CARTESIAN_POINT('Ctrl Pts',(7.812,4.90369225827487,-3.8475932884889));
#15748=CARTESIAN_POINT('Ctrl Pts',(7.802,4.90369225827487,-3.8475932884889));
#15749=CARTESIAN_POINT('',(7.812,4.82346535270338,-3.7414344538438));
#15750=CARTESIAN_POINT('Ctrl Pts',(7.812,4.82346535270338,-3.7414344538438));
#15751=CARTESIAN_POINT('Ctrl Pts',(7.812,4.84453504507569,-3.77790122910357));
#15752=CARTESIAN_POINT('Ctrl Pts',(7.812,4.88829517538741,-3.83219620560144));
#15753=CARTESIAN_POINT('Ctrl Pts',(7.812,4.90369225827487,-3.8475932884889));
#15754=CARTESIAN_POINT('',(7.802,4.82346535270338,-3.7414344538438));
#15755=CARTESIAN_POINT('',(7.812,4.82346535270338,-3.7414344538438));
#15756=CARTESIAN_POINT('Ctrl Pts',(7.802,4.82346535270338,-3.7414344538438));
#15757=CARTESIAN_POINT('Ctrl Pts',(7.802,4.84453504507569,-3.77790122910357));
#15758=CARTESIAN_POINT('Ctrl Pts',(7.802,4.88829517538741,-3.83219620560144));
#15759=CARTESIAN_POINT('Ctrl Pts',(7.802,4.90369225827487,-3.8475932884889));
#15760=CARTESIAN_POINT('Ctrl Pts',(7.812,4.77403261290681,-3.54775535857526));
#15761=CARTESIAN_POINT('Ctrl Pts',(7.802,4.77403261290681,-3.54775535857526));
#15762=CARTESIAN_POINT('Ctrl Pts',(7.812,4.77403261290681,-3.60529182620734));
#15763=CARTESIAN_POINT('Ctrl Pts',(7.802,4.77403261290681,-3.60529182620734));
#15764=CARTESIAN_POINT('Ctrl Pts',(7.812,4.80239566033107,-3.70334693301693));
#15765=CARTESIAN_POINT('Ctrl Pts',(7.802,4.80239566033107,-3.70334693301693));
#15766=CARTESIAN_POINT('Ctrl Pts',(7.812,4.82346535270338,-3.7414344538438));
#15767=CARTESIAN_POINT('Ctrl Pts',(7.802,4.82346535270338,-3.7414344538438));
#15768=CARTESIAN_POINT('',(7.812,4.77403261290681,-3.54775535857526));
#15769=CARTESIAN_POINT('Ctrl Pts',(7.812,4.77403261290681,-3.54775535857526));
#15770=CARTESIAN_POINT('Ctrl Pts',(7.812,4.77403261290681,-3.60529182620734));
#15771=CARTESIAN_POINT('Ctrl Pts',(7.812,4.80239566033107,-3.70334693301693));
#15772=CARTESIAN_POINT('Ctrl Pts',(7.812,4.82346535270338,-3.7414344538438));
#15773=CARTESIAN_POINT('',(7.802,4.77403261290681,-3.54775535857526));
#15774=CARTESIAN_POINT('',(7.812,4.77403261290681,-3.54775535857526));
#15775=CARTESIAN_POINT('Ctrl Pts',(7.802,4.77403261290681,-3.54775535857526));
#15776=CARTESIAN_POINT('Ctrl Pts',(7.802,4.77403261290681,-3.60529182620734));
#15777=CARTESIAN_POINT('Ctrl Pts',(7.802,4.80239566033107,-3.70334693301693));
#15778=CARTESIAN_POINT('Ctrl Pts',(7.802,4.82346535270338,-3.7414344538438));
#15779=CARTESIAN_POINT('Ctrl Pts',(7.812,4.8737084652835,-3.32976507980021));
#15780=CARTESIAN_POINT('Ctrl Pts',(7.802,4.8737084652835,-3.32976507980021));
#15781=CARTESIAN_POINT('Ctrl Pts',(7.812,4.82427572548693,-3.37190446454483));
#15782=CARTESIAN_POINT('Ctrl Pts',(7.802,4.82427572548693,-3.37190446454483));
#15783=CARTESIAN_POINT('Ctrl Pts',(7.812,4.77403261290681,-3.48454628145833));
#15784=CARTESIAN_POINT('Ctrl Pts',(7.802,4.77403261290681,-3.48454628145833));
#15785=CARTESIAN_POINT('Ctrl Pts',(7.812,4.77403261290681,-3.54775535857526));
#15786=CARTESIAN_POINT('Ctrl Pts',(7.802,4.77403261290681,-3.54775535857526));
#15787=CARTESIAN_POINT('',(7.812,4.8737084652835,-3.32976507980021));
#15788=CARTESIAN_POINT('Ctrl Pts',(7.812,4.8737084652835,-3.32976507980021));
#15789=CARTESIAN_POINT('Ctrl Pts',(7.812,4.82427572548693,-3.37190446454483));
#15790=CARTESIAN_POINT('Ctrl Pts',(7.812,4.77403261290681,-3.48454628145833));
#15791=CARTESIAN_POINT('Ctrl Pts',(7.812,4.77403261290681,-3.54775535857526));
#15792=CARTESIAN_POINT('',(7.802,4.8737084652835,-3.32976507980021));
#15793=CARTESIAN_POINT('',(7.812,4.8737084652835,-3.32976507980021));
#15794=CARTESIAN_POINT('Ctrl Pts',(7.802,4.8737084652835,-3.32976507980021));
#15795=CARTESIAN_POINT('Ctrl Pts',(7.802,4.82427572548693,-3.37190446454483));
#15796=CARTESIAN_POINT('Ctrl Pts',(7.802,4.77403261290681,-3.48454628145833));
#15797=CARTESIAN_POINT('Ctrl Pts',(7.802,4.77403261290681,-3.54775535857526));
#15798=CARTESIAN_POINT('Ctrl Pts',(7.812,5.1759775135478,-3.23738258247547));
#15799=CARTESIAN_POINT('Ctrl Pts',(7.802,5.1759775135478,-3.23738258247547));
#15800=CARTESIAN_POINT('Ctrl Pts',(7.812,5.0730601700369,-3.23738258247547));
#15801=CARTESIAN_POINT('Ctrl Pts',(7.802,5.0730601700369,-3.23738258247547));
#15802=CARTESIAN_POINT('Ctrl Pts',(7.812,4.92476195064718,-3.28681532227204));
#15803=CARTESIAN_POINT('Ctrl Pts',(7.802,4.92476195064718,-3.28681532227204));
#15804=CARTESIAN_POINT('Ctrl Pts',(7.812,4.8737084652835,-3.32976507980021));
#15805=CARTESIAN_POINT('Ctrl Pts',(7.802,4.8737084652835,-3.32976507980021));
#15806=CARTESIAN_POINT('',(7.812,5.1759775135478,-3.23738258247547));
#15807=CARTESIAN_POINT('Ctrl Pts',(7.812,5.1759775135478,-3.23738258247547));
#15808=CARTESIAN_POINT('Ctrl Pts',(7.812,5.0730601700369,-3.23738258247547));
#15809=CARTESIAN_POINT('Ctrl Pts',(7.812,4.92476195064718,-3.28681532227204));
#15810=CARTESIAN_POINT('Ctrl Pts',(7.812,4.8737084652835,-3.32976507980021));
#15811=CARTESIAN_POINT('',(7.802,5.1759775135478,-3.23738258247547));
#15812=CARTESIAN_POINT('',(7.812,5.1759775135478,-3.23738258247547));
#15813=CARTESIAN_POINT('Ctrl Pts',(7.802,5.1759775135478,-3.23738258247547));
#15814=CARTESIAN_POINT('Ctrl Pts',(7.802,5.0730601700369,-3.23738258247547));
#15815=CARTESIAN_POINT('Ctrl Pts',(7.802,4.92476195064718,-3.28681532227204));
#15816=CARTESIAN_POINT('Ctrl Pts',(7.802,4.8737084652835,-3.32976507980021));
#15817=CARTESIAN_POINT('Ctrl Pts',(7.812,5.47824656181208,-3.32652358866601));
#15818=CARTESIAN_POINT('Ctrl Pts',(7.802,5.47824656181208,-3.32652358866601));
#15819=CARTESIAN_POINT('Ctrl Pts',(7.812,5.42719307644841,-3.28438420392139));
#15820=CARTESIAN_POINT('Ctrl Pts',(7.802,5.42719307644841,-3.28438420392139));
#15821=CARTESIAN_POINT('Ctrl Pts',(7.812,5.27241187479029,-3.23738258247547));
#15822=CARTESIAN_POINT('Ctrl Pts',(7.802,5.27241187479029,-3.23738258247547));
#15823=CARTESIAN_POINT('Ctrl Pts',(7.812,5.1759775135478,-3.23738258247547));
#15824=CARTESIAN_POINT('Ctrl Pts',(7.802,5.1759775135478,-3.23738258247547));
#15825=CARTESIAN_POINT('',(7.812,5.47824656181209,-3.32652358866601));
#15826=CARTESIAN_POINT('Ctrl Pts',(7.812,5.47824656181208,-3.32652358866601));
#15827=CARTESIAN_POINT('Ctrl Pts',(7.812,5.42719307644841,-3.28438420392139));
#15828=CARTESIAN_POINT('Ctrl Pts',(7.812,5.27241187479029,-3.23738258247547));
#15829=CARTESIAN_POINT('Ctrl Pts',(7.812,5.1759775135478,-3.23738258247547));
#15830=CARTESIAN_POINT('',(7.802,5.47824656181209,-3.32652358866601));
#15831=CARTESIAN_POINT('',(7.812,5.47824656181209,-3.32652358866601));
#15832=CARTESIAN_POINT('Ctrl Pts',(7.802,5.47824656181208,-3.32652358866601));
#15833=CARTESIAN_POINT('Ctrl Pts',(7.802,5.42719307644841,-3.28438420392139));
#15834=CARTESIAN_POINT('Ctrl Pts',(7.802,5.27241187479029,-3.23738258247547));
#15835=CARTESIAN_POINT('Ctrl Pts',(7.802,5.1759775135478,-3.23738258247547));
#15836=CARTESIAN_POINT('Ctrl Pts',(7.812,5.58116390532298,-3.54775535857526));
#15837=CARTESIAN_POINT('Ctrl Pts',(7.802,5.58116390532298,-3.54775535857526));
#15838=CARTESIAN_POINT('Ctrl Pts',(7.812,5.58116390532298,-3.48373590867478));
#15839=CARTESIAN_POINT('Ctrl Pts',(7.802,5.58116390532298,-3.48373590867478));
#15840=CARTESIAN_POINT('Ctrl Pts',(7.812,5.52848967439221,-3.36947334619418));
#15841=CARTESIAN_POINT('Ctrl Pts',(7.802,5.52848967439221,-3.36947334619418));
#15842=CARTESIAN_POINT('Ctrl Pts',(7.812,5.47824656181208,-3.32652358866601));
#15843=CARTESIAN_POINT('Ctrl Pts',(7.802,5.47824656181208,-3.32652358866601));
#15844=CARTESIAN_POINT('',(7.812,5.58116390532298,-3.54775535857526));
#15845=CARTESIAN_POINT('Ctrl Pts',(7.812,5.58116390532298,-3.54775535857526));
#15846=CARTESIAN_POINT('Ctrl Pts',(7.812,5.58116390532298,-3.48373590867478));
#15847=CARTESIAN_POINT('Ctrl Pts',(7.812,5.52848967439221,-3.36947334619418));
#15848=CARTESIAN_POINT('Ctrl Pts',(7.812,5.47824656181208,-3.32652358866601));
#15849=CARTESIAN_POINT('',(7.802,5.58116390532298,-3.54775535857526));
#15850=CARTESIAN_POINT('',(7.812,5.58116390532298,-3.54775535857526));
#15851=CARTESIAN_POINT('Ctrl Pts',(7.802,5.58116390532298,-3.54775535857526));
#15852=CARTESIAN_POINT('Ctrl Pts',(7.802,5.58116390532298,-3.48373590867478));
#15853=CARTESIAN_POINT('Ctrl Pts',(7.802,5.52848967439221,-3.36947334619418));
#15854=CARTESIAN_POINT('Ctrl Pts',(7.802,5.47824656181208,-3.32652358866601));
#15855=CARTESIAN_POINT('Ctrl Pts',(7.812,5.53335191109351,-3.73414109879185));
#15856=CARTESIAN_POINT('Ctrl Pts',(7.802,5.53335191109351,-3.73414109879185));
#15857=CARTESIAN_POINT('Ctrl Pts',(7.812,5.55442160346582,-3.69605357796498));
#15858=CARTESIAN_POINT('Ctrl Pts',(7.802,5.55442160346582,-3.69605357796498));
#15859=CARTESIAN_POINT('Ctrl Pts',(7.812,5.58116390532298,-3.60610219899089));
#15860=CARTESIAN_POINT('Ctrl Pts',(7.802,5.58116390532298,-3.60610219899089));
#15861=CARTESIAN_POINT('Ctrl Pts',(7.812,5.58116390532298,-3.54775535857526));
#15862=CARTESIAN_POINT('Ctrl Pts',(7.802,5.58116390532298,-3.54775535857526));
#15863=CARTESIAN_POINT('',(7.812,5.53335191109351,-3.73414109879185));
#15864=CARTESIAN_POINT('Ctrl Pts',(7.812,5.53335191109351,-3.73414109879185));
#15865=CARTESIAN_POINT('Ctrl Pts',(7.812,5.55442160346582,-3.69605357796498));
#15866=CARTESIAN_POINT('Ctrl Pts',(7.812,5.58116390532298,-3.60610219899089));
#15867=CARTESIAN_POINT('Ctrl Pts',(7.812,5.58116390532298,-3.54775535857526));
#15868=CARTESIAN_POINT('',(7.802,5.53335191109351,-3.73414109879185));
#15869=CARTESIAN_POINT('',(7.812,5.53335191109351,-3.73414109879185));
#15870=CARTESIAN_POINT('Ctrl Pts',(7.802,5.53335191109351,-3.73414109879185));
#15871=CARTESIAN_POINT('Ctrl Pts',(7.802,5.55442160346582,-3.69605357796498));
#15872=CARTESIAN_POINT('Ctrl Pts',(7.802,5.58116390532298,-3.60610219899089));
#15873=CARTESIAN_POINT('Ctrl Pts',(7.802,5.58116390532298,-3.54775535857526));
#15874=CARTESIAN_POINT('Ctrl Pts',(7.812,5.44988351438782,-3.84678291570535));
#15875=CARTESIAN_POINT('Ctrl Pts',(7.802,5.44988351438782,-3.84678291570535));
#15876=CARTESIAN_POINT('Ctrl Pts',(7.812,5.46609097005883,-3.82895471446724));
#15877=CARTESIAN_POINT('Ctrl Pts',(7.802,5.46609097005883,-3.82895471446724));
#15878=CARTESIAN_POINT('Ctrl Pts',(7.812,5.51147184593765,-3.77384936518582));
#15879=CARTESIAN_POINT('Ctrl Pts',(7.802,5.51147184593765,-3.77384936518582));
#15880=CARTESIAN_POINT('Ctrl Pts',(7.812,5.53335191109351,-3.73414109879185));
#15881=CARTESIAN_POINT('Ctrl Pts',(7.802,5.53335191109351,-3.73414109879185));
#15882=CARTESIAN_POINT('',(7.812,5.44988351438782,-3.84678291570535));
#15883=CARTESIAN_POINT('Ctrl Pts',(7.812,5.44988351438782,-3.84678291570535));
#15884=CARTESIAN_POINT('Ctrl Pts',(7.812,5.46609097005883,-3.82895471446724));
#15885=CARTESIAN_POINT('Ctrl Pts',(7.812,5.51147184593765,-3.77384936518582));
#15886=CARTESIAN_POINT('Ctrl Pts',(7.812,5.53335191109351,-3.73414109879185));
#15887=CARTESIAN_POINT('',(7.802,5.44988351438782,-3.84678291570535));
#15888=CARTESIAN_POINT('',(7.812,5.44988351438782,-3.84678291570535));
#15889=CARTESIAN_POINT('Ctrl Pts',(7.802,5.44988351438782,-3.84678291570535));
#15890=CARTESIAN_POINT('Ctrl Pts',(7.802,5.46609097005883,-3.82895471446724));
#15891=CARTESIAN_POINT('Ctrl Pts',(7.802,5.51147184593765,-3.77384936518582));
#15892=CARTESIAN_POINT('Ctrl Pts',(7.802,5.53335191109351,-3.73414109879185));
#15893=CARTESIAN_POINT('Origin',(7.812,5.44988351438782,-3.8573177618915));
#15894=CARTESIAN_POINT('',(7.812,5.44988351438782,-3.8573177618915));
#15895=CARTESIAN_POINT('',(7.812,5.44988351438782,-6.72333141704221));
#15896=CARTESIAN_POINT('',(7.802,5.44988351438782,-3.8573177618915));
#15897=CARTESIAN_POINT('',(7.812,5.44988351438782,-3.8573177618915));
#15898=CARTESIAN_POINT('',(7.802,5.44988351438782,-3.8573177618915));
#15899=CARTESIAN_POINT('Origin',(7.812,5.6103373255308,-3.8573177618915));
#15900=CARTESIAN_POINT('',(7.812,5.6103373255308,-3.8573177618915));
#15901=CARTESIAN_POINT('',(7.812,2.42937994908081,-3.8573177618915));
#15902=CARTESIAN_POINT('',(7.802,5.6103373255308,-3.8573177618915));
#15903=CARTESIAN_POINT('',(7.812,5.6103373255308,-3.8573177618915));
#15904=CARTESIAN_POINT('',(7.802,5.6103373255308,-3.8573177618915));
#15905=CARTESIAN_POINT('Ctrl Pts',(7.812,5.66868416594642,-3.72441662538924));
#15906=CARTESIAN_POINT('Ctrl Pts',(7.802,5.66868416594642,-3.72441662538924));
#15907=CARTESIAN_POINT('Ctrl Pts',(7.812,5.65814931976027,-3.75683153673126));
#15908=CARTESIAN_POINT('Ctrl Pts',(7.802,5.65814931976027,-3.75683153673126));
#15909=CARTESIAN_POINT('Ctrl Pts',(7.812,5.6281655267689,-3.82409247776594));
#15910=CARTESIAN_POINT('Ctrl Pts',(7.802,5.6281655267689,-3.82409247776594));
#15911=CARTESIAN_POINT('Ctrl Pts',(7.812,5.6103373255308,-3.8573177618915));
#15912=CARTESIAN_POINT('Ctrl Pts',(7.802,5.6103373255308,-3.8573177618915));
#15913=CARTESIAN_POINT('',(7.812,5.66868416594642,-3.72441662538924));
#15914=CARTESIAN_POINT('Ctrl Pts',(7.812,5.66868416594642,-3.72441662538924));
#15915=CARTESIAN_POINT('Ctrl Pts',(7.812,5.65814931976027,-3.75683153673126));
#15916=CARTESIAN_POINT('Ctrl Pts',(7.812,5.6281655267689,-3.82409247776594));
#15917=CARTESIAN_POINT('Ctrl Pts',(7.812,5.6103373255308,-3.8573177618915));
#15918=CARTESIAN_POINT('',(7.802,5.66868416594642,-3.72441662538924));
#15919=CARTESIAN_POINT('',(7.812,5.66868416594642,-3.72441662538924));
#15920=CARTESIAN_POINT('Ctrl Pts',(7.802,5.66868416594642,-3.72441662538924));
#15921=CARTESIAN_POINT('Ctrl Pts',(7.802,5.65814931976027,-3.75683153673126));
#15922=CARTESIAN_POINT('Ctrl Pts',(7.802,5.6281655267689,-3.82409247776594));
#15923=CARTESIAN_POINT('Ctrl Pts',(7.802,5.6103373255308,-3.8573177618915));
#15924=CARTESIAN_POINT('Ctrl Pts',(7.812,5.69461609502003,-3.54856573135881));
#15925=CARTESIAN_POINT('Ctrl Pts',(7.802,5.69461609502003,-3.54856573135881));
#15926=CARTESIAN_POINT('Ctrl Pts',(7.812,5.69461609502003,-3.59880884393893));
#15927=CARTESIAN_POINT('Ctrl Pts',(7.802,5.69461609502003,-3.59880884393893));
#15928=CARTESIAN_POINT('Ctrl Pts',(7.812,5.68002938491613,-3.68713947734592));
#15929=CARTESIAN_POINT('Ctrl Pts',(7.802,5.68002938491613,-3.68713947734592));
#15930=CARTESIAN_POINT('Ctrl Pts',(7.812,5.66868416594642,-3.72441662538924));
#15931=CARTESIAN_POINT('Ctrl Pts',(7.802,5.66868416594642,-3.72441662538924));
#15932=CARTESIAN_POINT('',(7.812,5.69461609502003,-3.54856573135881));
#15933=CARTESIAN_POINT('Ctrl Pts',(7.812,5.69461609502003,-3.54856573135881));
#15934=CARTESIAN_POINT('Ctrl Pts',(7.812,5.69461609502003,-3.59880884393893));
#15935=CARTESIAN_POINT('Ctrl Pts',(7.812,5.68002938491613,-3.68713947734592));
#15936=CARTESIAN_POINT('Ctrl Pts',(7.812,5.66868416594642,-3.72441662538924));
#15937=CARTESIAN_POINT('',(7.802,5.69461609502003,-3.54856573135881));
#15938=CARTESIAN_POINT('',(7.812,5.69461609502003,-3.54856573135881));
#15939=CARTESIAN_POINT('Ctrl Pts',(7.802,5.69461609502003,-3.54856573135881));
#15940=CARTESIAN_POINT('Ctrl Pts',(7.802,5.69461609502003,-3.59880884393893));
#15941=CARTESIAN_POINT('Ctrl Pts',(7.802,5.68002938491613,-3.68713947734592));
#15942=CARTESIAN_POINT('Ctrl Pts',(7.802,5.66868416594642,-3.72441662538924));
#15943=CARTESIAN_POINT('Ctrl Pts',(7.812,5.55685272181647,-3.22360624515511));
#15944=CARTESIAN_POINT('Ctrl Pts',(7.802,5.55685272181647,-3.22360624515511));
#15945=CARTESIAN_POINT('Ctrl Pts',(7.812,5.62411366285115,-3.28357383113784));
#15946=CARTESIAN_POINT('Ctrl Pts',(7.802,5.62411366285115,-3.28357383113784));
#15947=CARTESIAN_POINT('Ctrl Pts',(7.812,5.69461609502003,-3.44726913341501));
#15948=CARTESIAN_POINT('Ctrl Pts',(7.802,5.69461609502003,-3.44726913341501));
#15949=CARTESIAN_POINT('Ctrl Pts',(7.812,5.69461609502003,-3.54856573135881));
#15950=CARTESIAN_POINT('Ctrl Pts',(7.802,5.69461609502003,-3.54856573135881));
#15951=CARTESIAN_POINT('',(7.812,5.55685272181647,-3.22360624515511));
#15952=CARTESIAN_POINT('Ctrl Pts',(7.812,5.55685272181647,-3.22360624515511));
#15953=CARTESIAN_POINT('Ctrl Pts',(7.812,5.62411366285115,-3.28357383113784));
#15954=CARTESIAN_POINT('Ctrl Pts',(7.812,5.69461609502003,-3.44726913341501));
#15955=CARTESIAN_POINT('Ctrl Pts',(7.812,5.69461609502003,-3.54856573135881));
#15956=CARTESIAN_POINT('',(7.802,5.55685272181647,-3.22360624515511));
#15957=CARTESIAN_POINT('',(7.812,5.55685272181647,-3.22360624515511));
#15958=CARTESIAN_POINT('Ctrl Pts',(7.802,5.55685272181647,-3.22360624515511));
#15959=CARTESIAN_POINT('Ctrl Pts',(7.802,5.62411366285115,-3.28357383113784));
#15960=CARTESIAN_POINT('Ctrl Pts',(7.802,5.69461609502003,-3.44726913341501));
#15961=CARTESIAN_POINT('Ctrl Pts',(7.802,5.69461609502003,-3.54856573135881));
#15962=CARTESIAN_POINT('Ctrl Pts',(7.812,5.1759775135478,-3.09880883648835));
#15963=CARTESIAN_POINT('Ctrl Pts',(7.802,5.1759775135478,-3.09880883648835));
#15964=CARTESIAN_POINT('Ctrl Pts',(7.812,5.3015852949981,-3.09880883648835));
#15965=CARTESIAN_POINT('Ctrl Pts',(7.802,5.3015852949981,-3.09880883648835));
#15966=CARTESIAN_POINT('Ctrl Pts',(7.812,5.48797103521469,-3.16282828638883));
#15967=CARTESIAN_POINT('Ctrl Pts',(7.802,5.48797103521469,-3.16282828638883));
#15968=CARTESIAN_POINT('Ctrl Pts',(7.812,5.55685272181647,-3.22360624515511));
#15969=CARTESIAN_POINT('Ctrl Pts',(7.802,5.55685272181647,-3.22360624515511));
#15970=CARTESIAN_POINT('',(7.812,5.1759775135478,-3.09880883648835));
#15971=CARTESIAN_POINT('Ctrl Pts',(7.812,5.1759775135478,-3.09880883648835));
#15972=CARTESIAN_POINT('Ctrl Pts',(7.812,5.3015852949981,-3.09880883648835));
#15973=CARTESIAN_POINT('Ctrl Pts',(7.812,5.48797103521469,-3.16282828638883));
#15974=CARTESIAN_POINT('Ctrl Pts',(7.812,5.55685272181647,-3.22360624515511));
#15975=CARTESIAN_POINT('',(7.802,5.1759775135478,-3.09880883648835));
#15976=CARTESIAN_POINT('',(7.812,5.1759775135478,-3.09880883648835));
#15977=CARTESIAN_POINT('Ctrl Pts',(7.802,5.1759775135478,-3.09880883648835));
#15978=CARTESIAN_POINT('Ctrl Pts',(7.802,5.3015852949981,-3.09880883648835));
#15979=CARTESIAN_POINT('Ctrl Pts',(7.802,5.48797103521469,-3.16282828638883));
#15980=CARTESIAN_POINT('Ctrl Pts',(7.802,5.55685272181647,-3.22360624515511));
#15981=CARTESIAN_POINT('Ctrl Pts',(7.812,4.79024006857782,-3.22441661793866));
#15982=CARTESIAN_POINT('Ctrl Pts',(7.802,4.79024006857782,-3.22441661793866));
#15983=CARTESIAN_POINT('Ctrl Pts',(7.812,4.85506989126185,-3.16444903195593));
#15984=CARTESIAN_POINT('Ctrl Pts',(7.802,4.85506989126185,-3.16444903195593));
#15985=CARTESIAN_POINT('Ctrl Pts',(7.812,5.04955935931394,-3.09880883648835));
#15986=CARTESIAN_POINT('Ctrl Pts',(7.802,5.04955935931394,-3.09880883648835));
#15987=CARTESIAN_POINT('Ctrl Pts',(7.812,5.1759775135478,-3.09880883648835));
#15988=CARTESIAN_POINT('Ctrl Pts',(7.802,5.1759775135478,-3.09880883648835));
#15989=CARTESIAN_POINT('',(7.812,4.79024006857782,-3.22441661793866));
#15990=CARTESIAN_POINT('Ctrl Pts',(7.812,4.79024006857782,-3.22441661793866));
#15991=CARTESIAN_POINT('Ctrl Pts',(7.812,4.85506989126185,-3.16444903195593));
#15992=CARTESIAN_POINT('Ctrl Pts',(7.812,5.04955935931394,-3.09880883648835));
#15993=CARTESIAN_POINT('Ctrl Pts',(7.812,5.1759775135478,-3.09880883648835));
#15994=CARTESIAN_POINT('',(7.802,4.79024006857782,-3.22441661793866));
#15995=CARTESIAN_POINT('',(7.812,4.79024006857782,-3.22441661793866));
#15996=CARTESIAN_POINT('Ctrl Pts',(7.802,4.79024006857782,-3.22441661793866));
#15997=CARTESIAN_POINT('Ctrl Pts',(7.802,4.85506989126185,-3.16444903195593));
#15998=CARTESIAN_POINT('Ctrl Pts',(7.802,5.04955935931394,-3.09880883648835));
#15999=CARTESIAN_POINT('Ctrl Pts',(7.802,5.1759775135478,-3.09880883648835));
#16000=CARTESIAN_POINT('Ctrl Pts',(7.812,4.65895967764266,-3.54613461300816));
#16001=CARTESIAN_POINT('Ctrl Pts',(7.802,4.65895967764266,-3.54613461300816));
#16002=CARTESIAN_POINT('Ctrl Pts',(7.812,4.65895967764266,-3.44888987898211));
#16003=CARTESIAN_POINT('Ctrl Pts',(7.802,4.65895967764266,-3.44888987898211));
#16004=CARTESIAN_POINT('Ctrl Pts',(7.812,4.72459987311024,-3.28438420392139));
#16005=CARTESIAN_POINT('Ctrl Pts',(7.802,4.72459987311024,-3.28438420392139));
#16006=CARTESIAN_POINT('Ctrl Pts',(7.812,4.79024006857782,-3.22441661793866));
#16007=CARTESIAN_POINT('Ctrl Pts',(7.802,4.79024006857782,-3.22441661793866));
#16008=CARTESIAN_POINT('Ctrl Pts',(7.812,4.65895967764266,-3.54613461300816));
#16009=CARTESIAN_POINT('Ctrl Pts',(7.812,4.65895967764266,-3.44888987898211));
#16010=CARTESIAN_POINT('Ctrl Pts',(7.812,4.72459987311024,-3.28438420392139));
#16011=CARTESIAN_POINT('Ctrl Pts',(7.812,4.79024006857782,-3.22441661793866));
#16012=CARTESIAN_POINT('Ctrl Pts',(7.802,4.65895967764266,-3.54613461300816));
#16013=CARTESIAN_POINT('Ctrl Pts',(7.802,4.65895967764266,-3.44888987898211));
#16014=CARTESIAN_POINT('Ctrl Pts',(7.802,4.72459987311024,-3.28438420392139));
#16015=CARTESIAN_POINT('Ctrl Pts',(7.802,4.79024006857782,-3.22441661793866));
#16016=CARTESIAN_POINT('Origin',(7.802,5.17691078209473,-3.46840818687115));
#16017=CARTESIAN_POINT('Origin',(7.812,5.16382192179454,-6.07368732490178));
#16018=CARTESIAN_POINT('',(7.812,5.16382192179454,-6.07368732490178));
#16019=CARTESIAN_POINT('',(7.812,4.67678787888076,-6.07368732490178));
#16020=CARTESIAN_POINT('',(7.812,2.20612224721268,-6.07368732490178));
#16021=CARTESIAN_POINT('',(7.802,5.16382192179454,-6.07368732490178));
#16022=CARTESIAN_POINT('',(7.812,5.16382192179454,-6.07368732490178));
#16023=CARTESIAN_POINT('',(7.802,4.67678787888076,-6.07368732490178));
#16024=CARTESIAN_POINT('',(7.802,5.16382192179454,-6.07368732490178));
#16025=CARTESIAN_POINT('',(7.812,4.67678787888076,-6.07368732490178));
#16026=CARTESIAN_POINT('Ctrl Pts',(7.812,5.44826276882072,-5.83867921767217));
#16027=CARTESIAN_POINT('Ctrl Pts',(7.802,5.44826276882072,-5.83867921767217));
#16028=CARTESIAN_POINT('Ctrl Pts',(7.812,5.44826276882072,-5.94888991623502));
#16029=CARTESIAN_POINT('Ctrl Pts',(7.802,5.44826276882072,-5.94888991623502));
#16030=CARTESIAN_POINT('Ctrl Pts',(7.812,5.30239566778165,-6.07368732490178));
#16031=CARTESIAN_POINT('Ctrl Pts',(7.802,5.30239566778165,-6.07368732490178));
#16032=CARTESIAN_POINT('Ctrl Pts',(7.812,5.16382192179454,-6.07368732490178));
#16033=CARTESIAN_POINT('Ctrl Pts',(7.802,5.16382192179454,-6.07368732490178));
#16034=CARTESIAN_POINT('',(7.812,5.44826276882072,-5.83867921767217));
#16035=CARTESIAN_POINT('Ctrl Pts',(7.812,5.44826276882072,-5.83867921767217));
#16036=CARTESIAN_POINT('Ctrl Pts',(7.812,5.44826276882072,-5.94888991623502));
#16037=CARTESIAN_POINT('Ctrl Pts',(7.812,5.30239566778165,-6.07368732490178));
#16038=CARTESIAN_POINT('Ctrl Pts',(7.812,5.16382192179454,-6.07368732490178));
#16039=CARTESIAN_POINT('',(7.802,5.44826276882072,-5.83867921767217));
#16040=CARTESIAN_POINT('',(7.812,5.44826276882072,-5.83867921767217));
#16041=CARTESIAN_POINT('Ctrl Pts',(7.802,5.44826276882072,-5.83867921767217));
#16042=CARTESIAN_POINT('Ctrl Pts',(7.802,5.44826276882072,-5.94888991623502));
#16043=CARTESIAN_POINT('Ctrl Pts',(7.802,5.30239566778165,-6.07368732490178));
#16044=CARTESIAN_POINT('Ctrl Pts',(7.802,5.16382192179454,-6.07368732490178));
#16045=CARTESIAN_POINT('Ctrl Pts',(7.812,5.34372467974272,-5.61096446549451));
#16046=CARTESIAN_POINT('Ctrl Pts',(7.802,5.34372467974272,-5.61096446549451));
#16047=CARTESIAN_POINT('Ctrl Pts',(7.812,5.3947781651064,-5.66769056034304));
#16048=CARTESIAN_POINT('Ctrl Pts',(7.802,5.3947781651064,-5.66769056034304));
#16049=CARTESIAN_POINT('Ctrl Pts',(7.812,5.44826276882072,-5.77709088612234));
#16050=CARTESIAN_POINT('Ctrl Pts',(7.802,5.44826276882072,-5.77709088612234));
#16051=CARTESIAN_POINT('Ctrl Pts',(7.812,5.44826276882072,-5.83867921767217));
#16052=CARTESIAN_POINT('Ctrl Pts',(7.802,5.44826276882072,-5.83867921767217));
#16053=CARTESIAN_POINT('',(7.812,5.34372467974272,-5.61096446549451));
#16054=CARTESIAN_POINT('Ctrl Pts',(7.812,5.34372467974272,-5.61096446549451));
#16055=CARTESIAN_POINT('Ctrl Pts',(7.812,5.3947781651064,-5.66769056034304));
#16056=CARTESIAN_POINT('Ctrl Pts',(7.812,5.44826276882072,-5.77709088612234));
#16057=CARTESIAN_POINT('Ctrl Pts',(7.812,5.44826276882072,-5.83867921767217));
#16058=CARTESIAN_POINT('',(7.802,5.34372467974272,-5.61096446549451));
#16059=CARTESIAN_POINT('',(7.812,5.34372467974272,-5.61096446549451));
#16060=CARTESIAN_POINT('Ctrl Pts',(7.802,5.34372467974272,-5.61096446549451));
#16061=CARTESIAN_POINT('Ctrl Pts',(7.802,5.3947781651064,-5.66769056034304));
#16062=CARTESIAN_POINT('Ctrl Pts',(7.802,5.44826276882072,-5.77709088612234));
#16063=CARTESIAN_POINT('Ctrl Pts',(7.802,5.44826276882072,-5.83867921767217));
#16064=CARTESIAN_POINT('Origin',(7.812,5.42719307644841,-5.61096446549451));
#16065=CARTESIAN_POINT('',(7.812,5.42719307644841,-5.61096446549451));
#16066=CARTESIAN_POINT('',(7.812,2.33780782453962,-5.61096446549451));
#16067=CARTESIAN_POINT('',(7.802,5.42719307644841,-5.61096446549451));
#16068=CARTESIAN_POINT('',(7.812,5.42719307644841,-5.61096446549451));
#16069=CARTESIAN_POINT('',(7.802,5.42719307644841,-5.61096446549451));
#16070=CARTESIAN_POINT('Origin',(7.812,5.42719307644841,-5.48454631126065));
#16071=CARTESIAN_POINT('',(7.812,5.42719307644841,-5.48454631126065));
#16072=CARTESIAN_POINT('',(7.812,5.42719307644841,-7.53694569172678));
#16073=CARTESIAN_POINT('',(7.802,5.42719307644841,-5.48454631126065));
#16074=CARTESIAN_POINT('',(7.812,5.42719307644841,-5.48454631126065));
#16075=CARTESIAN_POINT('',(7.802,5.42719307644841,-5.48454631126065));
#16076=CARTESIAN_POINT('Origin',(7.812,4.67678787888076,-5.48454631126065));
#16077=CARTESIAN_POINT('',(7.812,4.67678787888076,-5.48454631126065));
#16078=CARTESIAN_POINT('',(7.812,1.9626052257558,-5.48454631126065));
#16079=CARTESIAN_POINT('',(7.802,4.67678787888076,-5.48454631126065));
#16080=CARTESIAN_POINT('',(7.812,4.67678787888076,-5.48454631126065));
#16081=CARTESIAN_POINT('',(7.802,4.67678787888076,-5.48454631126065));
#16082=CARTESIAN_POINT('Origin',(7.812,4.67678787888076,-5.61096446549451));
#16083=CARTESIAN_POINT('',(7.812,4.67678787888076,-5.61096446549451));
#16084=CARTESIAN_POINT('',(7.812,4.67678787888076,-7.60015476884371));
#16085=CARTESIAN_POINT('',(7.802,4.67678787888076,-5.61096446549451));
#16086=CARTESIAN_POINT('',(7.812,4.67678787888076,-5.61096446549451));
#16087=CARTESIAN_POINT('',(7.802,4.67678787888076,-5.61096446549451));
#16088=CARTESIAN_POINT('Origin',(7.812,5.23756584509762,-5.61096446549451));
#16089=CARTESIAN_POINT('',(7.812,5.23756584509762,-5.61096446549451));
#16090=CARTESIAN_POINT('',(7.812,2.24299420886423,-5.61096446549451));
#16091=CARTESIAN_POINT('',(7.802,5.23756584509762,-5.61096446549451));
#16092=CARTESIAN_POINT('',(7.812,5.23756584509762,-5.61096446549451));
#16093=CARTESIAN_POINT('',(7.802,5.23756584509762,-5.61096446549451));
#16094=CARTESIAN_POINT('Ctrl Pts',(7.812,5.32832759685527,-5.8054539335466));
#16095=CARTESIAN_POINT('Ctrl Pts',(7.802,5.32832759685527,-5.8054539335466));
#16096=CARTESIAN_POINT('Ctrl Pts',(7.812,5.32832759685527,-5.75845231210068));
#16097=CARTESIAN_POINT('Ctrl Pts',(7.802,5.32832759685527,-5.75845231210068));
#16098=CARTESIAN_POINT('Ctrl Pts',(7.812,5.27808448427514,-5.65877645972398));
#16099=CARTESIAN_POINT('Ctrl Pts',(7.802,5.27808448427514,-5.65877645972398));
#16100=CARTESIAN_POINT('Ctrl Pts',(7.812,5.23756584509762,-5.61096446549451));
#16101=CARTESIAN_POINT('Ctrl Pts',(7.802,5.23756584509762,-5.61096446549451));
#16102=CARTESIAN_POINT('',(7.812,5.32832759685527,-5.8054539335466));
#16103=CARTESIAN_POINT('Ctrl Pts',(7.812,5.32832759685527,-5.8054539335466));
#16104=CARTESIAN_POINT('Ctrl Pts',(7.812,5.32832759685527,-5.75845231210068));
#16105=CARTESIAN_POINT('Ctrl Pts',(7.812,5.27808448427514,-5.65877645972398));
#16106=CARTESIAN_POINT('Ctrl Pts',(7.812,5.23756584509762,-5.61096446549451));
#16107=CARTESIAN_POINT('',(7.802,5.32832759685527,-5.8054539335466));
#16108=CARTESIAN_POINT('',(7.812,5.32832759685527,-5.8054539335466));
#16109=CARTESIAN_POINT('Ctrl Pts',(7.802,5.32832759685527,-5.8054539335466));
#16110=CARTESIAN_POINT('Ctrl Pts',(7.802,5.32832759685527,-5.75845231210068));
#16111=CARTESIAN_POINT('Ctrl Pts',(7.802,5.27808448427514,-5.65877645972398));
#16112=CARTESIAN_POINT('Ctrl Pts',(7.802,5.23756584509762,-5.61096446549451));
#16113=CARTESIAN_POINT('Ctrl Pts',(7.812,5.27241187479029,-5.92295798716141));
#16114=CARTESIAN_POINT('Ctrl Pts',(7.802,5.27241187479029,-5.92295798716141));
#16115=CARTESIAN_POINT('Ctrl Pts',(7.812,5.30077492221455,-5.90756090427395));
#16116=CARTESIAN_POINT('Ctrl Pts',(7.802,5.30077492221455,-5.90756090427395));
#16117=CARTESIAN_POINT('Ctrl Pts',(7.812,5.32832759685527,-5.85245555499252));
#16118=CARTESIAN_POINT('Ctrl Pts',(7.802,5.32832759685527,-5.85245555499252));
#16119=CARTESIAN_POINT('Ctrl Pts',(7.812,5.32832759685527,-5.8054539335466));
#16120=CARTESIAN_POINT('Ctrl Pts',(7.802,5.32832759685527,-5.8054539335466));
#16121=CARTESIAN_POINT('',(7.812,5.27241187479029,-5.92295798716141));
#16122=CARTESIAN_POINT('Ctrl Pts',(7.812,5.27241187479029,-5.92295798716141));
#16123=CARTESIAN_POINT('Ctrl Pts',(7.812,5.30077492221455,-5.90756090427395));
#16124=CARTESIAN_POINT('Ctrl Pts',(7.812,5.32832759685527,-5.85245555499252));
#16125=CARTESIAN_POINT('Ctrl Pts',(7.812,5.32832759685527,-5.8054539335466));
#16126=CARTESIAN_POINT('',(7.802,5.27241187479029,-5.92295798716141));
#16127=CARTESIAN_POINT('',(7.812,5.27241187479029,-5.92295798716141));
#16128=CARTESIAN_POINT('Ctrl Pts',(7.802,5.27241187479029,-5.92295798716141));
#16129=CARTESIAN_POINT('Ctrl Pts',(7.802,5.30077492221455,-5.90756090427395));
#16130=CARTESIAN_POINT('Ctrl Pts',(7.802,5.32832759685527,-5.85245555499252));
#16131=CARTESIAN_POINT('Ctrl Pts',(7.802,5.32832759685527,-5.8054539335466));
#16132=CARTESIAN_POINT('Ctrl Pts',(7.812,5.10466470859536,-5.94726917066792));
#16133=CARTESIAN_POINT('Ctrl Pts',(7.802,5.10466470859536,-5.94726917066792));
#16134=CARTESIAN_POINT('Ctrl Pts',(7.812,5.15652856674259,-5.94726917066792));
#16135=CARTESIAN_POINT('Ctrl Pts',(7.802,5.15652856674259,-5.94726917066792));
#16136=CARTESIAN_POINT('Ctrl Pts',(7.812,5.24566957293313,-5.93754469726531));
#16137=CARTESIAN_POINT('Ctrl Pts',(7.802,5.24566957293313,-5.93754469726531));
#16138=CARTESIAN_POINT('Ctrl Pts',(7.812,5.27241187479029,-5.92295798716141));
#16139=CARTESIAN_POINT('Ctrl Pts',(7.802,5.27241187479029,-5.92295798716141));
#16140=CARTESIAN_POINT('',(7.812,5.10466470859536,-5.94726917066792));
#16141=CARTESIAN_POINT('Ctrl Pts',(7.812,5.10466470859536,-5.94726917066792));
#16142=CARTESIAN_POINT('Ctrl Pts',(7.812,5.15652856674259,-5.94726917066792));
#16143=CARTESIAN_POINT('Ctrl Pts',(7.812,5.24566957293313,-5.93754469726531));
#16144=CARTESIAN_POINT('Ctrl Pts',(7.812,5.27241187479029,-5.92295798716141));
#16145=CARTESIAN_POINT('',(7.802,5.10466470859536,-5.94726917066792));
#16146=CARTESIAN_POINT('',(7.812,5.10466470859536,-5.94726917066792));
#16147=CARTESIAN_POINT('Ctrl Pts',(7.802,5.10466470859536,-5.94726917066792));
#16148=CARTESIAN_POINT('Ctrl Pts',(7.802,5.15652856674259,-5.94726917066792));
#16149=CARTESIAN_POINT('Ctrl Pts',(7.802,5.24566957293313,-5.93754469726531));
#16150=CARTESIAN_POINT('Ctrl Pts',(7.802,5.27241187479029,-5.92295798716141));
#16151=CARTESIAN_POINT('Origin',(7.812,4.67678787888076,-5.94726917066792));
#16152=CARTESIAN_POINT('',(7.812,4.67678787888076,-5.94726917066792));
#16153=CARTESIAN_POINT('',(7.812,1.9626052257558,-5.94726917066792));
#16154=CARTESIAN_POINT('',(7.802,4.67678787888076,-5.94726917066792));
#16155=CARTESIAN_POINT('',(7.812,4.67678787888076,-5.94726917066792));
#16156=CARTESIAN_POINT('',(7.802,4.67678787888076,-5.94726917066792));
#16157=CARTESIAN_POINT('Origin',(7.812,4.67678787888076,-6.07368732490178));
#16158=CARTESIAN_POINT('',(7.812,4.67678787888076,-7.83151619854734));
#16159=CARTESIAN_POINT('',(7.802,4.67678787888076,-6.07368732490178));
#16160=CARTESIAN_POINT('Origin',(7.802,5.06283054415321,-5.76003445698846));
#16161=CARTESIAN_POINT('Ctrl Pts',(7.812,4.68327086114917,-7.97644262067806));
#16162=CARTESIAN_POINT('Ctrl Pts',(7.802,4.68327086114917,-7.97644262067806));
#16163=CARTESIAN_POINT('Ctrl Pts',(7.812,4.67354638774656,-7.94078621820184));
#16164=CARTESIAN_POINT('Ctrl Pts',(7.802,4.67354638774656,-7.94078621820184));
#16165=CARTESIAN_POINT('Ctrl Pts',(7.812,4.66220116877686,-7.86785266768231));
#16166=CARTESIAN_POINT('Ctrl Pts',(7.802,4.66220116877686,-7.86785266768231));
#16167=CARTESIAN_POINT('Ctrl Pts',(7.812,4.66220116877686,-7.83624812912384));
#16168=CARTESIAN_POINT('Ctrl Pts',(7.802,4.66220116877686,-7.83624812912384));
#16169=CARTESIAN_POINT('',(7.812,4.68327086114917,-7.97644262067806));
#16170=CARTESIAN_POINT('',(7.812,4.66220116877686,-7.83624812912384));
#16171=CARTESIAN_POINT('Ctrl Pts',(7.812,4.68327086114917,-7.97644262067806));
#16172=CARTESIAN_POINT('Ctrl Pts',(7.812,4.67354638774656,-7.94078621820184));
#16173=CARTESIAN_POINT('Ctrl Pts',(7.812,4.66220116877686,-7.86785266768231));
#16174=CARTESIAN_POINT('Ctrl Pts',(7.812,4.66220116877686,-7.83624812912384));
#16175=CARTESIAN_POINT('',(7.802,4.68327086114917,-7.97644262067806));
#16176=CARTESIAN_POINT('',(7.812,4.68327086114917,-7.97644262067806));
#16177=CARTESIAN_POINT('',(7.802,4.66220116877686,-7.83624812912384));
#16178=CARTESIAN_POINT('Ctrl Pts',(7.802,4.68327086114917,-7.97644262067806));
#16179=CARTESIAN_POINT('Ctrl Pts',(7.802,4.67354638774656,-7.94078621820184));
#16180=CARTESIAN_POINT('Ctrl Pts',(7.802,4.66220116877686,-7.86785266768231));
#16181=CARTESIAN_POINT('Ctrl Pts',(7.802,4.66220116877686,-7.83624812912384));
#16182=CARTESIAN_POINT('',(7.812,4.66220116877686,-7.83624812912384));
#16183=CARTESIAN_POINT('Origin',(7.812,4.79672305084622,-7.97644262067806));
#16184=CARTESIAN_POINT('',(7.812,4.79672305084622,-7.97644262067806));
#16185=CARTESIAN_POINT('',(7.812,2.02257281173853,-7.97644262067806));
#16186=CARTESIAN_POINT('',(7.802,4.79672305084622,-7.97644262067806));
#16187=CARTESIAN_POINT('',(7.812,4.79672305084622,-7.97644262067806));
#16188=CARTESIAN_POINT('',(7.802,4.79672305084622,-7.97644262067806));
#16189=CARTESIAN_POINT('Origin',(7.812,4.79672305084622,-7.9691492656261));
#16190=CARTESIAN_POINT('',(7.812,4.79672305084622,-7.9691492656261));
#16191=CARTESIAN_POINT('',(7.812,4.79672305084622,-8.7792471689095));
#16192=CARTESIAN_POINT('',(7.802,4.79672305084622,-7.9691492656261));
#16193=CARTESIAN_POINT('',(7.812,4.79672305084622,-7.9691492656261));
#16194=CARTESIAN_POINT('',(7.802,4.79672305084622,-7.9691492656261));
#16195=CARTESIAN_POINT('Ctrl Pts',(7.812,4.77241186733971,-7.86785266768231));
#16196=CARTESIAN_POINT('Ctrl Pts',(7.802,4.77241186733971,-7.86785266768231));
#16197=CARTESIAN_POINT('Ctrl Pts',(7.812,4.77241186733971,-7.89864683345722));
#16198=CARTESIAN_POINT('Ctrl Pts',(7.802,4.77241186733971,-7.89864683345722));
#16199=CARTESIAN_POINT('Ctrl Pts',(7.812,4.79105044136137,-7.9561833010893));
#16200=CARTESIAN_POINT('Ctrl Pts',(7.802,4.79105044136137,-7.9561833010893));
#16201=CARTESIAN_POINT('Ctrl Pts',(7.812,4.79672305084622,-7.9691492656261));
#16202=CARTESIAN_POINT('Ctrl Pts',(7.802,4.79672305084622,-7.9691492656261));
#16203=CARTESIAN_POINT('',(7.812,4.77241186733971,-7.86785266768231));
#16204=CARTESIAN_POINT('Ctrl Pts',(7.812,4.77241186733971,-7.86785266768231));
#16205=CARTESIAN_POINT('Ctrl Pts',(7.812,4.77241186733971,-7.89864683345722));
#16206=CARTESIAN_POINT('Ctrl Pts',(7.812,4.79105044136137,-7.9561833010893));
#16207=CARTESIAN_POINT('Ctrl Pts',(7.812,4.79672305084622,-7.9691492656261));
#16208=CARTESIAN_POINT('',(7.802,4.77241186733971,-7.86785266768231));
#16209=CARTESIAN_POINT('',(7.812,4.77241186733971,-7.86785266768231));
#16210=CARTESIAN_POINT('Ctrl Pts',(7.802,4.77241186733971,-7.86785266768231));
#16211=CARTESIAN_POINT('Ctrl Pts',(7.802,4.77241186733971,-7.89864683345722));
#16212=CARTESIAN_POINT('Ctrl Pts',(7.802,4.79105044136137,-7.9561833010893));
#16213=CARTESIAN_POINT('Ctrl Pts',(7.802,4.79672305084622,-7.9691492656261));
#16214=CARTESIAN_POINT('Ctrl Pts',(7.812,4.81941348878563,-7.76169383303721));
#16215=CARTESIAN_POINT('Ctrl Pts',(7.802,4.81941348878563,-7.76169383303721));
#16216=CARTESIAN_POINT('Ctrl Pts',(7.812,4.79591267806267,-7.77303905200691));
#16217=CARTESIAN_POINT('Ctrl Pts',(7.802,4.79591267806267,-7.77303905200691));
#16218=CARTESIAN_POINT('Ctrl Pts',(7.812,4.77241186733971,-7.82409253737058));
#16219=CARTESIAN_POINT('Ctrl Pts',(7.802,4.77241186733971,-7.82409253737058));
#16220=CARTESIAN_POINT('Ctrl Pts',(7.812,4.77241186733971,-7.86785266768231));
#16221=CARTESIAN_POINT('Ctrl Pts',(7.802,4.77241186733971,-7.86785266768231));
#16222=CARTESIAN_POINT('',(7.812,4.81941348878563,-7.76169383303721));
#16223=CARTESIAN_POINT('Ctrl Pts',(7.812,4.81941348878563,-7.76169383303721));
#16224=CARTESIAN_POINT('Ctrl Pts',(7.812,4.79591267806267,-7.77303905200691));
#16225=CARTESIAN_POINT('Ctrl Pts',(7.812,4.77241186733971,-7.82409253737058));
#16226=CARTESIAN_POINT('Ctrl Pts',(7.812,4.77241186733971,-7.86785266768231));
#16227=CARTESIAN_POINT('',(7.802,4.81941348878563,-7.76169383303721));
#16228=CARTESIAN_POINT('',(7.812,4.81941348878563,-7.76169383303721));
#16229=CARTESIAN_POINT('Ctrl Pts',(7.802,4.81941348878563,-7.76169383303721));
#16230=CARTESIAN_POINT('Ctrl Pts',(7.802,4.79591267806267,-7.77303905200691));
#16231=CARTESIAN_POINT('Ctrl Pts',(7.802,4.77241186733971,-7.82409253737058));
#16232=CARTESIAN_POINT('Ctrl Pts',(7.802,4.77241186733971,-7.86785266768231));
#16233=CARTESIAN_POINT('Ctrl Pts',(7.812,4.9652805898247,-7.7438656317991));
#16234=CARTESIAN_POINT('Ctrl Pts',(7.802,4.9652805898247,-7.7438656317991));
#16235=CARTESIAN_POINT('Ctrl Pts',(7.812,4.90855449497617,-7.7438656317991));
#16236=CARTESIAN_POINT('Ctrl Pts',(7.802,4.90855449497617,-7.7438656317991));
#16237=CARTESIAN_POINT('Ctrl Pts',(7.812,4.84615579064279,-7.74791749571685));
#16238=CARTESIAN_POINT('Ctrl Pts',(7.802,4.84615579064279,-7.74791749571685));
#16239=CARTESIAN_POINT('Ctrl Pts',(7.812,4.81941348878563,-7.76169383303721));
#16240=CARTESIAN_POINT('Ctrl Pts',(7.802,4.81941348878563,-7.76169383303721));
#16241=CARTESIAN_POINT('',(7.812,4.9652805898247,-7.7438656317991));
#16242=CARTESIAN_POINT('Ctrl Pts',(7.812,4.9652805898247,-7.7438656317991));
#16243=CARTESIAN_POINT('Ctrl Pts',(7.812,4.90855449497617,-7.7438656317991));
#16244=CARTESIAN_POINT('Ctrl Pts',(7.812,4.84615579064279,-7.74791749571685));
#16245=CARTESIAN_POINT('Ctrl Pts',(7.812,4.81941348878563,-7.76169383303721));
#16246=CARTESIAN_POINT('',(7.802,4.9652805898247,-7.7438656317991));
#16247=CARTESIAN_POINT('',(7.812,4.9652805898247,-7.7438656317991));
#16248=CARTESIAN_POINT('Ctrl Pts',(7.802,4.9652805898247,-7.7438656317991));
#16249=CARTESIAN_POINT('Ctrl Pts',(7.802,4.90855449497617,-7.7438656317991));
#16250=CARTESIAN_POINT('Ctrl Pts',(7.802,4.84615579064279,-7.74791749571685));
#16251=CARTESIAN_POINT('Ctrl Pts',(7.802,4.81941348878563,-7.76169383303721));
#16252=CARTESIAN_POINT('Origin',(7.812,5.32265498737041,-7.7438656317991));
#16253=CARTESIAN_POINT('',(7.812,5.32265498737041,-7.7438656317991));
#16254=CARTESIAN_POINT('',(7.812,2.28553878000062,-7.7438656317991));
#16255=CARTESIAN_POINT('',(7.802,5.32265498737041,-7.7438656317991));
#16256=CARTESIAN_POINT('',(7.812,5.32265498737041,-7.7438656317991));
#16257=CARTESIAN_POINT('',(7.802,5.32265498737041,-7.7438656317991));
#16258=CARTESIAN_POINT('Origin',(7.812,5.32265498737041,-7.97644262067806));
#16259=CARTESIAN_POINT('',(7.812,5.32265498737041,-7.97644262067806));
#16260=CARTESIAN_POINT('',(7.812,5.32265498737041,-8.78289384643548));
#16261=CARTESIAN_POINT('',(7.802,5.32265498737041,-7.97644262067806));
#16262=CARTESIAN_POINT('',(7.812,5.32265498737041,-7.97644262067806));
#16263=CARTESIAN_POINT('',(7.802,5.32265498737041,-7.97644262067806));
#16264=CARTESIAN_POINT('Origin',(7.812,5.42719307644841,-7.97644262067806));
#16265=CARTESIAN_POINT('',(7.812,5.42719307644841,-7.97644262067806));
#16266=CARTESIAN_POINT('',(7.812,2.33780782453962,-7.97644262067806));
#16267=CARTESIAN_POINT('',(7.802,5.42719307644841,-7.97644262067806));
#16268=CARTESIAN_POINT('',(7.812,5.42719307644841,-7.97644262067806));
#16269=CARTESIAN_POINT('',(7.802,5.42719307644841,-7.97644262067806));
#16270=CARTESIAN_POINT('Origin',(7.812,5.42719307644841,-7.7438656317991));
#16271=CARTESIAN_POINT('',(7.812,5.42719307644841,-7.7438656317991));
#16272=CARTESIAN_POINT('',(7.812,5.42719307644841,-8.666605351996));
#16273=CARTESIAN_POINT('',(7.802,5.42719307644841,-7.7438656317991));
#16274=CARTESIAN_POINT('',(7.812,5.42719307644841,-7.7438656317991));
#16275=CARTESIAN_POINT('',(7.802,5.42719307644841,-7.7438656317991));
#16276=CARTESIAN_POINT('Origin',(7.812,5.64275223687281,-7.7438656317991));
#16277=CARTESIAN_POINT('',(7.812,5.64275223687281,-7.7438656317991));
#16278=CARTESIAN_POINT('',(7.812,2.44558740475182,-7.7438656317991));
#16279=CARTESIAN_POINT('',(7.802,5.64275223687281,-7.7438656317991));
#16280=CARTESIAN_POINT('',(7.812,5.64275223687281,-7.7438656317991));
#16281=CARTESIAN_POINT('',(7.802,5.64275223687281,-7.7438656317991));
#16282=CARTESIAN_POINT('Origin',(7.812,5.64275223687281,-7.61744747756524));
#16283=CARTESIAN_POINT('',(7.812,5.64275223687281,-7.61744747756524));
#16284=CARTESIAN_POINT('',(7.812,5.64275223687281,-8.60339627487907));
#16285=CARTESIAN_POINT('',(7.802,5.64275223687281,-7.61744747756524));
#16286=CARTESIAN_POINT('',(7.812,5.64275223687281,-7.61744747756524));
#16287=CARTESIAN_POINT('',(7.802,5.64275223687281,-7.61744747756524));
#16288=CARTESIAN_POINT('Origin',(7.812,5.42719307644841,-7.61744747756524));
#16289=CARTESIAN_POINT('',(7.812,5.42719307644841,-7.61744747756524));
#16290=CARTESIAN_POINT('',(7.812,2.33780782453962,-7.61744747756524));
#16291=CARTESIAN_POINT('',(7.802,5.42719307644841,-7.61744747756524));
#16292=CARTESIAN_POINT('',(7.812,5.42719307644841,-7.61744747756524));
#16293=CARTESIAN_POINT('',(7.802,5.42719307644841,-7.61744747756524));
#16294=CARTESIAN_POINT('Origin',(7.812,5.42719307644841,-7.53235833529245));
#16295=CARTESIAN_POINT('',(7.812,5.42719307644841,-7.53235833529245));
#16296=CARTESIAN_POINT('',(7.812,5.42719307644841,-8.56085170374268));
#16297=CARTESIAN_POINT('',(7.802,5.42719307644841,-7.53235833529245));
#16298=CARTESIAN_POINT('',(7.812,5.42719307644841,-7.53235833529245));
#16299=CARTESIAN_POINT('',(7.802,5.42719307644841,-7.53235833529245));
#16300=CARTESIAN_POINT('Origin',(7.812,5.32265498737041,-7.53235833529245));
#16301=CARTESIAN_POINT('',(7.812,5.32265498737041,-7.53235833529245));
#16302=CARTESIAN_POINT('',(7.812,2.28553878000062,-7.53235833529245));
#16303=CARTESIAN_POINT('',(7.802,5.32265498737041,-7.53235833529245));
#16304=CARTESIAN_POINT('',(7.812,5.32265498737041,-7.53235833529245));
#16305=CARTESIAN_POINT('',(7.802,5.32265498737041,-7.53235833529245));
#16306=CARTESIAN_POINT('Origin',(7.812,5.32265498737041,-7.61744747756524));
#16307=CARTESIAN_POINT('',(7.812,5.32265498737041,-7.61744747756524));
#16308=CARTESIAN_POINT('',(7.812,5.32265498737041,-8.60339627487907));
#16309=CARTESIAN_POINT('',(7.802,5.32265498737041,-7.61744747756524));
#16310=CARTESIAN_POINT('',(7.812,5.32265498737041,-7.61744747756524));
#16311=CARTESIAN_POINT('',(7.802,5.32265498737041,-7.61744747756524));
#16312=CARTESIAN_POINT('Origin',(7.812,4.90693374940907,-7.61744747756524));
#16313=CARTESIAN_POINT('',(7.812,4.90693374940907,-7.61744747756524));
#16314=CARTESIAN_POINT('',(7.812,2.07767816101995,-7.61744747756524));
#16315=CARTESIAN_POINT('',(7.802,4.90693374940907,-7.61744747756524));
#16316=CARTESIAN_POINT('',(7.812,4.90693374940907,-7.61744747756524));
#16317=CARTESIAN_POINT('',(7.802,4.90693374940907,-7.61744747756524));
#16318=CARTESIAN_POINT('Ctrl Pts',(7.812,4.66220116877686,-7.83624812912384));
#16319=CARTESIAN_POINT('Ctrl Pts',(7.802,4.66220116877686,-7.83624812912384));
#16320=CARTESIAN_POINT('Ctrl Pts',(7.812,4.66220116877686,-7.73333078561294));
#16321=CARTESIAN_POINT('Ctrl Pts',(7.802,4.66220116877686,-7.73333078561294));
#16322=CARTESIAN_POINT('Ctrl Pts',(7.812,4.77970522239166,-7.61744747756524));
#16323=CARTESIAN_POINT('Ctrl Pts',(7.802,4.77970522239166,-7.61744747756524));
#16324=CARTESIAN_POINT('Ctrl Pts',(7.812,4.90693374940907,-7.61744747756524));
#16325=CARTESIAN_POINT('Ctrl Pts',(7.802,4.90693374940907,-7.61744747756524));
#16326=CARTESIAN_POINT('Ctrl Pts',(7.812,4.66220116877686,-7.83624812912384));
#16327=CARTESIAN_POINT('Ctrl Pts',(7.812,4.66220116877686,-7.73333078561294));
#16328=CARTESIAN_POINT('Ctrl Pts',(7.812,4.77970522239166,-7.61744747756524));
#16329=CARTESIAN_POINT('Ctrl Pts',(7.812,4.90693374940907,-7.61744747756524));
#16330=CARTESIAN_POINT('Ctrl Pts',(7.802,4.66220116877686,-7.83624812912384));
#16331=CARTESIAN_POINT('Ctrl Pts',(7.802,4.66220116877686,-7.73333078561294));
#16332=CARTESIAN_POINT('Ctrl Pts',(7.802,4.77970522239166,-7.61744747756524));
#16333=CARTESIAN_POINT('Ctrl Pts',(7.802,4.90693374940907,-7.61744747756524));
#16334=CARTESIAN_POINT('Origin',(7.802,5.18263609687052,-7.7405205189361));
#16335=CARTESIAN_POINT('Origin',(7.812,5.68327087605033,-8.20739886398991));
#16336=CARTESIAN_POINT('',(7.812,5.68327087605033,-8.20739886398991));
#16337=CARTESIAN_POINT('',(7.812,5.55199048511517,-8.20739886398991));
#16338=CARTESIAN_POINT('',(7.812,2.46584672434058,-8.20739886398991));
#16339=CARTESIAN_POINT('',(7.802,5.68327087605033,-8.20739886398991));
#16340=CARTESIAN_POINT('',(7.812,5.68327087605033,-8.20739886398991));
#16341=CARTESIAN_POINT('',(7.802,5.55199048511517,-8.20739886398991));
#16342=CARTESIAN_POINT('',(7.802,5.68327087605033,-8.20739886398991));
#16343=CARTESIAN_POINT('',(7.812,5.55199048511517,-8.20739886398991));
#16344=CARTESIAN_POINT('Origin',(7.812,5.68327087605033,-8.0639628813015));
#16345=CARTESIAN_POINT('',(7.812,5.68327087605033,-8.0639628813015));
#16346=CARTESIAN_POINT('',(7.812,5.68327087605033,-8.8266539767472));
#16347=CARTESIAN_POINT('',(7.802,5.68327087605033,-8.0639628813015));
#16348=CARTESIAN_POINT('',(7.812,5.68327087605033,-8.0639628813015));
#16349=CARTESIAN_POINT('',(7.802,5.68327087605033,-8.0639628813015));
#16350=CARTESIAN_POINT('Origin',(7.812,5.55199048511517,-8.0639628813015));
#16351=CARTESIAN_POINT('',(7.812,5.55199048511517,-8.0639628813015));
#16352=CARTESIAN_POINT('',(7.812,2.400206528873,-8.0639628813015));
#16353=CARTESIAN_POINT('',(7.802,5.55199048511517,-8.0639628813015));
#16354=CARTESIAN_POINT('',(7.812,5.55199048511517,-8.0639628813015));
#16355=CARTESIAN_POINT('',(7.802,5.55199048511517,-8.0639628813015));
#16356=CARTESIAN_POINT('Origin',(7.812,5.55199048511517,-8.20739886398991));
#16357=CARTESIAN_POINT('',(7.812,5.55199048511517,-8.89837196809141));
#16358=CARTESIAN_POINT('',(7.802,5.55199048511517,-8.20739886398991));
#16359=CARTESIAN_POINT('Origin',(7.802,5.61763068058275,-8.1356808726457));
#16360=CARTESIAN_POINT('Origin',(7.812,5.42719307644841,-9.19767440548847));
#16361=CARTESIAN_POINT('',(7.812,5.42719307644841,-9.19767440548847));
#16362=CARTESIAN_POINT('',(7.812,4.67678787888076,-9.19767440548847));
#16363=CARTESIAN_POINT('',(7.812,2.33780782453962,-9.19767440548847));
#16364=CARTESIAN_POINT('',(7.802,5.42719307644841,-9.19767440548847));
#16365=CARTESIAN_POINT('',(7.812,5.42719307644841,-9.19767440548847));
#16366=CARTESIAN_POINT('',(7.802,4.67678787888076,-9.19767440548847));
#16367=CARTESIAN_POINT('',(7.802,5.42719307644841,-9.19767440548847));
#16368=CARTESIAN_POINT('',(7.812,4.67678787888076,-9.19767440548847));
#16369=CARTESIAN_POINT('Origin',(7.812,5.42719307644841,-9.07125625125461));
#16370=CARTESIAN_POINT('',(7.812,5.42719307644841,-9.07125625125461));
#16371=CARTESIAN_POINT('',(7.812,5.42719307644841,-9.33030066172376));
#16372=CARTESIAN_POINT('',(7.802,5.42719307644841,-9.07125625125461));
#16373=CARTESIAN_POINT('',(7.812,5.42719307644841,-9.07125625125461));
#16374=CARTESIAN_POINT('',(7.802,5.42719307644841,-9.07125625125461));
#16375=CARTESIAN_POINT('Origin',(7.812,4.67678787888076,-9.07125625125461));
#16376=CARTESIAN_POINT('',(7.812,4.67678787888076,-9.07125625125461));
#16377=CARTESIAN_POINT('',(7.812,1.9626052257558,-9.07125625125461));
#16378=CARTESIAN_POINT('',(7.802,4.67678787888076,-9.07125625125461));
#16379=CARTESIAN_POINT('',(7.812,4.67678787888076,-9.07125625125461));
#16380=CARTESIAN_POINT('',(7.802,4.67678787888076,-9.07125625125461));
#16381=CARTESIAN_POINT('Origin',(7.812,4.67678787888076,-9.19767440548847));
#16382=CARTESIAN_POINT('',(7.812,4.67678787888076,-9.39350973884069));
#16383=CARTESIAN_POINT('',(7.802,4.67678787888076,-9.19767440548847));
#16384=CARTESIAN_POINT('Origin',(7.802,5.05199047766459,-9.13446532837154));
#16385=CARTESIAN_POINT('Ctrl Pts',(7.812,4.68327086114917,-9.75034864386982));
#16386=CARTESIAN_POINT('Ctrl Pts',(7.802,4.68327086114917,-9.75034864386982));
#16387=CARTESIAN_POINT('Ctrl Pts',(7.812,4.67354638774656,-9.71469224139361));
#16388=CARTESIAN_POINT('Ctrl Pts',(7.802,4.67354638774656,-9.71469224139361));
#16389=CARTESIAN_POINT('Ctrl Pts',(7.812,4.66220116877686,-9.64175869087407));
#16390=CARTESIAN_POINT('Ctrl Pts',(7.802,4.66220116877686,-9.64175869087407));
#16391=CARTESIAN_POINT('Ctrl Pts',(7.812,4.66220116877686,-9.61015415231561));
#16392=CARTESIAN_POINT('Ctrl Pts',(7.802,4.66220116877686,-9.61015415231561));
#16393=CARTESIAN_POINT('',(7.812,4.68327086114917,-9.75034864386982));
#16394=CARTESIAN_POINT('',(7.812,4.66220116877686,-9.61015415231561));
#16395=CARTESIAN_POINT('Ctrl Pts',(7.812,4.68327086114917,-9.75034864386982));
#16396=CARTESIAN_POINT('Ctrl Pts',(7.812,4.67354638774656,-9.71469224139361));
#16397=CARTESIAN_POINT('Ctrl Pts',(7.812,4.66220116877686,-9.64175869087407));
#16398=CARTESIAN_POINT('Ctrl Pts',(7.812,4.66220116877686,-9.61015415231561));
#16399=CARTESIAN_POINT('',(7.802,4.68327086114917,-9.75034864386982));
#16400=CARTESIAN_POINT('',(7.812,4.68327086114917,-9.75034864386982));
#16401=CARTESIAN_POINT('',(7.802,4.66220116877686,-9.61015415231561));
#16402=CARTESIAN_POINT('Ctrl Pts',(7.802,4.68327086114917,-9.75034864386982));
#16403=CARTESIAN_POINT('Ctrl Pts',(7.802,4.67354638774656,-9.71469224139361));
#16404=CARTESIAN_POINT('Ctrl Pts',(7.802,4.66220116877686,-9.64175869087407));
#16405=CARTESIAN_POINT('Ctrl Pts',(7.802,4.66220116877686,-9.61015415231561));
#16406=CARTESIAN_POINT('',(7.812,4.66220116877686,-9.61015415231561));
#16407=CARTESIAN_POINT('Origin',(7.812,4.79672305084622,-9.75034864386982));
#16408=CARTESIAN_POINT('',(7.812,4.79672305084622,-9.75034864386982));
#16409=CARTESIAN_POINT('',(7.812,2.02257281173853,-9.75034864386982));
#16410=CARTESIAN_POINT('',(7.802,4.79672305084622,-9.75034864386982));
#16411=CARTESIAN_POINT('',(7.812,4.79672305084622,-9.75034864386982));
#16412=CARTESIAN_POINT('',(7.802,4.79672305084622,-9.75034864386982));
#16413=CARTESIAN_POINT('Origin',(7.812,4.79672305084622,-9.74305528881787));
#16414=CARTESIAN_POINT('',(7.812,4.79672305084622,-9.74305528881787));
#16415=CARTESIAN_POINT('',(7.812,4.79672305084622,-9.66620018050539));
#16416=CARTESIAN_POINT('',(7.802,4.79672305084622,-9.74305528881787));
#16417=CARTESIAN_POINT('',(7.812,4.79672305084622,-9.74305528881787));
#16418=CARTESIAN_POINT('',(7.802,4.79672305084622,-9.74305528881787));
#16419=CARTESIAN_POINT('Ctrl Pts',(7.812,4.77241186733971,-9.64175869087407));
#16420=CARTESIAN_POINT('Ctrl Pts',(7.802,4.77241186733971,-9.64175869087407));
#16421=CARTESIAN_POINT('Ctrl Pts',(7.812,4.77241186733971,-9.67255285664899));
#16422=CARTESIAN_POINT('Ctrl Pts',(7.802,4.77241186733971,-9.67255285664899));
#16423=CARTESIAN_POINT('Ctrl Pts',(7.812,4.79105044136137,-9.73008932428106));
#16424=CARTESIAN_POINT('Ctrl Pts',(7.802,4.79105044136137,-9.73008932428106));
#16425=CARTESIAN_POINT('Ctrl Pts',(7.812,4.79672305084622,-9.74305528881787));
#16426=CARTESIAN_POINT('Ctrl Pts',(7.802,4.79672305084622,-9.74305528881787));
#16427=CARTESIAN_POINT('',(7.812,4.77241186733971,-9.64175869087407));
#16428=CARTESIAN_POINT('Ctrl Pts',(7.812,4.77241186733971,-9.64175869087407));
#16429=CARTESIAN_POINT('Ctrl Pts',(7.812,4.77241186733971,-9.67255285664899));
#16430=CARTESIAN_POINT('Ctrl Pts',(7.812,4.79105044136137,-9.73008932428106));
#16431=CARTESIAN_POINT('Ctrl Pts',(7.812,4.79672305084622,-9.74305528881787));
#16432=CARTESIAN_POINT('',(7.802,4.77241186733971,-9.64175869087407));
#16433=CARTESIAN_POINT('',(7.812,4.77241186733971,-9.64175869087407));
#16434=CARTESIAN_POINT('Ctrl Pts',(7.802,4.77241186733971,-9.64175869087407));
#16435=CARTESIAN_POINT('Ctrl Pts',(7.802,4.77241186733971,-9.67255285664899));
#16436=CARTESIAN_POINT('Ctrl Pts',(7.802,4.79105044136137,-9.73008932428106));
#16437=CARTESIAN_POINT('Ctrl Pts',(7.802,4.79672305084622,-9.74305528881787));
#16438=CARTESIAN_POINT('Ctrl Pts',(7.812,4.81941348878563,-9.53559985622898));
#16439=CARTESIAN_POINT('Ctrl Pts',(7.802,4.81941348878563,-9.53559985622898));
#16440=CARTESIAN_POINT('Ctrl Pts',(7.812,4.79591267806267,-9.54694507519868));
#16441=CARTESIAN_POINT('Ctrl Pts',(7.802,4.79591267806267,-9.54694507519868));
#16442=CARTESIAN_POINT('Ctrl Pts',(7.812,4.77241186733971,-9.59799856056235));
#16443=CARTESIAN_POINT('Ctrl Pts',(7.802,4.77241186733971,-9.59799856056235));
#16444=CARTESIAN_POINT('Ctrl Pts',(7.812,4.77241186733971,-9.64175869087407));
#16445=CARTESIAN_POINT('Ctrl Pts',(7.802,4.77241186733971,-9.64175869087407));
#16446=CARTESIAN_POINT('',(7.812,4.81941348878563,-9.53559985622898));
#16447=CARTESIAN_POINT('Ctrl Pts',(7.812,4.81941348878563,-9.53559985622898));
#16448=CARTESIAN_POINT('Ctrl Pts',(7.812,4.79591267806267,-9.54694507519868));
#16449=CARTESIAN_POINT('Ctrl Pts',(7.812,4.77241186733971,-9.59799856056235));
#16450=CARTESIAN_POINT('Ctrl Pts',(7.812,4.77241186733971,-9.64175869087407));
#16451=CARTESIAN_POINT('',(7.802,4.81941348878563,-9.53559985622898));
#16452=CARTESIAN_POINT('',(7.812,4.81941348878563,-9.53559985622898));
#16453=CARTESIAN_POINT('Ctrl Pts',(7.802,4.81941348878563,-9.53559985622898));
#16454=CARTESIAN_POINT('Ctrl Pts',(7.802,4.79591267806267,-9.54694507519868));
#16455=CARTESIAN_POINT('Ctrl Pts',(7.802,4.77241186733971,-9.59799856056235));
#16456=CARTESIAN_POINT('Ctrl Pts',(7.802,4.77241186733971,-9.64175869087407));
#16457=CARTESIAN_POINT('Ctrl Pts',(7.812,4.9652805898247,-9.51777165499086));
#16458=CARTESIAN_POINT('Ctrl Pts',(7.802,4.9652805898247,-9.51777165499086));
#16459=CARTESIAN_POINT('Ctrl Pts',(7.812,4.90855449497617,-9.51777165499086));
#16460=CARTESIAN_POINT('Ctrl Pts',(7.802,4.90855449497617,-9.51777165499086));
#16461=CARTESIAN_POINT('Ctrl Pts',(7.812,4.84615579064279,-9.52182351890862));
#16462=CARTESIAN_POINT('Ctrl Pts',(7.802,4.84615579064279,-9.52182351890862));
#16463=CARTESIAN_POINT('Ctrl Pts',(7.812,4.81941348878563,-9.53559985622898));
#16464=CARTESIAN_POINT('Ctrl Pts',(7.802,4.81941348878563,-9.53559985622898));
#16465=CARTESIAN_POINT('',(7.812,4.9652805898247,-9.51777165499086));
#16466=CARTESIAN_POINT('Ctrl Pts',(7.812,4.9652805898247,-9.51777165499086));
#16467=CARTESIAN_POINT('Ctrl Pts',(7.812,4.90855449497617,-9.51777165499086));
#16468=CARTESIAN_POINT('Ctrl Pts',(7.812,4.84615579064279,-9.52182351890862));
#16469=CARTESIAN_POINT('Ctrl Pts',(7.812,4.81941348878563,-9.53559985622898));
#16470=CARTESIAN_POINT('',(7.802,4.9652805898247,-9.51777165499086));
#16471=CARTESIAN_POINT('',(7.812,4.9652805898247,-9.51777165499086));
#16472=CARTESIAN_POINT('Ctrl Pts',(7.802,4.9652805898247,-9.51777165499086));
#16473=CARTESIAN_POINT('Ctrl Pts',(7.802,4.90855449497617,-9.51777165499086));
#16474=CARTESIAN_POINT('Ctrl Pts',(7.802,4.84615579064279,-9.52182351890862));
#16475=CARTESIAN_POINT('Ctrl Pts',(7.802,4.81941348878563,-9.53559985622898));
#16476=CARTESIAN_POINT('Origin',(7.812,5.32265498737041,-9.51777165499086));
#16477=CARTESIAN_POINT('',(7.812,5.32265498737041,-9.51777165499086));
#16478=CARTESIAN_POINT('',(7.812,2.28553878000062,-9.51777165499086));
#16479=CARTESIAN_POINT('',(7.802,5.32265498737041,-9.51777165499086));
#16480=CARTESIAN_POINT('',(7.812,5.32265498737041,-9.51777165499086));
#16481=CARTESIAN_POINT('',(7.802,5.32265498737041,-9.51777165499086));
#16482=CARTESIAN_POINT('Origin',(7.812,5.32265498737041,-9.75034864386982));
#16483=CARTESIAN_POINT('',(7.812,5.32265498737041,-9.75034864386982));
#16484=CARTESIAN_POINT('',(7.812,5.32265498737041,-9.66984685803137));
#16485=CARTESIAN_POINT('',(7.802,5.32265498737041,-9.75034864386982));
#16486=CARTESIAN_POINT('',(7.812,5.32265498737041,-9.75034864386982));
#16487=CARTESIAN_POINT('',(7.802,5.32265498737041,-9.75034864386982));
#16488=CARTESIAN_POINT('Origin',(7.812,5.42719307644841,-9.75034864386982));
#16489=CARTESIAN_POINT('',(7.812,5.42719307644841,-9.75034864386982));
#16490=CARTESIAN_POINT('',(7.812,2.33780782453962,-9.75034864386982));
#16491=CARTESIAN_POINT('',(7.802,5.42719307644841,-9.75034864386982));
#16492=CARTESIAN_POINT('',(7.812,5.42719307644841,-9.75034864386982));
#16493=CARTESIAN_POINT('',(7.802,5.42719307644841,-9.75034864386982));
#16494=CARTESIAN_POINT('Origin',(7.812,5.42719307644841,-9.51777165499086));
#16495=CARTESIAN_POINT('',(7.812,5.42719307644841,-9.51777165499086));
#16496=CARTESIAN_POINT('',(7.812,5.42719307644841,-9.55355836359189));
#16497=CARTESIAN_POINT('',(7.802,5.42719307644841,-9.51777165499086));
#16498=CARTESIAN_POINT('',(7.812,5.42719307644841,-9.51777165499086));
#16499=CARTESIAN_POINT('',(7.802,5.42719307644841,-9.51777165499086));
#16500=CARTESIAN_POINT('Origin',(7.812,5.64275223687281,-9.51777165499086));
#16501=CARTESIAN_POINT('',(7.812,5.64275223687281,-9.51777165499086));
#16502=CARTESIAN_POINT('',(7.812,2.44558740475182,-9.51777165499086));
#16503=CARTESIAN_POINT('',(7.802,5.64275223687281,-9.51777165499086));
#16504=CARTESIAN_POINT('',(7.812,5.64275223687281,-9.51777165499086));
#16505=CARTESIAN_POINT('',(7.802,5.64275223687281,-9.51777165499086));
#16506=CARTESIAN_POINT('Origin',(7.812,5.64275223687281,-9.39135350075701));
#16507=CARTESIAN_POINT('',(7.812,5.64275223687281,-9.39135350075701));
#16508=CARTESIAN_POINT('',(7.812,5.64275223687281,-9.49034928647496));
#16509=CARTESIAN_POINT('',(7.802,5.64275223687281,-9.39135350075701));
#16510=CARTESIAN_POINT('',(7.812,5.64275223687281,-9.39135350075701));
#16511=CARTESIAN_POINT('',(7.802,5.64275223687281,-9.39135350075701));
#16512=CARTESIAN_POINT('Origin',(7.812,5.42719307644841,-9.39135350075701));
#16513=CARTESIAN_POINT('',(7.812,5.42719307644841,-9.39135350075701));
#16514=CARTESIAN_POINT('',(7.812,2.33780782453962,-9.39135350075701));
#16515=CARTESIAN_POINT('',(7.802,5.42719307644841,-9.39135350075701));
#16516=CARTESIAN_POINT('',(7.812,5.42719307644841,-9.39135350075701));
#16517=CARTESIAN_POINT('',(7.802,5.42719307644841,-9.39135350075701));
#16518=CARTESIAN_POINT('Origin',(7.812,5.42719307644841,-9.30626435848422));
#16519=CARTESIAN_POINT('',(7.812,5.42719307644841,-9.30626435848422));
#16520=CARTESIAN_POINT('',(7.812,5.42719307644841,-9.44780471533857));
#16521=CARTESIAN_POINT('',(7.802,5.42719307644841,-9.30626435848422));
#16522=CARTESIAN_POINT('',(7.812,5.42719307644841,-9.30626435848422));
#16523=CARTESIAN_POINT('',(7.802,5.42719307644841,-9.30626435848422));
#16524=CARTESIAN_POINT('Origin',(7.812,5.32265498737041,-9.30626435848422));
#16525=CARTESIAN_POINT('',(7.812,5.32265498737041,-9.30626435848422));
#16526=CARTESIAN_POINT('',(7.812,2.28553878000062,-9.30626435848422));
#16527=CARTESIAN_POINT('',(7.802,5.32265498737041,-9.30626435848422));
#16528=CARTESIAN_POINT('',(7.812,5.32265498737041,-9.30626435848422));
#16529=CARTESIAN_POINT('',(7.802,5.32265498737041,-9.30626435848422));
#16530=CARTESIAN_POINT('Origin',(7.812,5.32265498737041,-9.39135350075701));
#16531=CARTESIAN_POINT('',(7.812,5.32265498737041,-9.39135350075701));
#16532=CARTESIAN_POINT('',(7.812,5.32265498737041,-9.49034928647496));
#16533=CARTESIAN_POINT('',(7.802,5.32265498737041,-9.39135350075701));
#16534=CARTESIAN_POINT('',(7.812,5.32265498737041,-9.39135350075701));
#16535=CARTESIAN_POINT('',(7.802,5.32265498737041,-9.39135350075701));
#16536=CARTESIAN_POINT('Origin',(7.812,4.90693374940907,-9.39135350075701));
#16537=CARTESIAN_POINT('',(7.812,4.90693374940907,-9.39135350075701));
#16538=CARTESIAN_POINT('',(7.812,2.07767816101995,-9.39135350075701));
#16539=CARTESIAN_POINT('',(7.802,4.90693374940907,-9.39135350075701));
#16540=CARTESIAN_POINT('',(7.812,4.90693374940907,-9.39135350075701));
#16541=CARTESIAN_POINT('',(7.802,4.90693374940907,-9.39135350075701));
#16542=CARTESIAN_POINT('Ctrl Pts',(7.812,4.66220116877686,-9.61015415231561));
#16543=CARTESIAN_POINT('Ctrl Pts',(7.802,4.66220116877686,-9.61015415231561));
#16544=CARTESIAN_POINT('Ctrl Pts',(7.812,4.66220116877686,-9.50723680880471));
#16545=CARTESIAN_POINT('Ctrl Pts',(7.802,4.66220116877686,-9.50723680880471));
#16546=CARTESIAN_POINT('Ctrl Pts',(7.812,4.77970522239166,-9.39135350075701));
#16547=CARTESIAN_POINT('Ctrl Pts',(7.802,4.77970522239166,-9.39135350075701));
#16548=CARTESIAN_POINT('Ctrl Pts',(7.812,4.90693374940907,-9.39135350075701));
#16549=CARTESIAN_POINT('Ctrl Pts',(7.802,4.90693374940907,-9.39135350075701));
#16550=CARTESIAN_POINT('Ctrl Pts',(7.812,4.66220116877686,-9.61015415231561));
#16551=CARTESIAN_POINT('Ctrl Pts',(7.812,4.66220116877686,-9.50723680880471));
#16552=CARTESIAN_POINT('Ctrl Pts',(7.812,4.77970522239166,-9.39135350075701));
#16553=CARTESIAN_POINT('Ctrl Pts',(7.812,4.90693374940907,-9.39135350075701));
#16554=CARTESIAN_POINT('Ctrl Pts',(7.802,4.66220116877686,-9.61015415231561));
#16555=CARTESIAN_POINT('Ctrl Pts',(7.802,4.66220116877686,-9.50723680880471));
#16556=CARTESIAN_POINT('Ctrl Pts',(7.802,4.77970522239166,-9.39135350075701));
#16557=CARTESIAN_POINT('Ctrl Pts',(7.802,4.90693374940907,-9.39135350075701));
#16558=CARTESIAN_POINT('Origin',(7.802,5.18263609687052,-9.51442654212787));
#16559=CARTESIAN_POINT('Ctrl Pts',(7.812,3.58947154277355,-1.43268231972751));
#16560=CARTESIAN_POINT('Ctrl Pts',(7.802,3.58947154277355,-1.43268231972751));
#16561=CARTESIAN_POINT('Ctrl Pts',(7.812,3.55219439473023,-1.48211505952408));
#16562=CARTESIAN_POINT('Ctrl Pts',(7.802,3.55219439473023,-1.48211505952408));
#16563=CARTESIAN_POINT('Ctrl Pts',(7.812,3.43874220503318,-1.53559966323841));
#16564=CARTESIAN_POINT('Ctrl Pts',(7.802,3.43874220503318,-1.53559966323841));
#16565=CARTESIAN_POINT('Ctrl Pts',(7.812,3.34798045327554,-1.53559966323841));
#16566=CARTESIAN_POINT('Ctrl Pts',(7.802,3.34798045327554,-1.53559966323841));
#16567=CARTESIAN_POINT('',(7.812,3.58947154277355,-1.43268231972751));
#16568=CARTESIAN_POINT('',(7.812,3.34798045327554,-1.53559966323841));
#16569=CARTESIAN_POINT('Ctrl Pts',(7.812,3.58947154277355,-1.43268231972751));
#16570=CARTESIAN_POINT('Ctrl Pts',(7.812,3.55219439473023,-1.48211505952408));
#16571=CARTESIAN_POINT('Ctrl Pts',(7.812,3.43874220503318,-1.53559966323841));
#16572=CARTESIAN_POINT('Ctrl Pts',(7.812,3.34798045327554,-1.53559966323841));
#16573=CARTESIAN_POINT('',(7.802,3.58947154277355,-1.43268231972751));
#16574=CARTESIAN_POINT('',(7.812,3.58947154277355,-1.43268231972751));
#16575=CARTESIAN_POINT('',(7.802,3.34798045327554,-1.53559966323841));
#16576=CARTESIAN_POINT('Ctrl Pts',(7.802,3.58947154277355,-1.43268231972751));
#16577=CARTESIAN_POINT('Ctrl Pts',(7.802,3.55219439473023,-1.48211505952408));
#16578=CARTESIAN_POINT('Ctrl Pts',(7.802,3.43874220503318,-1.53559966323841));
#16579=CARTESIAN_POINT('Ctrl Pts',(7.802,3.34798045327554,-1.53559966323841));
#16580=CARTESIAN_POINT('',(7.812,3.34798045327554,-1.53559966323841));
#16581=CARTESIAN_POINT('Ctrl Pts',(7.812,3.65187024710693,-1.2009157036321));
#16582=CARTESIAN_POINT('Ctrl Pts',(7.802,3.65187024710693,-1.2009157036321));
#16583=CARTESIAN_POINT('Ctrl Pts',(7.812,3.65187024710693,-1.27790111806939));
#16584=CARTESIAN_POINT('Ctrl Pts',(7.802,3.65187024710693,-1.27790111806939));
#16585=CARTESIAN_POINT('Ctrl Pts',(7.812,3.62674869081687,-1.38405995271448));
#16586=CARTESIAN_POINT('Ctrl Pts',(7.802,3.62674869081687,-1.38405995271448));
#16587=CARTESIAN_POINT('Ctrl Pts',(7.812,3.58947154277355,-1.43268231972751));
#16588=CARTESIAN_POINT('Ctrl Pts',(7.802,3.58947154277355,-1.43268231972751));
#16589=CARTESIAN_POINT('',(7.812,3.65187024710693,-1.2009157036321));
#16590=CARTESIAN_POINT('Ctrl Pts',(7.812,3.65187024710693,-1.2009157036321));
#16591=CARTESIAN_POINT('Ctrl Pts',(7.812,3.65187024710693,-1.27790111806939));
#16592=CARTESIAN_POINT('Ctrl Pts',(7.812,3.62674869081687,-1.38405995271448));
#16593=CARTESIAN_POINT('Ctrl Pts',(7.812,3.58947154277355,-1.43268231972751));
#16594=CARTESIAN_POINT('',(7.802,3.65187024710693,-1.2009157036321));
#16595=CARTESIAN_POINT('',(7.812,3.65187024710693,-1.2009157036321));
#16596=CARTESIAN_POINT('Ctrl Pts',(7.802,3.65187024710693,-1.2009157036321));
#16597=CARTESIAN_POINT('Ctrl Pts',(7.802,3.65187024710693,-1.27790111806939));
#16598=CARTESIAN_POINT('Ctrl Pts',(7.802,3.62674869081687,-1.38405995271448));
#16599=CARTESIAN_POINT('Ctrl Pts',(7.802,3.58947154277355,-1.43268231972751));
#16600=CARTESIAN_POINT('Ctrl Pts',(7.812,3.64619763762208,-1.11015395187446));
#16601=CARTESIAN_POINT('Ctrl Pts',(7.802,3.64619763762208,-1.11015395187446));
#16602=CARTESIAN_POINT('Ctrl Pts',(7.812,3.64943912875628,-1.13446513538097));
#16603=CARTESIAN_POINT('Ctrl Pts',(7.802,3.64943912875628,-1.13446513538097));
#16604=CARTESIAN_POINT('Ctrl Pts',(7.812,3.65187024710693,-1.18146675682689));
#16605=CARTESIAN_POINT('Ctrl Pts',(7.802,3.65187024710693,-1.18146675682689));
#16606=CARTESIAN_POINT('Ctrl Pts',(7.812,3.65187024710693,-1.2009157036321));
#16607=CARTESIAN_POINT('Ctrl Pts',(7.802,3.65187024710693,-1.2009157036321));
#16608=CARTESIAN_POINT('',(7.812,3.64619763762208,-1.11015395187446));
#16609=CARTESIAN_POINT('Ctrl Pts',(7.812,3.64619763762208,-1.11015395187446));
#16610=CARTESIAN_POINT('Ctrl Pts',(7.812,3.64943912875628,-1.13446513538097));
#16611=CARTESIAN_POINT('Ctrl Pts',(7.812,3.65187024710693,-1.18146675682689));
#16612=CARTESIAN_POINT('Ctrl Pts',(7.812,3.65187024710693,-1.2009157036321));
#16613=CARTESIAN_POINT('',(7.802,3.64619763762208,-1.11015395187446));
#16614=CARTESIAN_POINT('',(7.812,3.64619763762208,-1.11015395187446));
#16615=CARTESIAN_POINT('Ctrl Pts',(7.802,3.64619763762208,-1.11015395187446));
#16616=CARTESIAN_POINT('Ctrl Pts',(7.802,3.64943912875628,-1.13446513538097));
#16617=CARTESIAN_POINT('Ctrl Pts',(7.802,3.65187024710693,-1.18146675682689));
#16618=CARTESIAN_POINT('Ctrl Pts',(7.802,3.65187024710693,-1.2009157036321));
#16619=CARTESIAN_POINT('Origin',(7.812,3.91281028341015,-1.11015395187446));
#16620=CARTESIAN_POINT('',(7.812,3.91281028341015,-1.11015395187446));
#16621=CARTESIAN_POINT('',(7.812,1.58061642802049,-1.11015395187446));
#16622=CARTESIAN_POINT('',(7.802,3.91281028341015,-1.11015395187446));
#16623=CARTESIAN_POINT('',(7.812,3.91281028341015,-1.11015395187446));
#16624=CARTESIAN_POINT('',(7.802,3.91281028341015,-1.11015395187446));
#16625=CARTESIAN_POINT('Origin',(7.812,3.91281028341015,-1.52992705375355));
#16626=CARTESIAN_POINT('',(7.812,3.91281028341015,-1.52992705375355));
#16627=CARTESIAN_POINT('',(7.812,3.91281028341015,-5.55963606297323));
#16628=CARTESIAN_POINT('',(7.802,3.91281028341015,-1.52992705375355));
#16629=CARTESIAN_POINT('',(7.812,3.91281028341015,-1.52992705375355));
#16630=CARTESIAN_POINT('',(7.802,3.91281028341015,-1.52992705375355));
#16631=CARTESIAN_POINT('Origin',(7.812,4.03031433702495,-1.52992705375355));
#16632=CARTESIAN_POINT('',(7.812,4.03031433702495,-1.52992705375355));
#16633=CARTESIAN_POINT('',(7.812,1.63936845482789,-1.52992705375355));
#16634=CARTESIAN_POINT('',(7.802,4.03031433702495,-1.52992705375355));
#16635=CARTESIAN_POINT('',(7.812,4.03031433702495,-1.52992705375355));
#16636=CARTESIAN_POINT('',(7.802,4.03031433702495,-1.52992705375355));
#16637=CARTESIAN_POINT('Origin',(7.812,4.03031433702495,-0.981304679289949));
#16638=CARTESIAN_POINT('',(7.812,4.03031433702495,-0.981304679289949));
#16639=CARTESIAN_POINT('',(7.812,4.03031433702495,-5.28532487574143));
#16640=CARTESIAN_POINT('',(7.802,4.03031433702495,-0.981304679289949));
#16641=CARTESIAN_POINT('',(7.812,4.03031433702495,-0.981304679289949));
#16642=CARTESIAN_POINT('',(7.802,4.03031433702495,-0.981304679289949));
#16643=CARTESIAN_POINT('Origin',(7.812,3.51491724668692,-0.981304679289949));
#16644=CARTESIAN_POINT('',(7.812,3.51491724668692,-0.981304679289949));
#16645=CARTESIAN_POINT('',(7.812,1.38166990965887,-0.98130467928995));
#16646=CARTESIAN_POINT('',(7.802,3.51491724668692,-0.981304679289949));
#16647=CARTESIAN_POINT('',(7.812,3.51491724668692,-0.981304679289949));
#16648=CARTESIAN_POINT('',(7.802,3.51491724668692,-0.981304679289949));
#16649=CARTESIAN_POINT('Ctrl Pts',(7.812,3.53922843019343,-1.17903563847624));
#16650=CARTESIAN_POINT('Ctrl Pts',(7.802,3.53922843019343,-1.17903563847624));
#16651=CARTESIAN_POINT('Ctrl Pts',(7.812,3.53922843019343,-1.12393028919482));
#16652=CARTESIAN_POINT('Ctrl Pts',(7.802,3.53922843019343,-1.12393028919482));
#16653=CARTESIAN_POINT('Ctrl Pts',(7.812,3.52221060173887,-1.01452996341552));
#16654=CARTESIAN_POINT('Ctrl Pts',(7.802,3.52221060173887,-1.01452996341552));
#16655=CARTESIAN_POINT('Ctrl Pts',(7.812,3.51491724668692,-0.981304679289949));
#16656=CARTESIAN_POINT('Ctrl Pts',(7.802,3.51491724668692,-0.981304679289949));
#16657=CARTESIAN_POINT('',(7.812,3.53922843019343,-1.17903563847624));
#16658=CARTESIAN_POINT('Ctrl Pts',(7.812,3.53922843019343,-1.17903563847624));
#16659=CARTESIAN_POINT('Ctrl Pts',(7.812,3.53922843019343,-1.12393028919482));
#16660=CARTESIAN_POINT('Ctrl Pts',(7.812,3.52221060173887,-1.01452996341552));
#16661=CARTESIAN_POINT('Ctrl Pts',(7.812,3.51491724668692,-0.981304679289949));
#16662=CARTESIAN_POINT('',(7.802,3.53922843019343,-1.17903563847624));
#16663=CARTESIAN_POINT('',(7.812,3.53922843019343,-1.17903563847624));
#16664=CARTESIAN_POINT('Ctrl Pts',(7.802,3.53922843019343,-1.17903563847624));
#16665=CARTESIAN_POINT('Ctrl Pts',(7.802,3.53922843019343,-1.12393028919482));
#16666=CARTESIAN_POINT('Ctrl Pts',(7.802,3.52221060173887,-1.01452996341552));
#16667=CARTESIAN_POINT('Ctrl Pts',(7.802,3.51491724668692,-0.981304679289949));
#16668=CARTESIAN_POINT('Ctrl Pts',(7.812,3.49303718153105,-1.34273094075342));
#16669=CARTESIAN_POINT('Ctrl Pts',(7.802,3.49303718153105,-1.34273094075342));
#16670=CARTESIAN_POINT('Ctrl Pts',(7.812,3.51815873782112,-1.31436789332915));
#16671=CARTESIAN_POINT('Ctrl Pts',(7.802,3.51815873782112,-1.31436789332915));
#16672=CARTESIAN_POINT('Ctrl Pts',(7.812,3.53922843019343,-1.23008912383991));
#16673=CARTESIAN_POINT('Ctrl Pts',(7.802,3.53922843019343,-1.23008912383991));
#16674=CARTESIAN_POINT('Ctrl Pts',(7.812,3.53922843019343,-1.17903563847624));
#16675=CARTESIAN_POINT('Ctrl Pts',(7.802,3.53922843019343,-1.17903563847624));
#16676=CARTESIAN_POINT('',(7.812,3.49303718153105,-1.34273094075342));
#16677=CARTESIAN_POINT('Ctrl Pts',(7.812,3.49303718153105,-1.34273094075342));
#16678=CARTESIAN_POINT('Ctrl Pts',(7.812,3.51815873782112,-1.31436789332915));
#16679=CARTESIAN_POINT('Ctrl Pts',(7.812,3.53922843019343,-1.23008912383991));
#16680=CARTESIAN_POINT('Ctrl Pts',(7.812,3.53922843019343,-1.17903563847624));
#16681=CARTESIAN_POINT('',(7.802,3.49303718153105,-1.34273094075342));
#16682=CARTESIAN_POINT('',(7.812,3.49303718153105,-1.34273094075342));
#16683=CARTESIAN_POINT('Ctrl Pts',(7.802,3.49303718153105,-1.34273094075342));
#16684=CARTESIAN_POINT('Ctrl Pts',(7.802,3.51815873782112,-1.31436789332915));
#16685=CARTESIAN_POINT('Ctrl Pts',(7.802,3.53922843019343,-1.23008912383991));
#16686=CARTESIAN_POINT('Ctrl Pts',(7.802,3.53922843019343,-1.17903563847624));
#16687=CARTESIAN_POINT('Ctrl Pts',(7.812,3.34879082605909,-1.39945703560194));
#16688=CARTESIAN_POINT('Ctrl Pts',(7.802,3.34879082605909,-1.39945703560194));
#16689=CARTESIAN_POINT('Ctrl Pts',(7.812,3.40227542977341,-1.39945703560194));
#16690=CARTESIAN_POINT('Ctrl Pts',(7.802,3.40227542977341,-1.39945703560194));
#16691=CARTESIAN_POINT('Ctrl Pts',(7.812,3.47034674359164,-1.37028361539413));
#16692=CARTESIAN_POINT('Ctrl Pts',(7.802,3.47034674359164,-1.37028361539413));
#16693=CARTESIAN_POINT('Ctrl Pts',(7.812,3.49303718153105,-1.34273094075342));
#16694=CARTESIAN_POINT('Ctrl Pts',(7.802,3.49303718153105,-1.34273094075342));
#16695=CARTESIAN_POINT('',(7.812,3.34879082605909,-1.39945703560194));
#16696=CARTESIAN_POINT('Ctrl Pts',(7.812,3.34879082605909,-1.39945703560194));
#16697=CARTESIAN_POINT('Ctrl Pts',(7.812,3.40227542977341,-1.39945703560194));
#16698=CARTESIAN_POINT('Ctrl Pts',(7.812,3.47034674359164,-1.37028361539413));
#16699=CARTESIAN_POINT('Ctrl Pts',(7.812,3.49303718153105,-1.34273094075342));
#16700=CARTESIAN_POINT('',(7.802,3.34879082605909,-1.39945703560194));
#16701=CARTESIAN_POINT('',(7.812,3.34879082605909,-1.39945703560194));
#16702=CARTESIAN_POINT('Ctrl Pts',(7.802,3.34879082605909,-1.39945703560194));
#16703=CARTESIAN_POINT('Ctrl Pts',(7.802,3.40227542977341,-1.39945703560194));
#16704=CARTESIAN_POINT('Ctrl Pts',(7.802,3.47034674359164,-1.37028361539413));
#16705=CARTESIAN_POINT('Ctrl Pts',(7.802,3.49303718153105,-1.34273094075342));
#16706=CARTESIAN_POINT('Ctrl Pts',(7.812,3.18590589656546,-1.34840355023827));
#16707=CARTESIAN_POINT('Ctrl Pts',(7.802,3.18590589656546,-1.34840355023827));
#16708=CARTESIAN_POINT('Ctrl Pts',(7.812,3.21588968955683,-1.37352510652833));
#16709=CARTESIAN_POINT('Ctrl Pts',(7.802,3.21588968955683,-1.37352510652833));
#16710=CARTESIAN_POINT('Ctrl Pts',(7.812,3.29530622234476,-1.39945703560194));
#16711=CARTESIAN_POINT('Ctrl Pts',(7.802,3.29530622234476,-1.39945703560194));
#16712=CARTESIAN_POINT('Ctrl Pts',(7.812,3.34879082605909,-1.39945703560194));
#16713=CARTESIAN_POINT('Ctrl Pts',(7.802,3.34879082605909,-1.39945703560194));
#16714=CARTESIAN_POINT('',(7.812,3.18590589656546,-1.34840355023827));
#16715=CARTESIAN_POINT('Ctrl Pts',(7.812,3.18590589656546,-1.34840355023827));
#16716=CARTESIAN_POINT('Ctrl Pts',(7.812,3.21588968955683,-1.37352510652833));
#16717=CARTESIAN_POINT('Ctrl Pts',(7.812,3.29530622234476,-1.39945703560194));
#16718=CARTESIAN_POINT('Ctrl Pts',(7.812,3.34879082605909,-1.39945703560194));
#16719=CARTESIAN_POINT('',(7.802,3.18590589656546,-1.34840355023827));
#16720=CARTESIAN_POINT('',(7.812,3.18590589656546,-1.34840355023827));
#16721=CARTESIAN_POINT('Ctrl Pts',(7.802,3.18590589656546,-1.34840355023827));
#16722=CARTESIAN_POINT('Ctrl Pts',(7.802,3.21588968955683,-1.37352510652833));
#16723=CARTESIAN_POINT('Ctrl Pts',(7.802,3.29530622234476,-1.39945703560194));
#16724=CARTESIAN_POINT('Ctrl Pts',(7.802,3.34879082605909,-1.39945703560194));
#16725=CARTESIAN_POINT('Ctrl Pts',(7.812,3.12512793779918,-1.2041571947663));
#16726=CARTESIAN_POINT('Ctrl Pts',(7.802,3.12512793779918,-1.2041571947663));
#16727=CARTESIAN_POINT('Ctrl Pts',(7.812,3.12512793779918,-1.24467583394382));
#16728=CARTESIAN_POINT('Ctrl Pts',(7.802,3.12512793779918,-1.24467583394382));
#16729=CARTESIAN_POINT('Ctrl Pts',(7.812,3.154301358007,-1.32085087559756));
#16730=CARTESIAN_POINT('Ctrl Pts',(7.802,3.154301358007,-1.32085087559756));
#16731=CARTESIAN_POINT('Ctrl Pts',(7.812,3.18590589656546,-1.34840355023827));
#16732=CARTESIAN_POINT('Ctrl Pts',(7.802,3.18590589656546,-1.34840355023827));
#16733=CARTESIAN_POINT('',(7.812,3.12512793779918,-1.2041571947663));
#16734=CARTESIAN_POINT('Ctrl Pts',(7.812,3.12512793779918,-1.2041571947663));
#16735=CARTESIAN_POINT('Ctrl Pts',(7.812,3.12512793779918,-1.24467583394382));
#16736=CARTESIAN_POINT('Ctrl Pts',(7.812,3.154301358007,-1.32085087559756));
#16737=CARTESIAN_POINT('Ctrl Pts',(7.812,3.18590589656546,-1.34840355023827));
#16738=CARTESIAN_POINT('',(7.802,3.12512793779918,-1.2041571947663));
#16739=CARTESIAN_POINT('',(7.812,3.12512793779918,-1.2041571947663));
#16740=CARTESIAN_POINT('Ctrl Pts',(7.802,3.12512793779918,-1.2041571947663));
#16741=CARTESIAN_POINT('Ctrl Pts',(7.802,3.12512793779918,-1.24467583394382));
#16742=CARTESIAN_POINT('Ctrl Pts',(7.802,3.154301358007,-1.32085087559756));
#16743=CARTESIAN_POINT('Ctrl Pts',(7.802,3.18590589656546,-1.34840355023827));
#16744=CARTESIAN_POINT('Ctrl Pts',(7.812,3.154301358007,-1.05747972094369));
#16745=CARTESIAN_POINT('Ctrl Pts',(7.802,3.154301358007,-1.05747972094369));
#16746=CARTESIAN_POINT('Ctrl Pts',(7.812,3.14052502068664,-1.09718798733765));
#16747=CARTESIAN_POINT('Ctrl Pts',(7.802,3.14052502068664,-1.09718798733765));
#16748=CARTESIAN_POINT('Ctrl Pts',(7.812,3.12512793779918,-1.16282818280523));
#16749=CARTESIAN_POINT('Ctrl Pts',(7.802,3.12512793779918,-1.16282818280523));
#16750=CARTESIAN_POINT('Ctrl Pts',(7.812,3.12512793779918,-1.2041571947663));
#16751=CARTESIAN_POINT('Ctrl Pts',(7.802,3.12512793779918,-1.2041571947663));
#16752=CARTESIAN_POINT('',(7.812,3.154301358007,-1.05747972094369));
#16753=CARTESIAN_POINT('Ctrl Pts',(7.812,3.154301358007,-1.05747972094369));
#16754=CARTESIAN_POINT('Ctrl Pts',(7.812,3.14052502068664,-1.09718798733765));
#16755=CARTESIAN_POINT('Ctrl Pts',(7.812,3.12512793779918,-1.16282818280523));
#16756=CARTESIAN_POINT('Ctrl Pts',(7.812,3.12512793779918,-1.2041571947663));
#16757=CARTESIAN_POINT('',(7.802,3.154301358007,-1.05747972094369));
#16758=CARTESIAN_POINT('',(7.812,3.154301358007,-1.05747972094369));
#16759=CARTESIAN_POINT('Ctrl Pts',(7.802,3.154301358007,-1.05747972094369));
#16760=CARTESIAN_POINT('Ctrl Pts',(7.802,3.14052502068664,-1.09718798733765));
#16761=CARTESIAN_POINT('Ctrl Pts',(7.802,3.12512793779918,-1.16282818280523));
#16762=CARTESIAN_POINT('Ctrl Pts',(7.802,3.12512793779918,-1.2041571947663));
#16763=CARTESIAN_POINT('Ctrl Pts',(7.812,3.20778596172132,-0.949700140731486));
#16764=CARTESIAN_POINT('Ctrl Pts',(7.802,3.20778596172132,-0.949700140731486));
#16765=CARTESIAN_POINT('Ctrl Pts',(7.812,3.19644074275162,-0.965097223618943));
#16766=CARTESIAN_POINT('Ctrl Pts',(7.802,3.19644074275162,-0.965097223618943));
#16767=CARTESIAN_POINT('Ctrl Pts',(7.812,3.1672673225438,-1.02263369125102));
#16768=CARTESIAN_POINT('Ctrl Pts',(7.802,3.1672673225438,-1.02263369125102));
#16769=CARTESIAN_POINT('Ctrl Pts',(7.812,3.154301358007,-1.05747972094369));
#16770=CARTESIAN_POINT('Ctrl Pts',(7.802,3.154301358007,-1.05747972094369));
#16771=CARTESIAN_POINT('',(7.812,3.20778596172132,-0.949700140731486));
#16772=CARTESIAN_POINT('Ctrl Pts',(7.812,3.20778596172132,-0.949700140731486));
#16773=CARTESIAN_POINT('Ctrl Pts',(7.812,3.19644074275162,-0.965097223618943));
#16774=CARTESIAN_POINT('Ctrl Pts',(7.812,3.1672673225438,-1.02263369125102));
#16775=CARTESIAN_POINT('Ctrl Pts',(7.812,3.154301358007,-1.05747972094369));
#16776=CARTESIAN_POINT('',(7.802,3.20778596172132,-0.949700140731486));
#16777=CARTESIAN_POINT('',(7.812,3.20778596172132,-0.949700140731486));
#16778=CARTESIAN_POINT('Ctrl Pts',(7.802,3.20778596172132,-0.949700140731486));
#16779=CARTESIAN_POINT('Ctrl Pts',(7.802,3.19644074275162,-0.965097223618943));
#16780=CARTESIAN_POINT('Ctrl Pts',(7.802,3.1672673225438,-1.02263369125102));
#16781=CARTESIAN_POINT('Ctrl Pts',(7.802,3.154301358007,-1.05747972094369));
#16782=CARTESIAN_POINT('Origin',(7.812,3.20778596172132,-0.939975667328881));
#16783=CARTESIAN_POINT('',(7.812,3.20778596172132,-0.939975667328881));
#16784=CARTESIAN_POINT('',(7.812,3.20778596172132,-5.2646603697609));
#16785=CARTESIAN_POINT('',(7.802,3.20778596172132,-0.939975667328881));
#16786=CARTESIAN_POINT('',(7.812,3.20778596172132,-0.939975667328881));
#16787=CARTESIAN_POINT('',(7.802,3.20778596172132,-0.939975667328881));
#16788=CARTESIAN_POINT('Origin',(7.812,3.06597072460001,-0.939975667328881));
#16789=CARTESIAN_POINT('',(7.812,3.06597072460001,-0.93997566732888));
#16790=CARTESIAN_POINT('',(7.812,1.15719664861542,-0.939975667328881));
#16791=CARTESIAN_POINT('',(7.802,3.06597072460001,-0.93997566732888));
#16792=CARTESIAN_POINT('',(7.812,3.06597072460001,-0.93997566732888));
#16793=CARTESIAN_POINT('',(7.802,3.06597072460001,-0.939975667328881));
#16794=CARTESIAN_POINT('Ctrl Pts',(7.812,3.00924462975148,-1.20172607641565));
#16795=CARTESIAN_POINT('Ctrl Pts',(7.802,3.00924462975148,-1.20172607641565));
#16796=CARTESIAN_POINT('Ctrl Pts',(7.812,3.00924462975148,-1.13041327146322));
#16797=CARTESIAN_POINT('Ctrl Pts',(7.802,3.00924462975148,-1.13041327146322));
#16798=CARTESIAN_POINT('Ctrl Pts',(7.812,3.04084916830995,-0.991029152692555));
#16799=CARTESIAN_POINT('Ctrl Pts',(7.802,3.04084916830995,-0.991029152692555));
#16800=CARTESIAN_POINT('Ctrl Pts',(7.812,3.06597072460001,-0.939975667328881));
#16801=CARTESIAN_POINT('Ctrl Pts',(7.802,3.06597072460001,-0.939975667328881));
#16802=CARTESIAN_POINT('',(7.812,3.00924462975148,-1.20172607641565));
#16803=CARTESIAN_POINT('Ctrl Pts',(7.812,3.00924462975148,-1.20172607641565));
#16804=CARTESIAN_POINT('Ctrl Pts',(7.812,3.00924462975148,-1.13041327146322));
#16805=CARTESIAN_POINT('Ctrl Pts',(7.812,3.04084916830995,-0.991029152692555));
#16806=CARTESIAN_POINT('Ctrl Pts',(7.812,3.06597072460001,-0.939975667328881));
#16807=CARTESIAN_POINT('',(7.802,3.00924462975148,-1.20172607641565));
#16808=CARTESIAN_POINT('',(7.812,3.00924462975148,-1.20172607641565));
#16809=CARTESIAN_POINT('Ctrl Pts',(7.802,3.00924462975148,-1.20172607641565));
#16810=CARTESIAN_POINT('Ctrl Pts',(7.802,3.00924462975148,-1.13041327146322));
#16811=CARTESIAN_POINT('Ctrl Pts',(7.802,3.04084916830995,-0.991029152692555));
#16812=CARTESIAN_POINT('Ctrl Pts',(7.802,3.06597072460001,-0.939975667328881));
#16813=CARTESIAN_POINT('Ctrl Pts',(7.812,3.10729973656108,-1.44726902983142));
#16814=CARTESIAN_POINT('Ctrl Pts',(7.802,3.10729973656108,-1.44726902983142));
#16815=CARTESIAN_POINT('Ctrl Pts',(7.812,3.06191886068226,-1.4051296450868));
#16816=CARTESIAN_POINT('Ctrl Pts',(7.802,3.06191886068226,-1.4051296450868));
#16817=CARTESIAN_POINT('Ctrl Pts',(7.812,3.00924462975148,-1.27952186363649));
#16818=CARTESIAN_POINT('Ctrl Pts',(7.802,3.00924462975148,-1.27952186363649));
#16819=CARTESIAN_POINT('Ctrl Pts',(7.812,3.00924462975148,-1.20172607641565));
#16820=CARTESIAN_POINT('Ctrl Pts',(7.802,3.00924462975148,-1.20172607641565));
#16821=CARTESIAN_POINT('',(7.812,3.10729973656108,-1.44726902983142));
#16822=CARTESIAN_POINT('Ctrl Pts',(7.812,3.10729973656108,-1.44726902983142));
#16823=CARTESIAN_POINT('Ctrl Pts',(7.812,3.06191886068226,-1.4051296450868));
#16824=CARTESIAN_POINT('Ctrl Pts',(7.812,3.00924462975148,-1.27952186363649));
#16825=CARTESIAN_POINT('Ctrl Pts',(7.812,3.00924462975148,-1.20172607641565));
#16826=CARTESIAN_POINT('',(7.802,3.10729973656108,-1.44726902983142));
#16827=CARTESIAN_POINT('',(7.812,3.10729973656108,-1.44726902983142));
#16828=CARTESIAN_POINT('Ctrl Pts',(7.802,3.10729973656108,-1.44726902983142));
#16829=CARTESIAN_POINT('Ctrl Pts',(7.802,3.06191886068226,-1.4051296450868));
#16830=CARTESIAN_POINT('Ctrl Pts',(7.802,3.00924462975148,-1.27952186363649));
#16831=CARTESIAN_POINT('Ctrl Pts',(7.802,3.00924462975148,-1.20172607641565));
#16832=CARTESIAN_POINT('Ctrl Pts',(7.812,3.34798045327554,-1.53559966323841));
#16833=CARTESIAN_POINT('Ctrl Pts',(7.802,3.34798045327554,-1.53559966323841));
#16834=CARTESIAN_POINT('Ctrl Pts',(7.812,3.27585727553955,-1.53559966323841));
#16835=CARTESIAN_POINT('Ctrl Pts',(7.802,3.27585727553955,-1.53559966323841));
#16836=CARTESIAN_POINT('Ctrl Pts',(7.812,3.1526806124399,-1.48940841457603));
#16837=CARTESIAN_POINT('Ctrl Pts',(7.802,3.1526806124399,-1.48940841457603));
#16838=CARTESIAN_POINT('Ctrl Pts',(7.812,3.10729973656108,-1.44726902983142));
#16839=CARTESIAN_POINT('Ctrl Pts',(7.802,3.10729973656108,-1.44726902983142));
#16840=CARTESIAN_POINT('Ctrl Pts',(7.812,3.34798045327554,-1.53559966323841));
#16841=CARTESIAN_POINT('Ctrl Pts',(7.812,3.27585727553955,-1.53559966323841));
#16842=CARTESIAN_POINT('Ctrl Pts',(7.812,3.1526806124399,-1.48940841457603));
#16843=CARTESIAN_POINT('Ctrl Pts',(7.812,3.10729973656108,-1.44726902983142));
#16844=CARTESIAN_POINT('Ctrl Pts',(7.802,3.34798045327554,-1.53559966323841));
#16845=CARTESIAN_POINT('Ctrl Pts',(7.802,3.27585727553955,-1.53559966323841));
#16846=CARTESIAN_POINT('Ctrl Pts',(7.802,3.1526806124399,-1.48940841457603));
#16847=CARTESIAN_POINT('Ctrl Pts',(7.802,3.10729973656108,-1.44726902983142));
#16848=CARTESIAN_POINT('Origin',(7.802,3.5817276945443,-1.22695184018581));
#16849=CARTESIAN_POINT('Origin',(7.812,3.1461976301715,-3.04694490455985));
#16850=CARTESIAN_POINT('',(7.812,3.1461976301715,-3.04694490455985));
#16851=CARTESIAN_POINT('',(7.812,3.03031432212379,-3.04694490455985));
#16852=CARTESIAN_POINT('',(7.812,1.19731010140116,-3.04694490455985));
#16853=CARTESIAN_POINT('',(7.802,3.1461976301715,-3.04694490455985));
#16854=CARTESIAN_POINT('',(7.812,3.1461976301715,-3.04694490455985));
#16855=CARTESIAN_POINT('',(7.802,3.03031432212379,-3.04694490455985));
#16856=CARTESIAN_POINT('',(7.802,3.1461976301715,-3.04694490455985));
#16857=CARTESIAN_POINT('',(7.812,3.03031432212379,-3.04694490455985));
#16858=CARTESIAN_POINT('Origin',(7.812,3.1461976301715,-2.55585899772832));
#16859=CARTESIAN_POINT('',(7.812,3.1461976301715,-2.55585899772832));
#16860=CARTESIAN_POINT('',(7.812,3.1461976301715,-6.07260203496062));
#16861=CARTESIAN_POINT('',(7.802,3.1461976301715,-2.55585899772832));
#16862=CARTESIAN_POINT('',(7.812,3.1461976301715,-2.55585899772832));
#16863=CARTESIAN_POINT('',(7.802,3.1461976301715,-2.55585899772832));
#16864=CARTESIAN_POINT('Ctrl Pts',(7.812,3.40551692090762,-2.82004052516575));
#16865=CARTESIAN_POINT('Ctrl Pts',(7.802,3.40551692090762,-2.82004052516575));
#16866=CARTESIAN_POINT('Ctrl Pts',(7.812,3.33663523430583,-2.75683144804882));
#16867=CARTESIAN_POINT('Ctrl Pts',(7.802,3.33663523430583,-2.75683144804882));
#16868=CARTESIAN_POINT('Ctrl Pts',(7.812,3.18914738769967,-2.60205024639069));
#16869=CARTESIAN_POINT('Ctrl Pts',(7.802,3.18914738769967,-2.60205024639069));
#16870=CARTESIAN_POINT('Ctrl Pts',(7.812,3.1461976301715,-2.55585899772832));
#16871=CARTESIAN_POINT('Ctrl Pts',(7.802,3.1461976301715,-2.55585899772832));
#16872=CARTESIAN_POINT('',(7.812,3.40551692090762,-2.82004052516575));
#16873=CARTESIAN_POINT('Ctrl Pts',(7.812,3.40551692090762,-2.82004052516575));
#16874=CARTESIAN_POINT('Ctrl Pts',(7.812,3.33663523430583,-2.75683144804882));
#16875=CARTESIAN_POINT('Ctrl Pts',(7.812,3.18914738769967,-2.60205024639069));
#16876=CARTESIAN_POINT('Ctrl Pts',(7.812,3.1461976301715,-2.55585899772832));
#16877=CARTESIAN_POINT('',(7.802,3.40551692090762,-2.82004052516575));
#16878=CARTESIAN_POINT('',(7.812,3.40551692090762,-2.82004052516575));
#16879=CARTESIAN_POINT('Ctrl Pts',(7.802,3.40551692090762,-2.82004052516575));
#16880=CARTESIAN_POINT('Ctrl Pts',(7.802,3.33663523430583,-2.75683144804882));
#16881=CARTESIAN_POINT('Ctrl Pts',(7.802,3.18914738769967,-2.60205024639069));
#16882=CARTESIAN_POINT('Ctrl Pts',(7.802,3.1461976301715,-2.55585899772832));
#16883=CARTESIAN_POINT('Ctrl Pts',(7.812,3.57650557823674,-2.95375203445156));
#16884=CARTESIAN_POINT('Ctrl Pts',(7.802,3.57650557823674,-2.95375203445156));
#16885=CARTESIAN_POINT('Ctrl Pts',(7.812,3.53274544792502,-2.92944085094505));
#16886=CARTESIAN_POINT('Ctrl Pts',(7.802,3.53274544792502,-2.92944085094505));
#16887=CARTESIAN_POINT('Ctrl Pts',(7.812,3.44684593286868,-2.85893841877616));
#16888=CARTESIAN_POINT('Ctrl Pts',(7.802,3.44684593286868,-2.85893841877616));
#16889=CARTESIAN_POINT('Ctrl Pts',(7.812,3.40551692090762,-2.82004052516575));
#16890=CARTESIAN_POINT('Ctrl Pts',(7.802,3.40551692090762,-2.82004052516575));
#16891=CARTESIAN_POINT('',(7.812,3.57650557823674,-2.95375203445156));
#16892=CARTESIAN_POINT('Ctrl Pts',(7.812,3.57650557823674,-2.95375203445156));
#16893=CARTESIAN_POINT('Ctrl Pts',(7.812,3.53274544792502,-2.92944085094505));
#16894=CARTESIAN_POINT('Ctrl Pts',(7.812,3.44684593286868,-2.85893841877616));
#16895=CARTESIAN_POINT('Ctrl Pts',(7.812,3.40551692090762,-2.82004052516575));
#16896=CARTESIAN_POINT('',(7.802,3.57650557823674,-2.95375203445156));
#16897=CARTESIAN_POINT('',(7.812,3.57650557823674,-2.95375203445156));
#16898=CARTESIAN_POINT('Ctrl Pts',(7.802,3.57650557823674,-2.95375203445156));
#16899=CARTESIAN_POINT('Ctrl Pts',(7.802,3.53274544792502,-2.92944085094505));
#16900=CARTESIAN_POINT('Ctrl Pts',(7.802,3.44684593286868,-2.85893841877616));
#16901=CARTESIAN_POINT('Ctrl Pts',(7.802,3.40551692090762,-2.82004052516575));
#16902=CARTESIAN_POINT('Ctrl Pts',(7.812,3.77666765577369,-3.00561589259878));
#16903=CARTESIAN_POINT('Ctrl Pts',(7.802,3.77666765577369,-3.00561589259878));
#16904=CARTESIAN_POINT('Ctrl Pts',(7.812,3.71751044257451,-3.00561589259878));
#16905=CARTESIAN_POINT('Ctrl Pts',(7.802,3.71751044257451,-3.00561589259878));
#16906=CARTESIAN_POINT('Ctrl Pts',(7.812,3.61864496298136,-2.97806321795807));
#16907=CARTESIAN_POINT('Ctrl Pts',(7.802,3.61864496298136,-2.97806321795807));
#16908=CARTESIAN_POINT('Ctrl Pts',(7.812,3.57650557823674,-2.95375203445156));
#16909=CARTESIAN_POINT('Ctrl Pts',(7.802,3.57650557823674,-2.95375203445156));
#16910=CARTESIAN_POINT('',(7.812,3.77666765577369,-3.00561589259878));
#16911=CARTESIAN_POINT('Ctrl Pts',(7.812,3.77666765577369,-3.00561589259878));
#16912=CARTESIAN_POINT('Ctrl Pts',(7.812,3.71751044257451,-3.00561589259878));
#16913=CARTESIAN_POINT('Ctrl Pts',(7.812,3.61864496298136,-2.97806321795807));
#16914=CARTESIAN_POINT('Ctrl Pts',(7.812,3.57650557823674,-2.95375203445156));
#16915=CARTESIAN_POINT('',(7.802,3.77666765577369,-3.00561589259878));
#16916=CARTESIAN_POINT('',(7.812,3.77666765577369,-3.00561589259878));
#16917=CARTESIAN_POINT('Ctrl Pts',(7.802,3.77666765577369,-3.00561589259878));
#16918=CARTESIAN_POINT('Ctrl Pts',(7.802,3.71751044257451,-3.00561589259878));
#16919=CARTESIAN_POINT('Ctrl Pts',(7.802,3.61864496298136,-2.97806321795807));
#16920=CARTESIAN_POINT('Ctrl Pts',(7.802,3.57650557823674,-2.95375203445156));
#16921=CARTESIAN_POINT('Ctrl Pts',(7.812,4.05138402939726,-2.70739870825224));
#16922=CARTESIAN_POINT('Ctrl Pts',(7.802,4.05138402939726,-2.70739870825224));
#16923=CARTESIAN_POINT('Ctrl Pts',(7.812,4.05138402939726,-2.84759319980646));
#16924=CARTESIAN_POINT('Ctrl Pts',(7.802,4.05138402939726,-2.84759319980646));
#16925=CARTESIAN_POINT('Ctrl Pts',(7.812,3.90308581000754,-3.00561589259878));
#16926=CARTESIAN_POINT('Ctrl Pts',(7.802,3.90308581000754,-3.00561589259878));
#16927=CARTESIAN_POINT('Ctrl Pts',(7.812,3.77666765577369,-3.00561589259878));
#16928=CARTESIAN_POINT('Ctrl Pts',(7.802,3.77666765577369,-3.00561589259878));
#16929=CARTESIAN_POINT('',(7.812,4.05138402939726,-2.70739870825224));
#16930=CARTESIAN_POINT('Ctrl Pts',(7.812,4.05138402939726,-2.70739870825224));
#16931=CARTESIAN_POINT('Ctrl Pts',(7.812,4.05138402939726,-2.84759319980646));
#16932=CARTESIAN_POINT('Ctrl Pts',(7.812,3.90308581000754,-3.00561589259878));
#16933=CARTESIAN_POINT('Ctrl Pts',(7.812,3.77666765577369,-3.00561589259878));
#16934=CARTESIAN_POINT('',(7.802,4.05138402939726,-2.70739870825224));
#16935=CARTESIAN_POINT('',(7.812,4.05138402939726,-2.70739870825224));
#16936=CARTESIAN_POINT('Ctrl Pts',(7.802,4.05138402939726,-2.70739870825224));
#16937=CARTESIAN_POINT('Ctrl Pts',(7.802,4.05138402939726,-2.84759319980646));
#16938=CARTESIAN_POINT('Ctrl Pts',(7.802,3.90308581000754,-3.00561589259878));
#16939=CARTESIAN_POINT('Ctrl Pts',(7.802,3.77666765577369,-3.00561589259878));
#16940=CARTESIAN_POINT('Ctrl Pts',(7.812,3.99141644341453,-2.45132090865033));
#16941=CARTESIAN_POINT('Ctrl Pts',(7.802,3.99141644341453,-2.45132090865033));
#16942=CARTESIAN_POINT('Ctrl Pts',(7.812,4.01167576300329,-2.4926499206114));
#16943=CARTESIAN_POINT('Ctrl Pts',(7.802,4.01167576300329,-2.4926499206114));
#16944=CARTESIAN_POINT('Ctrl Pts',(7.812,4.05138402939726,-2.64094814000111));
#16945=CARTESIAN_POINT('Ctrl Pts',(7.802,4.05138402939726,-2.64094814000111));
#16946=CARTESIAN_POINT('Ctrl Pts',(7.812,4.05138402939726,-2.70739870825224));
#16947=CARTESIAN_POINT('Ctrl Pts',(7.802,4.05138402939726,-2.70739870825224));
#16948=CARTESIAN_POINT('',(7.812,3.99141644341453,-2.45132090865033));
#16949=CARTESIAN_POINT('Ctrl Pts',(7.812,3.99141644341453,-2.45132090865033));
#16950=CARTESIAN_POINT('Ctrl Pts',(7.812,4.01167576300329,-2.4926499206114));
#16951=CARTESIAN_POINT('Ctrl Pts',(7.812,4.05138402939726,-2.64094814000111));
#16952=CARTESIAN_POINT('Ctrl Pts',(7.812,4.05138402939726,-2.70739870825224));
#16953=CARTESIAN_POINT('',(7.802,3.99141644341453,-2.45132090865033));
#16954=CARTESIAN_POINT('',(7.812,3.99141644341453,-2.45132090865033));
#16955=CARTESIAN_POINT('Ctrl Pts',(7.802,3.99141644341453,-2.45132090865033));
#16956=CARTESIAN_POINT('Ctrl Pts',(7.802,4.01167576300329,-2.4926499206114));
#16957=CARTESIAN_POINT('Ctrl Pts',(7.802,4.05138402939726,-2.64094814000111));
#16958=CARTESIAN_POINT('Ctrl Pts',(7.802,4.05138402939726,-2.70739870825224));
#16959=CARTESIAN_POINT('Origin',(7.812,3.84879083350967,-2.45132090865033));
#16960=CARTESIAN_POINT('',(7.812,3.84879083350967,-2.45132090865033));
#16961=CARTESIAN_POINT('',(7.812,1.54860670307025,-2.45132090865032));
#16962=CARTESIAN_POINT('',(7.802,3.84879083350967,-2.45132090865033));
#16963=CARTESIAN_POINT('',(7.812,3.84879083350967,-2.45132090865033));
#16964=CARTESIAN_POINT('',(7.802,3.84879083350967,-2.45132090865033));
#16965=CARTESIAN_POINT('Origin',(7.812,3.84879083350967,-2.45861426370228));
#16966=CARTESIAN_POINT('',(7.812,3.84879083350967,-2.45861426370228));
#16967=CARTESIAN_POINT('',(7.812,3.84879083350967,-6.02397966794759));
#16968=CARTESIAN_POINT('',(7.802,3.84879083350967,-2.45861426370228));
#16969=CARTESIAN_POINT('',(7.812,3.84879083350967,-2.45861426370228));
#16970=CARTESIAN_POINT('',(7.802,3.84879083350967,-2.45861426370228));
#16971=CARTESIAN_POINT('Ctrl Pts',(7.812,3.90389618279109,-2.55585899772832));
#16972=CARTESIAN_POINT('Ctrl Pts',(7.802,3.90389618279109,-2.55585899772832));
#16973=CARTESIAN_POINT('Ctrl Pts',(7.812,3.89255096382139,-2.52749595030406));
#16974=CARTESIAN_POINT('Ctrl Pts',(7.802,3.89255096382139,-2.52749595030406));
#16975=CARTESIAN_POINT('Ctrl Pts',(7.812,3.86013605247937,-2.47482171937329));
#16976=CARTESIAN_POINT('Ctrl Pts',(7.802,3.86013605247937,-2.47482171937329));
#16977=CARTESIAN_POINT('Ctrl Pts',(7.812,3.84879083350967,-2.45861426370228));
#16978=CARTESIAN_POINT('Ctrl Pts',(7.802,3.84879083350967,-2.45861426370228));
#16979=CARTESIAN_POINT('',(7.812,3.90389618279109,-2.55585899772832));
#16980=CARTESIAN_POINT('Ctrl Pts',(7.812,3.90389618279109,-2.55585899772832));
#16981=CARTESIAN_POINT('Ctrl Pts',(7.812,3.89255096382139,-2.52749595030406));
#16982=CARTESIAN_POINT('Ctrl Pts',(7.812,3.86013605247937,-2.47482171937329));
#16983=CARTESIAN_POINT('Ctrl Pts',(7.812,3.84879083350967,-2.45861426370228));
#16984=CARTESIAN_POINT('',(7.802,3.90389618279109,-2.55585899772832));
#16985=CARTESIAN_POINT('',(7.812,3.90389618279109,-2.55585899772832));
#16986=CARTESIAN_POINT('Ctrl Pts',(7.802,3.90389618279109,-2.55585899772832));
#16987=CARTESIAN_POINT('Ctrl Pts',(7.802,3.89255096382139,-2.52749595030406));
#16988=CARTESIAN_POINT('Ctrl Pts',(7.802,3.86013605247937,-2.47482171937329));
#16989=CARTESIAN_POINT('Ctrl Pts',(7.802,3.84879083350967,-2.45861426370228));
#16990=CARTESIAN_POINT('Ctrl Pts',(7.812,3.93550072134956,-2.69767423484964));
#16991=CARTESIAN_POINT('Ctrl Pts',(7.802,3.93550072134956,-2.69767423484964));
#16992=CARTESIAN_POINT('Ctrl Pts',(7.812,3.93550072134956,-2.66201783237342));
#16993=CARTESIAN_POINT('Ctrl Pts',(7.802,3.93550072134956,-2.66201783237342));
#16994=CARTESIAN_POINT('Ctrl Pts',(7.812,3.91767252011145,-2.58908428185389));
#16995=CARTESIAN_POINT('Ctrl Pts',(7.802,3.91767252011145,-2.58908428185389));
#16996=CARTESIAN_POINT('Ctrl Pts',(7.812,3.90389618279109,-2.55585899772832));
#16997=CARTESIAN_POINT('Ctrl Pts',(7.802,3.90389618279109,-2.55585899772832));
#16998=CARTESIAN_POINT('',(7.812,3.93550072134956,-2.69767423484964));
#16999=CARTESIAN_POINT('Ctrl Pts',(7.812,3.93550072134956,-2.69767423484964));
#17000=CARTESIAN_POINT('Ctrl Pts',(7.812,3.93550072134956,-2.66201783237342));
#17001=CARTESIAN_POINT('Ctrl Pts',(7.812,3.91767252011145,-2.58908428185389));
#17002=CARTESIAN_POINT('Ctrl Pts',(7.812,3.90389618279109,-2.55585899772832));
#17003=CARTESIAN_POINT('',(7.802,3.93550072134956,-2.69767423484964));
#17004=CARTESIAN_POINT('',(7.812,3.93550072134956,-2.69767423484964));
#17005=CARTESIAN_POINT('Ctrl Pts',(7.802,3.93550072134956,-2.69767423484964));
#17006=CARTESIAN_POINT('Ctrl Pts',(7.802,3.93550072134956,-2.66201783237342));
#17007=CARTESIAN_POINT('Ctrl Pts',(7.802,3.91767252011145,-2.58908428185389));
#17008=CARTESIAN_POINT('Ctrl Pts',(7.802,3.90389618279109,-2.55585899772832));
#17009=CARTESIAN_POINT('Ctrl Pts',(7.812,3.89498208217204,-2.82004052516575));
#17010=CARTESIAN_POINT('Ctrl Pts',(7.802,3.89498208217204,-2.82004052516575));
#17011=CARTESIAN_POINT('Ctrl Pts',(7.812,3.9152414017608,-2.79653971444279));
#17012=CARTESIAN_POINT('Ctrl Pts',(7.802,3.9152414017608,-2.79653971444279));
#17013=CARTESIAN_POINT('Ctrl Pts',(7.812,3.93550072134956,-2.73495138289296));
#17014=CARTESIAN_POINT('Ctrl Pts',(7.802,3.93550072134956,-2.73495138289296));
#17015=CARTESIAN_POINT('Ctrl Pts',(7.812,3.93550072134956,-2.69767423484964));
#17016=CARTESIAN_POINT('Ctrl Pts',(7.802,3.93550072134956,-2.69767423484964));
#17017=CARTESIAN_POINT('',(7.812,3.89498208217204,-2.82004052516575));
#17018=CARTESIAN_POINT('Origin',(7.812,3.21722608315936,-2.26544152337111));
#17019=CARTESIAN_POINT('',(7.802,3.89498208217204,-2.82004052516575));
#17020=CARTESIAN_POINT('',(7.812,3.89498208217204,-2.82004052516575));
#17021=CARTESIAN_POINT('Origin',(7.802,3.21722608315936,-2.26544152337111));
#17022=CARTESIAN_POINT('Ctrl Pts',(7.812,3.76937430072173,-2.86947326496232));
#17023=CARTESIAN_POINT('Ctrl Pts',(7.802,3.76937430072173,-2.86947326496232));
#17024=CARTESIAN_POINT('Ctrl Pts',(7.812,3.81151368546635,-2.86947326496232));
#17025=CARTESIAN_POINT('Ctrl Pts',(7.802,3.81151368546635,-2.86947326496232));
#17026=CARTESIAN_POINT('Ctrl Pts',(7.812,3.87472276258328,-2.84354133588871));
#17027=CARTESIAN_POINT('Ctrl Pts',(7.802,3.87472276258328,-2.84354133588871));
#17028=CARTESIAN_POINT('Ctrl Pts',(7.812,3.89498208217204,-2.82004052516575));
#17029=CARTESIAN_POINT('Ctrl Pts',(7.802,3.89498208217204,-2.82004052516575));
#17030=CARTESIAN_POINT('',(7.812,3.76937430072173,-2.86947326496232));
#17031=CARTESIAN_POINT('Ctrl Pts',(7.812,3.76937430072173,-2.86947326496232));
#17032=CARTESIAN_POINT('Ctrl Pts',(7.812,3.81151368546635,-2.86947326496232));
#17033=CARTESIAN_POINT('Ctrl Pts',(7.812,3.87472276258328,-2.84354133588871));
#17034=CARTESIAN_POINT('Ctrl Pts',(7.812,3.89498208217204,-2.82004052516575));
#17035=CARTESIAN_POINT('',(7.802,3.76937430072173,-2.86947326496232));
#17036=CARTESIAN_POINT('',(7.812,3.76937430072173,-2.86947326496232));
#17037=CARTESIAN_POINT('Ctrl Pts',(7.802,3.76937430072173,-2.86947326496232));
#17038=CARTESIAN_POINT('Ctrl Pts',(7.802,3.81151368546635,-2.86947326496232));
#17039=CARTESIAN_POINT('Ctrl Pts',(7.802,3.87472276258328,-2.84354133588871));
#17040=CARTESIAN_POINT('Ctrl Pts',(7.802,3.89498208217204,-2.82004052516575));
#17041=CARTESIAN_POINT('Ctrl Pts',(7.812,3.41281027595957,-2.67174230577603));
#17042=CARTESIAN_POINT('Ctrl Pts',(7.802,3.41281027595957,-2.67174230577603));
#17043=CARTESIAN_POINT('Ctrl Pts',(7.812,3.53841805740988,-2.78600486825663));
#17044=CARTESIAN_POINT('Ctrl Pts',(7.802,3.53841805740988,-2.78600486825663));
#17045=CARTESIAN_POINT('Ctrl Pts',(7.812,3.68914739515025,-2.86947326496232));
#17046=CARTESIAN_POINT('Ctrl Pts',(7.802,3.68914739515025,-2.86947326496232));
#17047=CARTESIAN_POINT('Ctrl Pts',(7.812,3.76937430072173,-2.86947326496232));
#17048=CARTESIAN_POINT('Ctrl Pts',(7.802,3.76937430072173,-2.86947326496232));
#17049=CARTESIAN_POINT('',(7.812,3.41281027595957,-2.67174230577603));
#17050=CARTESIAN_POINT('Ctrl Pts',(7.812,3.41281027595957,-2.67174230577603));
#17051=CARTESIAN_POINT('Ctrl Pts',(7.812,3.53841805740988,-2.78600486825663));
#17052=CARTESIAN_POINT('Ctrl Pts',(7.812,3.68914739515025,-2.86947326496232));
#17053=CARTESIAN_POINT('Ctrl Pts',(7.812,3.76937430072173,-2.86947326496232));
#17054=CARTESIAN_POINT('',(7.802,3.41281027595957,-2.67174230577603));
#17055=CARTESIAN_POINT('',(7.812,3.41281027595957,-2.67174230577603));
#17056=CARTESIAN_POINT('Ctrl Pts',(7.802,3.41281027595957,-2.67174230577603));
#17057=CARTESIAN_POINT('Ctrl Pts',(7.802,3.53841805740988,-2.78600486825663));
#17058=CARTESIAN_POINT('Ctrl Pts',(7.802,3.68914739515025,-2.86947326496232));
#17059=CARTESIAN_POINT('Ctrl Pts',(7.802,3.76937430072173,-2.86947326496232));
#17060=CARTESIAN_POINT('Ctrl Pts',(7.812,3.17212955924511,-2.43025121627802));
#17061=CARTESIAN_POINT('Ctrl Pts',(7.802,3.17212955924511,-2.43025121627802));
#17062=CARTESIAN_POINT('Ctrl Pts',(7.812,3.23452826357849,-2.49670178452915));
#17063=CARTESIAN_POINT('Ctrl Pts',(7.802,3.23452826357849,-2.49670178452915));
#17064=CARTESIAN_POINT('Ctrl Pts',(7.812,3.35041157162619,-2.6150162109275));
#17065=CARTESIAN_POINT('Ctrl Pts',(7.802,3.35041157162619,-2.6150162109275));
#17066=CARTESIAN_POINT('Ctrl Pts',(7.812,3.41281027595957,-2.67174230577603));
#17067=CARTESIAN_POINT('Ctrl Pts',(7.802,3.41281027595957,-2.67174230577603));
#17068=CARTESIAN_POINT('',(7.812,3.17212955924511,-2.43025121627802));
#17069=CARTESIAN_POINT('Ctrl Pts',(7.812,3.17212955924511,-2.43025121627802));
#17070=CARTESIAN_POINT('Ctrl Pts',(7.812,3.23452826357849,-2.49670178452915));
#17071=CARTESIAN_POINT('Ctrl Pts',(7.812,3.35041157162619,-2.6150162109275));
#17072=CARTESIAN_POINT('Ctrl Pts',(7.812,3.41281027595957,-2.67174230577603));
#17073=CARTESIAN_POINT('',(7.802,3.17212955924511,-2.43025121627802));
#17074=CARTESIAN_POINT('',(7.812,3.17212955924511,-2.43025121627802));
#17075=CARTESIAN_POINT('Ctrl Pts',(7.802,3.17212955924511,-2.43025121627802));
#17076=CARTESIAN_POINT('Ctrl Pts',(7.802,3.23452826357849,-2.49670178452915));
#17077=CARTESIAN_POINT('Ctrl Pts',(7.802,3.35041157162619,-2.6150162109275));
#17078=CARTESIAN_POINT('Ctrl Pts',(7.802,3.41281027595957,-2.67174230577603));
#17079=CARTESIAN_POINT('Origin',(7.812,3.03031432212379,-2.43025121627802));
#17080=CARTESIAN_POINT('',(7.812,3.03031432212379,-2.43025121627802));
#17081=CARTESIAN_POINT('',(7.812,1.13936844737731,-2.43025121627802));
#17082=CARTESIAN_POINT('',(7.802,3.03031432212379,-2.43025121627802));
#17083=CARTESIAN_POINT('',(7.812,3.03031432212379,-2.43025121627802));
#17084=CARTESIAN_POINT('',(7.802,3.03031432212379,-2.43025121627802));
#17085=CARTESIAN_POINT('Origin',(7.812,3.03031432212379,-3.04694490455985));
#17086=CARTESIAN_POINT('',(7.812,3.03031432212379,-6.31814498837638));
#17087=CARTESIAN_POINT('',(7.802,3.03031432212379,-3.04694490455985));
#17088=CARTESIAN_POINT('Origin',(7.802,3.45788012245714,-2.74002234231675));
#17089=CARTESIAN_POINT('Ctrl Pts',(7.812,3.55786700421508,-5.73170993646223));
#17090=CARTESIAN_POINT('Ctrl Pts',(7.802,3.55786700421508,-5.73170993646223));
#17091=CARTESIAN_POINT('Ctrl Pts',(7.812,3.55786700421508,-5.7665559661549));
#17092=CARTESIAN_POINT('Ctrl Pts',(7.802,3.55786700421508,-5.7665559661549));
#17093=CARTESIAN_POINT('Ctrl Pts',(7.812,3.54409066689473,-5.83300653440603));
#17094=CARTESIAN_POINT('Ctrl Pts',(7.802,3.54409066689473,-5.83300653440603));
#17095=CARTESIAN_POINT('Ctrl Pts',(7.812,3.52302097452242,-5.85974883626319));
#17096=CARTESIAN_POINT('Ctrl Pts',(7.802,3.52302097452242,-5.85974883626319));
#17097=CARTESIAN_POINT('',(7.812,3.52302097452242,-5.85974883626319));
#17098=CARTESIAN_POINT('',(7.812,3.55786700421508,-5.73170993646224));
#17099=CARTESIAN_POINT('Ctrl Pts',(7.812,3.52302097452242,-5.85974883626319));
#17100=CARTESIAN_POINT('Ctrl Pts',(7.812,3.54409066689473,-5.83300653440603));
#17101=CARTESIAN_POINT('Ctrl Pts',(7.812,3.55786700421508,-5.7665559661549));
#17102=CARTESIAN_POINT('Ctrl Pts',(7.812,3.55786700421508,-5.73170993646223));
#17103=CARTESIAN_POINT('',(7.802,3.52302097452242,-5.85974883626319));
#17104=CARTESIAN_POINT('',(7.812,3.52302097452242,-5.85974883626319));
#17105=CARTESIAN_POINT('',(7.802,3.55786700421508,-5.73170993646224));
#17106=CARTESIAN_POINT('Ctrl Pts',(7.802,3.52302097452242,-5.85974883626319));
#17107=CARTESIAN_POINT('Ctrl Pts',(7.802,3.54409066689473,-5.83300653440603));
#17108=CARTESIAN_POINT('Ctrl Pts',(7.802,3.55786700421508,-5.7665559661549));
#17109=CARTESIAN_POINT('Ctrl Pts',(7.802,3.55786700421508,-5.73170993646223));
#17110=CARTESIAN_POINT('',(7.812,3.55786700421508,-5.73170993646224));
#17111=CARTESIAN_POINT('Ctrl Pts',(7.812,3.50276165493366,-5.55342792408115));
#17112=CARTESIAN_POINT('Ctrl Pts',(7.802,3.50276165493366,-5.55342792408115));
#17113=CARTESIAN_POINT('Ctrl Pts',(7.812,3.52950395679082,-5.59637768160932));
#17114=CARTESIAN_POINT('Ctrl Pts',(7.802,3.52950395679082,-5.59637768160932));
#17115=CARTESIAN_POINT('Ctrl Pts',(7.812,3.55786700421508,-5.68470831501631));
#17116=CARTESIAN_POINT('Ctrl Pts',(7.802,3.55786700421508,-5.68470831501631));
#17117=CARTESIAN_POINT('Ctrl Pts',(7.812,3.55786700421508,-5.73170993646223));
#17118=CARTESIAN_POINT('Ctrl Pts',(7.802,3.55786700421508,-5.73170993646223));
#17119=CARTESIAN_POINT('',(7.812,3.50276165493366,-5.55342792408115));
#17120=CARTESIAN_POINT('Ctrl Pts',(7.812,3.55786700421508,-5.73170993646223));
#17121=CARTESIAN_POINT('Ctrl Pts',(7.812,3.55786700421508,-5.68470831501631));
#17122=CARTESIAN_POINT('Ctrl Pts',(7.812,3.52950395679082,-5.59637768160932));
#17123=CARTESIAN_POINT('Ctrl Pts',(7.812,3.50276165493366,-5.55342792408115));
#17124=CARTESIAN_POINT('',(7.802,3.50276165493366,-5.55342792408115));
#17125=CARTESIAN_POINT('Ctrl Pts',(7.802,3.55786700421508,-5.73170993646223));
#17126=CARTESIAN_POINT('Ctrl Pts',(7.802,3.55786700421508,-5.68470831501631));
#17127=CARTESIAN_POINT('Ctrl Pts',(7.802,3.52950395679082,-5.59637768160932));
#17128=CARTESIAN_POINT('Ctrl Pts',(7.802,3.50276165493366,-5.55342792408115));
#17129=CARTESIAN_POINT('',(7.812,3.50276165493366,-5.55342792408115));
#17130=CARTESIAN_POINT('Ctrl Pts',(7.812,3.43955257781673,-5.5509968057305));
#17131=CARTESIAN_POINT('Ctrl Pts',(7.802,3.43955257781673,-5.5509968057305));
#17132=CARTESIAN_POINT('Ctrl Pts',(7.812,3.46062227018904,-5.5509968057305));
#17133=CARTESIAN_POINT('Ctrl Pts',(7.802,3.46062227018904,-5.5509968057305));
#17134=CARTESIAN_POINT('Ctrl Pts',(7.812,3.48817494482975,-5.5526175512976));
#17135=CARTESIAN_POINT('Ctrl Pts',(7.802,3.48817494482975,-5.5526175512976));
#17136=CARTESIAN_POINT('Ctrl Pts',(7.812,3.50276165493366,-5.55342792408115));
#17137=CARTESIAN_POINT('Ctrl Pts',(7.802,3.50276165493366,-5.55342792408115));
#17138=CARTESIAN_POINT('',(7.812,3.43955257781673,-5.5509968057305));
#17139=CARTESIAN_POINT('Ctrl Pts',(7.812,3.50276165493366,-5.55342792408115));
#17140=CARTESIAN_POINT('Ctrl Pts',(7.812,3.48817494482975,-5.5526175512976));
#17141=CARTESIAN_POINT('Ctrl Pts',(7.812,3.46062227018904,-5.5509968057305));
#17142=CARTESIAN_POINT('Ctrl Pts',(7.812,3.43955257781673,-5.5509968057305));
#17143=CARTESIAN_POINT('',(7.802,3.43955257781673,-5.5509968057305));
#17144=CARTESIAN_POINT('Ctrl Pts',(7.802,3.50276165493366,-5.55342792408115));
#17145=CARTESIAN_POINT('Ctrl Pts',(7.802,3.48817494482975,-5.5526175512976));
#17146=CARTESIAN_POINT('Ctrl Pts',(7.802,3.46062227018904,-5.5509968057305));
#17147=CARTESIAN_POINT('Ctrl Pts',(7.802,3.43955257781673,-5.5509968057305));
#17148=CARTESIAN_POINT('',(7.812,3.43955257781673,-5.5509968057305));
#17149=CARTESIAN_POINT('Ctrl Pts',(7.812,3.17537105037931,-5.62230961068293));
#17150=CARTESIAN_POINT('Ctrl Pts',(7.802,3.17537105037931,-5.62230961068293));
#17151=CARTESIAN_POINT('Ctrl Pts',(7.812,3.20859633450487,-5.59151544490802));
#17152=CARTESIAN_POINT('Ctrl Pts',(7.802,3.20859633450487,-5.59151544490802));
#17153=CARTESIAN_POINT('Ctrl Pts',(7.812,3.33582486152228,-5.5509968057305));
#17154=CARTESIAN_POINT('Ctrl Pts',(7.802,3.33582486152228,-5.5509968057305));
#17155=CARTESIAN_POINT('Ctrl Pts',(7.812,3.43955257781673,-5.5509968057305));
#17156=CARTESIAN_POINT('Ctrl Pts',(7.802,3.43955257781673,-5.5509968057305));
#17157=CARTESIAN_POINT('',(7.812,3.17537105037931,-5.62230961068293));
#17158=CARTESIAN_POINT('Ctrl Pts',(7.812,3.43955257781673,-5.5509968057305));
#17159=CARTESIAN_POINT('Ctrl Pts',(7.812,3.33582486152228,-5.5509968057305));
#17160=CARTESIAN_POINT('Ctrl Pts',(7.812,3.20859633450487,-5.59151544490802));
#17161=CARTESIAN_POINT('Ctrl Pts',(7.812,3.17537105037931,-5.62230961068293));
#17162=CARTESIAN_POINT('',(7.802,3.17537105037931,-5.62230961068293));
#17163=CARTESIAN_POINT('Ctrl Pts',(7.802,3.43955257781673,-5.5509968057305));
#17164=CARTESIAN_POINT('Ctrl Pts',(7.802,3.33582486152228,-5.5509968057305));
#17165=CARTESIAN_POINT('Ctrl Pts',(7.802,3.20859633450487,-5.59151544490802));
#17166=CARTESIAN_POINT('Ctrl Pts',(7.802,3.17537105037931,-5.62230961068293));
#17167=CARTESIAN_POINT('',(7.812,3.17537105037931,-5.62230961068293));
#17168=CARTESIAN_POINT('Ctrl Pts',(7.812,3.11864495553078,-5.74710701934969));
#17169=CARTESIAN_POINT('Ctrl Pts',(7.802,3.11864495553078,-5.74710701934969));
#17170=CARTESIAN_POINT('Ctrl Pts',(7.812,3.11864495553078,-5.71226098965703));
#17171=CARTESIAN_POINT('Ctrl Pts',(7.802,3.11864495553078,-5.71226098965703));
#17172=CARTESIAN_POINT('Ctrl Pts',(7.812,3.14376651182084,-5.6506726581072));
#17173=CARTESIAN_POINT('Ctrl Pts',(7.802,3.14376651182084,-5.6506726581072));
#17174=CARTESIAN_POINT('Ctrl Pts',(7.812,3.17537105037931,-5.62230961068293));
#17175=CARTESIAN_POINT('Ctrl Pts',(7.802,3.17537105037931,-5.62230961068293));
#17176=CARTESIAN_POINT('',(7.812,3.11864495553078,-5.74710701934969));
#17177=CARTESIAN_POINT('Ctrl Pts',(7.812,3.17537105037931,-5.62230961068293));
#17178=CARTESIAN_POINT('Ctrl Pts',(7.812,3.14376651182084,-5.6506726581072));
#17179=CARTESIAN_POINT('Ctrl Pts',(7.812,3.11864495553078,-5.71226098965703));
#17180=CARTESIAN_POINT('Ctrl Pts',(7.812,3.11864495553078,-5.74710701934969));
#17181=CARTESIAN_POINT('',(7.802,3.11864495553078,-5.74710701934969));
#17182=CARTESIAN_POINT('Ctrl Pts',(7.802,3.17537105037931,-5.62230961068293));
#17183=CARTESIAN_POINT('Ctrl Pts',(7.802,3.14376651182084,-5.6506726581072));
#17184=CARTESIAN_POINT('Ctrl Pts',(7.802,3.11864495553078,-5.71226098965703));
#17185=CARTESIAN_POINT('Ctrl Pts',(7.802,3.11864495553078,-5.74710701934969));
#17186=CARTESIAN_POINT('',(7.812,3.11864495553078,-5.74710701934969));
#17187=CARTESIAN_POINT('Ctrl Pts',(7.812,3.34879082605909,-5.92782015008143));
#17188=CARTESIAN_POINT('Ctrl Pts',(7.802,3.34879082605909,-5.92782015008143));
#17189=CARTESIAN_POINT('Ctrl Pts',(7.812,3.23371789079494,-5.92782015008143));
#17190=CARTESIAN_POINT('Ctrl Pts',(7.802,3.23371789079494,-5.92782015008143));
#17191=CARTESIAN_POINT('Ctrl Pts',(7.812,3.11864495553078,-5.82814429770473));
#17192=CARTESIAN_POINT('Ctrl Pts',(7.802,3.11864495553078,-5.82814429770473));
#17193=CARTESIAN_POINT('Ctrl Pts',(7.812,3.11864495553078,-5.74710701934969));
#17194=CARTESIAN_POINT('Ctrl Pts',(7.802,3.11864495553078,-5.74710701934969));
#17195=CARTESIAN_POINT('',(7.812,3.34879082605909,-5.92782015008143));
#17196=CARTESIAN_POINT('Ctrl Pts',(7.812,3.11864495553078,-5.74710701934969));
#17197=CARTESIAN_POINT('Ctrl Pts',(7.812,3.11864495553078,-5.82814429770473));
#17198=CARTESIAN_POINT('Ctrl Pts',(7.812,3.23371789079494,-5.92782015008143));
#17199=CARTESIAN_POINT('Ctrl Pts',(7.812,3.34879082605909,-5.92782015008143));
#17200=CARTESIAN_POINT('',(7.802,3.34879082605909,-5.92782015008143));
#17201=CARTESIAN_POINT('Ctrl Pts',(7.802,3.11864495553078,-5.74710701934969));
#17202=CARTESIAN_POINT('Ctrl Pts',(7.802,3.11864495553078,-5.82814429770473));
#17203=CARTESIAN_POINT('Ctrl Pts',(7.802,3.23371789079494,-5.92782015008143));
#17204=CARTESIAN_POINT('Ctrl Pts',(7.802,3.34879082605909,-5.92782015008143));
#17205=CARTESIAN_POINT('',(7.812,3.34879082605909,-5.92782015008143));
#17206=CARTESIAN_POINT('Ctrl Pts',(7.812,3.52302097452242,-5.85974883626319));
#17207=CARTESIAN_POINT('Ctrl Pts',(7.802,3.52302097452242,-5.85974883626319));
#17208=CARTESIAN_POINT('Ctrl Pts',(7.812,3.49384755431461,-5.89540523873941));
#17209=CARTESIAN_POINT('Ctrl Pts',(7.802,3.49384755431461,-5.89540523873941));
#17210=CARTESIAN_POINT('Ctrl Pts',(7.812,3.41037915760892,-5.92782015008143));
#17211=CARTESIAN_POINT('Ctrl Pts',(7.802,3.41037915760892,-5.92782015008143));
#17212=CARTESIAN_POINT('Ctrl Pts',(7.812,3.34879082605909,-5.92782015008143));
#17213=CARTESIAN_POINT('Ctrl Pts',(7.802,3.34879082605909,-5.92782015008143));
#17214=CARTESIAN_POINT('Ctrl Pts',(7.812,3.34879082605909,-5.92782015008143));
#17215=CARTESIAN_POINT('Ctrl Pts',(7.812,3.41037915760892,-5.92782015008143));
#17216=CARTESIAN_POINT('Ctrl Pts',(7.812,3.49384755431461,-5.89540523873941));
#17217=CARTESIAN_POINT('Ctrl Pts',(7.812,3.52302097452242,-5.85974883626319));
#17218=CARTESIAN_POINT('Ctrl Pts',(7.802,3.34879082605909,-5.92782015008143));
#17219=CARTESIAN_POINT('Ctrl Pts',(7.802,3.41037915760892,-5.92782015008143));
#17220=CARTESIAN_POINT('Ctrl Pts',(7.802,3.49384755431461,-5.89540523873941));
#17221=CARTESIAN_POINT('Ctrl Pts',(7.802,3.52302097452242,-5.85974883626319));
#17222=CARTESIAN_POINT('Ctrl Pts',(7.812,3.60973086236231,-5.95537282472214));
#17223=CARTESIAN_POINT('Ctrl Pts',(7.802,3.60973086236231,-5.95537282472214));
#17224=CARTESIAN_POINT('Ctrl Pts',(7.812,3.56840185040124,-6.01047817400356));
#17225=CARTESIAN_POINT('Ctrl Pts',(7.802,3.56840185040124,-6.01047817400356));
#17226=CARTESIAN_POINT('Ctrl Pts',(7.812,3.44036295060028,-6.06396277771789));
#17227=CARTESIAN_POINT('Ctrl Pts',(7.802,3.44036295060028,-6.06396277771789));
#17228=CARTESIAN_POINT('Ctrl Pts',(7.812,3.35446343554394,-6.06396277771789));
#17229=CARTESIAN_POINT('Ctrl Pts',(7.802,3.35446343554394,-6.06396277771789));
#17230=CARTESIAN_POINT('',(7.812,3.60973086236231,-5.95537282472214));
#17231=CARTESIAN_POINT('',(7.812,3.35446343554394,-6.06396277771789));
#17232=CARTESIAN_POINT('Ctrl Pts',(7.812,3.60973086236231,-5.95537282472214));
#17233=CARTESIAN_POINT('Ctrl Pts',(7.812,3.56840185040124,-6.01047817400356));
#17234=CARTESIAN_POINT('Ctrl Pts',(7.812,3.44036295060028,-6.06396277771789));
#17235=CARTESIAN_POINT('Ctrl Pts',(7.812,3.35446343554394,-6.06396277771789));
#17236=CARTESIAN_POINT('',(7.802,3.60973086236231,-5.95537282472214));
#17237=CARTESIAN_POINT('',(7.812,3.60973086236231,-5.95537282472214));
#17238=CARTESIAN_POINT('',(7.802,3.35446343554394,-6.06396277771789));
#17239=CARTESIAN_POINT('Ctrl Pts',(7.802,3.60973086236231,-5.95537282472214));
#17240=CARTESIAN_POINT('Ctrl Pts',(7.802,3.56840185040124,-6.01047817400356));
#17241=CARTESIAN_POINT('Ctrl Pts',(7.802,3.44036295060028,-6.06396277771789));
#17242=CARTESIAN_POINT('Ctrl Pts',(7.802,3.35446343554394,-6.06396277771789));
#17243=CARTESIAN_POINT('',(7.812,3.35446343554394,-6.06396277771789));
#17244=CARTESIAN_POINT('Ctrl Pts',(7.812,3.66888807556149,-5.7616937294536));
#17245=CARTESIAN_POINT('Ctrl Pts',(7.802,3.66888807556149,-5.7616937294536));
#17246=CARTESIAN_POINT('Ctrl Pts',(7.812,3.66888807556149,-5.82004056986922));
#17247=CARTESIAN_POINT('Ctrl Pts',(7.802,3.66888807556149,-5.82004056986922));
#17248=CARTESIAN_POINT('Ctrl Pts',(7.812,3.64538726483853,-5.90756083049267));
#17249=CARTESIAN_POINT('Ctrl Pts',(7.802,3.64538726483853,-5.90756083049267));
#17250=CARTESIAN_POINT('Ctrl Pts',(7.812,3.60973086236231,-5.95537282472214));
#17251=CARTESIAN_POINT('Ctrl Pts',(7.802,3.60973086236231,-5.95537282472214));
#17252=CARTESIAN_POINT('',(7.812,3.66888807556149,-5.7616937294536));
#17253=CARTESIAN_POINT('Ctrl Pts',(7.812,3.66888807556149,-5.7616937294536));
#17254=CARTESIAN_POINT('Ctrl Pts',(7.812,3.66888807556149,-5.82004056986922));
#17255=CARTESIAN_POINT('Ctrl Pts',(7.812,3.64538726483853,-5.90756083049267));
#17256=CARTESIAN_POINT('Ctrl Pts',(7.812,3.60973086236231,-5.95537282472214));
#17257=CARTESIAN_POINT('',(7.802,3.66888807556149,-5.7616937294536));
#17258=CARTESIAN_POINT('',(7.812,3.66888807556149,-5.7616937294536));
#17259=CARTESIAN_POINT('Ctrl Pts',(7.802,3.66888807556149,-5.7616937294536));
#17260=CARTESIAN_POINT('Ctrl Pts',(7.802,3.66888807556149,-5.82004056986922));
#17261=CARTESIAN_POINT('Ctrl Pts',(7.802,3.64538726483853,-5.90756083049267));
#17262=CARTESIAN_POINT('Ctrl Pts',(7.802,3.60973086236231,-5.95537282472214));
#17263=CARTESIAN_POINT('Ctrl Pts',(7.812,3.59919601617615,-5.55342792408115));
#17264=CARTESIAN_POINT('Ctrl Pts',(7.802,3.59919601617615,-5.55342792408115));
#17265=CARTESIAN_POINT('Ctrl Pts',(7.812,3.63242130030172,-5.60123991831063));
#17266=CARTESIAN_POINT('Ctrl Pts',(7.802,3.63242130030172,-5.60123991831063));
#17267=CARTESIAN_POINT('Ctrl Pts',(7.812,3.66888807556149,-5.70172614347087));
#17268=CARTESIAN_POINT('Ctrl Pts',(7.802,3.66888807556149,-5.70172614347087));
#17269=CARTESIAN_POINT('Ctrl Pts',(7.812,3.66888807556149,-5.7616937294536));
#17270=CARTESIAN_POINT('Ctrl Pts',(7.802,3.66888807556149,-5.7616937294536));
#17271=CARTESIAN_POINT('',(7.812,3.59919601617615,-5.55342792408115));
#17272=CARTESIAN_POINT('Ctrl Pts',(7.812,3.59919601617615,-5.55342792408115));
#17273=CARTESIAN_POINT('Ctrl Pts',(7.812,3.63242130030172,-5.60123991831063));
#17274=CARTESIAN_POINT('Ctrl Pts',(7.812,3.66888807556149,-5.70172614347087));
#17275=CARTESIAN_POINT('Ctrl Pts',(7.812,3.66888807556149,-5.7616937294536));
#17276=CARTESIAN_POINT('',(7.802,3.59919601617615,-5.55342792408115));
#17277=CARTESIAN_POINT('',(7.812,3.59919601617615,-5.55342792408115));
#17278=CARTESIAN_POINT('Ctrl Pts',(7.802,3.59919601617615,-5.55342792408115));
#17279=CARTESIAN_POINT('Ctrl Pts',(7.802,3.63242130030172,-5.60123991831063));
#17280=CARTESIAN_POINT('Ctrl Pts',(7.802,3.66888807556149,-5.70172614347087));
#17281=CARTESIAN_POINT('Ctrl Pts',(7.802,3.66888807556149,-5.7616937294536));
#17282=CARTESIAN_POINT('Ctrl Pts',(7.812,3.93306960299891,-5.84597249894284));
#17283=CARTESIAN_POINT('Ctrl Pts',(7.802,3.93306960299891,-5.84597249894284));
#17284=CARTESIAN_POINT('Ctrl Pts',(7.812,3.93306960299891,-5.72117509027608));
#17285=CARTESIAN_POINT('Ctrl Pts',(7.802,3.93306960299891,-5.72117509027608));
#17286=CARTESIAN_POINT('Ctrl Pts',(7.812,3.76451206402043,-5.56801463418506));
#17287=CARTESIAN_POINT('Ctrl Pts',(7.802,3.76451206402043,-5.56801463418506));
#17288=CARTESIAN_POINT('Ctrl Pts',(7.812,3.59919601617615,-5.55342792408115));
#17289=CARTESIAN_POINT('Ctrl Pts',(7.802,3.59919601617615,-5.55342792408115));
#17290=CARTESIAN_POINT('',(7.812,3.93306960299891,-5.84597249894284));
#17291=CARTESIAN_POINT('Ctrl Pts',(7.812,3.93306960299891,-5.84597249894284));
#17292=CARTESIAN_POINT('Ctrl Pts',(7.812,3.93306960299891,-5.72117509027608));
#17293=CARTESIAN_POINT('Ctrl Pts',(7.812,3.76451206402043,-5.56801463418506));
#17294=CARTESIAN_POINT('Ctrl Pts',(7.812,3.59919601617615,-5.55342792408115));
#17295=CARTESIAN_POINT('',(7.802,3.93306960299891,-5.84597249894284));
#17296=CARTESIAN_POINT('',(7.812,3.93306960299891,-5.84597249894284));
#17297=CARTESIAN_POINT('Ctrl Pts',(7.802,3.93306960299891,-5.84597249894284));
#17298=CARTESIAN_POINT('Ctrl Pts',(7.802,3.93306960299891,-5.72117509027608));
#17299=CARTESIAN_POINT('Ctrl Pts',(7.802,3.76451206402043,-5.56801463418506));
#17300=CARTESIAN_POINT('Ctrl Pts',(7.802,3.59919601617615,-5.55342792408115));
#17301=CARTESIAN_POINT('Ctrl Pts',(7.812,3.90632730114175,-5.97158028039314));
#17302=CARTESIAN_POINT('Ctrl Pts',(7.802,3.90632730114175,-5.97158028039314));
#17303=CARTESIAN_POINT('Ctrl Pts',(7.812,3.91605177454435,-5.95294170637149));
#17304=CARTESIAN_POINT('Ctrl Pts',(7.802,3.91605177454435,-5.95294170637149));
#17305=CARTESIAN_POINT('Ctrl Pts',(7.812,3.93306960299891,-5.88487039255326));
#17306=CARTESIAN_POINT('Ctrl Pts',(7.802,3.93306960299891,-5.88487039255326));
#17307=CARTESIAN_POINT('Ctrl Pts',(7.812,3.93306960299891,-5.84597249894284));
#17308=CARTESIAN_POINT('Ctrl Pts',(7.802,3.93306960299891,-5.84597249894284));
#17309=CARTESIAN_POINT('',(7.812,3.90632730114175,-5.97158028039314));
#17310=CARTESIAN_POINT('Ctrl Pts',(7.812,3.90632730114175,-5.97158028039314));
#17311=CARTESIAN_POINT('Ctrl Pts',(7.812,3.91605177454435,-5.95294170637149));
#17312=CARTESIAN_POINT('Ctrl Pts',(7.812,3.93306960299891,-5.88487039255326));
#17313=CARTESIAN_POINT('Ctrl Pts',(7.812,3.93306960299891,-5.84597249894284));
#17314=CARTESIAN_POINT('',(7.802,3.90632730114175,-5.97158028039314));
#17315=CARTESIAN_POINT('',(7.812,3.90632730114175,-5.97158028039314));
#17316=CARTESIAN_POINT('Ctrl Pts',(7.802,3.90632730114175,-5.97158028039314));
#17317=CARTESIAN_POINT('Ctrl Pts',(7.802,3.91605177454435,-5.95294170637149));
#17318=CARTESIAN_POINT('Ctrl Pts',(7.802,3.93306960299891,-5.88487039255326));
#17319=CARTESIAN_POINT('Ctrl Pts',(7.802,3.93306960299891,-5.84597249894284));
#17320=CARTESIAN_POINT('Origin',(7.812,3.90632730114175,-5.977252889878));
#17321=CARTESIAN_POINT('',(7.812,3.90632730114175,-5.977252889878));
#17322=CARTESIAN_POINT('',(7.812,3.90632730114175,-7.78329898103545));
#17323=CARTESIAN_POINT('',(7.802,3.90632730114175,-5.977252889878));
#17324=CARTESIAN_POINT('',(7.812,3.90632730114175,-5.977252889878));
#17325=CARTESIAN_POINT('',(7.802,3.90632730114175,-5.977252889878));
#17326=CARTESIAN_POINT('Origin',(7.812,4.03517657372625,-5.977252889878));
#17327=CARTESIAN_POINT('',(7.812,4.03517657372625,-5.977252889878));
#17328=CARTESIAN_POINT('',(7.812,1.64179957317854,-5.977252889878));
#17329=CARTESIAN_POINT('',(7.802,4.03517657372625,-5.977252889878));
#17330=CARTESIAN_POINT('',(7.812,4.03517657372625,-5.977252889878));
#17331=CARTESIAN_POINT('',(7.802,4.03517657372625,-5.977252889878));
#17332=CARTESIAN_POINT('Ctrl Pts',(7.812,4.04895291104661,-5.86380070018095));
#17333=CARTESIAN_POINT('Ctrl Pts',(7.802,4.04895291104661,-5.86380070018095));
#17334=CARTESIAN_POINT('Ctrl Pts',(7.812,4.04895291104661,-5.89702598430651));
#17335=CARTESIAN_POINT('Ctrl Pts',(7.802,4.04895291104661,-5.89702598430651));
#17336=CARTESIAN_POINT('Ctrl Pts',(7.812,4.04246992877821,-5.95537282472214));
#17337=CARTESIAN_POINT('Ctrl Pts',(7.802,4.04246992877821,-5.95537282472214));
#17338=CARTESIAN_POINT('Ctrl Pts',(7.812,4.03517657372625,-5.977252889878));
#17339=CARTESIAN_POINT('Ctrl Pts',(7.802,4.03517657372625,-5.977252889878));
#17340=CARTESIAN_POINT('',(7.812,4.04895291104661,-5.86380070018095));
#17341=CARTESIAN_POINT('Ctrl Pts',(7.812,4.04895291104661,-5.86380070018095));
#17342=CARTESIAN_POINT('Ctrl Pts',(7.812,4.04895291104661,-5.89702598430651));
#17343=CARTESIAN_POINT('Ctrl Pts',(7.812,4.04246992877821,-5.95537282472214));
#17344=CARTESIAN_POINT('Ctrl Pts',(7.812,4.03517657372625,-5.977252889878));
#17345=CARTESIAN_POINT('',(7.802,4.04895291104661,-5.86380070018095));
#17346=CARTESIAN_POINT('',(7.812,4.04895291104661,-5.86380070018095));
#17347=CARTESIAN_POINT('Ctrl Pts',(7.802,4.04895291104661,-5.86380070018095));
#17348=CARTESIAN_POINT('Ctrl Pts',(7.802,4.04895291104661,-5.89702598430651));
#17349=CARTESIAN_POINT('Ctrl Pts',(7.802,4.04246992877821,-5.95537282472214));
#17350=CARTESIAN_POINT('Ctrl Pts',(7.802,4.03517657372625,-5.977252889878));
#17351=CARTESIAN_POINT('Ctrl Pts',(7.812,3.88768872712009,-5.52506487665689));
#17352=CARTESIAN_POINT('Ctrl Pts',(7.802,3.88768872712009,-5.52506487665689));
#17353=CARTESIAN_POINT('Ctrl Pts',(7.812,3.96386376877382,-5.57935985315476));
#17354=CARTESIAN_POINT('Ctrl Pts',(7.802,3.96386376877382,-5.57935985315476));
#17355=CARTESIAN_POINT('Ctrl Pts',(7.812,4.04895291104661,-5.75115888326744));
#17356=CARTESIAN_POINT('Ctrl Pts',(7.802,4.04895291104661,-5.75115888326744));
#17357=CARTESIAN_POINT('Ctrl Pts',(7.812,4.04895291104661,-5.86380070018095));
#17358=CARTESIAN_POINT('Ctrl Pts',(7.802,4.04895291104661,-5.86380070018095));
#17359=CARTESIAN_POINT('',(7.812,3.88768872712009,-5.52506487665689));
#17360=CARTESIAN_POINT('Ctrl Pts',(7.812,3.88768872712009,-5.52506487665689));
#17361=CARTESIAN_POINT('Ctrl Pts',(7.812,3.96386376877382,-5.57935985315476));
#17362=CARTESIAN_POINT('Ctrl Pts',(7.812,4.04895291104661,-5.75115888326744));
#17363=CARTESIAN_POINT('Ctrl Pts',(7.812,4.04895291104661,-5.86380070018095));
#17364=CARTESIAN_POINT('',(7.802,3.88768872712009,-5.52506487665689));
#17365=CARTESIAN_POINT('',(7.812,3.88768872712009,-5.52506487665689));
#17366=CARTESIAN_POINT('Ctrl Pts',(7.802,3.88768872712009,-5.52506487665689));
#17367=CARTESIAN_POINT('Ctrl Pts',(7.802,3.96386376877382,-5.57935985315476));
#17368=CARTESIAN_POINT('Ctrl Pts',(7.802,4.04895291104661,-5.75115888326744));
#17369=CARTESIAN_POINT('Ctrl Pts',(7.802,4.04895291104661,-5.86380070018095));
#17370=CARTESIAN_POINT('Ctrl Pts',(7.812,3.46953637080809,-5.41566455087759));
#17371=CARTESIAN_POINT('Ctrl Pts',(7.802,3.46953637080809,-5.41566455087759));
#17372=CARTESIAN_POINT('Ctrl Pts',(7.812,3.6000063889597,-5.41566455087759));
#17373=CARTESIAN_POINT('Ctrl Pts',(7.802,3.6000063889597,-5.41566455087759));
#17374=CARTESIAN_POINT('Ctrl Pts',(7.812,3.80989293989925,-5.46914915459191));
#17375=CARTESIAN_POINT('Ctrl Pts',(7.802,3.80989293989925,-5.46914915459191));
#17376=CARTESIAN_POINT('Ctrl Pts',(7.812,3.88768872712009,-5.52506487665689));
#17377=CARTESIAN_POINT('Ctrl Pts',(7.802,3.88768872712009,-5.52506487665689));
#17378=CARTESIAN_POINT('',(7.812,3.46953637080809,-5.41566455087759));
#17379=CARTESIAN_POINT('Ctrl Pts',(7.812,3.46953637080809,-5.41566455087759));
#17380=CARTESIAN_POINT('Ctrl Pts',(7.812,3.6000063889597,-5.41566455087759));
#17381=CARTESIAN_POINT('Ctrl Pts',(7.812,3.80989293989925,-5.46914915459191));
#17382=CARTESIAN_POINT('Ctrl Pts',(7.812,3.88768872712009,-5.52506487665689));
#17383=CARTESIAN_POINT('',(7.802,3.46953637080809,-5.41566455087759));
#17384=CARTESIAN_POINT('',(7.812,3.46953637080809,-5.41566455087759));
#17385=CARTESIAN_POINT('Ctrl Pts',(7.802,3.46953637080809,-5.41566455087759));
#17386=CARTESIAN_POINT('Ctrl Pts',(7.802,3.6000063889597,-5.41566455087759));
#17387=CARTESIAN_POINT('Ctrl Pts',(7.802,3.80989293989925,-5.46914915459191));
#17388=CARTESIAN_POINT('Ctrl Pts',(7.802,3.88768872712009,-5.52506487665689));
#17389=CARTESIAN_POINT('Ctrl Pts',(7.812,3.10000638150912,-5.52587524944044));
#17390=CARTESIAN_POINT('Ctrl Pts',(7.802,3.10000638150912,-5.52587524944044));
#17391=CARTESIAN_POINT('Ctrl Pts',(7.812,3.154301358007,-5.47401139129322));
#17392=CARTESIAN_POINT('Ctrl Pts',(7.802,3.154301358007,-5.47401139129322));
#17393=CARTESIAN_POINT('Ctrl Pts',(7.812,3.33663523430583,-5.41566455087759));
#17394=CARTESIAN_POINT('Ctrl Pts',(7.802,3.33663523430583,-5.41566455087759));
#17395=CARTESIAN_POINT('Ctrl Pts',(7.812,3.46953637080809,-5.41566455087759));
#17396=CARTESIAN_POINT('Ctrl Pts',(7.802,3.46953637080809,-5.41566455087759));
#17397=CARTESIAN_POINT('',(7.812,3.10000638150912,-5.52587524944044));
#17398=CARTESIAN_POINT('Ctrl Pts',(7.812,3.10000638150912,-5.52587524944044));
#17399=CARTESIAN_POINT('Ctrl Pts',(7.812,3.154301358007,-5.47401139129322));
#17400=CARTESIAN_POINT('Ctrl Pts',(7.812,3.33663523430583,-5.41566455087759));
#17401=CARTESIAN_POINT('Ctrl Pts',(7.812,3.46953637080809,-5.41566455087759));
#17402=CARTESIAN_POINT('',(7.802,3.10000638150912,-5.52587524944044));
#17403=CARTESIAN_POINT('',(7.812,3.10000638150912,-5.52587524944044));
#17404=CARTESIAN_POINT('Ctrl Pts',(7.802,3.10000638150912,-5.52587524944044));
#17405=CARTESIAN_POINT('Ctrl Pts',(7.802,3.154301358007,-5.47401139129322));
#17406=CARTESIAN_POINT('Ctrl Pts',(7.802,3.33663523430583,-5.41566455087759));
#17407=CARTESIAN_POINT('Ctrl Pts',(7.802,3.46953637080809,-5.41566455087759));
#17408=CARTESIAN_POINT('Ctrl Pts',(7.812,3.00924462975148,-5.74629664656614));
#17409=CARTESIAN_POINT('Ctrl Pts',(7.802,3.00924462975148,-5.74629664656614));
#17410=CARTESIAN_POINT('Ctrl Pts',(7.812,3.00924462975148,-5.67903570553146));
#17411=CARTESIAN_POINT('Ctrl Pts',(7.802,3.00924462975148,-5.67903570553146));
#17412=CARTESIAN_POINT('Ctrl Pts',(7.812,3.0546255056303,-5.56801463418506));
#17413=CARTESIAN_POINT('Ctrl Pts',(7.802,3.0546255056303,-5.56801463418506));
#17414=CARTESIAN_POINT('Ctrl Pts',(7.812,3.10000638150912,-5.52587524944044));
#17415=CARTESIAN_POINT('Ctrl Pts',(7.802,3.10000638150912,-5.52587524944044));
#17416=CARTESIAN_POINT('',(7.812,3.00924462975148,-5.74629664656614));
#17417=CARTESIAN_POINT('Ctrl Pts',(7.812,3.00924462975148,-5.74629664656614));
#17418=CARTESIAN_POINT('Ctrl Pts',(7.812,3.00924462975148,-5.67903570553146));
#17419=CARTESIAN_POINT('Ctrl Pts',(7.812,3.0546255056303,-5.56801463418506));
#17420=CARTESIAN_POINT('Ctrl Pts',(7.812,3.10000638150912,-5.52587524944044));
#17421=CARTESIAN_POINT('',(7.802,3.00924462975148,-5.74629664656614));
#17422=CARTESIAN_POINT('',(7.812,3.00924462975148,-5.74629664656614));
#17423=CARTESIAN_POINT('Ctrl Pts',(7.802,3.00924462975148,-5.74629664656614));
#17424=CARTESIAN_POINT('Ctrl Pts',(7.802,3.00924462975148,-5.67903570553146));
#17425=CARTESIAN_POINT('Ctrl Pts',(7.802,3.0546255056303,-5.56801463418506));
#17426=CARTESIAN_POINT('Ctrl Pts',(7.802,3.10000638150912,-5.52587524944044));
#17427=CARTESIAN_POINT('Ctrl Pts',(7.812,3.10324787264333,-5.96995953482605));
#17428=CARTESIAN_POINT('Ctrl Pts',(7.802,3.10324787264333,-5.96995953482605));
#17429=CARTESIAN_POINT('Ctrl Pts',(7.812,3.05705662398096,-5.92538903173077));
#17430=CARTESIAN_POINT('Ctrl Pts',(7.802,3.05705662398096,-5.92538903173077));
#17431=CARTESIAN_POINT('Ctrl Pts',(7.812,3.00924462975148,-5.81355758760082));
#17432=CARTESIAN_POINT('Ctrl Pts',(7.802,3.00924462975148,-5.81355758760082));
#17433=CARTESIAN_POINT('Ctrl Pts',(7.812,3.00924462975148,-5.74629664656614));
#17434=CARTESIAN_POINT('Ctrl Pts',(7.802,3.00924462975148,-5.74629664656614));
#17435=CARTESIAN_POINT('',(7.812,3.10324787264332,-5.96995953482605));
#17436=CARTESIAN_POINT('Ctrl Pts',(7.812,3.10324787264333,-5.96995953482605));
#17437=CARTESIAN_POINT('Ctrl Pts',(7.812,3.05705662398096,-5.92538903173077));
#17438=CARTESIAN_POINT('Ctrl Pts',(7.812,3.00924462975148,-5.81355758760082));
#17439=CARTESIAN_POINT('Ctrl Pts',(7.812,3.00924462975148,-5.74629664656614));
#17440=CARTESIAN_POINT('',(7.802,3.10324787264332,-5.96995953482605));
#17441=CARTESIAN_POINT('',(7.812,3.10324787264332,-5.96995953482605));
#17442=CARTESIAN_POINT('Ctrl Pts',(7.802,3.10324787264333,-5.96995953482605));
#17443=CARTESIAN_POINT('Ctrl Pts',(7.802,3.05705662398096,-5.92538903173077));
#17444=CARTESIAN_POINT('Ctrl Pts',(7.802,3.00924462975148,-5.81355758760082));
#17445=CARTESIAN_POINT('Ctrl Pts',(7.802,3.00924462975148,-5.74629664656614));
#17446=CARTESIAN_POINT('Ctrl Pts',(7.812,3.35446343554394,-6.06396277771789));
#17447=CARTESIAN_POINT('Ctrl Pts',(7.802,3.35446343554394,-6.06396277771789));
#17448=CARTESIAN_POINT('Ctrl Pts',(7.812,3.27747802110666,-6.06396277771789));
#17449=CARTESIAN_POINT('Ctrl Pts',(7.802,3.27747802110666,-6.06396277771789));
#17450=CARTESIAN_POINT('Ctrl Pts',(7.812,3.14700800295505,-6.01290929235421));
#17451=CARTESIAN_POINT('Ctrl Pts',(7.802,3.14700800295505,-6.01290929235421));
#17452=CARTESIAN_POINT('Ctrl Pts',(7.812,3.10324787264333,-5.96995953482605));
#17453=CARTESIAN_POINT('Ctrl Pts',(7.802,3.10324787264333,-5.96995953482605));
#17454=CARTESIAN_POINT('Ctrl Pts',(7.812,3.35446343554394,-6.06396277771789));
#17455=CARTESIAN_POINT('Ctrl Pts',(7.812,3.27747802110666,-6.06396277771789));
#17456=CARTESIAN_POINT('Ctrl Pts',(7.812,3.14700800295505,-6.01290929235421));
#17457=CARTESIAN_POINT('Ctrl Pts',(7.812,3.10324787264333,-5.96995953482605));
#17458=CARTESIAN_POINT('Ctrl Pts',(7.802,3.35446343554394,-6.06396277771789));
#17459=CARTESIAN_POINT('Ctrl Pts',(7.802,3.27747802110666,-6.06396277771789));
#17460=CARTESIAN_POINT('Ctrl Pts',(7.802,3.14700800295505,-6.01290929235421));
#17461=CARTESIAN_POINT('Ctrl Pts',(7.802,3.10324787264333,-5.96995953482605));
#17462=CARTESIAN_POINT('Origin',(7.802,3.58218116539698,-5.72661442271709));
#17463=CARTESIAN_POINT('Origin',(7.812,3.52869358400727,-6.54856570228101));
#17464=CARTESIAN_POINT('',(7.812,3.52869358400727,-6.54856570228101));
#17465=CARTESIAN_POINT('',(7.812,3.40713766647471,-6.54856570228101));
#17466=CARTESIAN_POINT('',(7.812,1.38855807831905,-6.54856570228101));
#17467=CARTESIAN_POINT('',(7.802,3.52869358400727,-6.54856570228101));
#17468=CARTESIAN_POINT('',(7.812,3.52869358400727,-6.54856570228101));
#17469=CARTESIAN_POINT('',(7.802,3.40713766647471,-6.54856570228101));
#17470=CARTESIAN_POINT('',(7.802,3.52869358400727,-6.54856570228101));
#17471=CARTESIAN_POINT('',(7.812,3.40713766647471,-6.54856570228101));
#17472=CARTESIAN_POINT('Origin',(7.812,3.52869358400727,-6.17012161236299));
#17473=CARTESIAN_POINT('',(7.812,3.52869358400727,-6.17012161236299));
#17474=CARTESIAN_POINT('',(7.812,3.52869358400727,-7.87973334227795));
#17475=CARTESIAN_POINT('',(7.802,3.52869358400727,-6.17012161236299));
#17476=CARTESIAN_POINT('',(7.812,3.52869358400727,-6.17012161236299));
#17477=CARTESIAN_POINT('',(7.802,3.52869358400727,-6.17012161236299));
#17478=CARTESIAN_POINT('Origin',(7.812,3.40713766647471,-6.17012161236299));
#17479=CARTESIAN_POINT('',(7.812,3.40713766647471,-6.17012161236299));
#17480=CARTESIAN_POINT('',(7.812,1.32778011955277,-6.17012161236299));
#17481=CARTESIAN_POINT('',(7.802,3.40713766647471,-6.17012161236299));
#17482=CARTESIAN_POINT('',(7.812,3.40713766647471,-6.17012161236299));
#17483=CARTESIAN_POINT('',(7.802,3.40713766647471,-6.17012161236299));
#17484=CARTESIAN_POINT('Origin',(7.812,3.40713766647471,-6.54856570228101));
#17485=CARTESIAN_POINT('',(7.812,3.40713766647471,-8.06895538723696));
#17486=CARTESIAN_POINT('',(7.802,3.40713766647471,-6.54856570228101));
#17487=CARTESIAN_POINT('Origin',(7.802,3.46791562524099,-6.359343657322));
#17488=CARTESIAN_POINT('Origin',(7.812,-0.75157742736917,-9.58934507219291));
#17489=CARTESIAN_POINT('',(7.812,7.493,-15.40796043607));
#17490=CARTESIAN_POINT('',(7.812,7.623,-13.8007578974956));
#17491=CARTESIAN_POINT('Origin',(7.812,-2.377,-13.8007578974956));
#17492=CARTESIAN_POINT('',(7.812,7.623,0.129999999999999));
#17493=CARTESIAN_POINT('',(7.812,7.623,-13.8007578974956));
#17494=CARTESIAN_POINT('',(7.812,-7.493,0.129999999999999));
#17495=CARTESIAN_POINT('',(7.812,7.623,0.129999999999999));
#17496=CARTESIAN_POINT('',(7.812,-7.493,-10.541));
#17497=CARTESIAN_POINT('',(7.812,-7.493,0.129999999999999));
#17498=CARTESIAN_POINT('',(7.812,-8.128,-10.541));
#17499=CARTESIAN_POINT('',(7.812,-7.493,-10.541));
#17500=CARTESIAN_POINT('',(7.812,-8.128,-20.828));
#17501=CARTESIAN_POINT('',(7.812,-8.128,-10.541));
#17502=CARTESIAN_POINT('',(7.812,-5.461,-20.828));
#17503=CARTESIAN_POINT('',(7.812,-8.128,-20.828));
#17504=CARTESIAN_POINT('',(7.812,5.005195774253,-18.50770025867));
#17505=CARTESIAN_POINT('',(7.812,-5.461,-20.828));
#17506=CARTESIAN_POINT('Origin',(7.812,4.318,-15.40796043607));
#17507=CARTESIAN_POINT('Origin',(7.812,-0.75157742736917,-9.58934507219291));
#17508=CARTESIAN_POINT('Origin',(7.812,-0.75157742736917,-9.58934507219291));
#17509=CARTESIAN_POINT('Origin',(7.812,-0.75157742736917,-9.58934507219291));
#17510=CARTESIAN_POINT('Origin',(7.812,-0.75157742736917,-9.58934507219291));
#17511=CARTESIAN_POINT('Origin',(7.812,-0.75157742736917,-9.58934507219291));
#17512=CARTESIAN_POINT('Origin',(-5.461,-12.1392,-10.541));
#17513=CARTESIAN_POINT('',(-5.207,-12.0142,-9.715597698089));
#17514=CARTESIAN_POINT('',(-5.207,-12.2642,-9.98244028072193));
#17515=CARTESIAN_POINT('Ctrl Pts',(-5.207,-12.0142,-9.71559769808899));
#17516=CARTESIAN_POINT('Ctrl Pts',(-5.207,-12.1633013281567,-9.87159908880238));
#17517=CARTESIAN_POINT('Ctrl Pts',(-5.207,-12.2642,-9.98244028072193));
#17518=CARTESIAN_POINT('',(-5.207,-12.2642,-11.0995597192781));
#17519=CARTESIAN_POINT('Origin',(-5.461,-12.2642,-10.541));
#17520=CARTESIAN_POINT('',(-5.207,-12.0142,-11.36640230191));
#17521=CARTESIAN_POINT('Ctrl Pts',(-5.207,-12.2642,-11.0995597192781));
#17522=CARTESIAN_POINT('Ctrl Pts',(-5.207,-12.1633013281568,-11.2104009111976));
#17523=CARTESIAN_POINT('Ctrl Pts',(-5.207,-12.0142,-11.366402301911));
#17524=CARTESIAN_POINT('Origin',(-5.461,-12.0142,-10.541));
#17525=CARTESIAN_POINT('Origin',(-5.00977906093127,-12.2642,-10.5409999999997));
#17526=CARTESIAN_POINT('',(-5.207,-12.2642,-11.36640230191));
#17527=CARTESIAN_POINT('Origin',(-5.969,-12.1392,-10.541));
#17528=CARTESIAN_POINT('',(-6.223,-12.0142,-11.36640230191));
#17529=CARTESIAN_POINT('',(-6.223,-12.2642,-11.0995597192781));
#17530=CARTESIAN_POINT('Ctrl Pts',(-6.223,-12.0142,-11.366402301911));
#17531=CARTESIAN_POINT('Ctrl Pts',(-6.223,-12.1633013281566,-11.2104009111977));
#17532=CARTESIAN_POINT('Ctrl Pts',(-6.223,-12.2642,-11.0995597192781));
#17533=CARTESIAN_POINT('',(-6.223,-12.2642,-9.98244028072193));
#17534=CARTESIAN_POINT('Origin',(-5.969,-12.2642,-10.541));
#17535=CARTESIAN_POINT('',(-6.223,-12.0142,-9.715597698089));
#17536=CARTESIAN_POINT('Ctrl Pts',(-6.223,-12.2642,-9.98244028072193));
#17537=CARTESIAN_POINT('Ctrl Pts',(-6.223,-12.1633013281566,-9.87159908880225));
#17538=CARTESIAN_POINT('Ctrl Pts',(-6.223,-12.0142,-9.71559769808898));
#17539=CARTESIAN_POINT('Origin',(-5.969,-12.0142,-10.541));
#17540=CARTESIAN_POINT('Origin',(-6.42022093906873,-12.2642,-10.5409999999997));
#17541=CARTESIAN_POINT('',(-6.223,-12.2642,-9.715597698089));
#17542=CARTESIAN_POINT('Origin',(5.461,-12.1392,-10.541));
#17543=CARTESIAN_POINT('',(5.207,-12.0142,-11.36640230191));
#17544=CARTESIAN_POINT('',(5.207,-12.2642,-11.0995597192781));
#17545=CARTESIAN_POINT('Ctrl Pts',(5.207,-12.0142,-11.366402301911));
#17546=CARTESIAN_POINT('Ctrl Pts',(5.207,-12.1633013281566,-11.2104009111977));
#17547=CARTESIAN_POINT('Ctrl Pts',(5.207,-12.2642,-11.0995597192781));
#17548=CARTESIAN_POINT('',(5.207,-12.2642,-9.98244028072193));
#17549=CARTESIAN_POINT('Origin',(5.461,-12.2642,-10.541));
#17550=CARTESIAN_POINT('',(5.207,-12.0142,-9.715597698089));
#17551=CARTESIAN_POINT('Ctrl Pts',(5.207,-12.2642,-9.98244028072193));
#17552=CARTESIAN_POINT('Ctrl Pts',(5.207,-12.1633013281567,-9.87159908880229));
#17553=CARTESIAN_POINT('Ctrl Pts',(5.207,-12.0142,-9.71559769808898));
#17554=CARTESIAN_POINT('Origin',(5.461,-12.0142,-10.541));
#17555=CARTESIAN_POINT('Origin',(5.00977906093127,-12.2642,-10.5409999999997));
#17556=CARTESIAN_POINT('',(5.207,-12.2642,-11.36640230191));
#17557=CARTESIAN_POINT('Origin',(5.969,-12.1392,-10.541));
#17558=CARTESIAN_POINT('',(6.223,-12.0142,-9.715597698089));
#17559=CARTESIAN_POINT('',(6.223,-12.2642,-9.98244028072193));
#17560=CARTESIAN_POINT('Ctrl Pts',(6.223,-12.0142,-9.71559769808898));
#17561=CARTESIAN_POINT('Ctrl Pts',(6.223,-12.1633013281567,-9.87159908880229));
#17562=CARTESIAN_POINT('Ctrl Pts',(6.223,-12.2642,-9.98244028072193));
#17563=CARTESIAN_POINT('',(6.223,-12.2642,-11.0995597192781));
#17564=CARTESIAN_POINT('Origin',(5.969,-12.2642,-10.541));
#17565=CARTESIAN_POINT('',(6.223,-12.0142,-11.36640230191));
#17566=CARTESIAN_POINT('Ctrl Pts',(6.223,-12.2642,-11.0995597192781));
#17567=CARTESIAN_POINT('Ctrl Pts',(6.223,-12.1633013281566,-11.2104009111977));
#17568=CARTESIAN_POINT('Ctrl Pts',(6.223,-12.0142,-11.366402301911));
#17569=CARTESIAN_POINT('Origin',(5.969,-12.0142,-10.541));
#17570=CARTESIAN_POINT('Origin',(6.42022093906873,-12.2642,-10.5409999999997));
#17571=CARTESIAN_POINT('',(6.223,-12.2642,-9.715597698089));
#17572=CARTESIAN_POINT('Origin',(-5.207,-12.0142,-9.715597698089));
#17573=CARTESIAN_POINT('',(-5.207,-12.0142,-11.36640230191));
#17574=CARTESIAN_POINT('Origin',(6.223,-12.0142,-9.715597698089));
#17575=CARTESIAN_POINT('',(6.223,-12.0142,-9.715597698089));
#17576=CARTESIAN_POINT('Origin',(5.207,-12.0142,-11.36640230191));
#17577=CARTESIAN_POINT('',(5.207,-12.0142,-11.36640230191));
#17578=CARTESIAN_POINT('Origin',(-6.223,-12.0142,-11.36640230191));
#17579=CARTESIAN_POINT('',(-6.223,-12.0142,-9.715597698089));
#17580=CARTESIAN_POINT('Origin',(-7.812,-0.75157742736917,-9.58934507219291));
#17581=CARTESIAN_POINT('',(-7.812,7.623,-13.8007578974956));
#17582=CARTESIAN_POINT('',(-7.812,7.493,-15.40796043607));
#17583=CARTESIAN_POINT('Origin',(-7.812,-2.377,-13.8007578974956));
#17584=CARTESIAN_POINT('',(-7.812,5.005195774253,-18.50770025867));
#17585=CARTESIAN_POINT('Origin',(-7.812,4.318,-15.40796043607));
#17586=CARTESIAN_POINT('',(-7.812,-5.461,-20.828));
#17587=CARTESIAN_POINT('',(-7.812,5.005195774253,-18.50770025867));
#17588=CARTESIAN_POINT('',(-7.812,-8.128,-20.828));
#17589=CARTESIAN_POINT('',(-7.812,-5.461,-20.828));
#17590=CARTESIAN_POINT('',(-7.812,-8.128,-10.541));
#17591=CARTESIAN_POINT('',(-7.812,-8.128,-20.828));
#17592=CARTESIAN_POINT('',(-7.812,-7.493,-10.541));
#17593=CARTESIAN_POINT('',(-7.812,-8.128,-10.541));
#17594=CARTESIAN_POINT('',(-7.812,-7.493,0.129999999999999));
#17595=CARTESIAN_POINT('',(-7.812,-7.493,-10.541));
#17596=CARTESIAN_POINT('',(-7.812,7.623,0.129999999999999));
#17597=CARTESIAN_POINT('',(-7.812,-7.493,0.129999999999999));
#17598=CARTESIAN_POINT('',(-7.812,7.623,0.129999999999999));
#17599=CARTESIAN_POINT('Origin',(7.812,-0.75157742736917,-9.58934507219291));
#17600=CARTESIAN_POINT('Origin',(7.747,-2.377,-13.8007578974956));
#17601=CARTESIAN_POINT('',(-7.747,7.623,-13.8007578974956));
#17602=CARTESIAN_POINT('',(7.747,7.493,-15.40796043607));
#17603=CARTESIAN_POINT('Origin',(0.,7.623,-7.638980218035));
#17604=CARTESIAN_POINT('',(-7.747,7.623,0.129999999999999));
#17605=CARTESIAN_POINT('Ctrl Pts',(1.651,-6.55906370779717,0.));
#17606=CARTESIAN_POINT('Ctrl Pts',(2.03200000000093,-6.55906370779814,0.));
#17607=CARTESIAN_POINT('Ctrl Pts',(2.032,-6.16462348306093,0.));
#17608=CARTESIAN_POINT('Ctrl Pts',(1.651,-6.55906370779717,0.13));
#17609=CARTESIAN_POINT('Ctrl Pts',(2.03200000000093,-6.55906370779814,0.13));
#17610=CARTESIAN_POINT('Ctrl Pts',(2.032,-6.16462348306093,0.13));
#17611=CARTESIAN_POINT('',(2.032,-6.164623483059,0.));
#17612=CARTESIAN_POINT('',(1.651,-6.559063707795,0.));
#17613=CARTESIAN_POINT('Origin',(1.651,-6.16462348306093,0.));
#17614=CARTESIAN_POINT('',(1.651,-6.559063707795,0.13));
#17615=CARTESIAN_POINT('',(1.651,-6.559063707795,0.));
#17616=CARTESIAN_POINT('',(2.032,-6.164623483059,0.13));
#17617=CARTESIAN_POINT('Origin',(1.651,-6.16462348306093,0.13));
#17618=CARTESIAN_POINT('',(2.032,-6.164623483059,0.));
#17619=CARTESIAN_POINT('Origin',(-1.651,-6.559063707795,0.));
#17620=CARTESIAN_POINT('',(-1.651,-6.559063707795,0.));
#17621=CARTESIAN_POINT('',(-1.651,-6.559063707795,0.));
#17622=CARTESIAN_POINT('',(-1.651,-6.559063707795,0.13));
#17623=CARTESIAN_POINT('',(-1.651,-6.559063707795,0.));
#17624=CARTESIAN_POINT('',(-0.8255,-6.559063707795,0.13));
#17625=CARTESIAN_POINT('Ctrl Pts',(-2.032,-6.16462348305786,0.));
#17626=CARTESIAN_POINT('Ctrl Pts',(-2.03199999999945,-6.55906370779353,
0.));
#17627=CARTESIAN_POINT('Ctrl Pts',(-1.651,-6.5590637077941,0.));
#17628=CARTESIAN_POINT('Ctrl Pts',(-2.032,-6.16462348305786,0.13));
#17629=CARTESIAN_POINT('Ctrl Pts',(-2.03199999999945,-6.55906370779353,
0.13));
#17630=CARTESIAN_POINT('Ctrl Pts',(-1.651,-6.5590637077941,0.13));
#17631=CARTESIAN_POINT('',(-2.032,-6.164623483059,0.));
#17632=CARTESIAN_POINT('Origin',(-1.651,-6.16462348305786,0.));
#17633=CARTESIAN_POINT('',(-2.032,-6.164623483059,0.13));
#17634=CARTESIAN_POINT('',(-2.032,-6.164623483059,0.));
#17635=CARTESIAN_POINT('Origin',(-1.651,-6.16462348305786,0.13));
#17636=CARTESIAN_POINT('Origin',(0.,0.,0.13));
#17637=CARTESIAN_POINT('',(-7.747,-7.493,0.129999999999999));
#17638=CARTESIAN_POINT('',(6.223,-0.4239491642601,0.13));
#17639=CARTESIAN_POINT('',(5.9563,-0.7874,0.13));
#17640=CARTESIAN_POINT('Origin',(5.842,-0.4239491642601,0.13));
#17641=CARTESIAN_POINT('',(5.9563,-1.9304,0.13));
#17642=CARTESIAN_POINT('',(5.9563,-0.9652,0.13));
#17643=CARTESIAN_POINT('',(5.5753,-2.3114,0.13));
#17644=CARTESIAN_POINT('Origin',(5.5753,-1.9304,0.13));
#17645=CARTESIAN_POINT('',(3.1496,-2.3114,0.13));
#17646=CARTESIAN_POINT('',(1.5748,-2.3114,0.13));
#17647=CARTESIAN_POINT('',(3.1496,-3.6068,0.13));
#17648=CARTESIAN_POINT('',(3.1496,-1.8034,0.13));
#17649=CARTESIAN_POINT('',(2.7686,-3.9878,0.13));
#17650=CARTESIAN_POINT('Origin',(2.7686,-3.6068,0.13));
#17651=CARTESIAN_POINT('',(2.032,-3.9878,0.13));
#17652=CARTESIAN_POINT('',(1.016,-3.9878,0.13));
#17653=CARTESIAN_POINT('',(2.032,-3.0823117415295,0.13));
#17654=CARTESIAN_POINT('',(-2.032,-3.9878,0.13));
#17655=CARTESIAN_POINT('',(-2.032,-1.9939,0.13));
#17656=CARTESIAN_POINT('',(-2.7686,-3.9878,0.13));
#17657=CARTESIAN_POINT('',(-1.3843,-3.9878,0.13));
#17658=CARTESIAN_POINT('',(-3.1496,-3.6068,0.13));
#17659=CARTESIAN_POINT('Origin',(-2.7686,-3.6068,0.13));
#17660=CARTESIAN_POINT('',(-3.1496,-2.3114,0.13));
#17661=CARTESIAN_POINT('',(-3.1496,-1.1557,0.13));
#17662=CARTESIAN_POINT('',(-5.5753,-2.3114,0.13));
#17663=CARTESIAN_POINT('',(-2.78765,-2.3114,0.13));
#17664=CARTESIAN_POINT('',(-5.9563,-1.9304,0.13));
#17665=CARTESIAN_POINT('Origin',(-5.5753,-1.9304,0.13));
#17666=CARTESIAN_POINT('',(-5.9563,-0.7874,0.13));
#17667=CARTESIAN_POINT('',(-5.9563,-0.3937,0.13));
#17668=CARTESIAN_POINT('',(-6.223,-0.4239491642601,0.13));
#17669=CARTESIAN_POINT('Origin',(-5.842,-0.4239491642601,0.13));
#17670=CARTESIAN_POINT('',(-6.223,0.9319491642601,0.13));
#17671=CARTESIAN_POINT('',(-6.223,0.46597458213005,0.13));
#17672=CARTESIAN_POINT('',(-5.9563,1.2954,0.13));
#17673=CARTESIAN_POINT('Origin',(-5.842,0.9319491642601,0.13));
#17674=CARTESIAN_POINT('',(-5.9563,4.3942,0.13));
#17675=CARTESIAN_POINT('',(-5.9563,2.1971,0.13));
#17676=CARTESIAN_POINT('',(-5.8293,4.5212,0.13));
#17677=CARTESIAN_POINT('Origin',(-5.8293,4.3942,0.13));
#17678=CARTESIAN_POINT('',(-4.318,4.5212,0.13));
#17679=CARTESIAN_POINT('',(-2.159,4.5212,0.13));
#17680=CARTESIAN_POINT('',(-4.318,6.477,0.13));
#17681=CARTESIAN_POINT('',(-4.318,3.2385,0.13));
#17682=CARTESIAN_POINT('',(-3.937,6.858,0.13));
#17683=CARTESIAN_POINT('Origin',(-3.937,6.477,0.13));
#17684=CARTESIAN_POINT('',(3.937,6.858,0.13));
#17685=CARTESIAN_POINT('',(1.9685,6.858,0.13));
#17686=CARTESIAN_POINT('',(4.318,6.477,0.13));
#17687=CARTESIAN_POINT('Origin',(3.937,6.477,0.13));
#17688=CARTESIAN_POINT('',(4.318,4.5212,0.13));
#17689=CARTESIAN_POINT('',(4.318,2.2606,0.13));
#17690=CARTESIAN_POINT('',(5.8293,4.5212,0.13));
#17691=CARTESIAN_POINT('',(2.91465,4.5212,0.13));
#17692=CARTESIAN_POINT('',(5.9563,4.3942,0.13));
#17693=CARTESIAN_POINT('Origin',(5.8293,4.3942,0.13));
#17694=CARTESIAN_POINT('',(5.9563,1.2954,0.13));
#17695=CARTESIAN_POINT('',(5.9563,0.6477,0.13));
#17696=CARTESIAN_POINT('',(6.223,0.9319491642601,0.13));
#17697=CARTESIAN_POINT('Origin',(5.842,0.9319491642601,0.13));
#17698=CARTESIAN_POINT('',(6.223,-0.21197458213005,0.13));
#17699=CARTESIAN_POINT('Origin',(7.747,-5.461,-20.828));
#17700=CARTESIAN_POINT('',(4.6355,-5.461,-20.828));
#17701=CARTESIAN_POINT('',(-4.6355,-5.461,-20.828));
#17702=CARTESIAN_POINT('',(4.6355,-5.461,-20.828));
#17703=CARTESIAN_POINT('',(7.747,-5.461,-20.828));
#17704=CARTESIAN_POINT('',(7.62,-8.128,-20.828));
#17705=CARTESIAN_POINT('',(7.62,-8.128,-20.828));
#17706=CARTESIAN_POINT('',(6.858,-8.128,-20.828));
#17707=CARTESIAN_POINT('Origin',(7.239,-8.128,-20.828));
#17708=CARTESIAN_POINT('',(-6.858,-8.128,-20.828));
#17709=CARTESIAN_POINT('',(-6.858,-8.128,-20.828));
#17710=CARTESIAN_POINT('',(-7.62,-8.128,-20.828));
#17711=CARTESIAN_POINT('Origin',(-7.239,-8.128,-20.828));
#17712=CARTESIAN_POINT('',(-7.747,-8.128,-20.828));
#17713=CARTESIAN_POINT('',(-4.6355,-5.461,-20.828));
#17714=CARTESIAN_POINT('Origin',(-4.6355,-5.461,-20.828));
#17715=CARTESIAN_POINT('',(-4.6355,-5.461,-4.572));
#17716=CARTESIAN_POINT('',(-4.6355,-5.461,-20.828));
#17717=CARTESIAN_POINT('',(4.6355,-5.461,-4.572));
#17718=CARTESIAN_POINT('',(-4.6355,-5.461,-4.572));
#17719=CARTESIAN_POINT('',(4.6355,-5.461,-20.828));
#17720=CARTESIAN_POINT('Origin',(4.6355,0.,0.));
#17721=CARTESIAN_POINT('',(4.6355,-2.667,-20.20858511258));
#17722=CARTESIAN_POINT('',(4.6355,-5.461,-20.828));
#17723=CARTESIAN_POINT('',(4.6355,-3.423145126199,-4.572));
#17724=CARTESIAN_POINT('',(4.6355,-5.461,-4.572));
#17725=CARTESIAN_POINT('',(4.6355,-2.667,-13.97));
#17726=CARTESIAN_POINT('',(4.6355,-3.423145126199,-4.572));
#17727=CARTESIAN_POINT('',(4.6355,-2.667,-13.97));
#17728=CARTESIAN_POINT('Origin',(7.747,5.005195774253,-18.50770025867));
#17729=CARTESIAN_POINT('',(-4.6355,-2.667,-20.20858511258));
#17730=CARTESIAN_POINT('',(-4.6355,-5.461,-20.828));
#17731=CARTESIAN_POINT('',(7.747,5.005195774253,-18.50770025867));
#17732=CARTESIAN_POINT('',(4.6355,-2.667,-20.20858511258));
#17733=CARTESIAN_POINT('',(4.0005,1.988082646587,-19.17657813567));
#17734=CARTESIAN_POINT('',(-4.0005,1.988082646587,-19.17657813567));
#17735=CARTESIAN_POINT('',(4.0005,1.988082646587,-19.17657813567));
#17736=CARTESIAN_POINT('',(4.0005,3.351968168533,-18.87421199499));
#17737=CARTESIAN_POINT('',(4.0005,3.351968168533,-18.87421199499));
#17738=CARTESIAN_POINT('',(-4.0005,3.351968168533,-18.87421199499));
#17739=CARTESIAN_POINT('',(-4.0005,3.351968168533,-18.87421199499));
#17740=CARTESIAN_POINT('',(-4.0005,1.988082646587,-19.17657813567));
#17741=CARTESIAN_POINT('Origin',(-4.6355,0.,0.));
#17742=CARTESIAN_POINT('',(-4.6355,-2.667,-13.97));
#17743=CARTESIAN_POINT('',(-4.6355,-2.667,-13.97));
#17744=CARTESIAN_POINT('',(-4.6355,-3.423145126199,-4.572));
#17745=CARTESIAN_POINT('',(-4.6355,-3.423145126199,-4.572));
#17746=CARTESIAN_POINT('',(-4.6355,-5.461,-4.572));
#17747=CARTESIAN_POINT('Origin',(-4.6355,-5.461,-4.572));
#17748=CARTESIAN_POINT('',(-3.1496,-3.6068,-4.572));
#17749=CARTESIAN_POINT('',(-3.1496,-3.423145126199,-4.572));
#17750=CARTESIAN_POINT('',(-3.1496,-3.6068,-4.572));
#17751=CARTESIAN_POINT('',(-2.7686,-3.9878,-4.572));
#17752=CARTESIAN_POINT('Origin',(-2.7686,-3.6068,-4.572));
#17753=CARTESIAN_POINT('',(-2.032,-3.9878,-4.572));
#17754=CARTESIAN_POINT('',(-2.7686,-3.9878,-4.572));
#17755=CARTESIAN_POINT('',(-2.032,-4.953,-4.572));
#17756=CARTESIAN_POINT('',(-2.032,-3.9878,-4.572));
#17757=CARTESIAN_POINT('',(-1.651,-5.334,-4.572));
#17758=CARTESIAN_POINT('Origin',(-1.651,-4.953,-4.572));
#17759=CARTESIAN_POINT('',(1.651,-5.334,-4.572));
#17760=CARTESIAN_POINT('',(-1.651,-5.334,-4.572));
#17761=CARTESIAN_POINT('',(2.032,-4.953,-4.572));
#17762=CARTESIAN_POINT('Origin',(1.651,-4.953,-4.572));
#17763=CARTESIAN_POINT('',(2.032,-3.9878,-4.572));
#17764=CARTESIAN_POINT('',(2.032,-3.9878,-4.572));
#17765=CARTESIAN_POINT('',(2.7686,-3.9878,-4.572));
#17766=CARTESIAN_POINT('',(2.032,-3.9878,-4.572));
#17767=CARTESIAN_POINT('',(3.1496,-3.6068,-4.572));
#17768=CARTESIAN_POINT('Origin',(2.7686,-3.6068,-4.572));
#17769=CARTESIAN_POINT('',(3.1496,-3.423145126199,-4.572));
#17770=CARTESIAN_POINT('',(3.1496,-3.6068,-4.572));
#17771=CARTESIAN_POINT('',(3.1496,-3.423145126199,-4.572));
#17772=CARTESIAN_POINT('',(-4.6355,-3.423145126199,-4.572));
#17773=CARTESIAN_POINT('Origin',(-3.1496,-2.3114,0.));
#17774=CARTESIAN_POINT('',(-3.1496,-2.667,-13.97));
#17775=CARTESIAN_POINT('',(-3.1496,-3.423145126199,-4.572));
#17776=CARTESIAN_POINT('',(-3.1496,-2.3114,-13.97));
#17777=CARTESIAN_POINT('',(-3.1496,-2.3114,-13.97));
#17778=CARTESIAN_POINT('',(-3.1496,-2.3114,0.));
#17779=CARTESIAN_POINT('',(-3.1496,-3.6068,0.));
#17780=CARTESIAN_POINT('Origin',(-2.7686,-3.6068,27.1513808));
#17781=CARTESIAN_POINT('',(-2.7686,-3.9878,0.));
#17782=CARTESIAN_POINT('Origin',(-3.1496,-3.9878,0.));
#17783=CARTESIAN_POINT('',(-2.032,-3.9878,0.));
#17784=CARTESIAN_POINT('Origin',(-2.032,-3.9878,0.));
#17785=CARTESIAN_POINT('',(-2.032,-4.953,-4.521840398419));
#17786=CARTESIAN_POINT('',(-2.032,-4.953,-4.521840398419));
#17787=CARTESIAN_POINT('',(-2.032,-4.953,-4.521840398419));
#17788=CARTESIAN_POINT('Origin',(-1.651,-4.953,27.1513808));
#17789=CARTESIAN_POINT('Origin',(-1.65100025578986,-4.95300038470753,-4.52184249136946));
#17790=CARTESIAN_POINT('Origin',(-1.651,6.691412855646,-47.9793808));
#17791=CARTESIAN_POINT('',(-1.651,-5.334,-4.572));
#17792=CARTESIAN_POINT('Origin',(2.032,-6.559063707795,0.));
#17793=CARTESIAN_POINT('',(1.651,-6.559063707795,0.));
#17794=CARTESIAN_POINT('Origin',(1.651,-13.43981404181,27.1513808));
#17795=CARTESIAN_POINT('',(2.032,-4.953,-4.521840398419));
#17796=CARTESIAN_POINT('',(2.032,-6.164623483059,0.));
#17797=CARTESIAN_POINT('Origin',(1.65100025578984,-4.95300091329612,-4.52183847635526));
#17798=CARTESIAN_POINT('Origin',(1.651,-4.953,27.1513808));
#17799=CARTESIAN_POINT('',(2.032,-4.953,-4.521840398419));
#17800=CARTESIAN_POINT('Origin',(2.032,-5.334,0.));
#17801=CARTESIAN_POINT('',(2.032,-3.9878,0.));
#17802=CARTESIAN_POINT('Origin',(2.032,-3.9878,0.));
#17803=CARTESIAN_POINT('',(2.7686,-3.9878,0.));
#17804=CARTESIAN_POINT('Origin',(2.7686,-3.6068,27.1513808));
#17805=CARTESIAN_POINT('',(3.1496,-3.6068,0.));
#17806=CARTESIAN_POINT('Origin',(3.1496,-3.9878,0.));
#17807=CARTESIAN_POINT('',(3.1496,-2.3114,-13.97));
#17808=CARTESIAN_POINT('',(3.1496,-2.3114,0.));
#17809=CARTESIAN_POINT('',(3.1496,-2.667,-13.97));
#17810=CARTESIAN_POINT('',(3.1496,-2.667,-13.97));
#17811=CARTESIAN_POINT('',(3.1496,-3.423145126199,-4.572));
#17812=CARTESIAN_POINT('Origin',(-4.6355,-3.423145126199,-4.572));
#17813=CARTESIAN_POINT('',(-4.6355,-2.667,-13.97));
#17814=CARTESIAN_POINT('Origin',(-4.6355,-3.423145126199,-4.572));
#17815=CARTESIAN_POINT('',(3.1496,-2.667,-13.97));
#17816=CARTESIAN_POINT('Origin',(-4.6355,-2.667,-13.97));
#17817=CARTESIAN_POINT('',(3.1496,-2.667,-13.97));
#17818=CARTESIAN_POINT('Origin',(7.747,0.,-13.97));
#17819=CARTESIAN_POINT('',(3.8354,-2.3114,-13.97));
#17820=CARTESIAN_POINT('',(3.1496,-2.3114,-13.97));
#17821=CARTESIAN_POINT('',(3.8354,-1.0668,-13.97));
#17822=CARTESIAN_POINT('',(3.8354,-2.3114,-13.97));
#17823=CARTESIAN_POINT('',(5.5753,-1.0668,-13.97));
#17824=CARTESIAN_POINT('',(3.8354,-1.0668,-13.97));
#17825=CARTESIAN_POINT('',(5.9563,-0.6858,-13.97));
#17826=CARTESIAN_POINT('Origin',(5.5753,-0.6858,-13.97));
#17827=CARTESIAN_POINT('',(5.9563,4.3942,-13.97));
#17828=CARTESIAN_POINT('',(5.9563,-0.6858,-13.97));
#17829=CARTESIAN_POINT('',(5.8293,4.5212,-13.97));
#17830=CARTESIAN_POINT('Origin',(5.8293,4.3942,-13.97));
#17831=CARTESIAN_POINT('',(4.318,4.5212,-13.97));
#17832=CARTESIAN_POINT('',(5.8293,4.5212,-13.97));
#17833=CARTESIAN_POINT('',(4.318,4.7752,-13.97));
#17834=CARTESIAN_POINT('',(4.318,4.5212,-13.97));
#17835=CARTESIAN_POINT('',(-4.318,4.7752,-13.97));
#17836=CARTESIAN_POINT('',(4.318,4.7752,-13.97));
#17837=CARTESIAN_POINT('',(-4.318,4.5212,-13.97));
#17838=CARTESIAN_POINT('',(-4.318,4.7752,-13.97));
#17839=CARTESIAN_POINT('',(-5.8293,4.5212,-13.97));
#17840=CARTESIAN_POINT('',(-4.318,4.5212,-13.97));
#17841=CARTESIAN_POINT('',(-5.9563,4.3942,-13.97));
#17842=CARTESIAN_POINT('Origin',(-5.8293,4.3942,-13.97));
#17843=CARTESIAN_POINT('',(-5.9563,-0.6858,-13.97));
#17844=CARTESIAN_POINT('',(-5.9563,4.3942,-13.97));
#17845=CARTESIAN_POINT('',(-5.5753,-1.0668,-13.97));
#17846=CARTESIAN_POINT('Origin',(-5.5753,-0.6858,-13.97));
#17847=CARTESIAN_POINT('',(-3.8354,-1.0668,-13.97));
#17848=CARTESIAN_POINT('',(-5.5753,-1.0668,-13.97));
#17849=CARTESIAN_POINT('',(-3.8354,-2.3114,-13.97));
#17850=CARTESIAN_POINT('',(-3.8354,-1.0668,-13.97));
#17851=CARTESIAN_POINT('',(-3.8354,-2.3114,-13.97));
#17852=CARTESIAN_POINT('',(-3.7719,0.8794379422609,-13.97));
#17853=CARTESIAN_POINT('',(-3.7719,0.4826,-13.97));
#17854=CARTESIAN_POINT('',(-3.7719,0.8794379422609,-13.97));
#17855=CARTESIAN_POINT('',(-3.3401,0.8794379422609,-13.97));
#17856=CARTESIAN_POINT('',(-3.7719,0.8794379422609,-13.97));
#17857=CARTESIAN_POINT('',(-3.3401,0.4826,-13.97));
#17858=CARTESIAN_POINT('',(-3.3401,0.8794379422609,-13.97));
#17859=CARTESIAN_POINT('',(-3.7719,0.4826,-13.97));
#17860=CARTESIAN_POINT('',(-2.7559,0.8794379422609,-13.97));
#17861=CARTESIAN_POINT('',(-2.7559,0.4826,-13.97));
#17862=CARTESIAN_POINT('',(-2.7559,0.8794379422609,-13.97));
#17863=CARTESIAN_POINT('',(-2.3241,0.8794379422609,-13.97));
#17864=CARTESIAN_POINT('',(-2.7559,0.8794379422609,-13.97));
#17865=CARTESIAN_POINT('',(-2.3241,0.4826,-13.97));
#17866=CARTESIAN_POINT('',(-2.3241,0.8794379422609,-13.97));
#17867=CARTESIAN_POINT('',(-2.7559,0.4826,-13.97));
#17868=CARTESIAN_POINT('',(-1.7399,0.8794379422609,-13.97));
#17869=CARTESIAN_POINT('',(-1.7399,0.4826,-13.97));
#17870=CARTESIAN_POINT('',(-1.7399,0.8794379422609,-13.97));
#17871=CARTESIAN_POINT('',(-1.3081,0.8794379422609,-13.97));
#17872=CARTESIAN_POINT('',(-1.7399,0.8794379422609,-13.97));
#17873=CARTESIAN_POINT('',(-1.3081,0.4826,-13.97));
#17874=CARTESIAN_POINT('',(-1.3081,0.8794379422609,-13.97));
#17875=CARTESIAN_POINT('',(-1.7399,0.4826,-13.97));
#17876=CARTESIAN_POINT('',(-0.7239,0.8794379422609,-13.97));
#17877=CARTESIAN_POINT('',(-0.7239,0.4826,-13.97));
#17878=CARTESIAN_POINT('',(-0.7239,0.8794379422609,-13.97));
#17879=CARTESIAN_POINT('',(-0.2921,0.8794379422609,-13.97));
#17880=CARTESIAN_POINT('',(-0.7239,0.8794379422609,-13.97));
#17881=CARTESIAN_POINT('',(-0.2921,0.4826,-13.97));
#17882=CARTESIAN_POINT('',(-0.2921,0.8794379422609,-13.97));
#17883=CARTESIAN_POINT('',(-0.7239,0.4826,-13.97));
#17884=CARTESIAN_POINT('',(0.2921,0.8794379422609,-13.97));
#17885=CARTESIAN_POINT('',(0.2921,0.4826,-13.97));
#17886=CARTESIAN_POINT('',(0.2921,0.8794379422609,-13.97));
#17887=CARTESIAN_POINT('',(0.7239,0.8794379422609,-13.97));
#17888=CARTESIAN_POINT('',(0.2921,0.8794379422609,-13.97));
#17889=CARTESIAN_POINT('',(0.7239,0.4826,-13.97));
#17890=CARTESIAN_POINT('',(0.7239,0.8794379422609,-13.97));
#17891=CARTESIAN_POINT('',(0.2921,0.4826,-13.97));
#17892=CARTESIAN_POINT('',(1.3081,0.8794379422609,-13.97));
#17893=CARTESIAN_POINT('',(1.3081,0.4826,-13.97));
#17894=CARTESIAN_POINT('',(1.3081,0.8794379422609,-13.97));
#17895=CARTESIAN_POINT('',(1.7399,0.8794379422609,-13.97));
#17896=CARTESIAN_POINT('',(1.3081,0.8794379422609,-13.97));
#17897=CARTESIAN_POINT('',(1.7399,0.4826,-13.97));
#17898=CARTESIAN_POINT('',(1.7399,0.8794379422609,-13.97));
#17899=CARTESIAN_POINT('',(1.3081,0.4826,-13.97));
#17900=CARTESIAN_POINT('',(2.3241,0.8794379422609,-13.97));
#17901=CARTESIAN_POINT('',(2.3241,0.4826,-13.97));
#17902=CARTESIAN_POINT('',(2.3241,0.8794379422609,-13.97));
#17903=CARTESIAN_POINT('',(2.7559,0.8794379422609,-13.97));
#17904=CARTESIAN_POINT('',(2.3241,0.8794379422609,-13.97));
#17905=CARTESIAN_POINT('',(2.7559,0.4826,-13.97));
#17906=CARTESIAN_POINT('',(2.7559,0.8794379422609,-13.97));
#17907=CARTESIAN_POINT('',(2.3241,0.4826,-13.97));
#17908=CARTESIAN_POINT('',(3.3401,0.8794379422609,-13.97));
#17909=CARTESIAN_POINT('',(3.3401,0.4826,-13.97));
#17910=CARTESIAN_POINT('',(3.3401,0.8794379422609,-13.97));
#17911=CARTESIAN_POINT('',(3.7719,0.8794379422609,-13.97));
#17912=CARTESIAN_POINT('',(3.3401,0.8794379422609,-13.97));
#17913=CARTESIAN_POINT('',(3.7719,0.4826,-13.97));
#17914=CARTESIAN_POINT('',(3.7719,0.8794379422609,-13.97));
#17915=CARTESIAN_POINT('',(3.3401,0.4826,-13.97));
#17916=CARTESIAN_POINT('Origin',(-3.8354,-2.3114,0.));
#17917=CARTESIAN_POINT('',(-5.5753,-2.3114,-11.3284));
#17918=CARTESIAN_POINT('',(-5.5753,-2.3114,0.));
#17919=CARTESIAN_POINT('',(-3.8354,-2.3114,-11.3284));
#17920=CARTESIAN_POINT('',(-3.8354,-2.3114,-11.3284));
#17921=CARTESIAN_POINT('',(-5.5753,-2.3114,-11.3284));
#17922=CARTESIAN_POINT('Origin',(-3.8354,-2.3114,0.));
#17923=CARTESIAN_POINT('',(5.5753,-2.3114,-11.3284));
#17924=CARTESIAN_POINT('',(5.5753,-2.3114,0.));
#17925=CARTESIAN_POINT('',(3.8354,-2.3114,-11.3284));
#17926=CARTESIAN_POINT('',(3.8354,-2.3114,-11.3284));
#17927=CARTESIAN_POINT('',(3.8354,-2.3114,-11.3284));
#17928=CARTESIAN_POINT('Origin',(-5.5753,-1.9304,27.1513808));
#17929=CARTESIAN_POINT('',(-5.9563,-1.9304,-11.3284));
#17930=CARTESIAN_POINT('Origin',(-5.5753,-1.9304,-11.3284));
#17931=CARTESIAN_POINT('',(-5.9563,-1.9304,0.));
#17932=CARTESIAN_POINT('Origin',(0.,0.,-11.3284));
#17933=CARTESIAN_POINT('',(-5.9563,-0.7874,-11.3284));
#17934=CARTESIAN_POINT('',(-5.9563,-1.9304,-11.3284));
#17935=CARTESIAN_POINT('',(-3.8354,-1.0668,-11.3284));
#17936=CARTESIAN_POINT('',(-3.8354,-1.0668,-11.3284));
#17937=CARTESIAN_POINT('',(-5.5753,-1.0668,-11.3284));
#17938=CARTESIAN_POINT('',(-3.8354,-1.0668,-11.3284));
#17939=CARTESIAN_POINT('',(-5.9563,-0.6858,-11.3284));
#17940=CARTESIAN_POINT('Origin',(-5.5753,-0.6858,-11.3284));
#17941=CARTESIAN_POINT('',(-5.9563,1.2954,-11.3284));
#17942=CARTESIAN_POINT('',(-5.9563,-0.6858,-11.3284));
#17943=CARTESIAN_POINT('',(-6.223,0.9319491642601,-11.3284));
#17944=CARTESIAN_POINT('Origin',(-5.842,0.9319491642601,-11.3284));
#17945=CARTESIAN_POINT('',(-6.223,-0.4239491642601,-11.3284));
#17946=CARTESIAN_POINT('',(-6.223,0.9319491642601,-11.3284));
#17947=CARTESIAN_POINT('Origin',(-5.842,-0.4239491642601,-11.3284));
#17948=CARTESIAN_POINT('Origin',(0.,0.,-11.3284));
#17949=CARTESIAN_POINT('',(3.8354,-1.0668,-11.3284));
#17950=CARTESIAN_POINT('',(5.5753,-1.0668,-11.3284));
#17951=CARTESIAN_POINT('',(3.8354,-1.0668,-11.3284));
#17952=CARTESIAN_POINT('',(3.8354,-2.3114,-11.3284));
#17953=CARTESIAN_POINT('',(5.9563,-1.9304,-11.3284));
#17954=CARTESIAN_POINT('Origin',(5.5753,-1.9304,-11.3284));
#17955=CARTESIAN_POINT('',(5.9563,-0.7874,-11.3284));
#17956=CARTESIAN_POINT('',(5.9563,-0.7874,-11.3284));
#17957=CARTESIAN_POINT('',(6.223,-0.4239491642601,-11.3284));
#17958=CARTESIAN_POINT('Origin',(5.842,-0.4239491642601,-11.3284));
#17959=CARTESIAN_POINT('',(6.223,0.9319491642601,-11.3284));
#17960=CARTESIAN_POINT('',(6.223,-0.4239491642601,-11.3284));
#17961=CARTESIAN_POINT('',(5.9563,1.2954,-11.3284));
#17962=CARTESIAN_POINT('Origin',(5.842,0.9319491642601,-11.3284));
#17963=CARTESIAN_POINT('',(5.9563,-0.6858,-11.3284));
#17964=CARTESIAN_POINT('',(5.9563,-0.6858,-11.3284));
#17965=CARTESIAN_POINT('Origin',(5.5753,-0.6858,-11.3284));
#17966=CARTESIAN_POINT('Origin',(-5.9563,4.5212,0.));
#17967=CARTESIAN_POINT('',(-5.9563,4.3942,0.));
#17968=CARTESIAN_POINT('',(-5.9563,1.2954,0.));
#17969=CARTESIAN_POINT('',(-5.9563,-0.6858,-11.3284));
#17970=CARTESIAN_POINT('Origin',(-5.9563,4.5212,0.));
#17971=CARTESIAN_POINT('',(-5.9563,-0.7874,0.));
#17972=CARTESIAN_POINT('Origin',(-5.8293,4.3942,27.1513808));
#17973=CARTESIAN_POINT('',(-5.8293,4.5212,0.));
#17974=CARTESIAN_POINT('Origin',(7.747,-7.493,-20.828));
#17975=CARTESIAN_POINT('',(-5.110710988219,-7.493,-9.114299207878));
#17976=CARTESIAN_POINT('',(-4.1656,-7.493,-10.541));
#17977=CARTESIAN_POINT('Origin',(-5.715,-7.493,-10.541));
#17978=CARTESIAN_POINT('',(-3.0861,-7.493,-10.541));
#17979=CARTESIAN_POINT('',(-3.0861,-7.493,-10.541));
#17980=CARTESIAN_POINT('',(-2.805418315174,-7.493,-13.74920633799));
#17981=CARTESIAN_POINT('',(-2.805418315174,-7.493,-13.74920633799));
#17982=CARTESIAN_POINT('',(-2.425868135201,-7.493,-14.097));
#17983=CARTESIAN_POINT('Origin',(-2.425868135201,-7.493,-13.716));
#17984=CARTESIAN_POINT('',(-0.762,-7.493,-14.097));
#17985=CARTESIAN_POINT('',(-0.762,-7.493,-14.097));
#17986=CARTESIAN_POINT('',(-0.762,-7.493,-3.175));
#17987=CARTESIAN_POINT('',(-0.762,-7.493,-14.097));
#17988=CARTESIAN_POINT('',(0.508,-7.493,-3.175));
#17989=CARTESIAN_POINT('',(0.508,-7.493,-3.175));
#17990=CARTESIAN_POINT('',(0.508,-7.493,-14.097));
#17991=CARTESIAN_POINT('',(0.508,-7.493,-14.097));
#17992=CARTESIAN_POINT('',(2.425868135201,-7.493,-14.097));
#17993=CARTESIAN_POINT('',(2.425868135201,-7.493,-14.097));
#17994=CARTESIAN_POINT('',(2.805418315174,-7.493,-13.74920633799));
#17995=CARTESIAN_POINT('Origin',(2.425868135201,-7.493,-13.716));
#17996=CARTESIAN_POINT('',(3.0861,-7.493,-10.541));
#17997=CARTESIAN_POINT('',(3.0861,-7.493,-10.541));
#17998=CARTESIAN_POINT('',(4.1656,-7.493,-10.541));
#17999=CARTESIAN_POINT('',(4.1656,-7.493,-10.541));
#18000=CARTESIAN_POINT('',(5.110710988219,-7.493,-9.114299207878));
#18001=CARTESIAN_POINT('Origin',(5.715,-7.493,-10.541));
#18002=CARTESIAN_POINT('',(5.461,-7.493,-9.071926297963));
#18003=CARTESIAN_POINT('Origin',(5.461,-7.493,-10.541));
#18004=CARTESIAN_POINT('',(5.969,-7.493,-9.071926297963));
#18005=CARTESIAN_POINT('',(5.461,-7.493,-9.071926297963));
#18006=CARTESIAN_POINT('',(6.319289011781,-7.493,-9.114299207878));
#18007=CARTESIAN_POINT('Origin',(5.969,-7.493,-10.541));
#18008=CARTESIAN_POINT('',(7.2644,-7.493,-10.541));
#18009=CARTESIAN_POINT('Origin',(5.715,-7.493,-10.541));
#18010=CARTESIAN_POINT('',(7.747,-7.493,-10.541));
#18011=CARTESIAN_POINT('',(-7.2644,-7.493,-10.541));
#18012=CARTESIAN_POINT('',(-7.2644,-7.493,-10.541));
#18013=CARTESIAN_POINT('',(-6.319289011781,-7.493,-9.114299207878));
#18014=CARTESIAN_POINT('Origin',(-5.715,-7.493,-10.541));
#18015=CARTESIAN_POINT('',(-5.969,-7.493,-9.071926297963));
#18016=CARTESIAN_POINT('Origin',(-5.969,-7.493,-10.541));
#18017=CARTESIAN_POINT('',(-5.461,-7.493,-9.071926297963));
#18018=CARTESIAN_POINT('',(-5.969,-7.493,-9.071926297963));
#18019=CARTESIAN_POINT('Origin',(-5.461,-7.493,-10.541));
#18020=CARTESIAN_POINT('Origin',(-5.715,-7.493,-10.541));
#18021=CARTESIAN_POINT('',(-5.110710988219,-10.2616,-9.114299207878));
#18022=CARTESIAN_POINT('',(-5.110710988219,-7.493,-9.114299207878));
#18023=CARTESIAN_POINT('',(-5.110710988219,-10.2616,-11.96770079212));
#18024=CARTESIAN_POINT('Origin',(-5.715,-10.2616,-10.541));
#18025=CARTESIAN_POINT('',(-5.110710988219,-8.128,-11.96770079212));
#18026=CARTESIAN_POINT('',(-5.110710988219,-8.128,-11.96770079212));
#18027=CARTESIAN_POINT('',(-4.1656,-8.128,-10.541));
#18028=CARTESIAN_POINT('Origin',(-5.715,-8.128,-10.541));
#18029=CARTESIAN_POINT('',(-4.1656,-7.493,-10.541));
#18030=CARTESIAN_POINT('Origin',(-5.715,-7.493,-10.541));
#18031=CARTESIAN_POINT('',(-7.2644,-8.508152390496,-10.541));
#18032=CARTESIAN_POINT('',(-7.2644,-7.493,-10.541));
#18033=CARTESIAN_POINT('',(-6.858,-8.128,-11.58703602232));
#18034=CARTESIAN_POINT('Ctrl Pts',(-6.858,-8.128,-11.5870360223243));
#18035=CARTESIAN_POINT('Ctrl Pts',(-6.858,-8.16566791084924,-11.5870360223243));
#18036=CARTESIAN_POINT('Ctrl Pts',(-6.86401376180998,-8.20531106198917,
-11.5805654720871));
#18037=CARTESIAN_POINT('Ctrl Pts',(-6.886533539907,-8.2775293483463,-11.5551194259672));
#18038=CARTESIAN_POINT('Ctrl Pts',(-6.90290402838261,-8.31013766501312,
-11.5361183576194));
#18039=CARTESIAN_POINT('Ctrl Pts',(-6.93853485005448,-8.36471988528621,
-11.4920393452178));
#18040=CARTESIAN_POINT('Ctrl Pts',(-6.96321634797362,-8.39237784067103,
-11.4596538085241));
#18041=CARTESIAN_POINT('Ctrl Pts',(-7.02623244215465,-8.44909217081554,
-11.3696724453018));
#18042=CARTESIAN_POINT('Ctrl Pts',(-7.07530199654333,-8.4740934519694,-11.2872456974714));
#18043=CARTESIAN_POINT('Ctrl Pts',(-7.20512021631451,-8.52050251391107,
-11.0178973754415));
#18044=CARTESIAN_POINT('Ctrl Pts',(-7.2644,-8.50815239049623,-10.760971134123));
#18045=CARTESIAN_POINT('Ctrl Pts',(-7.2644,-8.50815239049623,-10.541));
#18046=CARTESIAN_POINT('',(-6.319289011781,-8.128,-11.96770079212));
#18047=CARTESIAN_POINT('Origin',(-5.715,-8.128,-10.541));
#18048=CARTESIAN_POINT('',(-6.319289011781,-10.2616,-11.96770079212));
#18049=CARTESIAN_POINT('',(-6.319289011781,-8.128,-11.96770079212));
#18050=CARTESIAN_POINT('',(-6.319289011781,-10.2616,-9.114299207878));
#18051=CARTESIAN_POINT('Origin',(-5.715,-10.2616,-10.541));
#18052=CARTESIAN_POINT('',(-6.319289011781,-10.2616,-9.114299207878));
#18053=CARTESIAN_POINT('Origin',(-5.461,-8.33374,-10.541));
#18054=CARTESIAN_POINT('',(-5.588,-8.128,-12.0045738936));
#18055=CARTESIAN_POINT('Origin',(-5.461,-8.128,-10.541));
#18056=CARTESIAN_POINT('Origin',(-5.461,-10.2616,-10.541));
#18057=CARTESIAN_POINT('',(-5.461,-8.254999242524,-9.071926297963));
#18058=CARTESIAN_POINT('',(-5.461,-7.493,-9.071926297963));
#18059=CARTESIAN_POINT('',(-5.461,-10.5156,-9.071926297963));
#18060=CARTESIAN_POINT('',(-5.461,-8.254999242524,-9.071926297963));
#18061=CARTESIAN_POINT('',(-5.461,-10.5156,-12.01007370204));
#18062=CARTESIAN_POINT('Origin',(-5.461,-10.5156,-10.541));
#18063=CARTESIAN_POINT('',(-5.461,-8.255,-12.01007370204));
#18064=CARTESIAN_POINT('',(-5.461,-10.5156,-12.01007370204));
#18065=CARTESIAN_POINT('Ctrl Pts',(-5.461,-8.255,-12.010073702037));
#18066=CARTESIAN_POINT('Ctrl Pts',(-5.461,-8.2390527998477,-12.010073702037));
#18067=CARTESIAN_POINT('Ctrl Pts',(-5.46418725646208,-8.22204279172748,
-12.0100867108265));
#18068=CARTESIAN_POINT('Ctrl Pts',(-5.47714868283337,-8.19075238013289,
-12.0099972210993));
#18069=CARTESIAN_POINT('Ctrl Pts',(-5.48692287352058,-8.17647200405804,
-12.0098882680503));
#18070=CARTESIAN_POINT('Ctrl Pts',(-5.50948915771716,-8.15390571986146,
-12.0093166989154));
#18071=CARTESIAN_POINT('Ctrl Pts',(-5.52378933964252,-8.14412737700638,
-12.0088170549938));
#18072=CARTESIAN_POINT('Ctrl Pts',(-5.55508894720627,-8.13117415073391,
-12.0071392378001));
#18073=CARTESIAN_POINT('Ctrl Pts',(-5.57208832979056,-8.128,-12.0059546111163));
#18074=CARTESIAN_POINT('Ctrl Pts',(-5.588,-8.128,-12.0045738935963));
#18075=CARTESIAN_POINT('Origin',(7.747,-8.128,0.));
#18076=CARTESIAN_POINT('',(7.62,-8.128,-10.541));
#18077=CARTESIAN_POINT('',(7.62,-8.128,-20.828));
#18078=CARTESIAN_POINT('',(7.747,-8.128,-10.541));
#18079=CARTESIAN_POINT('Origin',(7.747,-8.128,0.));
#18080=CARTESIAN_POINT('',(-7.62,-8.128,-10.541));
#18081=CARTESIAN_POINT('',(-7.62,-8.128,-10.541));
#18082=CARTESIAN_POINT('',(-7.62,-8.128,-10.541));
#18083=CARTESIAN_POINT('Origin',(7.747,-8.128,0.));
#18084=CARTESIAN_POINT('',(-5.842,-8.128,-12.0045738936));
#18085=CARTESIAN_POINT('',(-5.842,-8.128,-9.071926297963));
#18086=CARTESIAN_POINT('',(-5.842,-8.128,-12.0045738936));
#18087=CARTESIAN_POINT('Origin',(-5.969,-8.128,-10.541));
#18088=CARTESIAN_POINT('',(-6.858,-8.128,-11.58703602232));
#18089=CARTESIAN_POINT('',(6.858,-8.128,-11.58703602232));
#18090=CARTESIAN_POINT('',(6.858,-8.128,-11.58703602232));
#18091=CARTESIAN_POINT('',(6.319289011781,-8.128,-11.96770079212));
#18092=CARTESIAN_POINT('Origin',(5.715,-8.128,-10.541));
#18093=CARTESIAN_POINT('',(5.842,-8.128,-12.0045738936));
#18094=CARTESIAN_POINT('Origin',(5.969,-8.128,-10.541));
#18095=CARTESIAN_POINT('',(5.842,-8.128,-9.071926297963));
#18096=CARTESIAN_POINT('',(5.842,-8.128,-12.0045738936));
#18097=CARTESIAN_POINT('',(5.588,-8.128,-9.071926297963));
#18098=CARTESIAN_POINT('',(5.588,-8.128,-9.071926297963));
#18099=CARTESIAN_POINT('',(5.588,-8.128,-12.0045738936));
#18100=CARTESIAN_POINT('',(5.588,-8.128,-12.0045738936));
#18101=CARTESIAN_POINT('',(5.110710988219,-8.128,-11.96770079212));
#18102=CARTESIAN_POINT('Origin',(5.461,-8.128,-10.541));
#18103=CARTESIAN_POINT('',(4.1656,-8.128,-10.541));
#18104=CARTESIAN_POINT('Origin',(5.715,-8.128,-10.541));
#18105=CARTESIAN_POINT('',(3.0861,-8.128,-10.541));
#18106=CARTESIAN_POINT('',(4.1656,-8.128,-10.541));
#18107=CARTESIAN_POINT('',(2.805418315174,-8.128,-13.74920633799));
#18108=CARTESIAN_POINT('',(3.0861,-8.128,-10.541));
#18109=CARTESIAN_POINT('',(2.425868135201,-8.128,-14.097));
#18110=CARTESIAN_POINT('Origin',(2.425868135201,-8.128,-13.716));
#18111=CARTESIAN_POINT('',(0.508,-8.128,-14.097));
#18112=CARTESIAN_POINT('',(2.425868135201,-8.128,-14.097));
#18113=CARTESIAN_POINT('',(-0.762,-8.128,-14.097));
#18114=CARTESIAN_POINT('',(-0.762,-8.128,-14.097));
#18115=CARTESIAN_POINT('',(-2.425868135201,-8.128,-14.097));
#18116=CARTESIAN_POINT('',(-0.762,-8.128,-14.097));
#18117=CARTESIAN_POINT('',(-2.805418315174,-8.128,-13.74920633799));
#18118=CARTESIAN_POINT('Origin',(-2.425868135201,-8.128,-13.716));
#18119=CARTESIAN_POINT('',(-3.0861,-8.128,-10.541));
#18120=CARTESIAN_POINT('',(-2.805418315174,-8.128,-13.74920633799));
#18121=CARTESIAN_POINT('',(-3.0861,-8.128,-10.541));
#18122=CARTESIAN_POINT('',(-5.588,-8.128,-9.071926297963));
#18123=CARTESIAN_POINT('',(-5.588,-8.128,-12.0045738936));
#18124=CARTESIAN_POINT('',(-5.842,-8.128,-9.071926297963));
#18125=CARTESIAN_POINT('Origin',(7.239,-8.128,-20.828));
#18126=CARTESIAN_POINT('',(7.2644,-8.508152390496,-10.541));
#18127=CARTESIAN_POINT('Origin',(7.239,-8.128,-10.541));
#18128=CARTESIAN_POINT('Ctrl Pts',(7.2644,-8.50815239049623,-10.541));
#18129=CARTESIAN_POINT('Ctrl Pts',(7.2644,-8.50815239049623,-10.6988458154151));
#18130=CARTESIAN_POINT('Ctrl Pts',(7.23847289428927,-8.51250207900272,-10.8677202440936));
#18131=CARTESIAN_POINT('Ctrl Pts',(7.161521228086,-8.50193654510044,-11.1022355236668));
#18132=CARTESIAN_POINT('Ctrl Pts',(7.1298795274734,-8.49506739068967,-11.177298729662));
#18133=CARTESIAN_POINT('Ctrl Pts',(7.05859418602856,-8.46578616106889,-11.3165738608782));
#18134=CARTESIAN_POINT('Ctrl Pts',(7.0188865355359,-8.44380844346354,-11.3808439912956));
#18135=CARTESIAN_POINT('Ctrl Pts',(6.94596785153363,-8.37559926030581,-11.4836369299322));
#18136=CARTESIAN_POINT('Ctrl Pts',(6.90837526305198,-8.32632551669559,-11.5297625620209));
#18137=CARTESIAN_POINT('Ctrl Pts',(6.87782996137972,-8.25129009254663,-11.565024945142));
#18138=CARTESIAN_POINT('Ctrl Pts',(6.87035979286943,-8.22755717947903,-11.573390349669));
#18139=CARTESIAN_POINT('Ctrl Pts',(6.86044100513204,-8.17789981816865,-11.5843935484503));
#18140=CARTESIAN_POINT('Ctrl Pts',(6.858,-8.15197488637664,-11.5870360223243));
#18141=CARTESIAN_POINT('Ctrl Pts',(6.858,-8.128,-11.5870360223243));
#18142=CARTESIAN_POINT('Origin',(5.715,-7.493,-10.541));
#18143=CARTESIAN_POINT('',(5.110710988219,-10.2616,-9.114299207878));
#18144=CARTESIAN_POINT('',(5.110710988219,-10.2616,-9.114299207878));
#18145=CARTESIAN_POINT('',(4.1656,-7.493,-10.541));
#18146=CARTESIAN_POINT('',(5.110710988219,-10.2616,-11.96770079212));
#18147=CARTESIAN_POINT('',(5.110710988219,-8.128,-11.96770079212));
#18148=CARTESIAN_POINT('Origin',(5.715,-10.2616,-10.541));
#18149=CARTESIAN_POINT('Origin',(5.715,-7.493,-10.541));
#18150=CARTESIAN_POINT('',(7.2644,-8.508152390496,-10.541));
#18151=CARTESIAN_POINT('',(6.319289011781,-10.2616,-9.114299207878));
#18152=CARTESIAN_POINT('',(6.319289011781,-7.493,-9.114299207878));
#18153=CARTESIAN_POINT('',(6.319289011781,-10.2616,-11.96770079212));
#18154=CARTESIAN_POINT('Origin',(5.715,-10.2616,-10.541));
#18155=CARTESIAN_POINT('',(6.319289011781,-8.128,-11.96770079212));
#18156=CARTESIAN_POINT('Origin',(5.461,-8.128,-10.541));
#18157=CARTESIAN_POINT('',(5.461,-8.255,-12.01007370204));
#18158=CARTESIAN_POINT('',(5.461,-10.5156,-12.01007370204));
#18159=CARTESIAN_POINT('',(5.461,-8.255,-12.01007370204));
#18160=CARTESIAN_POINT('',(5.461,-10.5156,-9.071926297963));
#18161=CARTESIAN_POINT('Origin',(5.461,-10.5156,-10.541));
#18162=CARTESIAN_POINT('',(5.46100000419269,-8.25497814623873,-9.07192629796258));
#18163=CARTESIAN_POINT('',(5.461,-10.5156,-9.071926297963));
#18164=CARTESIAN_POINT('',(5.461000004961,-8.254978261137,-9.071926297963));
#18165=CARTESIAN_POINT('Origin',(5.461,-10.2616,-10.541));
#18166=CARTESIAN_POINT('Ctrl Pts',(5.588,-8.128,-12.0045738935963));
#18167=CARTESIAN_POINT('Ctrl Pts',(5.57208832979056,-8.12800000000004,-12.0059546111162));
#18168=CARTESIAN_POINT('Ctrl Pts',(5.55508894720627,-8.13117415073391,-12.0071392378001));
#18169=CARTESIAN_POINT('Ctrl Pts',(5.52378933964252,-8.14412737700638,-12.0088170549938));
#18170=CARTESIAN_POINT('Ctrl Pts',(5.50948915771716,-8.15390571986146,-12.0093166989154));
#18171=CARTESIAN_POINT('Ctrl Pts',(5.48692287352058,-8.17647200405804,-12.0098882680503));
#18172=CARTESIAN_POINT('Ctrl Pts',(5.47714868283337,-8.19075238013289,-12.0099972210993));
#18173=CARTESIAN_POINT('Ctrl Pts',(5.46418725646208,-8.22204279172748,-12.0100867108265));
#18174=CARTESIAN_POINT('Ctrl Pts',(5.461,-8.2390527998477,-12.010073702037));
#18175=CARTESIAN_POINT('Ctrl Pts',(5.461,-8.255,-12.010073702037));
#18176=CARTESIAN_POINT('Origin',(5.461,-11.57425909488,-8.9281));
#18177=CARTESIAN_POINT('',(5.461,-8.255,-12.01007370204));
#18178=CARTESIAN_POINT('',(5.461,-11.57425909488,-9.499652336513));
#18179=CARTESIAN_POINT('',(5.461,-10.5156,-9.071926297963));
#18180=CARTESIAN_POINT('',(5.461,-11.57425909488,-11.58234766349));
#18181=CARTESIAN_POINT('',(5.461,-11.57425909488,-11.58234766349));
#18182=CARTESIAN_POINT('',(5.461,-10.5156,-12.01007370204));
#18183=CARTESIAN_POINT('Origin',(5.588,-8.255,-47.9793808));
#18184=CARTESIAN_POINT('Origin',(5.588,-8.255,-9.071926297963));
#18185=CARTESIAN_POINT('Origin',(5.461,-8.128,-9.071926297963));
#18186=CARTESIAN_POINT('',(5.96899999999943,-8.25499923812065,-9.071926297963));
#18187=CARTESIAN_POINT('Origin',(5.842,-8.255,-9.071926297963));
#18188=CARTESIAN_POINT('',(5.969,-7.493,-9.071926297963));
#18189=CARTESIAN_POINT('Origin',(5.969,-8.128,-10.541));
#18190=CARTESIAN_POINT('Origin',(5.969,-10.2616,-10.541));
#18191=CARTESIAN_POINT('',(5.969,-10.5156,-9.071926297963));
#18192=CARTESIAN_POINT('',(5.969,-8.254999242126,-9.071926297963));
#18193=CARTESIAN_POINT('',(5.969,-10.5156,-12.01007370204));
#18194=CARTESIAN_POINT('Origin',(5.969,-10.5156,-10.541));
#18195=CARTESIAN_POINT('',(5.969,-8.255,-12.01007370204));
#18196=CARTESIAN_POINT('',(5.969,-10.5156,-12.01007370204));
#18197=CARTESIAN_POINT('Ctrl Pts',(5.969,-8.255,-12.010073702037));
#18198=CARTESIAN_POINT('Ctrl Pts',(5.969,-8.2390527998477,-12.010073702037));
#18199=CARTESIAN_POINT('Ctrl Pts',(5.96581274353792,-8.22204279172748,-12.0100867108265));
#18200=CARTESIAN_POINT('Ctrl Pts',(5.95285131716663,-8.19075238013289,-12.0099972210993));
#18201=CARTESIAN_POINT('Ctrl Pts',(5.94307712647942,-8.17647200405804,-12.0098882680503));
#18202=CARTESIAN_POINT('Ctrl Pts',(5.92051084228284,-8.15390571986146,-12.0093166989154));
#18203=CARTESIAN_POINT('Ctrl Pts',(5.90621066035748,-8.14412737700638,-12.0088170549938));
#18204=CARTESIAN_POINT('Ctrl Pts',(5.87491105279373,-8.13117415073391,-12.0071392378001));
#18205=CARTESIAN_POINT('Ctrl Pts',(5.85791167020944,-8.128,-12.0059546111163));
#18206=CARTESIAN_POINT('Ctrl Pts',(5.842,-8.128,-12.0045738935963));
#18207=CARTESIAN_POINT('Origin',(5.842,-8.255,-47.9793808));
#18208=CARTESIAN_POINT('',(5.969,-8.255,-12.01007370204));
#18209=CARTESIAN_POINT('Origin',(5.969,-8.128,-8.9281));
#18210=CARTESIAN_POINT('',(5.969,-11.57425909488,-11.58234766349));
#18211=CARTESIAN_POINT('',(5.969,-11.57425909488,-11.58234766349));
#18212=CARTESIAN_POINT('',(5.969,-11.57425909488,-9.499652336513));
#18213=CARTESIAN_POINT('',(5.969,-11.57425909488,-9.499652336513));
#18214=CARTESIAN_POINT('',(5.969,-11.57425909488,-9.499652336513));
#18215=CARTESIAN_POINT('Origin',(5.969,-11.2649,-10.541));
#18216=CARTESIAN_POINT('Origin',(4.54092764393653,-9.10076521729359,-10.541));
#18217=CARTESIAN_POINT('Origin',(4.54092764393653,-9.10076521729359,-10.541));
#18218=CARTESIAN_POINT('Origin',(5.969,-11.57425909488,-8.9281));
#18219=CARTESIAN_POINT('Origin',(5.969,-10.2616,-10.541));
#18220=CARTESIAN_POINT('Origin',(5.461,-11.2649,-10.541));
#18221=CARTESIAN_POINT('Origin',(6.88907235606485,-9.10076521728873,-10.541));
#18222=CARTESIAN_POINT('Origin',(6.88907235606485,-9.10076521728873,-10.541));
#18223=CARTESIAN_POINT('Origin',(5.207,-12.0142,-8.9281));
#18224=CARTESIAN_POINT('Origin',(5.461,-10.2616,-10.541));
#18225=CARTESIAN_POINT('Origin',(7.747,-7.493,-10.541));
#18226=CARTESIAN_POINT('',(-3.0861,-7.493,-10.541));
#18227=CARTESIAN_POINT('Origin',(7.747,-7.493,-10.541));
#18228=CARTESIAN_POINT('Origin',(-7.239,-8.128,-10.541));
#18229=CARTESIAN_POINT('Origin',(7.747,-7.493,-10.541));
#18230=CARTESIAN_POINT('',(3.0861,-7.493,-10.541));
#18231=CARTESIAN_POINT('Origin',(7.747,-7.493,-10.541));
#18232=CARTESIAN_POINT('Origin',(-2.805418315174,-7.493,-13.74920633799));
#18233=CARTESIAN_POINT('',(-2.805418315174,-7.493,-13.74920633799));
#18234=CARTESIAN_POINT('Origin',(-2.425868135201,-7.493,-13.716));
#18235=CARTESIAN_POINT('',(-2.425868135201,-7.493,-14.097));
#18236=CARTESIAN_POINT('Origin',(2.425868135201,-7.493,-14.097));
#18237=CARTESIAN_POINT('',(0.508,-8.128,-14.097));
#18238=CARTESIAN_POINT('',(2.425868135201,-7.493,-14.097));
#18239=CARTESIAN_POINT('Origin',(2.425868135201,-7.493,-14.097));
#18240=CARTESIAN_POINT('',(-0.762,-7.493,-14.097));
#18241=CARTESIAN_POINT('Origin',(2.425868135201,-7.493,-13.716));
#18242=CARTESIAN_POINT('',(2.805418315174,-7.493,-13.74920633799));
#18243=CARTESIAN_POINT('Origin',(3.0861,-7.493,-10.541));
#18244=CARTESIAN_POINT('Origin',(0.508,-8.168211348375,-3.175));
#18245=CARTESIAN_POINT('',(0.508,-8.168211348375,-3.175));
#18246=CARTESIAN_POINT('',(0.508,-8.168211348375,-3.175));
#18247=CARTESIAN_POINT('',(0.508,-8.168211348375,-14.097));
#18248=CARTESIAN_POINT('',(0.508,-8.168211348375,-3.175));
#18249=CARTESIAN_POINT('',(0.508,-8.168211348375,-14.097));
#18250=CARTESIAN_POINT('Origin',(0.,0.,-14.097));
#18251=CARTESIAN_POINT('',(-0.762,-8.168211348375,-14.097));
#18252=CARTESIAN_POINT('Origin',(-0.127,-7.747,-14.097));
#18253=CARTESIAN_POINT('',(-0.762,-8.128,-14.097));
#18254=CARTESIAN_POINT('Origin',(-0.762,-7.493,-3.175));
#18255=CARTESIAN_POINT('',(-0.762,-8.168211348375,-3.175));
#18256=CARTESIAN_POINT('',(-0.762,-8.168211348375,-3.175));
#18257=CARTESIAN_POINT('',(-0.762,-7.493,-3.175));
#18258=CARTESIAN_POINT('Origin',(7.747,-7.493,-3.175));
#18259=CARTESIAN_POINT('Origin',(-0.127,-7.747,-3.175));
#18260=CARTESIAN_POINT('Origin',(-0.127,-7.747,-3.175));
#18261=CARTESIAN_POINT('Origin',(-7.239,-8.128,-20.828));
#18262=CARTESIAN_POINT('Origin',(7.747,4.318,-15.40796043607));
#18263=CARTESIAN_POINT('Origin',(-5.842,-8.255,-47.9793808));
#18264=CARTESIAN_POINT('',(-5.96899999581388,-8.25497826112184,-9.071926297963));
#18265=CARTESIAN_POINT('Origin',(-5.842,-8.255,-9.071926297963));
#18266=CARTESIAN_POINT('',(-5.969,-8.255,-12.01007370204));
#18267=CARTESIAN_POINT('',(-5.969,-8.255,-12.01007370204));
#18268=CARTESIAN_POINT('Ctrl Pts',(-5.842,-8.128,-12.0045738935963));
#18269=CARTESIAN_POINT('Ctrl Pts',(-5.85791167020944,-8.12800000000004,
-12.0059546111163));
#18270=CARTESIAN_POINT('Ctrl Pts',(-5.87491105279373,-8.13117415073391,
-12.0071392378001));
#18271=CARTESIAN_POINT('Ctrl Pts',(-5.90621066035748,-8.14412737700638,
-12.0088170549938));
#18272=CARTESIAN_POINT('Ctrl Pts',(-5.92051084228284,-8.15390571986146,
-12.0093166989154));
#18273=CARTESIAN_POINT('Ctrl Pts',(-5.94307712647942,-8.17647200405804,
-12.0098882680503));
#18274=CARTESIAN_POINT('Ctrl Pts',(-5.95285131716663,-8.19075238013289,
-12.0099972210993));
#18275=CARTESIAN_POINT('Ctrl Pts',(-5.96581274353792,-8.22204279172748,
-12.0100867108265));
#18276=CARTESIAN_POINT('Ctrl Pts',(-5.969,-8.2390527998477,-12.010073702037));
#18277=CARTESIAN_POINT('Ctrl Pts',(-5.969,-8.255,-12.010073702037));
#18278=CARTESIAN_POINT('Origin',(-5.969,-10.17397,-10.541));
#18279=CARTESIAN_POINT('',(-5.969,-10.5156,-12.01007370204));
#18280=CARTESIAN_POINT('',(-5.969,-8.255,-12.01007370204));
#18281=CARTESIAN_POINT('',(-5.969,-10.5156,-9.071926297963));
#18282=CARTESIAN_POINT('Origin',(-5.969,-10.5156,-10.541));
#18283=CARTESIAN_POINT('',(-5.969,-10.5156,-9.071926297963));
#18284=CARTESIAN_POINT('',(-5.968999995039,-8.254978261122,-9.071926297963));
#18285=CARTESIAN_POINT('Origin',(-5.969,-10.2616,-10.541));
#18286=CARTESIAN_POINT('Origin',(-5.969,-10.17397,-10.541));
#18287=CARTESIAN_POINT('',(-5.969,-11.57425909488,-9.499652336513));
#18288=CARTESIAN_POINT('',(-5.969,-11.57425909488,-9.499652336513));
#18289=CARTESIAN_POINT('',(-5.969,-11.57425909488,-11.58234766349));
#18290=CARTESIAN_POINT('',(-5.969,-11.57425909488,-9.499652336513));
#18291=CARTESIAN_POINT('',(-5.969,-11.57425909488,-11.58234766349));
#18292=CARTESIAN_POINT('Origin',(-5.969,-11.2649,-10.541));
#18293=CARTESIAN_POINT('Origin',(-4.54092764393516,-9.10076521728874,-10.541));
#18294=CARTESIAN_POINT('Origin',(-4.54092764393516,-9.10076521728874,-10.541));
#18295=CARTESIAN_POINT('Origin',(-6.223,-12.0142,-8.9281));
#18296=CARTESIAN_POINT('Origin',(-5.969,-10.2616,-10.541));
#18297=CARTESIAN_POINT('Origin',(-5.969,-8.128,-9.071926297963));
#18298=CARTESIAN_POINT('Origin',(-5.588,-8.255,-9.071926297963));
#18299=CARTESIAN_POINT('Origin',(-5.588,-8.255,-47.9793808));
#18300=CARTESIAN_POINT('',(-5.461,-8.255,-12.01007370204));
#18301=CARTESIAN_POINT('Origin',(-5.461,-8.33374,-10.541));
#18302=CARTESIAN_POINT('',(-5.461,-11.57425909488,-11.58234766349));
#18303=CARTESIAN_POINT('',(-5.461,-10.5156,-12.01007370204));
#18304=CARTESIAN_POINT('',(-5.461,-11.57425909488,-9.499652336513));
#18305=CARTESIAN_POINT('',(-5.461,-11.57425909488,-11.58234766349));
#18306=CARTESIAN_POINT('',(-5.461,-11.57425909488,-9.499652336513));
#18307=CARTESIAN_POINT('Origin',(-5.461,-11.2649,-10.541));
#18308=CARTESIAN_POINT('Origin',(-6.88907235606347,-9.10076521729358,-10.541));
#18309=CARTESIAN_POINT('Origin',(-6.88907235606347,-9.10076521729358,-10.541));
#18310=CARTESIAN_POINT('Origin',(-5.461,-11.57425909488,-8.9281));
#18311=CARTESIAN_POINT('Origin',(-5.461,-10.2616,-10.541));
#18312=CARTESIAN_POINT('Origin',(6.223,-0.7874,0.));
#18313=CARTESIAN_POINT('',(6.223,-0.4239491642601,0.));
#18314=CARTESIAN_POINT('',(6.223,0.9319491642601,0.));
#18315=CARTESIAN_POINT('Origin',(5.842,-0.4239491642601,27.2411425088));
#18316=CARTESIAN_POINT('',(5.9563,-0.7874,0.));
#18317=CARTESIAN_POINT('Origin',(5.9563,-1.0668,0.));
#18318=CARTESIAN_POINT('',(5.9563,-1.9304,0.));
#18319=CARTESIAN_POINT('Origin',(5.9563,-1.0668,0.));
#18320=CARTESIAN_POINT('',(5.9563,1.2954,0.));
#18321=CARTESIAN_POINT('',(5.9563,4.3942,0.));
#18322=CARTESIAN_POINT('',(5.9563,-0.6858,-11.3284));
#18323=CARTESIAN_POINT('Origin',(5.5753,-1.9304,27.1513808));
#18324=CARTESIAN_POINT('Origin',(5.842,0.9319491642601,27.2411425088));
#18325=CARTESIAN_POINT('Origin',(5.5753,-0.6858,27.1513808));
#18326=CARTESIAN_POINT('',(5.5753,-1.0668,-11.3284));
#18327=CARTESIAN_POINT('Origin',(3.8354,-1.0668,0.));
#18328=CARTESIAN_POINT('',(3.8354,-1.0668,-11.3284));
#18329=CARTESIAN_POINT('Origin',(3.8354,-2.3114,0.));
#18330=CARTESIAN_POINT('Origin',(5.8293,4.3942,27.1513808));
#18331=CARTESIAN_POINT('',(5.8293,4.5212,0.));
#18332=CARTESIAN_POINT('Origin',(5.9563,4.5212,0.));
#18333=CARTESIAN_POINT('',(4.318,4.5212,0.));
#18334=CARTESIAN_POINT('Origin',(4.318,4.5212,0.));
#18335=CARTESIAN_POINT('',(4.318,6.477,-3.302));
#18336=CARTESIAN_POINT('',(4.318,6.477,0.));
#18337=CARTESIAN_POINT('',(4.318,4.7752,-3.302));
#18338=CARTESIAN_POINT('',(4.318,4.7752,-3.302));
#18339=CARTESIAN_POINT('',(4.318,4.7752,-3.302));
#18340=CARTESIAN_POINT('Origin',(3.937,6.477,27.1513808));
#18341=CARTESIAN_POINT('',(3.937,6.858,-3.302));
#18342=CARTESIAN_POINT('Origin',(3.937,6.477,-3.302));
#18343=CARTESIAN_POINT('',(3.937,6.858,0.));
#18344=CARTESIAN_POINT('Origin',(0.,0.,-3.302));
#18345=CARTESIAN_POINT('',(-3.937,6.858,-3.302));
#18346=CARTESIAN_POINT('',(3.937,6.858,-3.302));
#18347=CARTESIAN_POINT('',(-4.318,6.477,-3.302));
#18348=CARTESIAN_POINT('Origin',(-3.937,6.477,-3.302));
#18349=CARTESIAN_POINT('',(-4.318,4.7752,-3.302));
#18350=CARTESIAN_POINT('',(-4.318,6.477,-3.302));
#18351=CARTESIAN_POINT('',(4.318,4.7752,-3.302));
#18352=CARTESIAN_POINT('Origin',(4.318,4.7752,0.));
#18353=CARTESIAN_POINT('',(-4.318,4.7752,-3.302));
#18354=CARTESIAN_POINT('',(-3.7719,4.7752,-6.105514081094));
#18355=CARTESIAN_POINT('',(-3.7719,4.7752,-5.304406014754));
#18356=CARTESIAN_POINT('',(-3.7719,4.7752,-6.105514081094));
#18357=CARTESIAN_POINT('',(-3.3401,4.7752,-5.304406014754));
#18358=CARTESIAN_POINT('',(-3.7719,4.7752,-5.304406014754));
#18359=CARTESIAN_POINT('',(-3.3401,4.7752,-6.105514081094));
#18360=CARTESIAN_POINT('',(-3.3401,4.7752,-6.105514081094));
#18361=CARTESIAN_POINT('',(-3.7719,4.7752,-6.105514081094));
#18362=CARTESIAN_POINT('',(-2.7559,4.7752,-6.105514081094));
#18363=CARTESIAN_POINT('',(-2.7559,4.7752,-5.304406014754));
#18364=CARTESIAN_POINT('',(-2.7559,4.7752,-6.105514081094));
#18365=CARTESIAN_POINT('',(-2.3241,4.7752,-5.304406014754));
#18366=CARTESIAN_POINT('',(-2.7559,4.7752,-5.304406014754));
#18367=CARTESIAN_POINT('',(-2.3241,4.7752,-6.105514081094));
#18368=CARTESIAN_POINT('',(-2.3241,4.7752,-6.105514081094));
#18369=CARTESIAN_POINT('',(-2.7559,4.7752,-6.105514081094));
#18370=CARTESIAN_POINT('',(-1.7399,4.7752,-6.105514081094));
#18371=CARTESIAN_POINT('',(-1.7399,4.7752,-5.304406014754));
#18372=CARTESIAN_POINT('',(-1.7399,4.7752,-6.105514081094));
#18373=CARTESIAN_POINT('',(-1.3081,4.7752,-5.304406014754));
#18374=CARTESIAN_POINT('',(-1.7399,4.7752,-5.304406014754));
#18375=CARTESIAN_POINT('',(-1.3081,4.7752,-6.105514081094));
#18376=CARTESIAN_POINT('',(-1.3081,4.7752,-6.105514081094));
#18377=CARTESIAN_POINT('',(-1.7399,4.7752,-6.105514081094));
#18378=CARTESIAN_POINT('',(-0.7239,4.7752,-6.105514081094));
#18379=CARTESIAN_POINT('',(-0.7239,4.7752,-5.304406014754));
#18380=CARTESIAN_POINT('',(-0.7239,4.7752,-6.105514081094));
#18381=CARTESIAN_POINT('',(-0.2921,4.7752,-5.304406014754));
#18382=CARTESIAN_POINT('',(-0.7239,4.7752,-5.304406014754));
#18383=CARTESIAN_POINT('',(-0.2921,4.7752,-6.105514081094));
#18384=CARTESIAN_POINT('',(-0.2921,4.7752,-6.105514081094));
#18385=CARTESIAN_POINT('',(-0.7239,4.7752,-6.105514081094));
#18386=CARTESIAN_POINT('',(0.2921,4.7752,-6.105514081094));
#18387=CARTESIAN_POINT('',(0.2921,4.7752,-5.304406014754));
#18388=CARTESIAN_POINT('',(0.2921,4.7752,-6.105514081094));
#18389=CARTESIAN_POINT('',(0.7239,4.7752,-5.304406014754));
#18390=CARTESIAN_POINT('',(0.2921,4.7752,-5.304406014754));
#18391=CARTESIAN_POINT('',(0.7239,4.7752,-6.105514081094));
#18392=CARTESIAN_POINT('',(0.7239,4.7752,-6.105514081094));
#18393=CARTESIAN_POINT('',(0.2921,4.7752,-6.105514081094));
#18394=CARTESIAN_POINT('',(1.3081,4.7752,-6.105514081094));
#18395=CARTESIAN_POINT('',(1.3081,4.7752,-5.304406014754));
#18396=CARTESIAN_POINT('',(1.3081,4.7752,-6.105514081094));
#18397=CARTESIAN_POINT('',(1.7399,4.7752,-5.304406014754));
#18398=CARTESIAN_POINT('',(1.3081,4.7752,-5.304406014754));
#18399=CARTESIAN_POINT('',(1.7399,4.7752,-6.105514081094));
#18400=CARTESIAN_POINT('',(1.7399,4.7752,-6.105514081094));
#18401=CARTESIAN_POINT('',(1.3081,4.7752,-6.105514081094));
#18402=CARTESIAN_POINT('',(2.3241,4.7752,-6.105514081094));
#18403=CARTESIAN_POINT('',(2.3241,4.7752,-5.304406014754));
#18404=CARTESIAN_POINT('',(2.3241,4.7752,-6.105514081094));
#18405=CARTESIAN_POINT('',(2.7559,4.7752,-5.304406014754));
#18406=CARTESIAN_POINT('',(2.3241,4.7752,-5.304406014754));
#18407=CARTESIAN_POINT('',(2.7559,4.7752,-6.105514081094));
#18408=CARTESIAN_POINT('',(2.7559,4.7752,-6.105514081094));
#18409=CARTESIAN_POINT('',(2.3241,4.7752,-6.105514081094));
#18410=CARTESIAN_POINT('',(3.3401,4.7752,-6.105514081094));
#18411=CARTESIAN_POINT('',(3.3401,4.7752,-5.304406014754));
#18412=CARTESIAN_POINT('',(3.3401,4.7752,-6.105514081094));
#18413=CARTESIAN_POINT('',(3.7719,4.7752,-5.304406014754));
#18414=CARTESIAN_POINT('',(3.3401,4.7752,-5.304406014754));
#18415=CARTESIAN_POINT('',(3.7719,4.7752,-6.105514081094));
#18416=CARTESIAN_POINT('',(3.7719,4.7752,-6.105514081094));
#18417=CARTESIAN_POINT('',(3.3401,4.7752,-6.105514081094));
#18418=CARTESIAN_POINT('Origin',(-4.318,4.7752,0.));
#18419=CARTESIAN_POINT('',(-4.318,6.477,0.));
#18420=CARTESIAN_POINT('',(-4.318,4.5212,0.));
#18421=CARTESIAN_POINT('Origin',(-3.937,6.477,27.1513808));
#18422=CARTESIAN_POINT('',(-3.937,6.858,0.));
#18423=CARTESIAN_POINT('Origin',(4.318,6.858,0.));
#18424=CARTESIAN_POINT('Origin',(-4.318,4.5212,0.));
#18425=CARTESIAN_POINT('Origin',(-3.7719,0.,0.));
#18426=CARTESIAN_POINT('',(-3.7719,4.7752,-5.304406014754));
#18427=CARTESIAN_POINT('',(-3.7719,0.8794379422609,-13.97));
#18428=CARTESIAN_POINT('Origin',(-3.7719,0.8794379422609,-13.97));
#18429=CARTESIAN_POINT('',(-3.3401,0.8794379422609,-13.97));
#18430=CARTESIAN_POINT('Origin',(-3.3401,0.,0.));
#18431=CARTESIAN_POINT('',(-3.3401,4.7752,-5.304406014754));
#18432=CARTESIAN_POINT('Origin',(-3.7719,5.2832,-4.278891933659));
#18433=CARTESIAN_POINT('Origin',(-2.7559,0.,0.));
#18434=CARTESIAN_POINT('',(-2.7559,4.7752,-5.304406014754));
#18435=CARTESIAN_POINT('',(-2.7559,0.8794379422609,-13.97));
#18436=CARTESIAN_POINT('Origin',(-2.7559,0.8794379422609,-13.97));
#18437=CARTESIAN_POINT('',(-2.3241,0.8794379422609,-13.97));
#18438=CARTESIAN_POINT('Origin',(-2.3241,0.,0.));
#18439=CARTESIAN_POINT('',(-2.3241,4.7752,-5.304406014754));
#18440=CARTESIAN_POINT('Origin',(-2.7559,5.2832,-4.278891933659));
#18441=CARTESIAN_POINT('Origin',(-1.7399,0.,0.));
#18442=CARTESIAN_POINT('',(-1.7399,4.7752,-5.304406014754));
#18443=CARTESIAN_POINT('',(-1.7399,0.8794379422609,-13.97));
#18444=CARTESIAN_POINT('Origin',(-1.7399,0.8794379422609,-13.97));
#18445=CARTESIAN_POINT('',(-1.3081,0.8794379422609,-13.97));
#18446=CARTESIAN_POINT('Origin',(-1.3081,0.,0.));
#18447=CARTESIAN_POINT('',(-1.3081,4.7752,-5.304406014754));
#18448=CARTESIAN_POINT('Origin',(-1.7399,5.2832,-4.278891933659));
#18449=CARTESIAN_POINT('Origin',(-0.7239,0.,0.));
#18450=CARTESIAN_POINT('',(-0.7239,4.7752,-5.304406014754));
#18451=CARTESIAN_POINT('',(-0.7239,0.8794379422609,-13.97));
#18452=CARTESIAN_POINT('Origin',(-0.7239,0.8794379422609,-13.97));
#18453=CARTESIAN_POINT('',(-0.2921,0.8794379422609,-13.97));
#18454=CARTESIAN_POINT('Origin',(-0.2921,0.,0.));
#18455=CARTESIAN_POINT('',(-0.2921,4.7752,-5.304406014754));
#18456=CARTESIAN_POINT('Origin',(-0.7239,5.2832,-4.278891933659));
#18457=CARTESIAN_POINT('Origin',(0.2921,0.,0.));
#18458=CARTESIAN_POINT('',(0.2921,4.7752,-5.304406014754));
#18459=CARTESIAN_POINT('',(0.2921,0.8794379422609,-13.97));
#18460=CARTESIAN_POINT('Origin',(0.2921,0.8794379422609,-13.97));
#18461=CARTESIAN_POINT('',(0.7239,0.8794379422609,-13.97));
#18462=CARTESIAN_POINT('Origin',(0.7239,0.,0.));
#18463=CARTESIAN_POINT('',(0.7239,4.7752,-5.304406014754));
#18464=CARTESIAN_POINT('Origin',(0.2921,5.2832,-4.278891933659));
#18465=CARTESIAN_POINT('Origin',(1.3081,0.,0.));
#18466=CARTESIAN_POINT('',(1.3081,4.7752,-5.304406014754));
#18467=CARTESIAN_POINT('',(1.3081,0.8794379422609,-13.97));
#18468=CARTESIAN_POINT('Origin',(1.3081,0.8794379422609,-13.97));
#18469=CARTESIAN_POINT('',(1.7399,0.8794379422609,-13.97));
#18470=CARTESIAN_POINT('Origin',(1.7399,0.,0.));
#18471=CARTESIAN_POINT('',(1.7399,4.7752,-5.304406014754));
#18472=CARTESIAN_POINT('Origin',(1.3081,5.2832,-4.278891933659));
#18473=CARTESIAN_POINT('Origin',(2.3241,0.,0.));
#18474=CARTESIAN_POINT('',(2.3241,4.7752,-5.304406014754));
#18475=CARTESIAN_POINT('',(2.3241,0.8794379422609,-13.97));
#18476=CARTESIAN_POINT('Origin',(2.3241,0.8794379422609,-13.97));
#18477=CARTESIAN_POINT('',(2.7559,0.8794379422609,-13.97));
#18478=CARTESIAN_POINT('Origin',(2.7559,0.,0.));
#18479=CARTESIAN_POINT('',(2.7559,4.7752,-5.304406014754));
#18480=CARTESIAN_POINT('Origin',(2.3241,5.2832,-4.278891933659));
#18481=CARTESIAN_POINT('Origin',(3.3401,0.,0.));
#18482=CARTESIAN_POINT('',(3.3401,4.7752,-5.304406014754));
#18483=CARTESIAN_POINT('',(3.3401,0.8794379422609,-13.97));
#18484=CARTESIAN_POINT('Origin',(3.3401,0.8794379422609,-13.97));
#18485=CARTESIAN_POINT('',(3.7719,0.8794379422609,-13.97));
#18486=CARTESIAN_POINT('Origin',(3.7719,0.,0.));
#18487=CARTESIAN_POINT('',(3.7719,4.7752,-5.304406014754));
#18488=CARTESIAN_POINT('Origin',(3.3401,5.2832,-4.278891933659));
#18489=CARTESIAN_POINT('Origin',(-5.842,0.9319491642601,27.2411425088));
#18490=CARTESIAN_POINT('',(-6.223,0.9319491642601,0.));
#18491=CARTESIAN_POINT('Origin',(-6.223,1.2954,0.));
#18492=CARTESIAN_POINT('',(-6.223,-0.4239491642601,0.));
#18493=CARTESIAN_POINT('Origin',(-5.842,-0.4239491642601,27.2411425088));
#18494=CARTESIAN_POINT('Origin',(-5.5753,-0.6858,27.1513808));
#18495=CARTESIAN_POINT('',(-5.5753,-1.0668,-11.3284));
#18496=CARTESIAN_POINT('Origin',(-5.9563,-1.0668,0.));
#18497=CARTESIAN_POINT('',(-3.8354,-1.0668,-11.3284));
#18498=CARTESIAN_POINT('Origin',(-3.8354,-1.0668,0.));
#18499=CARTESIAN_POINT('Origin',(4.0005,1.988082646587,-19.17657813567));
#18500=CARTESIAN_POINT('',(-4.0005,1.955097249422,-19.02779062418));
#18501=CARTESIAN_POINT('',(-4.0005,1.988082646587,-19.17657813567));
#18502=CARTESIAN_POINT('',(4.0005,1.955097249422,-19.02779062418));
#18503=CARTESIAN_POINT('',(4.0005,1.955097249422,-19.02779062418));
#18504=CARTESIAN_POINT('',(4.0005,1.988082646587,-19.17657813567));
#18505=CARTESIAN_POINT('Origin',(4.0005,3.351968168533,-18.87421199499));
#18506=CARTESIAN_POINT('',(4.0005,3.318982771369,-18.72542448351));
#18507=CARTESIAN_POINT('',(4.0005,3.318982771369,-18.72542448351));
#18508=CARTESIAN_POINT('',(4.0005,3.351968168533,-18.87421199499));
#18509=CARTESIAN_POINT('Origin',(-4.0005,3.351968168533,-18.87421199499));
#18510=CARTESIAN_POINT('',(-4.0005,3.318982771369,-18.72542448351));
#18511=CARTESIAN_POINT('',(-4.0005,3.318982771369,-18.72542448351));
#18512=CARTESIAN_POINT('',(-4.0005,3.351968168533,-18.87421199499));
#18513=CARTESIAN_POINT('Origin',(-4.0005,1.988082646587,-19.17657813567));
#18514=CARTESIAN_POINT('',(-4.0005,1.955097249422,-19.02779062418));
#18515=CARTESIAN_POINT('Origin',(7.747,4.112334593107,-18.54954261903));
#18516=CARTESIAN_POINT('',(3.926214144,1.996007398662,-19.01872106245));
#18517=CARTESIAN_POINT('',(3.096230028,1.996007398662,-19.01872106245));
#18518=CARTESIAN_POINT('',(3.926214144,1.996007398662,-19.01872106245));
#18519=CARTESIAN_POINT('',(3.194082748841,3.285499164866,-18.73284762036));
#18520=CARTESIAN_POINT('',(3.194082748841,3.285499164866,-18.73284762036));
#18521=CARTESIAN_POINT('',(2.196112820759,3.285499164866,-18.73284762036));
#18522=CARTESIAN_POINT('',(2.196112820759,3.285499164866,-18.73284762036));
#18523=CARTESIAN_POINT('',(1.4639814256,1.996007398662,-19.01872106245));
#18524=CARTESIAN_POINT('',(2.196112820759,3.285499164866,-18.73284762036));
#18525=CARTESIAN_POINT('',(2.2939655416,1.996007398662,-19.01872106245));
#18526=CARTESIAN_POINT('',(2.2939655416,1.996007398662,-19.01872106245));
#18527=CARTESIAN_POINT('',(2.360558063729,2.132916607955,-18.98836902148));
#18528=CARTESIAN_POINT('',(2.360558063729,2.132916607955,-18.98836902148));
#18529=CARTESIAN_POINT('',(3.030838167028,2.132916607955,-18.98836902148));
#18530=CARTESIAN_POINT('',(3.030838167028,2.132916607955,-18.98836902148));
#18531=CARTESIAN_POINT('',(3.096230028,1.996007398662,-19.01872106245));
#18532=CARTESIAN_POINT('',(-0.2775184696,3.285499164866,-18.73284762036));
#18533=CARTESIAN_POINT('',(-0.001536649200003,2.618611888583,-18.88069297009));
#18534=CARTESIAN_POINT('',(-0.2775184696,3.285499164866,-18.73284762036));
#18535=CARTESIAN_POINT('',(-1.4254732984,3.285499164866,-18.73284762036));
#18536=CARTESIAN_POINT('',(-1.4254732984,3.285499164866,-18.73284762036));
#18537=CARTESIAN_POINT('',(-1.4254732984,1.996007398662,-19.01872106245));
#18538=CARTESIAN_POINT('',(-1.4254732984,3.285499164866,-18.73284762036));
#18539=CARTESIAN_POINT('',(-0.6990332984,1.996007398662,-19.01872106245));
#18540=CARTESIAN_POINT('',(-0.6990332984,1.996007398662,-19.01872106245));
#18541=CARTESIAN_POINT('',(-0.6990332984,2.828207344563,-18.83422677619));
#18542=CARTESIAN_POINT('',(-0.6990332984,2.828207344563,-18.83422677619));
#18543=CARTESIAN_POINT('',(-0.3386675472,1.996007398662,-19.01872106245));
#18544=CARTESIAN_POINT('',(-0.3386675472,1.996007398662,-19.01872106245));
#18545=CARTESIAN_POINT('',(0.335592928,1.996007398662,-19.01872106245));
#18546=CARTESIAN_POINT('',(0.335592928,1.996007398662,-19.01872106245));
#18547=CARTESIAN_POINT('',(0.69596,2.828207344563,-18.83422677619));
#18548=CARTESIAN_POINT('',(0.69596,2.828207344563,-18.83422677619));
#18549=CARTESIAN_POINT('',(0.69596,1.996007398662,-19.01872106245));
#18550=CARTESIAN_POINT('',(0.69596,1.996007398662,-19.01872106245));
#18551=CARTESIAN_POINT('',(1.4224,1.996007398662,-19.01872106245));
#18552=CARTESIAN_POINT('',(1.4224,1.996007398662,-19.01872106245));
#18553=CARTESIAN_POINT('',(1.4224,3.285499164866,-18.73284762036));
#18554=CARTESIAN_POINT('',(1.4224,3.285499164866,-18.73284762036));
#18555=CARTESIAN_POINT('',(0.2744451712,3.285499164866,-18.73284762036));
#18556=CARTESIAN_POINT('',(0.2744451712,3.285499164866,-18.73284762036));
#18557=CARTESIAN_POINT('',(0.2744451712,3.285499164866,-18.73284762036));
#18558=CARTESIAN_POINT('',(-1.6235880152,1.996007398662,-19.01872106245));
#18559=CARTESIAN_POINT('',(-2.3532890704,1.996007398662,-19.01872106245));
#18560=CARTESIAN_POINT('',(-1.6235880152,1.996007398662,-19.01872106245));
#18561=CARTESIAN_POINT('',(-1.6235880152,3.285499164866,-18.73284762036));
#18562=CARTESIAN_POINT('',(-1.6235880152,3.285499164866,-18.73284762036));
#18563=CARTESIAN_POINT('',(-2.96558553198977,3.28550160835905,-18.7328470786459));
#18564=CARTESIAN_POINT('',(-2.9655855344,3.285499164866,-18.73284762036));
#18565=CARTESIAN_POINT('',(-3.84448812001573,2.82820734456298,-18.83422677619));
#18566=CARTESIAN_POINT('Ctrl Pts',(-2.96558553189201,3.28550405259905,-18.7328465367757));
#18567=CARTESIAN_POINT('Ctrl Pts',(-3.19032599251747,3.28561396911128,-18.7328221688734));
#18568=CARTESIAN_POINT('Ctrl Pts',(-3.39391412318521,3.2650729503451,-18.7373760030998));
#18569=CARTESIAN_POINT('Ctrl Pts',(-3.554588975236,3.20263586901258,-18.7512179707826));
#18570=CARTESIAN_POINT('Ctrl Pts',(-3.637259215988,3.17051081347508,-18.7583399241326));
#18571=CARTESIAN_POINT('Ctrl Pts',(-3.708569039461,3.12729462790883,-18.7679207218126));
#18572=CARTESIAN_POINT('Ctrl Pts',(-3.7614669165815,3.06610293263521,-18.7814865940526));
#18573=CARTESIAN_POINT('Ctrl Pts',(-3.81131279838955,3.0084417527112,-18.7942697698833));
#18574=CARTESIAN_POINT('Ctrl Pts',(-3.84481003455095,2.93481945532043,-18.8105914402657));
#18575=CARTESIAN_POINT('Ctrl Pts',(-3.84451644675783,2.82820731142533,-18.8342267835369));
#18576=CARTESIAN_POINT('',(-2.96558553193125,2.37250427636626,-18.9352537141558));
#18577=CARTESIAN_POINT('Ctrl Pts',(-3.84451486683842,2.82820735926373,-18.8342267729309));
#18578=CARTESIAN_POINT('Ctrl Pts',(-3.84480399424096,2.72153381992982,-18.8578757272407));
#18579=CARTESIAN_POINT('Ctrl Pts',(-3.81107639632565,2.64807067369916,-18.874162114664));
#18580=CARTESIAN_POINT('Ctrl Pts',(-3.76098772331612,2.59058077975488,-18.8869073173088));
#18581=CARTESIAN_POINT('Ctrl Pts',(-3.70795272120175,2.52970920014025,-18.9004022216175));
#18582=CARTESIAN_POINT('Ctrl Pts',(-3.6365752427845,2.4867453069005,-18.909927087435));
#18583=CARTESIAN_POINT('Ctrl Pts',(-3.55389563469267,2.45481563773423,-18.9170057246689));
#18584=CARTESIAN_POINT('Ctrl Pts',(-3.39323813240234,2.39277203332438,-18.9307604606173));
#18585=CARTESIAN_POINT('Ctrl Pts',(-3.18990642024467,2.37239108961587,-18.9352788070562));
#18586=CARTESIAN_POINT('Ctrl Pts',(-2.96558553183072,2.37250179487743,-18.9352542642903));
#18587=CARTESIAN_POINT('',(-2.3532890704,2.372506757099,-18.93525316419));
#18588=CARTESIAN_POINT('',(-2.3532890704,2.372506757099,-18.93525316419));
#18589=CARTESIAN_POINT('',(-2.3532890704,1.996007398662,-19.01872106245));
#18590=CARTESIAN_POINT('Origin',(7.747,4.112334593107,-18.54954261903));
#18591=CARTESIAN_POINT('',(2.698746882458,2.828207344563,-18.83422677619));
#18592=CARTESIAN_POINT('',(2.518520947804,2.457676398765,-18.91637150922));
#18593=CARTESIAN_POINT('',(2.698746882458,2.828207344563,-18.83422677619));
#18594=CARTESIAN_POINT('',(2.875723348969,2.457676398765,-18.91637150922));
#18595=CARTESIAN_POINT('',(2.875723348969,2.457676398765,-18.91637150922));
#18596=CARTESIAN_POINT('',(2.518520947804,2.457676398765,-18.91637150922));
#18597=CARTESIAN_POINT('Origin',(7.747,4.112334593107,-18.54954261903));
#18598=CARTESIAN_POINT('',(-2.3532890704,2.924122965862,-18.81296279488));
#18599=CARTESIAN_POINT('',(-2.3532890704,2.732291723263,-18.85549075749));
#18600=CARTESIAN_POINT('',(-2.3532890704,2.924122965862,-18.81296279488));
#18601=CARTESIAN_POINT('',(-2.9655855344,2.732291723263,-18.85549075749));
#18602=CARTESIAN_POINT('',(-2.9655855344,2.732291723263,-18.85549075749));
#18603=CARTESIAN_POINT('',(-2.9655855344,2.924122965862,-18.81296279488));
#18604=CARTESIAN_POINT('Origin',(-2.9655855344,2.828207344563,-18.83422677619));
#18605=CARTESIAN_POINT('',(-2.3532890704,2.924122965862,-18.81296279488));
#18606=CARTESIAN_POINT('Origin',(3.926214144,1.996007398662,-19.01872106245));
#18607=CARTESIAN_POINT('',(3.926214144,2.028992795826,-19.16750857393));
#18608=CARTESIAN_POINT('',(3.926214144,1.996007398662,-19.01872106245));
#18609=CARTESIAN_POINT('',(3.096230028,2.028992795826,-19.16750857393));
#18610=CARTESIAN_POINT('',(3.096230028,1.996007398662,-19.01872106245));
#18611=CARTESIAN_POINT('',(3.926214144,2.028992795826,-19.16750857393));
#18612=CARTESIAN_POINT('Origin',(3.194082748841,3.285499164866,-18.73284762036));
#18613=CARTESIAN_POINT('',(3.194082748841,3.31848456203,-18.88163513184));
#18614=CARTESIAN_POINT('',(3.194082748841,3.285499164866,-18.73284762036));
#18615=CARTESIAN_POINT('',(3.194082748841,3.31848456203,-18.88163513184));
#18616=CARTESIAN_POINT('Origin',(2.196112820759,3.285499164866,-18.73284762036));
#18617=CARTESIAN_POINT('',(2.196112820759,3.31848456203,-18.88163513184));
#18618=CARTESIAN_POINT('',(2.196112820759,3.285499164866,-18.73284762036));
#18619=CARTESIAN_POINT('',(2.196112820759,3.31848456203,-18.88163513184));
#18620=CARTESIAN_POINT('Origin',(1.4639814256,1.996007398662,-19.01872106245));
#18621=CARTESIAN_POINT('',(1.4639814256,2.028992795826,-19.16750857393));
#18622=CARTESIAN_POINT('',(1.4639814256,2.028992795826,-19.16750857393));
#18623=CARTESIAN_POINT('',(1.4639814256,1.996007398662,-19.01872106245));
#18624=CARTESIAN_POINT('Origin',(2.2939655416,1.996007398662,-19.01872106245));
#18625=CARTESIAN_POINT('',(2.2939655416,2.028992795826,-19.16750857393));
#18626=CARTESIAN_POINT('',(2.2939655416,1.996007398662,-19.01872106245));
#18627=CARTESIAN_POINT('',(2.2939655416,2.028992795826,-19.16750857393));
#18628=CARTESIAN_POINT('Origin',(2.360558063729,2.132916607955,-18.98836902148));
#18629=CARTESIAN_POINT('',(2.360558063729,2.165902005119,-19.13715653296));
#18630=CARTESIAN_POINT('',(2.360558063729,2.132916607955,-18.98836902148));
#18631=CARTESIAN_POINT('',(2.360558063729,2.165902005119,-19.13715653296));
#18632=CARTESIAN_POINT('Origin',(3.030838167028,2.132916607955,-18.98836902148));
#18633=CARTESIAN_POINT('',(3.030838167028,2.165902005119,-19.13715653296));
#18634=CARTESIAN_POINT('',(3.030838167028,2.132916607955,-18.98836902148));
#18635=CARTESIAN_POINT('',(3.030838167028,2.165902005119,-19.13715653296));
#18636=CARTESIAN_POINT('Origin',(3.096230028,1.996007398662,-19.01872106245));
#18637=CARTESIAN_POINT('',(3.096230028,2.028992795826,-19.16750857393));
#18638=CARTESIAN_POINT('Origin',(7.747,4.145319990271,-18.69833013052));
#18639=CARTESIAN_POINT('',(2.698746882458,2.861192741727,-18.98301428767));
#18640=CARTESIAN_POINT('',(2.518520947804,2.490661795929,-19.0651590207));
#18641=CARTESIAN_POINT('',(2.698746882458,2.861192741727,-18.98301428767));
#18642=CARTESIAN_POINT('',(2.875723348969,2.490661795929,-19.0651590207));
#18643=CARTESIAN_POINT('',(2.518520947804,2.490661795929,-19.0651590207));
#18644=CARTESIAN_POINT('',(2.875723348969,2.490661795929,-19.0651590207));
#18645=CARTESIAN_POINT('Origin',(7.747,4.145319990271,-18.69833013052));
#18646=CARTESIAN_POINT('',(-1.4254732984,3.31848456203,-18.88163513184));
#18647=CARTESIAN_POINT('',(-0.2775184696,3.31848456203,-18.88163513184));
#18648=CARTESIAN_POINT('',(-1.4254732984,3.31848456203,-18.88163513184));
#18649=CARTESIAN_POINT('',(-0.001536649200003,2.651597285747,-19.02948048158));
#18650=CARTESIAN_POINT('',(-0.2775184696,3.31848456203,-18.88163513184));
#18651=CARTESIAN_POINT('',(0.2744451712,3.31848456203,-18.88163513184));
#18652=CARTESIAN_POINT('',(-0.001536649200003,2.651597285747,-19.02948048158));
#18653=CARTESIAN_POINT('',(1.4224,3.31848456203,-18.88163513184));
#18654=CARTESIAN_POINT('',(0.2744451712,3.31848456203,-18.88163513184));
#18655=CARTESIAN_POINT('',(1.4224,2.028992795826,-19.16750857393));
#18656=CARTESIAN_POINT('',(1.4224,3.31848456203,-18.88163513184));
#18657=CARTESIAN_POINT('',(0.69596,2.028992795826,-19.16750857393));
#18658=CARTESIAN_POINT('',(1.4224,2.028992795826,-19.16750857393));
#18659=CARTESIAN_POINT('',(0.69596,2.861192741727,-18.98301428767));
#18660=CARTESIAN_POINT('',(0.69596,2.028992795826,-19.16750857393));
#18661=CARTESIAN_POINT('',(0.335592928,2.028992795826,-19.16750857393));
#18662=CARTESIAN_POINT('',(0.69596,2.861192741727,-18.98301428767));
#18663=CARTESIAN_POINT('',(-0.3386675472,2.028992795826,-19.16750857393));
#18664=CARTESIAN_POINT('',(0.335592928,2.028992795826,-19.16750857393));
#18665=CARTESIAN_POINT('',(-0.6990332984,2.861192741727,-18.98301428767));
#18666=CARTESIAN_POINT('',(-0.3386675472,2.028992795826,-19.16750857393));
#18667=CARTESIAN_POINT('',(-0.6990332984,2.028992795826,-19.16750857393));
#18668=CARTESIAN_POINT('',(-0.6990332984,2.861192741727,-18.98301428767));
#18669=CARTESIAN_POINT('',(-1.4254732984,2.028992795826,-19.16750857393));
#18670=CARTESIAN_POINT('',(-0.6990332984,2.028992795826,-19.16750857393));
#18671=CARTESIAN_POINT('',(-1.4254732984,2.028992795826,-19.16750857393));
#18672=CARTESIAN_POINT('Origin',(7.747,4.145319990271,-18.69833013052));
#18673=CARTESIAN_POINT('',(-1.6235880152,2.028992795826,-19.16750857393));
#18674=CARTESIAN_POINT('',(-2.3532890704,2.028992795826,-19.16750857393));
#18675=CARTESIAN_POINT('',(-1.6235880152,2.028992795826,-19.16750857393));
#18676=CARTESIAN_POINT('',(-2.3532890704,2.405492154263,-19.08404067568));
#18677=CARTESIAN_POINT('',(-2.3532890704,2.028992795826,-19.16750857393));
#18678=CARTESIAN_POINT('',(-2.96558553193143,2.40548967353146,-19.0840412256455));
#18679=CARTESIAN_POINT('',(-2.3532890704,2.405492154263,-19.08404067568));
#18680=CARTESIAN_POINT('',(-3.84448733004809,2.86119274129168,-18.9830142877665));
#18681=CARTESIAN_POINT('Ctrl Pts',(-2.96558553183072,2.40548719204216,-19.0840417757779));
#18682=CARTESIAN_POINT('Ctrl Pts',(-3.18990642024467,2.4053764867806,-19.0840663185438));
#18683=CARTESIAN_POINT('Ctrl Pts',(-3.39323813240234,2.42575743048911,-19.0795479721049));
#18684=CARTESIAN_POINT('Ctrl Pts',(-3.55389563469267,2.48780103489895,-19.0657932361565));
#18685=CARTESIAN_POINT('Ctrl Pts',(-3.6365752427845,2.51973070406523,-19.0587145989226));
#18686=CARTESIAN_POINT('Ctrl Pts',(-3.70795272120175,2.56269459730498,-19.0491897331051));
#18687=CARTESIAN_POINT('Ctrl Pts',(-3.76098772331612,2.62356617691961,-19.0356948287964));
#18688=CARTESIAN_POINT('Ctrl Pts',(-3.81107639632688,2.6810560708653,-19.0229496261512));
#18689=CARTESIAN_POINT('Ctrl Pts',(-3.84480399424262,2.75451921709818,-19.0066632387275));
#18690=CARTESIAN_POINT('Ctrl Pts',(-3.8445148668384,2.86119275643637,-18.9830142844168));
#18691=CARTESIAN_POINT('',(-2.96558553199094,3.31848700552417,-18.8816345901353));
#18692=CARTESIAN_POINT('Ctrl Pts',(-3.84451644675785,2.86119270859622,-18.9830142950149));
#18693=CARTESIAN_POINT('Ctrl Pts',(-3.84481003454929,2.96780485248705,-18.9593789517446));
#18694=CARTESIAN_POINT('Ctrl Pts',(-3.81131279838832,3.0414271498756,-18.9430572813627));
#18695=CARTESIAN_POINT('Ctrl Pts',(-3.7614669165815,3.09908832979819,-18.9302741055323));
#18696=CARTESIAN_POINT('Ctrl Pts',(-3.708569039461,3.16028002507181,-18.9167082332924));
#18697=CARTESIAN_POINT('Ctrl Pts',(-3.637259215988,3.20349621063806,-18.9071274356124));
#18698=CARTESIAN_POINT('Ctrl Pts',(-3.554588975236,3.23562126617556,-18.9000054822624));
#18699=CARTESIAN_POINT('Ctrl Pts',(-3.39391412318521,3.29805834750808,-18.8861635145795));
#18700=CARTESIAN_POINT('Ctrl Pts',(-3.19032599251747,3.31859936627426,-18.8816096803531));
#18701=CARTESIAN_POINT('Ctrl Pts',(-2.96558553189201,3.31848944976203,-18.8816340482554));
#18702=CARTESIAN_POINT('',(-1.6235880152,3.31848456203,-18.88163513184));
#18703=CARTESIAN_POINT('',(-2.9655855344,3.31848456203,-18.88163513184));
#18704=CARTESIAN_POINT('',(-1.6235880152,3.31848456203,-18.88163513184));
#18705=CARTESIAN_POINT('',(-2.3532890704,2.765277120427,-19.00427826898));
#18706=CARTESIAN_POINT('',(-2.3532890704,2.957108363027,-18.96175030637));
#18707=CARTESIAN_POINT('',(-2.3532890704,2.765277120427,-19.00427826898));
#18708=CARTESIAN_POINT('',(-2.9655855344,2.957108363027,-18.96175030637));
#18709=CARTESIAN_POINT('',(-2.3532890704,2.957108363027,-18.96175030637));
#18710=CARTESIAN_POINT('',(-2.9655855344,2.765277120427,-19.00427826898));
#18711=CARTESIAN_POINT('Origin',(-2.9655855344,2.861192741727,-18.98301428767));
#18712=CARTESIAN_POINT('',(-2.9655855344,2.765277120427,-19.00427826898));
#18713=CARTESIAN_POINT('Origin',(2.698746882458,2.828207344563,-18.83422677619));
#18714=CARTESIAN_POINT('',(2.698746882458,2.828207344563,-18.83422677619));
#18715=CARTESIAN_POINT('',(2.518520947804,2.457676398765,-18.91637150922));
#18716=CARTESIAN_POINT('Origin',(2.875723348969,2.457676398765,-18.91637150922));
#18717=CARTESIAN_POINT('',(2.875723348969,2.457676398765,-18.91637150922));
#18718=CARTESIAN_POINT('Origin',(2.518520947804,2.457676398765,-18.91637150922));
#18719=CARTESIAN_POINT('Origin',(-1.4254732984,3.285499164866,-18.73284762036));
#18720=CARTESIAN_POINT('',(-1.4254732984,3.285499164866,-18.73284762036));
#18721=CARTESIAN_POINT('',(-0.2775184696,3.285499164866,-18.73284762036));
#18722=CARTESIAN_POINT('Origin',(-1.4254732984,1.996007398662,-19.01872106245));
#18723=CARTESIAN_POINT('',(-1.4254732984,1.996007398662,-19.01872106245));
#18724=CARTESIAN_POINT('Origin',(-0.6990332984,1.996007398662,-19.01872106245));
#18725=CARTESIAN_POINT('',(-0.6990332984,1.996007398662,-19.01872106245));
#18726=CARTESIAN_POINT('Origin',(-0.6990332984,2.828207344563,-18.83422677619));
#18727=CARTESIAN_POINT('',(-0.6990332984,2.828207344563,-18.83422677619));
#18728=CARTESIAN_POINT('Origin',(-0.3386675472,1.996007398662,-19.01872106245));
#18729=CARTESIAN_POINT('',(-0.3386675472,1.996007398662,-19.01872106245));
#18730=CARTESIAN_POINT('Origin',(0.335592928,1.996007398662,-19.01872106245));
#18731=CARTESIAN_POINT('',(0.335592928,1.996007398662,-19.01872106245));
#18732=CARTESIAN_POINT('Origin',(0.69596,2.828207344563,-18.83422677619));
#18733=CARTESIAN_POINT('',(0.69596,2.828207344563,-18.83422677619));
#18734=CARTESIAN_POINT('Origin',(0.69596,1.996007398662,-19.01872106245));
#18735=CARTESIAN_POINT('',(0.69596,1.996007398662,-19.01872106245));
#18736=CARTESIAN_POINT('Origin',(1.4224,1.996007398662,-19.01872106245));
#18737=CARTESIAN_POINT('',(1.4224,1.996007398662,-19.01872106245));
#18738=CARTESIAN_POINT('Origin',(1.4224,3.285499164866,-18.73284762036));
#18739=CARTESIAN_POINT('',(1.4224,3.285499164866,-18.73284762036));
#18740=CARTESIAN_POINT('Origin',(0.2744451712,3.285499164866,-18.73284762036));
#18741=CARTESIAN_POINT('',(0.2744451712,3.285499164866,-18.73284762036));
#18742=CARTESIAN_POINT('Origin',(-0.001536649200003,2.618611888583,-18.88069297009));
#18743=CARTESIAN_POINT('',(-0.001536649200003,2.618611888583,-18.88069297009));
#18744=CARTESIAN_POINT('Origin',(-0.2775184696,3.285499164866,-18.73284762036));
#18745=CARTESIAN_POINT('Origin',(-1.6235880152,1.996007398662,-19.01872106245));
#18746=CARTESIAN_POINT('',(-1.6235880152,1.996007398662,-19.01872106245));
#18747=CARTESIAN_POINT('',(-2.3532890704,1.996007398662,-19.01872106245));
#18748=CARTESIAN_POINT('Origin',(-1.6235880152,3.285499164866,-18.73284762036));
#18749=CARTESIAN_POINT('',(-1.6235880152,3.285499164866,-18.73284762036));
#18750=CARTESIAN_POINT('Origin',(-2.9655855344,3.285499164866,-18.73284762036));
#18751=CARTESIAN_POINT('',(-2.9655855344,3.285499164866,-18.73284762036));
#18752=CARTESIAN_POINT('Ctrl Pts',(-2.945954714806,3.25245736253829,-18.584072613579));
#18753=CARTESIAN_POINT('Ctrl Pts',(-2.945954714806,3.35141355403692,-19.0304351480618));
#18754=CARTESIAN_POINT('Ctrl Pts',(-3.178466343112,3.25378617387929,-18.583778023199));
#18755=CARTESIAN_POINT('Ctrl Pts',(-3.178466343112,3.35274236537792,-19.0301405576818));
#18756=CARTESIAN_POINT('Ctrl Pts',(-3.494639569042,3.22395778743929,-18.590390817269));
#18757=CARTESIAN_POINT('Ctrl Pts',(-3.494639569042,3.32291397893792,-19.0367533517518));
#18758=CARTESIAN_POINT('Ctrl Pts',(-3.779878862934,3.05109304517429,-18.628714007989));
#18759=CARTESIAN_POINT('Ctrl Pts',(-3.779878862934,3.15004923667292,-19.0750765424718));
#18760=CARTESIAN_POINT('Ctrl Pts',(-3.84885072447,2.89275863521229,-18.663815901589));
#18761=CARTESIAN_POINT('Ctrl Pts',(-3.84885072447,2.99171482671092,-19.1101784360718));
#18762=CARTESIAN_POINT('Ctrl Pts',(-3.844078475192,2.77526382580529,-18.689863873719));
#18763=CARTESIAN_POINT('Ctrl Pts',(-3.844078475192,2.87422001730392,-19.1362264082018));
#18764=CARTESIAN_POINT('',(-3.84448812,2.828207344563,-18.83422677619));
#18765=CARTESIAN_POINT('Ctrl Pts',(-3.844107152433,2.81439453707603,-18.6811888038923));
#18766=CARTESIAN_POINT('Ctrl Pts',(-3.844107152433,2.91335072857445,-19.1275513383742));
#18767=CARTESIAN_POINT('Ctrl Pts',(-3.848715251242,2.69724622819203,-18.7071599587023));
#18768=CARTESIAN_POINT('Ctrl Pts',(-3.848715251242,2.79620241969045,-19.1535224931842));
#18769=CARTESIAN_POINT('Ctrl Pts',(-3.779330199619,2.53968769621303,-18.7420898443023));
#18770=CARTESIAN_POINT('Ctrl Pts',(-3.779330199619,2.63864388771145,-19.1884523787842));
#18771=CARTESIAN_POINT('Ctrl Pts',(-3.49382028595,2.36783212325403,-18.7801893075723));
#18772=CARTESIAN_POINT('Ctrl Pts',(-3.49382028595,2.46678831475245,-19.2265518420542));
#18773=CARTESIAN_POINT('Ctrl Pts',(-3.177968683627,2.33824846019603,-18.7867478477723));
#18774=CARTESIAN_POINT('Ctrl Pts',(-3.177968683627,2.43720465169445,-19.2331103822542));
#18775=CARTESIAN_POINT('Ctrl Pts',(-2.945837591421,2.33957823781103,-18.7864530431723));
#18776=CARTESIAN_POINT('Ctrl Pts',(-2.945837591421,2.43853442930945,-19.2328155776542));
#18777=CARTESIAN_POINT('',(-2.9655855344,2.372506757099,-18.93525316419));
#18778=CARTESIAN_POINT('Origin',(-2.3532890704,2.372506757099,-18.93525316419));
#18779=CARTESIAN_POINT('',(-2.3532890704,2.372506757099,-18.93525316419));
#18780=CARTESIAN_POINT('Origin',(-2.3532890704,1.996007398662,-19.01872106245));
#18781=CARTESIAN_POINT('Origin',(-2.3532890704,2.732291723263,-18.85549075749));
#18782=CARTESIAN_POINT('',(-2.3532890704,2.732291723263,-18.85549075749));
#18783=CARTESIAN_POINT('',(-2.3532890704,2.924122965862,-18.81296279488));
#18784=CARTESIAN_POINT('Origin',(-2.9655855344,2.732291723263,-18.85549075749));
#18785=CARTESIAN_POINT('',(-2.9655855344,2.732291723263,-18.85549075749));
#18786=CARTESIAN_POINT('Origin',(-2.9655855344,2.828207344563,-18.83422677619));
#18787=CARTESIAN_POINT('',(-2.9655855344,2.924122965862,-18.81296279488));
#18788=CARTESIAN_POINT('Origin',(-2.3532890704,2.924122965862,-18.81296279488));
#18789=CARTESIAN_POINT('',(0.,0.,0.));
#18790=CARTESIAN_POINT('Origin',(-0.23,0.18,0.));
#18791=CARTESIAN_POINT('',(-0.23,-0.18,0.));
#18792=CARTESIAN_POINT('',(-0.23,0.18,0.));
#18793=CARTESIAN_POINT('',(-0.23,-0.18,0.));
#18794=CARTESIAN_POINT('',(-0.23,-0.18,4.32));
#18795=CARTESIAN_POINT('',(-0.23,-0.18,0.));
#18796=CARTESIAN_POINT('',(-0.23,0.18,4.32));
#18797=CARTESIAN_POINT('',(-0.23,-0.18,4.32));
#18798=CARTESIAN_POINT('',(-0.23,0.18,0.));
#18799=CARTESIAN_POINT('Origin',(0.23,0.18,0.));
#18800=CARTESIAN_POINT('',(0.23,0.18,0.));
#18801=CARTESIAN_POINT('',(-0.23,0.18,0.));
#18802=CARTESIAN_POINT('',(0.23,0.18,4.32));
#18803=CARTESIAN_POINT('',(-0.23,0.18,4.32));
#18804=CARTESIAN_POINT('',(0.23,0.18,0.));
#18805=CARTESIAN_POINT('Origin',(0.23,-0.18,0.));
#18806=CARTESIAN_POINT('',(0.23,-0.18,0.));
#18807=CARTESIAN_POINT('',(0.23,0.18,0.));
#18808=CARTESIAN_POINT('',(0.23,-0.18,4.32));
#18809=CARTESIAN_POINT('',(0.23,0.18,4.32));
#18810=CARTESIAN_POINT('',(0.23,-0.18,0.));
#18811=CARTESIAN_POINT('Origin',(-0.23,-0.18,0.));
#18812=CARTESIAN_POINT('',(0.23,-0.18,0.));
#18813=CARTESIAN_POINT('',(0.23,-0.18,4.32));
#18814=CARTESIAN_POINT('Origin',(9.91648328492839E-18,1.17411162093552E-16,
0.));
#18815=CARTESIAN_POINT('Origin',(0.,1.04083408558608E-16,4.32));
#18816=CARTESIAN_POINT('',(-8.47983665451267,-5.08680751217381,10.3045037128612));
#18817=CARTESIAN_POINT('',(-4.03783665451268,-13.2148075121738,-9.25349628713875));
#18818=CARTESIAN_POINT('',(-6.57783665451268,-13.2148075121739,-9.25349628713875));
#18819=CARTESIAN_POINT('',(-9.11783665451268,-13.2148075121739,-9.25349628713875));
#18820=CARTESIAN_POINT('',(-11.6578366545127,-13.2148075121738,-9.25349628713875));
#18821=CARTESIAN_POINT('',(-5.30783665451268,-17.5348075121739,-6.71349628713875));
#18822=CARTESIAN_POINT('',(-7.84783665451268,-17.5348075121739,-6.71349628713875));
#18823=CARTESIAN_POINT('',(-10.3878366545127,-17.5348075121739,-6.71349628713875));
#18824=CARTESIAN_POINT('',(-12.9278366545127,-17.5348075121739,-6.71349628713875));
#18825=UNCERTAINTY_MEASURE_WITH_UNIT(LENGTH_MEASURE(0.01),#18833,
'DISTANCE_ACCURACY_VALUE',
'Maximum model space distance between geometric entities at asserted c
onnectivities');
#18826=UNCERTAINTY_MEASURE_WITH_UNIT(LENGTH_MEASURE(0.01),#18833,
'DISTANCE_ACCURACY_VALUE',
'Maximum model space distance between geometric entities at asserted c
onnectivities');
#18827=UNCERTAINTY_MEASURE_WITH_UNIT(LENGTH_MEASURE(0.01),#18833,
'DISTANCE_ACCURACY_VALUE',
'Maximum model space distance between geometric entities at asserted c
onnectivities');
#18828=UNCERTAINTY_MEASURE_WITH_UNIT(LENGTH_MEASURE(1.E-6),#18833,
'DISTANCE_ACCURACY_VALUE',
'Maximum model space distance between geometric entities at asserted c
onnectivities');
#18829=(
GEOMETRIC_REPRESENTATION_CONTEXT(3)
GLOBAL_UNCERTAINTY_ASSIGNED_CONTEXT((#18825))
GLOBAL_UNIT_ASSIGNED_CONTEXT((#18833,#18836,#18834))
REPRESENTATION_CONTEXT('','3D')
);
#18830=(
GEOMETRIC_REPRESENTATION_CONTEXT(3)
GLOBAL_UNCERTAINTY_ASSIGNED_CONTEXT((#18826))
GLOBAL_UNIT_ASSIGNED_CONTEXT((#18833,#18836,#18834))
REPRESENTATION_CONTEXT('','3D')
);
#18831=(
GEOMETRIC_REPRESENTATION_CONTEXT(3)
GLOBAL_UNCERTAINTY_ASSIGNED_CONTEXT((#18827))
GLOBAL_UNIT_ASSIGNED_CONTEXT((#18833,#18836,#18834))
REPRESENTATION_CONTEXT('','3D')
);
#18832=(
GEOMETRIC_REPRESENTATION_CONTEXT(3)
GLOBAL_UNCERTAINTY_ASSIGNED_CONTEXT((#18828))
GLOBAL_UNIT_ASSIGNED_CONTEXT((#18833,#18836,#18834))
REPRESENTATION_CONTEXT('','3D')
);
#18833=(
LENGTH_UNIT()
NAMED_UNIT(*)
SI_UNIT(.MILLI.,.METRE.)
);
#18834=(
NAMED_UNIT(*)
SI_UNIT($,.STERADIAN.)
SOLID_ANGLE_UNIT()
);
#18835=DIMENSIONAL_EXPONENTS(0.,0.,0.,0.,0.,0.,0.);
#18836=(
CONVERSION_BASED_UNIT('degree',#18838)
NAMED_UNIT(#18835)
PLANE_ANGLE_UNIT()
);
#18837=(
NAMED_UNIT(*)
PLANE_ANGLE_UNIT()
SI_UNIT($,.RADIAN.)
);
#18838=PLANE_ANGLE_MEASURE_WITH_UNIT(PLANE_ANGLE_MEASURE(0.01745329252),
#18837);
#18839=SHAPE_DEFINITION_REPRESENTATION(#18842,#18854);
#18840=SHAPE_DEFINITION_REPRESENTATION(#18843,#18855);
#18841=SHAPE_DEFINITION_REPRESENTATION(#18844,#18856);
#18842=PRODUCT_DEFINITION_SHAPE('',$,#18858);
#18843=PRODUCT_DEFINITION_SHAPE('',$,#18859);
#18844=PRODUCT_DEFINITION_SHAPE('',$,#18860);
#18845=PRODUCT_DEFINITION_SHAPE($,$,#38);
#18846=PRODUCT_DEFINITION_SHAPE($,$,#39);
#18847=PRODUCT_DEFINITION_SHAPE($,$,#40);
#18848=PRODUCT_DEFINITION_SHAPE($,$,#41);
#18849=PRODUCT_DEFINITION_SHAPE($,$,#42);
#18850=PRODUCT_DEFINITION_SHAPE($,$,#43);
#18851=PRODUCT_DEFINITION_SHAPE($,$,#44);
#18852=PRODUCT_DEFINITION_SHAPE($,$,#45);
#18853=PRODUCT_DEFINITION_SHAPE($,$,#46);
#18854=SHAPE_REPRESENTATION('',(#10993,#11504,#11505,#11506,#11507,#11508,
#11509,#11510,#11511,#11512),#18829);
#18855=SHAPE_REPRESENTATION('',(#10994),#18830);
#18856=SHAPE_REPRESENTATION('',(#11497),#18831);
#18857=PRODUCT_DEFINITION_CONTEXT('part definition',#18868,'design');
#18858=PRODUCT_DEFINITION('TE Connectivity 5520426-4',
'TE Connectivity 5520426-4',#18861,#18857);
#18859=PRODUCT_DEFINITION('c-5520426-4-a-3d','c-5520426-4-a-3d',#18862,
#18857);
#18860=PRODUCT_DEFINITION('sdfsdfsdfsdfsdfsdfsdf',
'sdfsdfsdfsdfsdfsdfsdf',#18863,#18857);
#18861=PRODUCT_DEFINITION_FORMATION('',$,#18870);
#18862=PRODUCT_DEFINITION_FORMATION('1LAST_VERSION',$,#18871);
#18863=PRODUCT_DEFINITION_FORMATION('',$,#18872);
#18864=PRODUCT_RELATED_PRODUCT_CATEGORY('TE Connectivity 5520426-4',
'TE Connectivity 5520426-4',(#18870));
#18865=PRODUCT_RELATED_PRODUCT_CATEGORY('c-5520426-4-a-3d',
'c-5520426-4-a-3d',(#18871));
#18866=PRODUCT_RELATED_PRODUCT_CATEGORY('sdfsdfsdfsdfsdfsdfsdf',
'sdfsdfsdfsdfsdfsdfsdf',(#18872));
#18867=APPLICATION_PROTOCOL_DEFINITION('international standard',
'automotive_design',2009,#18868);
#18868=APPLICATION_CONTEXT(
'Core Data for Automotive Mechanical Design Process');
#18869=PRODUCT_CONTEXT('part definition',#18868,'mechanical');
#18870=PRODUCT('TE Connectivity 5520426-4','TE Connectivity 5520426-4',
$,(#18869));
#18871=PRODUCT('c-5520426-4-a-3d','c-5520426-4-a-3d',$,(#18869));
#18872=PRODUCT('sdfsdfsdfsdfsdfsdfsdf','sdfsdfsdfsdfsdfsdfsdf',$,(#18869));
ENDSEC;
END-ISO-10303-21;
